2026-03-14 00:36:37,857 DEBUG [CRASH COMPLEXION_p011]                 Book.java:1917 | reachStep STEMS force:false stubs:[Stub#1] swap:true
2026-03-14 00:36:37,858 INFO [CRASH COMPLEXION_p011]                 Book.java:1929 | Book reaching STEMS on sheets:[#1]
2026-03-14 00:36:37,859 DEBUG [CRASH COMPLEXION_p011]            SheetStub.java:1370 | reachStep obtained lock on Stub#1
2026-03-14 00:36:37,860 DEBUG [CRASH COMPLEXION_p011]            SheetStub.java:1389 | Sheet#1 scheduling [STEMS]
2026-03-14 00:36:37,861 INFO [CRASH COMPLEXION_p011]       StepMonitoring.java:98   | STEMS
2026-03-14 00:36:37,862 DEBUG [CRASH COMPLEXION_p011]            SheetStub.java:1403 | reachStep STEMS towards STEMS
2026-03-14 00:36:38,195 DEBUG [CRASH COMPLEXION_p011]              Picture.java:162  | Picture unmarshalled by JAXB
2026-03-14 00:36:40,182 DEBUG [CRASH COMPLEXION_p011]                Sheet.java:1657 | Sheet unmarshalled
2026-03-14 00:36:40,184 DEBUG [CRASH COMPLEXION_p011]                Sheet.java:1220 | Sheet#1 initTransients
2026-03-14 00:36:40,202 DEBUG [CRASH COMPLEXION_p011]           DataHolder.java:144  | path: /sheet#1/BINARY.png
2026-03-14 00:36:40,307 DEBUG [CRASH COMPLEXION_p011]           DataHolder.java:151  | Loaded /sheet#1/BINARY.png
2026-03-14 00:36:40,308 DEBUG [CRASH COMPLEXION_p011]           DataHolder.java:294  | ImageHolder{BINARY.png discarded:false hasNoData:false modified:false data:BufferedImage@447521e: type = 10 ColorModel: #pixelBits = 8 numComponents = 1 color space = java.awt.color.ICC_ColorSpace@2fde9469 transparency = 1 has alpha = false isAlphaPre = false ByteInterleavedRaster: width = 2324 height = 3038 #numDataElements 1 dataOff[0] = 0} setModified:false
2026-03-14 00:36:40,343 DEBUG [CRASH COMPLEXION_p011]              Picture.java:692  | BINARY source built as ip[width=2324, height=3038, bits=8, min=0.0, max=255.0]
2026-03-14 00:36:40,384 DEBUG [CRASH COMPLEXION_p011]              Picture.java:692  | NO_STAFF source built as ip[width=2324, height=3038, bits=8, min=0.0, max=255.0]
2026-03-14 00:36:41,292 DEBUG [CRASH COMPLEXION_p011]                Staff.java:1975 | Staff#1 sideBars:{LEFT=BarlineInter#4{ FROZEN(0.779/0.934) staff:1 THIN_BARLINE}}
2026-03-14 00:36:41,293 DEBUG [CRASH COMPLEXION_p011]                Staff.java:1975 | Staff#2 sideBars:{LEFT=BarlineInter#16{ FROZEN(0.770/0.960) staff:2 THIN_BARLINE}}
2026-03-14 00:36:41,295 DEBUG [CRASH COMPLEXION_p011]                Staff.java:1975 | Staff#3 sideBars:{LEFT=BarlineInter#28{ FROZEN(0.783/0.962) staff:3 THIN_BARLINE}}
2026-03-14 00:36:41,295 DEBUG [CRASH COMPLEXION_p011]                Staff.java:1975 | Staff#4 sideBars:{LEFT=BarlineInter#40{ FROZEN(0.767/0.960) staff:4 THIN_BARLINE}}
2026-03-14 00:36:41,299 DEBUG [CRASH COMPLEXION_p011]                Staff.java:1975 | Staff#5 sideBars:{LEFT=BarlineInter#52{ FROZEN(0.792/0.964) staff:5 THIN_BARLINE}}
2026-03-14 00:36:41,300 DEBUG [CRASH COMPLEXION_p011]                Staff.java:1975 | Staff#6 sideBars:{LEFT=BarlineInter#64{ FROZEN(0.775/0.961) staff:6 THIN_BARLINE}}
2026-03-14 00:36:41,301 DEBUG [CRASH COMPLEXION_p011]                Staff.java:1975 | Staff#7 sideBars:{LEFT=BarlineInter#76{ FROZEN(0.780/0.962) staff:7 THIN_BARLINE}}
2026-03-14 00:36:41,301 DEBUG [CRASH COMPLEXION_p011]                Staff.java:1975 | Staff#8 sideBars:{LEFT=BarlineInter#88{ FROZEN(0.784/0.936) staff:8 THIN_BARLINE}}
2026-03-14 00:36:41,339 DEBUG [CRASH COMPLEXION_p011]                Staff.java:1975 | Staff#9 sideBars:{LEFT=BarlineInter#100{ FROZEN(0.774/0.932) staff:9 THIN_BARLINE}, RIGHT=BarlineInter#112{ FROZEN(0.784/0.784) staff:9 THICK_BARLINE}}
2026-03-14 00:36:41,340 DEBUG [CRASH COMPLEXION_p011]                Staff.java:1975 | Staff#10 sideBars:{LEFT=BarlineInter#116{ FROZEN(0.770/0.960) staff:10 THIN_BARLINE}, RIGHT=BarlineInter#128{ FROZEN(0.771/0.933) staff:10 THICK_BARLINE}}
2026-03-14 00:36:41,341 DEBUG [CRASH COMPLEXION_p011]                Staff.java:1975 | Staff#11 sideBars:{LEFT=BarlineInter#131{ FROZEN(0.788/0.963) staff:11 THIN_BARLINE}, RIGHT=BarlineInter#143{ FROZEN(0.792/0.939) staff:11 THICK_BARLINE}}
2026-03-14 00:36:41,342 DEBUG [CRASH COMPLEXION_p011]                Staff.java:1975 | Staff#12 sideBars:{LEFT=BarlineInter#147{ FROZEN(0.774/0.961) staff:12 THIN_BARLINE}, RIGHT=BarlineInter#159{ FROZEN(0.784/0.938) staff:12 THICK_BARLINE}}
2026-03-14 00:36:41,350 DEBUG [CRASH COMPLEXION_p011]                Staff.java:1975 | Staff#13 sideBars:{LEFT=BarlineInter#162{ FROZEN(0.792/0.964) staff:13 THIN_BARLINE}, RIGHT=BarlineInter#173{ FROZEN(0.800/0.942) staff:13 THICK_BARLINE}}
2026-03-14 00:36:41,352 DEBUG [CRASH COMPLEXION_p011]                Staff.java:1975 | Staff#14 sideBars:{LEFT=BarlineInter#175{ FROZEN(0.774/0.961) staff:14 THIN_BARLINE}, RIGHT=BarlineInter#187{ FROZEN(0.776/0.776) staff:14 THICK_BARLINE}}
2026-03-14 00:36:41,353 DEBUG [CRASH COMPLEXION_p011]                Staff.java:1975 | Staff#15 sideBars:{LEFT=BarlineInter#191{ FROZEN(0.784/0.963) staff:15 THIN_BARLINE}, RIGHT=BarlineInter#203{ FROZEN(0.784/0.784) staff:15 THICK_BARLINE}}
2026-03-14 00:36:41,354 DEBUG [CRASH COMPLEXION_p011]                Staff.java:1975 | Staff#16 sideBars:{LEFT=BarlineInter#207{ FROZEN(0.774/0.933) staff:16 THIN_BARLINE}, RIGHT=BarlineInter#219{ FROZEN(0.784/0.784) staff:16 THICK_BARLINE}}
2026-03-14 00:36:41,356 INFO [CRASH COMPLEXION_p011]            SheetStub.java:1000 | Loaded /sheet#1/sheet#1.xml
2026-03-14 00:36:41,473 DEBUG [CRASH COMPLEXION_p011]       StemsRetriever.java:262  | gapMap:{0=0, 1=5, 2=10, 3=34, 4=0}
2026-03-14 00:36:41,515 DEBUG [CRASH COMPLEXION_p011]       StemsRetriever.java:588  | 
System#1 inspectStems
2026-03-14 00:36:41,517 DEBUG [CRASH COMPLEXION_p011]              Picture.java:692  | BINARY source built as ip[width=2324, height=3038, bits=8, min=0.0, max=255.0]
2026-03-14 00:36:41,548 DEBUG [CRASH COMPLEXION_p011]              Picture.java:692  | NO_STAFF source built as ip[width=2324, height=3038, bits=8, min=0.0, max=255.0]
2026-03-14 00:36:41,606 DEBUG [CRASH COMPLEXION_p011]           BeamLinker.java:250  | BeamLinker{beam#1922} Glyph{#13031 [STUMP]}
2026-03-14 00:36:41,612 DEBUG [CRASH COMPLEXION_p011]           BeamLinker.java:250  | BeamLinker{beam#1922} Glyph{#13032 [STUMP]}
2026-03-14 00:36:41,616 DEBUG [CRASH COMPLEXION_p011]           BeamLinker.java:250  | BeamLinker{beam#1938} Glyph{#13031 [STUMP]}
2026-03-14 00:36:41,619 DEBUG [CRASH COMPLEXION_p011]           BeamLinker.java:250  | BeamLinker{beam#1938} Glyph{#13032 [STUMP]}
2026-03-14 00:36:41,638 DEBUG [CRASH COMPLEXION_p011]           BeamLinker.java:250  | BeamLinker{beam#1920} Glyph{#13033 [STUMP]}
2026-03-14 00:36:41,641 DEBUG [CRASH COMPLEXION_p011]           BeamLinker.java:250  | BeamLinker{beam#1920} Glyph{#13034 [STUMP]}
2026-03-14 00:36:41,644 DEBUG [CRASH COMPLEXION_p011]           BeamLinker.java:250  | BeamLinker{beam#1936} Glyph{#13033 [STUMP]}
2026-03-14 00:36:41,646 DEBUG [CRASH COMPLEXION_p011]           BeamLinker.java:250  | BeamLinker{beam#1936} Glyph{#13035 [STUMP]}
2026-03-14 00:36:41,665 DEBUG [CRASH COMPLEXION_p011]           BeamLinker.java:250  | BeamLinker{beam#1906} Glyph{#13036 [STUMP]}
2026-03-14 00:36:41,666 DEBUG [CRASH COMPLEXION_p011]           BeamLinker.java:250  | BeamLinker{beam#1906} Glyph{#13037 [STUMP]}
2026-03-14 00:36:41,668 DEBUG [CRASH COMPLEXION_p011]           BeamLinker.java:250  | BeamLinker{beam#1904} Glyph{#13038 [STUMP]}
2026-03-14 00:36:41,670 DEBUG [CRASH COMPLEXION_p011]           BeamLinker.java:250  | BeamLinker{beam#1904} Glyph{#13039 [STUMP]}
2026-03-14 00:36:41,685 DEBUG [CRASH COMPLEXION_p011]           BeamLinker.java:250  | BeamLinker{beam#1908} Glyph{#13040 [STUMP]}
2026-03-14 00:36:41,690 DEBUG [CRASH COMPLEXION_p011]           BeamLinker.java:250  | BeamLinker{beam#1908} Glyph{#13041 [STUMP]}
2026-03-14 00:36:41,692 DEBUG [CRASH COMPLEXION_p011]           BeamLinker.java:250  | BeamLinker{beam#1910} Glyph{#13040 [STUMP]}
2026-03-14 00:36:41,693 DEBUG [CRASH COMPLEXION_p011]           BeamLinker.java:250  | BeamLinker{beam#1910} Glyph{#13041 [STUMP]}
2026-03-14 00:36:41,694 DEBUG [CRASH COMPLEXION_p011]           BeamLinker.java:250  | BeamLinker{beam#1924} Glyph{#13040 [STUMP]}
2026-03-14 00:36:41,696 DEBUG [CRASH COMPLEXION_p011]           BeamLinker.java:250  | BeamLinker{beam#1924} Glyph{#13041 [STUMP]}
2026-03-14 00:36:41,698 DEBUG [CRASH COMPLEXION_p011]           BeamLinker.java:250  | BeamLinker{beam#1926} Glyph{#13040 [STUMP]}
2026-03-14 00:36:41,699 DEBUG [CRASH COMPLEXION_p011]           BeamLinker.java:250  | BeamLinker{beam#1926} Glyph{#13041 [STUMP]}
2026-03-14 00:36:41,705 DEBUG [CRASH COMPLEXION_p011]           BeamLinker.java:250  | BeamLinker{beam#1911} Glyph{#13042 [STUMP]}
2026-03-14 00:36:41,707 DEBUG [CRASH COMPLEXION_p011]           BeamLinker.java:250  | BeamLinker{beam#1911} Glyph{#13043 [STUMP]}
2026-03-14 00:36:41,708 DEBUG [CRASH COMPLEXION_p011]           BeamLinker.java:250  | BeamLinker{beam#1927} Glyph{#13042 [STUMP]}
2026-03-14 00:36:41,710 DEBUG [CRASH COMPLEXION_p011]           BeamLinker.java:250  | BeamLinker{beam#1927} Glyph{#13043 [STUMP]}
2026-03-14 00:36:41,716 DEBUG [CRASH COMPLEXION_p011]           BeamLinker.java:250  | BeamLinker{beam#1913} Glyph{#13044 [STUMP]}
2026-03-14 00:36:41,717 DEBUG [CRASH COMPLEXION_p011]           BeamLinker.java:250  | BeamLinker{beam#1913} Glyph{#13045 [STUMP]}
2026-03-14 00:36:41,725 DEBUG [CRASH COMPLEXION_p011]           BeamLinker.java:250  | BeamLinker{beam#1929} Glyph{#13046 [STUMP]}
2026-03-14 00:36:41,727 DEBUG [CRASH COMPLEXION_p011]           BeamLinker.java:250  | BeamLinker{beam#1929} Glyph{#13047 [STUMP]}
2026-03-14 00:36:41,744 DEBUG [CRASH COMPLEXION_p011]           BeamLinker.java:250  | BeamLinker{beam#1915} Glyph{#13048 [STUMP]}
2026-03-14 00:36:41,745 DEBUG [CRASH COMPLEXION_p011]           BeamLinker.java:250  | BeamLinker{beam#1915} Glyph{#13049 [STUMP]}
2026-03-14 00:36:41,747 DEBUG [CRASH COMPLEXION_p011]           BeamLinker.java:250  | BeamLinker{beam#1931} Glyph{#13048 [STUMP]}
2026-03-14 00:36:41,748 DEBUG [CRASH COMPLEXION_p011]           BeamLinker.java:250  | BeamLinker{beam#1931} Glyph{#13049 [STUMP]}
2026-03-14 00:36:41,759 DEBUG [CRASH COMPLEXION_p011]           BeamLinker.java:250  | BeamLinker{beam#1917} Glyph{#13050 [STUMP]}
2026-03-14 00:36:41,761 DEBUG [CRASH COMPLEXION_p011]           BeamLinker.java:250  | BeamLinker{beam#1919} Glyph{#13050 [STUMP]}
2026-03-14 00:36:41,764 DEBUG [CRASH COMPLEXION_p011]           BeamLinker.java:250  | BeamLinker{beam#1933} Glyph{#13051 [STUMP]}
2026-03-14 00:36:41,766 DEBUG [CRASH COMPLEXION_p011]           BeamLinker.java:250  | BeamLinker{beam#1933} Glyph{#13052 [STUMP]}
2026-03-14 00:36:41,768 DEBUG [CRASH COMPLEXION_p011]           BeamLinker.java:250  | BeamLinker{beam#1935} Glyph{#13051 [STUMP]}
2026-03-14 00:36:41,769 DEBUG [CRASH COMPLEXION_p011]           BeamLinker.java:250  | BeamLinker{beam#1935} Glyph{#13052 [STUMP]}
2026-03-14 00:36:41,916 DEBUG [CRASH COMPLEXION_p011]           HeadLinker.java:871  | CLinker{head#3755-Clnk-TR refPt:[367.7,841.0]} Glyph{#13053 [STUMP]}
2026-03-14 00:36:41,919 DEBUG [CRASH COMPLEXION_p011]           HeadLinker.java:871  | CLinker{head#3423-Clnk-TL refPt:[372.9,630.0]} Glyph{#13054 [STUMP]}
2026-03-14 00:36:41,927 DEBUG [CRASH COMPLEXION_p011]           HeadLinker.java:871  | CLinker{head#3423-Clnk-BL refPt:[372.9,634.0]} Glyph{#13054 [STUMP]}
2026-03-14 00:36:41,931 DEBUG [CRASH COMPLEXION_p011]           HeadLinker.java:871  | CLinker{head#3423-Clnk-BR refPt:[385.7,630.0]} Glyph{#13055 [STUMP]}
2026-03-14 00:36:41,941 DEBUG [CRASH COMPLEXION_p011]           HeadLinker.java:859  | CLinker{head#3417-Clnk-TL refPt:[373.9,624.0]} nothing kept from sections[V1561]
2026-03-14 00:36:41,942 DEBUG [CRASH COMPLEXION_p011]           HeadLinker.java:871  | CLinker{head#3417-Clnk-TL refPt:[373.9,624.0]} Glyph{#13056 [STUMP]}
2026-03-14 00:36:41,943 DEBUG [CRASH COMPLEXION_p011]           HeadLinker.java:871  | CLinker{head#3417-Clnk-BL refPt:[373.9,628.0]} Glyph{#13054 [STUMP]}
2026-03-14 00:36:41,947 DEBUG [CRASH COMPLEXION_p011]           HeadLinker.java:871  | CLinker{head#4009-Clnk-TL refPt:[373.9,1025.0]} Glyph{#13057 [STUMP]}
2026-03-14 00:36:41,949 DEBUG [CRASH COMPLEXION_p011]           HeadLinker.java:871  | CLinker{head#4009-Clnk-BL refPt:[373.9,1029.0]} Glyph{#13057 [STUMP]}
2026-03-14 00:36:41,956 DEBUG [CRASH COMPLEXION_p011]           HeadLinker.java:859  | CLinker{head#4009-Clnk-BR refPt:[387.7,1025.0]} nothing kept from sections[V1689, V1576]
2026-03-14 00:36:41,956 DEBUG [CRASH COMPLEXION_p011]           HeadLinker.java:871  | CLinker{head#4009-Clnk-BR refPt:[387.7,1025.0]} Glyph{#13058 [STUMP]}
2026-03-14 00:36:41,958 DEBUG [CRASH COMPLEXION_p011]           HeadLinker.java:871  | CLinker{head#4013-Clnk-TL refPt:[373.9,1025.0]} Glyph{#13057 [STUMP]}
2026-03-14 00:36:41,959 DEBUG [CRASH COMPLEXION_p011]           HeadLinker.java:871  | CLinker{head#4013-Clnk-BL refPt:[373.9,1029.0]} Glyph{#13057 [STUMP]}
2026-03-14 00:36:41,960 DEBUG [CRASH COMPLEXION_p011]           HeadLinker.java:859  | CLinker{head#4013-Clnk-BR refPt:[387.7,1025.0]} nothing kept from sections[V1689, V1576]
2026-03-14 00:36:41,961 DEBUG [CRASH COMPLEXION_p011]           HeadLinker.java:871  | CLinker{head#4013-Clnk-BR refPt:[387.7,1025.0]} Glyph{#13058 [STUMP]}
2026-03-14 00:36:41,963 DEBUG [CRASH COMPLEXION_p011]           HeadLinker.java:871  | CLinker{head#3819-Clnk-TL refPt:[375.9,861.0]} Glyph{#13059 [STUMP]}
2026-03-14 00:36:41,964 DEBUG [CRASH COMPLEXION_p011]           HeadLinker.java:871  | CLinker{head#3819-Clnk-BL refPt:[375.9,865.0]} Glyph{#13059 [STUMP]}
2026-03-14 00:36:41,966 DEBUG [CRASH COMPLEXION_p011]           HeadLinker.java:871  | CLinker{head#3819-Clnk-BR refPt:[389.7,861.0]} Glyph{#13060 [STUMP]}
2026-03-14 00:36:41,971 DEBUG [CRASH COMPLEXION_p011]           HeadLinker.java:859  | CLinker{head#3959-Clnk-BL refPt:[375.9,1022.0]} nothing kept from sections[V1563, V1576]
2026-03-14 00:36:41,974 DEBUG [CRASH COMPLEXION_p011]           HeadLinker.java:871  | CLinker{head#3959-Clnk-BL refPt:[375.9,1022.0]} Glyph{#13061 [STUMP]}
2026-03-14 00:36:41,978 DEBUG [CRASH COMPLEXION_p011]           HeadLinker.java:859  | CLinker{head#3026-Clnk-TR refPt:[390.7,73.0]} nothing kept from sections[V1703, V1627]
2026-03-14 00:36:41,979 DEBUG [CRASH COMPLEXION_p011]           HeadLinker.java:859  | CLinker{head#3026-Clnk-BR refPt:[390.7,78.0]} nothing kept from sections[V1627]
2026-03-14 00:36:41,980 DEBUG [CRASH COMPLEXION_p011]           HeadLinker.java:871  | CLinker{head#3026-Clnk-BR refPt:[390.7,78.0]} Glyph{#13062 [STUMP]}
2026-03-14 00:36:41,981 DEBUG [CRASH COMPLEXION_p011]           HeadLinker.java:859  | CLinker{head#3961-Clnk-BL refPt:[376.9,1022.0]} nothing kept from sections[V1576]
2026-03-14 00:36:41,982 DEBUG [CRASH COMPLEXION_p011]           HeadLinker.java:871  | CLinker{head#3961-Clnk-BL refPt:[376.9,1022.0]} Glyph{#13063 [STUMP]}
2026-03-14 00:36:41,983 DEBUG [CRASH COMPLEXION_p011]           HeadLinker.java:859  | CLinker{head#4547-Clnk-TR refPt:[390.7,1284.0]} nothing kept from sections[V1705, V1620]
2026-03-14 00:36:41,984 DEBUG [CRASH COMPLEXION_p011]           HeadLinker.java:859  | CLinker{head#4547-Clnk-BR refPt:[390.7,1289.0]} nothing kept from sections[V1620]
2026-03-14 00:36:41,990 DEBUG [CRASH COMPLEXION_p011]           HeadLinker.java:871  | CLinker{head#4547-Clnk-BR refPt:[390.7,1289.0]} Glyph{#13064 [STUMP]}
2026-03-14 00:36:41,991 DEBUG [CRASH COMPLEXION_p011]           HeadLinker.java:871  | CLinker{head#3861-Clnk-TL refPt:[377.9,924.0]} Glyph{#13065 [STUMP]}
2026-03-14 00:36:41,993 DEBUG [CRASH COMPLEXION_p011]           HeadLinker.java:871  | CLinker{head#3861-Clnk-BL refPt:[377.9,928.0]} Glyph{#13065 [STUMP]}
2026-03-14 00:36:41,994 DEBUG [CRASH COMPLEXION_p011]           HeadLinker.java:871  | CLinker{head#3861-Clnk-TR refPt:[391.7,919.0]} Glyph{#13066 [STUMP]}
2026-03-14 00:36:41,996 DEBUG [CRASH COMPLEXION_p011]           HeadLinker.java:871  | CLinker{head#3861-Clnk-BR refPt:[391.7,924.0]} Glyph{#13066 [STUMP]}
2026-03-14 00:36:41,998 DEBUG [CRASH COMPLEXION_p011]           HeadLinker.java:871  | CLinker{head#3010-Clnk-TL refPt:[378.9,73.0]} Glyph{#13067 [STUMP]}
2026-03-14 00:36:42,000 DEBUG [CRASH COMPLEXION_p011]           HeadLinker.java:871  | CLinker{head#3010-Clnk-TR refPt:[392.7,68.0]} Glyph{#13068 [STUMP]}
2026-03-14 00:36:42,007 DEBUG [CRASH COMPLEXION_p011]           HeadLinker.java:871  | CLinker{head#3010-Clnk-BR refPt:[392.7,73.0]} Glyph{#13069 [STUMP]}
2026-03-14 00:36:42,008 DEBUG [CRASH COMPLEXION_p011]           HeadLinker.java:871  | CLinker{head#4413-Clnk-TL refPt:[379.9,1283.0]} Glyph{#13070 [STUMP]}
2026-03-14 00:36:42,010 DEBUG [CRASH COMPLEXION_p011]           HeadLinker.java:871  | CLinker{head#4413-Clnk-TR refPt:[393.7,1278.0]} Glyph{#13071 [STUMP]}
2026-03-14 00:36:42,011 DEBUG [CRASH COMPLEXION_p011]           HeadLinker.java:871  | CLinker{head#4413-Clnk-BR refPt:[393.7,1283.0]} Glyph{#13071 [STUMP]}
2026-03-14 00:36:42,012 DEBUG [CRASH COMPLEXION_p011]           HeadLinker.java:871  | CLinker{head#4417-Clnk-TL refPt:[379.9,1283.0]} Glyph{#13070 [STUMP]}
2026-03-14 00:36:42,013 DEBUG [CRASH COMPLEXION_p011]           HeadLinker.java:871  | CLinker{head#4417-Clnk-TR refPt:[393.7,1278.0]} Glyph{#13071 [STUMP]}
2026-03-14 00:36:42,015 DEBUG [CRASH COMPLEXION_p011]           HeadLinker.java:871  | CLinker{head#4417-Clnk-BR refPt:[393.7,1283.0]} Glyph{#13071 [STUMP]}
2026-03-14 00:36:42,016 DEBUG [CRASH COMPLEXION_p011]           HeadLinker.java:871  | CLinker{head#4711-Clnk-TL refPt:[386.9,1231.0]} Glyph{#13072 [STUMP]}
2026-03-14 00:36:42,017 DEBUG [CRASH COMPLEXION_p011]           HeadLinker.java:871  | CLinker{head#4711-Clnk-BL refPt:[386.9,1235.0]} Glyph{#13073 [STUMP]}
2026-03-14 00:36:42,019 DEBUG [CRASH COMPLEXION_p011]           HeadLinker.java:871  | CLinker{head#3485-Clnk-TL refPt:[394.9,643.0]} Glyph{#13074 [STUMP]}
2026-03-14 00:36:42,020 DEBUG [CRASH COMPLEXION_p011]           HeadLinker.java:871  | CLinker{head#3485-Clnk-BL refPt:[394.9,647.0]} Glyph{#13074 [STUMP]}
2026-03-14 00:36:42,021 DEBUG [CRASH COMPLEXION_p011]           HeadLinker.java:871  | CLinker{head#3485-Clnk-BR refPt:[408.7,643.0]} Glyph{#13075 [STUMP]}
2026-03-14 00:36:42,023 DEBUG [CRASH COMPLEXION_p011]           HeadLinker.java:871  | CLinker{head#3487-Clnk-TL refPt:[394.9,643.0]} Glyph{#13074 [STUMP]}
2026-03-14 00:36:42,024 DEBUG [CRASH COMPLEXION_p011]           HeadLinker.java:871  | CLinker{head#3487-Clnk-BL refPt:[394.9,647.0]} Glyph{#13074 [STUMP]}
2026-03-14 00:36:42,025 DEBUG [CRASH COMPLEXION_p011]           HeadLinker.java:871  | CLinker{head#3487-Clnk-BR refPt:[408.7,643.0]} Glyph{#13075 [STUMP]}
2026-03-14 00:36:42,027 DEBUG [CRASH COMPLEXION_p011]           HeadLinker.java:871  | CLinker{head#4107-Clnk-TL refPt:[419.9,1038.0]} Glyph{#13076 [STUMP]}
2026-03-14 00:36:42,028 DEBUG [CRASH COMPLEXION_p011]           HeadLinker.java:871  | CLinker{head#4107-Clnk-BL refPt:[419.9,1042.0]} Glyph{#13076 [STUMP]}
2026-03-14 00:36:42,033 DEBUG [CRASH COMPLEXION_p011]           HeadLinker.java:871  | CLinker{head#4107-Clnk-BR refPt:[433.7,1038.0]} Glyph{#13077 [STUMP]}
2026-03-14 00:36:42,035 DEBUG [CRASH COMPLEXION_p011]           HeadLinker.java:871  | CLinker{head#4111-Clnk-TL refPt:[419.9,1038.0]} Glyph{#13076 [STUMP]}
2026-03-14 00:36:42,036 DEBUG [CRASH COMPLEXION_p011]           HeadLinker.java:871  | CLinker{head#4111-Clnk-BL refPt:[419.9,1042.0]} Glyph{#13076 [STUMP]}
2026-03-14 00:36:42,038 DEBUG [CRASH COMPLEXION_p011]           HeadLinker.java:871  | CLinker{head#4111-Clnk-BR refPt:[433.7,1038.0]} Glyph{#13077 [STUMP]}
2026-03-14 00:36:42,039 DEBUG [CRASH COMPLEXION_p011]           HeadLinker.java:859  | CLinker{head#4067-Clnk-TL refPt:[421.9,1034.0]} nothing kept from sections[V1770]
2026-03-14 00:36:42,041 DEBUG [CRASH COMPLEXION_p011]           HeadLinker.java:871  | CLinker{head#4067-Clnk-BL refPt:[421.9,1038.0]} Glyph{#13076 [STUMP]}
2026-03-14 00:36:42,042 DEBUG [CRASH COMPLEXION_p011]           HeadLinker.java:871  | CLinker{head#4067-Clnk-BR refPt:[434.7,1034.0]} Glyph{#13077 [STUMP]}
2026-03-14 00:36:42,043 DEBUG [CRASH COMPLEXION_p011]           HeadLinker.java:871  | CLinker{head#3491-Clnk-TL refPt:[438.9,644.0]} Glyph{#13078 [STUMP]}
2026-03-14 00:36:42,045 DEBUG [CRASH COMPLEXION_p011]           HeadLinker.java:871  | CLinker{head#3491-Clnk-BL refPt:[438.9,648.0]} Glyph{#13078 [STUMP]}
2026-03-14 00:36:42,047 DEBUG [CRASH COMPLEXION_p011]           HeadLinker.java:871  | CLinker{head#3491-Clnk-BR refPt:[451.7,644.0]} Glyph{#13079 [STUMP]}
2026-03-14 00:36:42,048 DEBUG [CRASH COMPLEXION_p011]           HeadLinker.java:871  | CLinker{head#3495-Clnk-TL refPt:[438.9,644.0]} Glyph{#13078 [STUMP]}
2026-03-14 00:36:42,049 DEBUG [CRASH COMPLEXION_p011]           HeadLinker.java:871  | CLinker{head#3495-Clnk-BL refPt:[438.9,648.0]} Glyph{#13078 [STUMP]}
2026-03-14 00:36:42,050 DEBUG [CRASH COMPLEXION_p011]           HeadLinker.java:871  | CLinker{head#3495-Clnk-BR refPt:[451.7,644.0]} Glyph{#13079 [STUMP]}
2026-03-14 00:36:42,051 DEBUG [CRASH COMPLEXION_p011]           HeadLinker.java:871  | CLinker{head#4017-Clnk-TL refPt:[463.9,1024.0]} Glyph{#13080 [STUMP]}
2026-03-14 00:36:42,053 DEBUG [CRASH COMPLEXION_p011]           HeadLinker.java:859  | CLinker{head#4017-Clnk-BR refPt:[477.7,1024.0]} nothing kept from sections[V1941, V1870]
2026-03-14 00:36:42,054 DEBUG [CRASH COMPLEXION_p011]           HeadLinker.java:871  | CLinker{head#3427-Clnk-TL refPt:[464.9,623.0]} Glyph{#13081 [STUMP]}
2026-03-14 00:36:42,055 DEBUG [CRASH COMPLEXION_p011]           HeadLinker.java:871  | CLinker{head#3427-Clnk-BL refPt:[464.9,627.0]} Glyph{#13081 [STUMP]}
2026-03-14 00:36:42,056 DEBUG [CRASH COMPLEXION_p011]           HeadLinker.java:871  | CLinker{head#3427-Clnk-BR refPt:[478.7,623.0]} Glyph{#13082 [STUMP]}
2026-03-14 00:36:42,057 DEBUG [CRASH COMPLEXION_p011]           HeadLinker.java:871  | CLinker{head#3431-Clnk-TL refPt:[464.9,623.0]} Glyph{#13081 [STUMP]}
2026-03-14 00:36:42,058 DEBUG [CRASH COMPLEXION_p011]           HeadLinker.java:871  | CLinker{head#3431-Clnk-BL refPt:[464.9,627.0]} Glyph{#13081 [STUMP]}
2026-03-14 00:36:42,060 DEBUG [CRASH COMPLEXION_p011]           HeadLinker.java:871  | CLinker{head#3431-Clnk-BR refPt:[478.7,623.0]} Glyph{#13082 [STUMP]}
2026-03-14 00:36:42,066 DEBUG [CRASH COMPLEXION_p011]           HeadLinker.java:871  | CLinker{head#3381-Clnk-BL refPt:[465.9,620.0]} Glyph{#13081 [STUMP]}
2026-03-14 00:36:42,068 DEBUG [CRASH COMPLEXION_p011]           HeadLinker.java:871  | CLinker{head#3965-Clnk-TL refPt:[465.9,1018.0]} Glyph{#13083 [STUMP]}
2026-03-14 00:36:42,069 DEBUG [CRASH COMPLEXION_p011]           HeadLinker.java:871  | CLinker{head#3965-Clnk-BL refPt:[465.9,1022.0]} Glyph{#13084 [STUMP]}
2026-03-14 00:36:42,070 DEBUG [CRASH COMPLEXION_p011]           HeadLinker.java:871  | CLinker{head#3965-Clnk-BR refPt:[479.7,1018.0]} Glyph{#13085 [STUMP]}
2026-03-14 00:36:42,072 DEBUG [CRASH COMPLEXION_p011]           HeadLinker.java:871  | CLinker{head#3969-Clnk-TL refPt:[465.9,1018.0]} Glyph{#13083 [STUMP]}
2026-03-14 00:36:42,073 DEBUG [CRASH COMPLEXION_p011]           HeadLinker.java:871  | CLinker{head#3969-Clnk-BL refPt:[465.9,1022.0]} Glyph{#13084 [STUMP]}
2026-03-14 00:36:42,074 DEBUG [CRASH COMPLEXION_p011]           HeadLinker.java:871  | CLinker{head#3969-Clnk-BR refPt:[479.7,1018.0]} Glyph{#13085 [STUMP]}
2026-03-14 00:36:42,075 DEBUG [CRASH COMPLEXION_p011]           HeadLinker.java:859  | CLinker{head#3062-Clnk-TL refPt:[467.9,93.0]} nothing kept from sections[V1867]
2026-03-14 00:36:42,076 DEBUG [CRASH COMPLEXION_p011]           HeadLinker.java:871  | CLinker{head#3062-Clnk-TL refPt:[467.9,93.0]} Glyph{#13086 [STUMP]}
2026-03-14 00:36:42,078 DEBUG [CRASH COMPLEXION_p011]           HeadLinker.java:859  | CLinker{head#3062-Clnk-BL refPt:[467.9,97.0]} nothing kept from sections[V1867]
2026-03-14 00:36:42,078 DEBUG [CRASH COMPLEXION_p011]           HeadLinker.java:871  | CLinker{head#3062-Clnk-BL refPt:[467.9,97.0]} Glyph{#13086 [STUMP]}
2026-03-14 00:36:42,079 DEBUG [CRASH COMPLEXION_p011]           HeadLinker.java:859  | CLinker{head#3066-Clnk-TL refPt:[467.9,92.0]} nothing kept from sections[V1867]
2026-03-14 00:36:42,080 DEBUG [CRASH COMPLEXION_p011]           HeadLinker.java:871  | CLinker{head#3066-Clnk-TL refPt:[467.9,92.0]} Glyph{#13086 [STUMP]}
2026-03-14 00:36:42,081 DEBUG [CRASH COMPLEXION_p011]           HeadLinker.java:859  | CLinker{head#3066-Clnk-BL refPt:[467.9,96.0]} nothing kept from sections[V1867]
2026-03-14 00:36:42,082 DEBUG [CRASH COMPLEXION_p011]           HeadLinker.java:871  | CLinker{head#3066-Clnk-BL refPt:[467.9,96.0]} Glyph{#13086 [STUMP]}
2026-03-14 00:36:42,083 DEBUG [CRASH COMPLEXION_p011]           HeadLinker.java:859  | CLinker{head#3094-Clnk-TL refPt:[468.9,100.0]} nothing kept from sections[V1867]
2026-03-14 00:36:42,084 DEBUG [CRASH COMPLEXION_p011]           HeadLinker.java:871  | CLinker{head#3094-Clnk-TL refPt:[468.9,100.0]} Glyph{#13087 [STUMP]}
2026-03-14 00:36:42,085 DEBUG [CRASH COMPLEXION_p011]           HeadLinker.java:859  | CLinker{head#3094-Clnk-BR refPt:[481.7,100.0]} nothing kept from sections[V1953, V1900]
2026-03-14 00:36:42,085 DEBUG [CRASH COMPLEXION_p011]           HeadLinker.java:871  | CLinker{head#3094-Clnk-BR refPt:[481.7,100.0]} Glyph{#13088 [STUMP]}
2026-03-14 00:36:42,086 DEBUG [CRASH COMPLEXION_p011]           HeadLinker.java:871  | CLinker{head#4315-Clnk-TL refPt:[468.9,1256.0]} Glyph{#13089 [STUMP]}
2026-03-14 00:36:42,087 DEBUG [CRASH COMPLEXION_p011]           HeadLinker.java:871  | CLinker{head#4315-Clnk-BL refPt:[468.9,1260.0]} Glyph{#13089 [STUMP]}
2026-03-14 00:36:42,088 DEBUG [CRASH COMPLEXION_p011]           HeadLinker.java:871  | CLinker{head#4315-Clnk-BR refPt:[481.7,1256.0]} Glyph{#13090 [STUMP]}
2026-03-14 00:36:42,090 DEBUG [CRASH COMPLEXION_p011]           HeadLinker.java:859  | CLinker{head#3040-Clnk-BL refPt:[470.9,90.0]} nothing kept from sections[V1867]
2026-03-14 00:36:42,090 DEBUG [CRASH COMPLEXION_p011]           HeadLinker.java:871  | CLinker{head#3040-Clnk-BL refPt:[470.9,90.0]} Glyph{#13091 [STUMP]}
2026-03-14 00:36:42,091 DEBUG [CRASH COMPLEXION_p011]           HeadLinker.java:871  | CLinker{head#4115-Clnk-TL refPt:[506.9,1039.0]} Glyph{#13092 [STUMP]}
2026-03-14 00:36:42,098 DEBUG [CRASH COMPLEXION_p011]           HeadLinker.java:871  | CLinker{head#4115-Clnk-BL refPt:[506.9,1043.0]} Glyph{#13092 [STUMP]}
2026-03-14 00:36:42,100 DEBUG [CRASH COMPLEXION_p011]           HeadLinker.java:871  | CLinker{head#4115-Clnk-BR refPt:[520.7,1039.0]} Glyph{#13093 [STUMP]}
2026-03-14 00:36:42,101 DEBUG [CRASH COMPLEXION_p011]           HeadLinker.java:871  | CLinker{head#4119-Clnk-TL refPt:[506.9,1039.0]} Glyph{#13092 [STUMP]}
2026-03-14 00:36:42,102 DEBUG [CRASH COMPLEXION_p011]           HeadLinker.java:871  | CLinker{head#4119-Clnk-BL refPt:[506.9,1043.0]} Glyph{#13092 [STUMP]}
2026-03-14 00:36:42,104 DEBUG [CRASH COMPLEXION_p011]           HeadLinker.java:871  | CLinker{head#4119-Clnk-BR refPt:[520.7,1039.0]} Glyph{#13093 [STUMP]}
2026-03-14 00:36:42,105 DEBUG [CRASH COMPLEXION_p011]           HeadLinker.java:859  | CLinker{head#4071-Clnk-TL refPt:[508.9,1034.0]} nothing kept from sections[V2000]
2026-03-14 00:36:42,105 DEBUG [CRASH COMPLEXION_p011]           HeadLinker.java:871  | CLinker{head#4071-Clnk-TL refPt:[508.9,1034.0]} Glyph{#13094 [STUMP]}
2026-03-14 00:36:42,107 DEBUG [CRASH COMPLEXION_p011]           HeadLinker.java:871  | CLinker{head#4071-Clnk-BL refPt:[508.9,1038.0]} Glyph{#13095 [STUMP]}
2026-03-14 00:36:42,111 DEBUG [CRASH COMPLEXION_p011]           HeadLinker.java:859  | CLinker{head#3621-Clnk-BL refPt:[535.9,634.0]} nothing kept from sections[V2069]
2026-03-14 00:36:42,111 DEBUG [CRASH COMPLEXION_p011]           HeadLinker.java:871  | CLinker{head#3621-Clnk-BL refPt:[535.9,634.0]} Glyph{#13096 [STUMP]}
2026-03-14 00:36:42,115 DEBUG [CRASH COMPLEXION_p011]           HeadLinker.java:871  | CLinker{head#3108-Clnk-TR refPt:[566.7,95.0]} Glyph{#13097 [STUMP]}
2026-03-14 00:36:42,116 DEBUG [CRASH COMPLEXION_p011]           HeadLinker.java:871  | CLinker{head#4021-Clnk-TL refPt:[553.9,1024.0]} Glyph{#13098 [STUMP]}
2026-03-14 00:36:42,117 DEBUG [CRASH COMPLEXION_p011]           HeadLinker.java:871  | CLinker{head#4021-Clnk-BL refPt:[553.9,1028.0]} Glyph{#13098 [STUMP]}
2026-03-14 00:36:42,119 DEBUG [CRASH COMPLEXION_p011]           HeadLinker.java:871  | CLinker{head#4021-Clnk-BR refPt:[567.7,1024.0]} Glyph{#13099 [STUMP]}
2026-03-14 00:36:42,120 DEBUG [CRASH COMPLEXION_p011]           HeadLinker.java:871  | CLinker{head#4025-Clnk-TL refPt:[553.9,1024.0]} Glyph{#13098 [STUMP]}
2026-03-14 00:36:42,121 DEBUG [CRASH COMPLEXION_p011]           HeadLinker.java:871  | CLinker{head#4025-Clnk-BL refPt:[553.9,1028.0]} Glyph{#13098 [STUMP]}
2026-03-14 00:36:42,123 DEBUG [CRASH COMPLEXION_p011]           HeadLinker.java:871  | CLinker{head#4025-Clnk-BR refPt:[567.7,1024.0]} Glyph{#13099 [STUMP]}
2026-03-14 00:36:42,126 DEBUG [CRASH COMPLEXION_p011]           HeadLinker.java:859  | CLinker{head#3973-Clnk-TL refPt:[555.9,1018.0]} nothing kept from sections[V2121]
2026-03-14 00:36:42,128 DEBUG [CRASH COMPLEXION_p011]           HeadLinker.java:871  | CLinker{head#3973-Clnk-BL refPt:[555.9,1022.0]} Glyph{#13098 [STUMP]}
2026-03-14 00:36:42,129 DEBUG [CRASH COMPLEXION_p011]           HeadLinker.java:871  | CLinker{head#3973-Clnk-BR refPt:[568.7,1018.0]} Glyph{#13099 [STUMP]}
2026-03-14 00:36:42,131 DEBUG [CRASH COMPLEXION_p011]           HeadLinker.java:871  | CLinker{head#3854-Clnk-TL refPt:[556.9,852.0]} Glyph{#13100 [STUMP]}
2026-03-14 00:36:42,132 DEBUG [CRASH COMPLEXION_p011]           HeadLinker.java:871  | CLinker{head#3854-Clnk-TR refPt:[570.7,847.0]} Glyph{#13101 [STUMP]}
2026-03-14 00:36:42,133 DEBUG [CRASH COMPLEXION_p011]           HeadLinker.java:871  | CLinker{head#3854-Clnk-BR refPt:[570.7,852.0]} Glyph{#13101 [STUMP]}
2026-03-14 00:36:42,135 DEBUG [CRASH COMPLEXION_p011]           HeadLinker.java:871  | CLinker{head#3441-Clnk-TL refPt:[557.9,629.0]} Glyph{#13102 [STUMP]}
2026-03-14 00:36:42,136 DEBUG [CRASH COMPLEXION_p011]           HeadLinker.java:871  | CLinker{head#3441-Clnk-BL refPt:[557.9,633.0]} Glyph{#13102 [STUMP]}
2026-03-14 00:36:42,138 DEBUG [CRASH COMPLEXION_p011]           HeadLinker.java:871  | CLinker{head#3441-Clnk-BR refPt:[571.7,629.0]} Glyph{#13103 [STUMP]}
2026-03-14 00:36:42,140 DEBUG [CRASH COMPLEXION_p011]           HeadLinker.java:859  | CLinker{head#4559-Clnk-TR refPt:[571.7,1284.0]} nothing kept from sections[V2223, V2230, V2153]
2026-03-14 00:36:42,140 DEBUG [CRASH COMPLEXION_p011]           HeadLinker.java:871  | CLinker{head#4559-Clnk-TR refPt:[571.7,1284.0]} Glyph{#13104 [STUMP]}
2026-03-14 00:36:42,142 DEBUG [CRASH COMPLEXION_p011]           HeadLinker.java:859  | CLinker{head#4559-Clnk-BR refPt:[571.7,1289.0]} nothing kept from sections[V2153]
2026-03-14 00:36:42,143 DEBUG [CRASH COMPLEXION_p011]           HeadLinker.java:871  | CLinker{head#4559-Clnk-BR refPt:[571.7,1289.0]} Glyph{#13105 [STUMP]}
2026-03-14 00:36:42,144 DEBUG [CRASH COMPLEXION_p011]           HeadLinker.java:871  | CLinker{head#3163-Clnk-BR refPt:[572.7,106.0]} Glyph{#13106 [STUMP]}
2026-03-14 00:36:42,146 DEBUG [CRASH COMPLEXION_p011]           HeadLinker.java:871  | CLinker{head#3166-Clnk-BR refPt:[572.7,105.0]} Glyph{#13106 [STUMP]}
2026-03-14 00:36:42,147 DEBUG [CRASH COMPLEXION_p011]           HeadLinker.java:871  | CLinker{head#4423-Clnk-TL refPt:[559.9,1283.0]} Glyph{#13107 [STUMP]}
2026-03-14 00:36:42,148 DEBUG [CRASH COMPLEXION_p011]           HeadLinker.java:871  | CLinker{head#4423-Clnk-TR refPt:[573.7,1278.0]} Glyph{#13108 [STUMP]}
2026-03-14 00:36:42,149 DEBUG [CRASH COMPLEXION_p011]           HeadLinker.java:871  | CLinker{head#4423-Clnk-BR refPt:[573.7,1283.0]} Glyph{#13108 [STUMP]}
2026-03-14 00:36:42,151 DEBUG [CRASH COMPLEXION_p011]           HeadLinker.java:871  | CLinker{head#3157-Clnk-BR refPt:[575.7,105.0]} Glyph{#13109 [STUMP]}
2026-03-14 00:36:42,152 DEBUG [CRASH COMPLEXION_p011]           HeadLinker.java:871  | CLinker{head#3112-Clnk-TR refPt:[583.7,95.0]} Glyph{#13110 [STUMP]}
2026-03-14 00:36:42,154 DEBUG [CRASH COMPLEXION_p011]           HeadLinker.java:871  | CLinker{head#3256-Clnk-TR refPt:[586.7,81.0]} Glyph{#13111 [STUMP]}
2026-03-14 00:36:42,159 DEBUG [CRASH COMPLEXION_p011]           HeadLinker.java:871  | CLinker{head#3256-Clnk-BR refPt:[586.7,86.0]} Glyph{#13112 [STUMP]}
2026-03-14 00:36:42,161 DEBUG [CRASH COMPLEXION_p011]           HeadLinker.java:871  | CLinker{head#3618-Clnk-TL refPt:[575.9,588.0]} Glyph{#13113 [STUMP]}
2026-03-14 00:36:42,162 DEBUG [CRASH COMPLEXION_p011]           HeadLinker.java:871  | CLinker{head#4125-Clnk-TL refPt:[578.9,1038.0]} Glyph{#13114 [STUMP]}
2026-03-14 00:36:42,162 DEBUG [CRASH COMPLEXION_p011]           HeadLinker.java:871  | CLinker{head#4125-Clnk-BL refPt:[578.9,1042.0]} Glyph{#13114 [STUMP]}
2026-03-14 00:36:42,163 DEBUG [CRASH COMPLEXION_p011]           HeadLinker.java:871  | CLinker{head#4125-Clnk-BR refPt:[592.7,1038.0]} Glyph{#13115 [STUMP]}
2026-03-14 00:36:42,164 DEBUG [CRASH COMPLEXION_p011]           HeadLinker.java:871  | CLinker{head#4129-Clnk-TL refPt:[578.9,1038.0]} Glyph{#13114 [STUMP]}
2026-03-14 00:36:42,165 DEBUG [CRASH COMPLEXION_p011]           HeadLinker.java:871  | CLinker{head#4129-Clnk-BL refPt:[578.9,1042.0]} Glyph{#13114 [STUMP]}
2026-03-14 00:36:42,166 DEBUG [CRASH COMPLEXION_p011]           HeadLinker.java:871  | CLinker{head#4129-Clnk-BR refPt:[592.7,1038.0]} Glyph{#13115 [STUMP]}
2026-03-14 00:36:42,167 DEBUG [CRASH COMPLEXION_p011]           HeadLinker.java:871  | CLinker{head#3501-Clnk-TL refPt:[579.9,641.0]} Glyph{#13116 [STUMP]}
2026-03-14 00:36:42,167 DEBUG [CRASH COMPLEXION_p011]           HeadLinker.java:871  | CLinker{head#3501-Clnk-BL refPt:[579.9,645.0]} Glyph{#13116 [STUMP]}
2026-03-14 00:36:42,168 DEBUG [CRASH COMPLEXION_p011]           HeadLinker.java:871  | CLinker{head#3501-Clnk-BR refPt:[592.7,641.0]} Glyph{#13117 [STUMP]}
2026-03-14 00:36:42,169 DEBUG [CRASH COMPLEXION_p011]           HeadLinker.java:859  | CLinker{head#4075-Clnk-TL refPt:[580.9,1034.0]} nothing kept from sections[V2254]
2026-03-14 00:36:42,169 DEBUG [CRASH COMPLEXION_p011]           HeadLinker.java:871  | CLinker{head#4075-Clnk-TL refPt:[580.9,1034.0]} Glyph{#13118 [STUMP]}
2026-03-14 00:36:42,170 DEBUG [CRASH COMPLEXION_p011]           HeadLinker.java:859  | CLinker{head#4075-Clnk-BL refPt:[580.9,1038.0]} nothing kept from sections[V2248, V2254]
2026-03-14 00:36:42,170 DEBUG [CRASH COMPLEXION_p011]           HeadLinker.java:871  | CLinker{head#4075-Clnk-BL refPt:[580.9,1038.0]} Glyph{#13114 [STUMP]}
2026-03-14 00:36:42,171 DEBUG [CRASH COMPLEXION_p011]           HeadLinker.java:871  | CLinker{head#4075-Clnk-BR refPt:[592.7,1034.0]} Glyph{#13115 [STUMP]}
2026-03-14 00:36:42,172 DEBUG [CRASH COMPLEXION_p011]           HeadLinker.java:859  | CLinker{head#3169-Clnk-TL refPt:[605.9,106.0]} nothing kept from sections[V2359]
2026-03-14 00:36:42,172 DEBUG [CRASH COMPLEXION_p011]           HeadLinker.java:871  | CLinker{head#3169-Clnk-TL refPt:[605.9,106.0]} Glyph{#13119 [STUMP]}
2026-03-14 00:36:42,173 DEBUG [CRASH COMPLEXION_p011]           HeadLinker.java:859  | CLinker{head#3169-Clnk-BL refPt:[605.9,110.0]} nothing kept from sections[V2359]
2026-03-14 00:36:42,173 DEBUG [CRASH COMPLEXION_p011]           HeadLinker.java:871  | CLinker{head#3169-Clnk-BL refPt:[605.9,110.0]} Glyph{#13119 [STUMP]}
2026-03-14 00:36:42,175 DEBUG [CRASH COMPLEXION_p011]           HeadLinker.java:859  | CLinker{head#3173-Clnk-TL refPt:[606.9,105.0]} nothing kept from sections[V2359]
2026-03-14 00:36:42,175 DEBUG [CRASH COMPLEXION_p011]           HeadLinker.java:871  | CLinker{head#3173-Clnk-TL refPt:[606.9,105.0]} Glyph{#13120 [STUMP]}
2026-03-14 00:36:42,176 DEBUG [CRASH COMPLEXION_p011]           HeadLinker.java:859  | CLinker{head#3173-Clnk-BL refPt:[606.9,109.0]} nothing kept from sections[V2359]
2026-03-14 00:36:42,176 DEBUG [CRASH COMPLEXION_p011]           HeadLinker.java:871  | CLinker{head#3173-Clnk-BL refPt:[606.9,109.0]} Glyph{#13120 [STUMP]}
2026-03-14 00:36:42,178 DEBUG [CRASH COMPLEXION_p011]           HeadLinker.java:859  | CLinker{head#3118-Clnk-BL refPt:[608.9,104.0]} nothing kept from sections[V2359]
2026-03-14 00:36:42,179 DEBUG [CRASH COMPLEXION_p011]           HeadLinker.java:871  | CLinker{head#3118-Clnk-BL refPt:[608.9,104.0]} Glyph{#13121 [STUMP]}
2026-03-14 00:36:42,180 DEBUG [CRASH COMPLEXION_p011]           HeadLinker.java:859  | CLinker{head#3220-Clnk-TL refPt:[608.9,113.0]} nothing kept from sections[V2359]
2026-03-14 00:36:42,181 DEBUG [CRASH COMPLEXION_p011]           HeadLinker.java:871  | CLinker{head#3220-Clnk-TL refPt:[608.9,113.0]} Glyph{#13121 [STUMP]}
2026-03-14 00:36:42,182 DEBUG [CRASH COMPLEXION_p011]           HeadLinker.java:871  | CLinker{head#3220-Clnk-BR refPt:[621.7,113.0]} Glyph{#587 [VERTICAL_SEED]}
2026-03-14 00:36:42,185 DEBUG [CRASH COMPLEXION_p011]           HeadLinker.java:859  | CLinker{head#3365-Clnk-BR refPt:[627.7,588.0]} nothing kept from sections[V2421]
2026-03-14 00:36:42,186 DEBUG [CRASH COMPLEXION_p011]           HeadLinker.java:871  | CLinker{head#3365-Clnk-BR refPt:[627.7,588.0]} Glyph{#13122 [STUMP]}
2026-03-14 00:36:42,190 DEBUG [CRASH COMPLEXION_p011]           HeadLinker.java:859  | CLinker{head#3288-Clnk-BR refPt:[628.7,562.0]} nothing kept from sections[V2432]
2026-03-14 00:36:42,191 DEBUG [CRASH COMPLEXION_p011]           HeadLinker.java:871  | CLinker{head#3288-Clnk-BR refPt:[628.7,562.0]} Glyph{#13123 [STUMP]}
2026-03-14 00:36:42,195 DEBUG [CRASH COMPLEXION_p011]           HeadLinker.java:859  | CLinker{head#4381-Clnk-BR refPt:[631.7,1263.0]} nothing kept from sections[V2415]
2026-03-14 00:36:42,196 DEBUG [CRASH COMPLEXION_p011]           HeadLinker.java:871  | CLinker{head#4381-Clnk-BR refPt:[631.7,1263.0]} Glyph{#13124 [STUMP]}
2026-03-14 00:36:42,197 DEBUG [CRASH COMPLEXION_p011]           HeadLinker.java:871  | CLinker{head#4321-Clnk-TL refPt:[619.9,1256.0]} Glyph{#13125 [STUMP]}
2026-03-14 00:36:42,198 DEBUG [CRASH COMPLEXION_p011]           HeadLinker.java:871  | CLinker{head#4321-Clnk-BL refPt:[619.9,1260.0]} Glyph{#13125 [STUMP]}
2026-03-14 00:36:42,199 DEBUG [CRASH COMPLEXION_p011]           HeadLinker.java:871  | CLinker{head#4321-Clnk-BR refPt:[633.7,1256.0]} Glyph{#13126 [STUMP]}
2026-03-14 00:36:42,200 DEBUG [CRASH COMPLEXION_p011]           HeadLinker.java:871  | CLinker{head#3371-Clnk-TL refPt:[620.9,595.0]} Glyph{#13127 [STUMP]}
2026-03-14 00:36:42,201 DEBUG [CRASH COMPLEXION_p011]           HeadLinker.java:871  | CLinker{head#3371-Clnk-BL refPt:[620.9,599.0]} Glyph{#13127 [STUMP]}
2026-03-14 00:36:42,203 DEBUG [CRASH COMPLEXION_p011]           HeadLinker.java:871  | CLinker{head#3371-Clnk-BR refPt:[634.7,595.0]} Glyph{#13128 [STUMP]}
2026-03-14 00:36:42,205 DEBUG [CRASH COMPLEXION_p011]           HeadLinker.java:871  | CLinker{head#3375-Clnk-TL refPt:[620.9,595.0]} Glyph{#13127 [STUMP]}
2026-03-14 00:36:42,206 DEBUG [CRASH COMPLEXION_p011]           HeadLinker.java:871  | CLinker{head#3375-Clnk-BL refPt:[620.9,599.0]} Glyph{#13127 [STUMP]}
2026-03-14 00:36:42,207 DEBUG [CRASH COMPLEXION_p011]           HeadLinker.java:871  | CLinker{head#3375-Clnk-BR refPt:[634.7,595.0]} Glyph{#13128 [STUMP]}
2026-03-14 00:36:42,208 DEBUG [CRASH COMPLEXION_p011]           HeadLinker.java:871  | CLinker{head#3903-Clnk-TL refPt:[620.9,996.0]} Glyph{#13129 [STUMP]}
2026-03-14 00:36:42,210 DEBUG [CRASH COMPLEXION_p011]           HeadLinker.java:859  | CLinker{head#3903-Clnk-BR refPt:[634.7,996.0]} nothing kept from sections[V2429]
2026-03-14 00:36:42,210 DEBUG [CRASH COMPLEXION_p011]           HeadLinker.java:871  | CLinker{head#3903-Clnk-BR refPt:[634.7,996.0]} Glyph{#13130 [STUMP]}
2026-03-14 00:36:42,211 DEBUG [CRASH COMPLEXION_p011]           HeadLinker.java:871  | CLinker{head#3298-Clnk-TL refPt:[621.9,568.0]} Glyph{#13131 [STUMP]}
2026-03-14 00:36:42,212 DEBUG [CRASH COMPLEXION_p011]           HeadLinker.java:871  | CLinker{head#3298-Clnk-BL refPt:[621.9,572.0]} Glyph{#13131 [STUMP]}
2026-03-14 00:36:42,213 DEBUG [CRASH COMPLEXION_p011]           HeadLinker.java:871  | CLinker{head#3302-Clnk-TL refPt:[621.9,568.0]} Glyph{#13131 [STUMP]}
2026-03-14 00:36:42,214 DEBUG [CRASH COMPLEXION_p011]           HeadLinker.java:871  | CLinker{head#3302-Clnk-BL refPt:[621.9,572.0]} Glyph{#13131 [STUMP]}
2026-03-14 00:36:42,215 DEBUG [CRASH COMPLEXION_p011]           HeadLinker.java:871  | CLinker{head#3367-Clnk-BL refPt:[622.9,593.0]} Glyph{#13127 [STUMP]}
2026-03-14 00:36:42,216 DEBUG [CRASH COMPLEXION_p011]           HeadLinker.java:871  | CLinker{head#3367-Clnk-BR refPt:[635.7,589.0]} Glyph{#540 [VERTICAL_SEED]}
2026-03-14 00:36:42,216 DEBUG [CRASH COMPLEXION_p011]           HeadLinker.java:871  | CLinker{head#3877-Clnk-TL refPt:[622.9,990.0]} Glyph{#13129 [STUMP]}
2026-03-14 00:36:42,217 DEBUG [CRASH COMPLEXION_p011]           HeadLinker.java:871  | CLinker{head#3877-Clnk-BL refPt:[622.9,994.0]} Glyph{#13129 [STUMP]}
2026-03-14 00:36:42,221 DEBUG [CRASH COMPLEXION_p011]           HeadLinker.java:871  | CLinker{head#3877-Clnk-BR refPt:[636.7,990.0]} Glyph{#13132 [STUMP]}
2026-03-14 00:36:42,223 DEBUG [CRASH COMPLEXION_p011]           HeadLinker.java:871  | CLinker{head#3326-Clnk-TL refPt:[624.9,576.0]} Glyph{#13131 [STUMP]}
2026-03-14 00:36:42,226 DEBUG [CRASH COMPLEXION_p011]           HeadLinker.java:871  | CLinker{head#4765-Clnk-BR refPt:[651.7,1283.0]} Glyph{#13133 [STUMP]}
2026-03-14 00:36:42,227 DEBUG [CRASH COMPLEXION_p011]           HeadLinker.java:871  | CLinker{head#4217-Clnk-TR refPt:[653.7,999.0]} Glyph{#13134 [STUMP]}
2026-03-14 00:36:42,228 DEBUG [CRASH COMPLEXION_p011]           HeadLinker.java:871  | CLinker{head#4217-Clnk-BR refPt:[653.7,1004.0]} Glyph{#13135 [STUMP]}
2026-03-14 00:36:42,230 DEBUG [CRASH COMPLEXION_p011]           HeadLinker.java:871  | CLinker{head#3579-Clnk-BR refPt:[654.7,561.0]} Glyph{#13136 [STUMP]}
2026-03-14 00:36:42,231 DEBUG [CRASH COMPLEXION_p011]           HeadLinker.java:871  | CLinker{head#3607-Clnk-TL refPt:[651.9,576.0]} Glyph{#13137 [STUMP]}
2026-03-14 00:36:42,232 DEBUG [CRASH COMPLEXION_p011]           HeadLinker.java:871  | CLinker{head#3607-Clnk-BL refPt:[651.9,580.0]} Glyph{#13138 [STUMP]}
2026-03-14 00:36:42,233 DEBUG [CRASH COMPLEXION_p011]           HeadLinker.java:871  | CLinker{head#4079-Clnk-BL refPt:[681.9,1035.0]} Glyph{#13139 [STUMP]}
2026-03-14 00:36:42,235 DEBUG [CRASH COMPLEXION_p011]           HeadLinker.java:871  | CLinker{head#4135-Clnk-TL refPt:[681.9,1038.0]} Glyph{#13139 [STUMP]}
2026-03-14 00:36:42,237 DEBUG [CRASH COMPLEXION_p011]           HeadLinker.java:871  | CLinker{head#4135-Clnk-BL refPt:[681.9,1042.0]} Glyph{#13139 [STUMP]}
2026-03-14 00:36:42,238 DEBUG [CRASH COMPLEXION_p011]           HeadLinker.java:871  | CLinker{head#4135-Clnk-BR refPt:[695.7,1038.0]} Glyph{#13140 [STUMP]}
2026-03-14 00:36:42,239 DEBUG [CRASH COMPLEXION_p011]           HeadLinker.java:871  | CLinker{head#4139-Clnk-TL refPt:[681.9,1038.0]} Glyph{#13139 [STUMP]}
2026-03-14 00:36:42,240 DEBUG [CRASH COMPLEXION_p011]           HeadLinker.java:871  | CLinker{head#4139-Clnk-BL refPt:[681.9,1042.0]} Glyph{#13139 [STUMP]}
2026-03-14 00:36:42,241 DEBUG [CRASH COMPLEXION_p011]           HeadLinker.java:871  | CLinker{head#4139-Clnk-BR refPt:[695.7,1038.0]} Glyph{#13140 [STUMP]}
2026-03-14 00:36:42,242 DEBUG [CRASH COMPLEXION_p011]           HeadLinker.java:871  | CLinker{head#3505-Clnk-TL refPt:[682.9,642.0]} Glyph{#13141 [STUMP]}
2026-03-14 00:36:42,243 DEBUG [CRASH COMPLEXION_p011]           HeadLinker.java:871  | CLinker{head#3505-Clnk-BL refPt:[682.9,646.0]} Glyph{#13141 [STUMP]}
2026-03-14 00:36:42,244 DEBUG [CRASH COMPLEXION_p011]           HeadLinker.java:871  | CLinker{head#3505-Clnk-BR refPt:[695.7,642.0]} Glyph{#13142 [STUMP]}
2026-03-14 00:36:42,245 DEBUG [CRASH COMPLEXION_p011]           HeadLinker.java:871  | CLinker{head#3507-Clnk-TL refPt:[682.9,642.0]} Glyph{#13141 [STUMP]}
2026-03-14 00:36:42,246 DEBUG [CRASH COMPLEXION_p011]           HeadLinker.java:871  | CLinker{head#3507-Clnk-BL refPt:[682.9,646.0]} Glyph{#13141 [STUMP]}
2026-03-14 00:36:42,247 DEBUG [CRASH COMPLEXION_p011]           HeadLinker.java:871  | CLinker{head#3507-Clnk-BR refPt:[695.7,642.0]} Glyph{#13142 [STUMP]}
2026-03-14 00:36:42,248 DEBUG [CRASH COMPLEXION_p011]           HeadLinker.java:871  | CLinker{head#4081-Clnk-BL refPt:[682.9,1037.0]} Glyph{#13139 [STUMP]}
2026-03-14 00:36:42,254 DEBUG [CRASH COMPLEXION_p011]           HeadLinker.java:859  | CLinker{head#4563-Clnk-TR refPt:[704.7,1285.0]} nothing kept from sections[V2718, V2665]
2026-03-14 00:36:42,255 DEBUG [CRASH COMPLEXION_p011]           HeadLinker.java:859  | CLinker{head#4563-Clnk-BR refPt:[704.7,1290.0]} nothing kept from sections[V2665]
2026-03-14 00:36:42,255 DEBUG [CRASH COMPLEXION_p011]           HeadLinker.java:871  | CLinker{head#4563-Clnk-BR refPt:[704.7,1290.0]} Glyph{#13143 [STUMP]}
2026-03-14 00:36:42,256 DEBUG [CRASH COMPLEXION_p011]           HeadLinker.java:871  | CLinker{head#4427-Clnk-TL refPt:[693.9,1283.0]} Glyph{#13144 [STUMP]}
2026-03-14 00:36:42,257 DEBUG [CRASH COMPLEXION_p011]           HeadLinker.java:871  | CLinker{head#4427-Clnk-TR refPt:[707.7,1278.0]} Glyph{#13145 [STUMP]}
2026-03-14 00:36:42,258 DEBUG [CRASH COMPLEXION_p011]           HeadLinker.java:871  | CLinker{head#4427-Clnk-BR refPt:[707.7,1283.0]} Glyph{#13145 [STUMP]}
2026-03-14 00:36:42,259 DEBUG [CRASH COMPLEXION_p011]           HeadLinker.java:871  | CLinker{head#4431-Clnk-TR refPt:[707.7,1279.0]} Glyph{#13145 [STUMP]}
2026-03-14 00:36:42,261 DEBUG [CRASH COMPLEXION_p011]           HeadLinker.java:871  | CLinker{head#4431-Clnk-BR refPt:[707.7,1284.0]} Glyph{#13145 [STUMP]}
2026-03-14 00:36:42,262 DEBUG [CRASH COMPLEXION_p011]           HeadLinker.java:871  | CLinker{head#3511-Clnk-TL refPt:[705.9,642.0]} Glyph{#13146 [STUMP]}
2026-03-14 00:36:42,263 DEBUG [CRASH COMPLEXION_p011]           HeadLinker.java:871  | CLinker{head#3511-Clnk-BL refPt:[705.9,646.0]} Glyph{#13146 [STUMP]}
2026-03-14 00:36:42,265 DEBUG [CRASH COMPLEXION_p011]           HeadLinker.java:871  | CLinker{head#3511-Clnk-BR refPt:[718.7,642.0]} Glyph{#13147 [STUMP]}
2026-03-14 00:36:42,266 DEBUG [CRASH COMPLEXION_p011]           HeadLinker.java:871  | CLinker{head#4143-Clnk-TL refPt:[705.9,1038.0]} Glyph{#13148 [STUMP]}
2026-03-14 00:36:42,267 DEBUG [CRASH COMPLEXION_p011]           HeadLinker.java:871  | CLinker{head#4143-Clnk-BL refPt:[705.9,1042.0]} Glyph{#13148 [STUMP]}
2026-03-14 00:36:42,268 DEBUG [CRASH COMPLEXION_p011]           HeadLinker.java:871  | CLinker{head#4143-Clnk-BR refPt:[719.7,1038.0]} Glyph{#13149 [STUMP]}
2026-03-14 00:36:42,270 DEBUG [CRASH COMPLEXION_p011]           HeadLinker.java:871  | CLinker{head#4147-Clnk-TL refPt:[705.9,1038.0]} Glyph{#13148 [STUMP]}
2026-03-14 00:36:42,271 DEBUG [CRASH COMPLEXION_p011]           HeadLinker.java:871  | CLinker{head#4147-Clnk-BL refPt:[705.9,1042.0]} Glyph{#13148 [STUMP]}
2026-03-14 00:36:42,272 DEBUG [CRASH COMPLEXION_p011]           HeadLinker.java:871  | CLinker{head#4147-Clnk-BR refPt:[719.7,1038.0]} Glyph{#13149 [STUMP]}
2026-03-14 00:36:42,273 DEBUG [CRASH COMPLEXION_p011]           HeadLinker.java:871  | CLinker{head#4085-Clnk-BL refPt:[706.9,1035.0]} Glyph{#13148 [STUMP]}
2026-03-14 00:36:42,275 DEBUG [CRASH COMPLEXION_p011]           HeadLinker.java:871  | CLinker{head#4089-Clnk-BL refPt:[706.9,1037.0]} Glyph{#13148 [STUMP]}
2026-03-14 00:36:42,276 DEBUG [CRASH COMPLEXION_p011]           HeadLinker.java:871  | CLinker{head#4089-Clnk-BR refPt:[719.7,1033.0]} Glyph{#13149 [STUMP]}
2026-03-14 00:36:42,278 DEBUG [CRASH COMPLEXION_p011]           HeadLinker.java:871  | CLinker{head#3387-Clnk-TR refPt:[730.7,611.0]} Glyph{#13150 [STUMP]}
2026-03-14 00:36:42,279 DEBUG [CRASH COMPLEXION_p011]           HeadLinker.java:871  | CLinker{head#3387-Clnk-BR refPt:[730.7,616.0]} Glyph{#13151 [STUMP]}
2026-03-14 00:36:42,280 DEBUG [CRASH COMPLEXION_p011]           HeadLinker.java:871  | CLinker{head#4029-Clnk-TL refPt:[767.9,1024.0]} Glyph{#13152 [STUMP]}
2026-03-14 00:36:42,286 DEBUG [CRASH COMPLEXION_p011]           HeadLinker.java:859  | CLinker{head#4029-Clnk-BL refPt:[767.9,1028.0]} nothing kept from sections[V2942]
2026-03-14 00:36:42,288 DEBUG [CRASH COMPLEXION_p011]           HeadLinker.java:859  | CLinker{head#4029-Clnk-BR refPt:[781.7,1024.0]} nothing kept from sections[V3037, V3047, V2942]
2026-03-14 00:36:42,289 DEBUG [CRASH COMPLEXION_p011]           HeadLinker.java:871  | CLinker{head#4029-Clnk-BR refPt:[781.7,1024.0]} Glyph{#13153 [STUMP]}
2026-03-14 00:36:42,290 DEBUG [CRASH COMPLEXION_p011]           HeadLinker.java:871  | CLinker{head#4033-Clnk-TL refPt:[768.9,1023.0]} Glyph{#13152 [STUMP]}
2026-03-14 00:36:42,291 DEBUG [CRASH COMPLEXION_p011]           HeadLinker.java:871  | CLinker{head#4033-Clnk-BL refPt:[768.9,1027.0]} Glyph{#13152 [STUMP]}
2026-03-14 00:36:42,293 DEBUG [CRASH COMPLEXION_p011]           HeadLinker.java:871  | CLinker{head#4033-Clnk-BR refPt:[782.7,1023.0]} Glyph{#13154 [STUMP]}
2026-03-14 00:36:42,294 DEBUG [CRASH COMPLEXION_p011]           HeadLinker.java:859  | CLinker{head#3977-Clnk-BL refPt:[770.9,1021.0]} nothing kept from sections[V2942]
2026-03-14 00:36:42,295 DEBUG [CRASH COMPLEXION_p011]           HeadLinker.java:871  | CLinker{head#3977-Clnk-BL refPt:[770.9,1021.0]} Glyph{#13155 [STUMP]}
2026-03-14 00:36:42,296 DEBUG [CRASH COMPLEXION_p011]           HeadLinker.java:859  | CLinker{head#4567-Clnk-TR refPt:[784.7,1285.0]} nothing kept from sections[V3060, V2990]
2026-03-14 00:36:42,297 DEBUG [CRASH COMPLEXION_p011]           HeadLinker.java:871  | CLinker{head#4567-Clnk-TR refPt:[784.7,1285.0]} Glyph{#13156 [STUMP]}
2026-03-14 00:36:42,298 DEBUG [CRASH COMPLEXION_p011]           HeadLinker.java:859  | CLinker{head#4567-Clnk-BR refPt:[784.7,1290.0]} nothing kept from sections[V2990]
2026-03-14 00:36:42,298 DEBUG [CRASH COMPLEXION_p011]           HeadLinker.java:871  | CLinker{head#4567-Clnk-BR refPt:[784.7,1290.0]} Glyph{#13157 [STUMP]}
2026-03-14 00:36:42,299 DEBUG [CRASH COMPLEXION_p011]           HeadLinker.java:871  | CLinker{head#3851-Clnk-TR refPt:[785.7,841.0]} Glyph{#13158 [STUMP]}
2026-03-14 00:36:42,300 DEBUG [CRASH COMPLEXION_p011]           HeadLinker.java:871  | CLinker{head#3851-Clnk-BR refPt:[785.7,846.0]} Glyph{#13158 [STUMP]}
2026-03-14 00:36:42,301 DEBUG [CRASH COMPLEXION_p011]           HeadLinker.java:871  | CLinker{head#4437-Clnk-TR refPt:[786.7,1279.0]} Glyph{#13159 [STUMP]}
2026-03-14 00:36:42,302 DEBUG [CRASH COMPLEXION_p011]           HeadLinker.java:871  | CLinker{head#4437-Clnk-BR refPt:[786.7,1284.0]} Glyph{#13159 [STUMP]}
2026-03-14 00:36:42,303 DEBUG [CRASH COMPLEXION_p011]           HeadLinker.java:871  | CLinker{head#4151-Clnk-TL refPt:[808.9,1037.0]} Glyph{#13160 [STUMP]}
2026-03-14 00:36:42,304 DEBUG [CRASH COMPLEXION_p011]           HeadLinker.java:871  | CLinker{head#4151-Clnk-BL refPt:[808.9,1041.0]} Glyph{#13160 [STUMP]}
2026-03-14 00:36:42,306 DEBUG [CRASH COMPLEXION_p011]           HeadLinker.java:859  | CLinker{head#4151-Clnk-BR refPt:[822.7,1037.0]} nothing kept from sections[V3223, V3228, V3152]
2026-03-14 00:36:42,306 DEBUG [CRASH COMPLEXION_p011]           HeadLinker.java:871  | CLinker{head#4151-Clnk-BR refPt:[822.7,1037.0]} Glyph{#13161 [STUMP]}
2026-03-14 00:36:42,307 DEBUG [CRASH COMPLEXION_p011]           HeadLinker.java:871  | CLinker{head#4155-Clnk-TL refPt:[808.9,1037.0]} Glyph{#13160 [STUMP]}
2026-03-14 00:36:42,308 DEBUG [CRASH COMPLEXION_p011]           HeadLinker.java:871  | CLinker{head#4155-Clnk-BL refPt:[808.9,1041.0]} Glyph{#13160 [STUMP]}
2026-03-14 00:36:42,310 DEBUG [CRASH COMPLEXION_p011]           HeadLinker.java:859  | CLinker{head#4155-Clnk-BR refPt:[822.7,1037.0]} nothing kept from sections[V3223, V3228, V3152]
2026-03-14 00:36:42,310 DEBUG [CRASH COMPLEXION_p011]           HeadLinker.java:871  | CLinker{head#4155-Clnk-BR refPt:[822.7,1037.0]} Glyph{#13161 [STUMP]}
2026-03-14 00:36:42,312 DEBUG [CRASH COMPLEXION_p011]           HeadLinker.java:871  | CLinker{head#3517-Clnk-TL refPt:[809.9,641.0]} Glyph{#13162 [STUMP]}
2026-03-14 00:36:42,315 DEBUG [CRASH COMPLEXION_p011]           HeadLinker.java:871  | CLinker{head#3517-Clnk-BL refPt:[809.9,645.0]} Glyph{#13162 [STUMP]}
2026-03-14 00:36:42,316 DEBUG [CRASH COMPLEXION_p011]           HeadLinker.java:859  | CLinker{head#3517-Clnk-BR refPt:[823.7,641.0]} nothing kept from sections[V3227, V3158]
2026-03-14 00:36:42,316 DEBUG [CRASH COMPLEXION_p011]           HeadLinker.java:871  | CLinker{head#3517-Clnk-BR refPt:[823.7,641.0]} Glyph{#13163 [STUMP]}
2026-03-14 00:36:42,317 DEBUG [CRASH COMPLEXION_p011]           HeadLinker.java:871  | CLinker{head#3521-Clnk-TL refPt:[809.9,641.0]} Glyph{#13162 [STUMP]}
2026-03-14 00:36:42,318 DEBUG [CRASH COMPLEXION_p011]           HeadLinker.java:871  | CLinker{head#3521-Clnk-BL refPt:[809.9,645.0]} Glyph{#13162 [STUMP]}
2026-03-14 00:36:42,319 DEBUG [CRASH COMPLEXION_p011]           HeadLinker.java:859  | CLinker{head#3521-Clnk-BR refPt:[823.7,641.0]} nothing kept from sections[V3227, V3158]
2026-03-14 00:36:42,319 DEBUG [CRASH COMPLEXION_p011]           HeadLinker.java:871  | CLinker{head#3521-Clnk-BR refPt:[823.7,641.0]} Glyph{#13163 [STUMP]}
2026-03-14 00:36:42,319 DEBUG [CRASH COMPLEXION_p011]           HeadLinker.java:859  | CLinker{head#4093-Clnk-TL refPt:[810.9,1033.0]} nothing kept from sections[V3152]
2026-03-14 00:36:42,319 DEBUG [CRASH COMPLEXION_p011]           HeadLinker.java:871  | CLinker{head#4093-Clnk-TL refPt:[810.9,1033.0]} Glyph{#13164 [STUMP]}
2026-03-14 00:36:42,320 DEBUG [CRASH COMPLEXION_p011]           HeadLinker.java:859  | CLinker{head#4093-Clnk-BL refPt:[810.9,1037.0]} nothing kept from sections[V3147, V3152]
2026-03-14 00:36:42,320 DEBUG [CRASH COMPLEXION_p011]           HeadLinker.java:871  | CLinker{head#4093-Clnk-BL refPt:[810.9,1037.0]} Glyph{#13160 [STUMP]}
2026-03-14 00:36:42,321 DEBUG [CRASH COMPLEXION_p011]           HeadLinker.java:871  | CLinker{head#4093-Clnk-BR refPt:[824.7,1033.0]} Glyph{#13165 [STUMP]}
2026-03-14 00:36:42,322 DEBUG [CRASH COMPLEXION_p011]           HeadLinker.java:859  | CLinker{head#3515-Clnk-BL refPt:[822.9,643.0]} nothing kept from sections[V3158]
2026-03-14 00:36:42,322 DEBUG [CRASH COMPLEXION_p011]           HeadLinker.java:871  | CLinker{head#3515-Clnk-BL refPt:[822.9,643.0]} Glyph{#13166 [STUMP]}
2026-03-14 00:36:42,322 DEBUG [CRASH COMPLEXION_p011]           HeadLinker.java:859  | CLinker{head#3515-Clnk-TR refPt:[836.7,634.0]} nothing kept from sections[V3260]
2026-03-14 00:36:42,323 DEBUG [CRASH COMPLEXION_p011]           HeadLinker.java:871  | CLinker{head#3515-Clnk-TR refPt:[836.7,634.0]} Glyph{#13167 [STUMP]}
2026-03-14 00:36:42,323 DEBUG [CRASH COMPLEXION_p011]           HeadLinker.java:859  | CLinker{head#3515-Clnk-BR refPt:[836.7,639.0]} nothing kept from sections[V3257, V3260]
2026-03-14 00:36:42,324 DEBUG [CRASH COMPLEXION_p011]           HeadLinker.java:871  | CLinker{head#3525-Clnk-TL refPt:[833.9,642.0]} Glyph{#13168 [STUMP]}
2026-03-14 00:36:42,324 DEBUG [CRASH COMPLEXION_p011]           HeadLinker.java:871  | CLinker{head#3525-Clnk-BL refPt:[833.9,646.0]} Glyph{#13168 [STUMP]}
2026-03-14 00:36:42,325 DEBUG [CRASH COMPLEXION_p011]           HeadLinker.java:871  | CLinker{head#3525-Clnk-BR refPt:[846.7,642.0]} Glyph{#13169 [STUMP]}
2026-03-14 00:36:42,325 DEBUG [CRASH COMPLEXION_p011]           HeadLinker.java:871  | CLinker{head#3529-Clnk-TL refPt:[833.9,641.0]} Glyph{#13168 [STUMP]}
2026-03-14 00:36:42,325 DEBUG [CRASH COMPLEXION_p011]           HeadLinker.java:871  | CLinker{head#3529-Clnk-BL refPt:[833.9,645.0]} Glyph{#13168 [STUMP]}
2026-03-14 00:36:42,326 DEBUG [CRASH COMPLEXION_p011]           HeadLinker.java:871  | CLinker{head#3529-Clnk-BR refPt:[847.7,641.0]} Glyph{#13169 [STUMP]}
2026-03-14 00:36:42,327 DEBUG [CRASH COMPLEXION_p011]           HeadLinker.java:859  | CLinker{head#3389-Clnk-BR refPt:[862.7,615.0]} nothing kept from sections[V3311]
2026-03-14 00:36:42,328 DEBUG [CRASH COMPLEXION_p011]           HeadLinker.java:871  | CLinker{head#3389-Clnk-BR refPt:[862.7,615.0]} Glyph{#13170 [STUMP]}
2026-03-14 00:36:42,329 DEBUG [CRASH COMPLEXION_p011]           HeadLinker.java:859  | CLinker{head#3449-Clnk-TL refPt:[855.9,621.0]} nothing kept from sections[V3311]
2026-03-14 00:36:42,330 DEBUG [CRASH COMPLEXION_p011]           HeadLinker.java:859  | CLinker{head#3449-Clnk-BL refPt:[855.9,625.0]} nothing kept from sections[V3311]
2026-03-14 00:36:42,331 DEBUG [CRASH COMPLEXION_p011]           HeadLinker.java:871  | CLinker{head#3449-Clnk-BR refPt:[869.7,621.0]} Glyph{#13171 [STUMP]}
2026-03-14 00:36:42,331 DEBUG [CRASH COMPLEXION_p011]           HeadLinker.java:871  | CLinker{head#4037-Clnk-TL refPt:[855.9,1023.0]} Glyph{#13172 [STUMP]}
2026-03-14 00:36:42,333 DEBUG [CRASH COMPLEXION_p011]           HeadLinker.java:859  | CLinker{head#4037-Clnk-BR refPt:[869.7,1023.0]} nothing kept from sections[V3318]
2026-03-14 00:36:42,334 DEBUG [CRASH COMPLEXION_p011]           HeadLinker.java:859  | CLinker{head#3445-Clnk-TL refPt:[856.9,621.0]} nothing kept from sections[V3311]
2026-03-14 00:36:42,334 DEBUG [CRASH COMPLEXION_p011]           HeadLinker.java:871  | CLinker{head#3445-Clnk-TL refPt:[856.9,621.0]} Glyph{#13173 [STUMP]}
2026-03-14 00:36:42,334 DEBUG [CRASH COMPLEXION_p011]           HeadLinker.java:859  | CLinker{head#3445-Clnk-BL refPt:[856.9,625.0]} nothing kept from sections[V3311]
2026-03-14 00:36:42,335 DEBUG [CRASH COMPLEXION_p011]           HeadLinker.java:871  | CLinker{head#3445-Clnk-BL refPt:[856.9,625.0]} Glyph{#13173 [STUMP]}
2026-03-14 00:36:42,335 DEBUG [CRASH COMPLEXION_p011]           HeadLinker.java:871  | CLinker{head#3445-Clnk-BR refPt:[870.7,621.0]} Glyph{#13171 [STUMP]}
2026-03-14 00:36:42,336 DEBUG [CRASH COMPLEXION_p011]           HeadLinker.java:871  | CLinker{head#3981-Clnk-TL refPt:[856.9,1016.0]} Glyph{#13172 [STUMP]}
2026-03-14 00:36:42,336 DEBUG [CRASH COMPLEXION_p011]           HeadLinker.java:871  | CLinker{head#3981-Clnk-BL refPt:[856.9,1020.0]} Glyph{#13172 [STUMP]}
2026-03-14 00:36:42,337 DEBUG [CRASH COMPLEXION_p011]           HeadLinker.java:871  | CLinker{head#3981-Clnk-BR refPt:[870.7,1016.0]} Glyph{#13174 [STUMP]}
2026-03-14 00:36:42,338 DEBUG [CRASH COMPLEXION_p011]           HeadLinker.java:871  | CLinker{head#3985-Clnk-TL refPt:[856.9,1016.0]} Glyph{#13172 [STUMP]}
2026-03-14 00:36:42,339 DEBUG [CRASH COMPLEXION_p011]           HeadLinker.java:871  | CLinker{head#3985-Clnk-BL refPt:[856.9,1020.0]} Glyph{#13172 [STUMP]}
2026-03-14 00:36:42,341 DEBUG [CRASH COMPLEXION_p011]           HeadLinker.java:871  | CLinker{head#3985-Clnk-BR refPt:[870.7,1016.0]} Glyph{#13174 [STUMP]}
2026-03-14 00:36:42,342 DEBUG [CRASH COMPLEXION_p011]           HeadLinker.java:859  | CLinker{head#3391-Clnk-TL refPt:[857.9,617.0]} nothing kept from sections[V3311]
2026-03-14 00:36:42,342 DEBUG [CRASH COMPLEXION_p011]           HeadLinker.java:871  | CLinker{head#3391-Clnk-TL refPt:[857.9,617.0]} Glyph{#13175 [STUMP]}
2026-03-14 00:36:42,346 DEBUG [CRASH COMPLEXION_p011]           HeadLinker.java:859  | CLinker{head#3391-Clnk-BL refPt:[857.9,621.0]} nothing kept from sections[V3311]
2026-03-14 00:36:42,346 DEBUG [CRASH COMPLEXION_p011]           HeadLinker.java:871  | CLinker{head#3391-Clnk-BL refPt:[857.9,621.0]} Glyph{#13175 [STUMP]}
2026-03-14 00:36:42,348 DEBUG [CRASH COMPLEXION_p011]           HeadLinker.java:871  | CLinker{head#3391-Clnk-BR refPt:[869.7,617.0]} Glyph{#13171 [STUMP]}
2026-03-14 00:36:42,349 DEBUG [CRASH COMPLEXION_p011]           HeadLinker.java:871  | CLinker{head#4387-Clnk-TL refPt:[857.9,1262.0]} Glyph{#13176 [STUMP]}
2026-03-14 00:36:42,351 DEBUG [CRASH COMPLEXION_p011]           HeadLinker.java:859  | CLinker{head#4387-Clnk-BR refPt:[871.7,1262.0]} nothing kept from sections[V3347]
2026-03-14 00:36:42,352 DEBUG [CRASH COMPLEXION_p011]           HeadLinker.java:871  | CLinker{head#4387-Clnk-BR refPt:[871.7,1262.0]} Glyph{#13177 [STUMP]}
2026-03-14 00:36:42,354 DEBUG [CRASH COMPLEXION_p011]           HeadLinker.java:871  | CLinker{head#4327-Clnk-TL refPt:[858.9,1257.0]} Glyph{#13178 [STUMP]}
2026-03-14 00:36:42,355 DEBUG [CRASH COMPLEXION_p011]           HeadLinker.java:871  | CLinker{head#4327-Clnk-BL refPt:[858.9,1261.0]} Glyph{#13179 [STUMP]}
2026-03-14 00:36:42,356 DEBUG [CRASH COMPLEXION_p011]           HeadLinker.java:871  | CLinker{head#4327-Clnk-BR refPt:[872.7,1257.0]} Glyph{#13180 [STUMP]}
2026-03-14 00:36:42,357 DEBUG [CRASH COMPLEXION_p011]           HeadLinker.java:871  | CLinker{head#3535-Clnk-TL refPt:[878.9,641.0]} Glyph{#13181 [STUMP]}
2026-03-14 00:36:42,358 DEBUG [CRASH COMPLEXION_p011]           HeadLinker.java:871  | CLinker{head#3535-Clnk-BL refPt:[878.9,645.0]} Glyph{#13181 [STUMP]}
2026-03-14 00:36:42,358 DEBUG [CRASH COMPLEXION_p011]           HeadLinker.java:871  | CLinker{head#3535-Clnk-BR refPt:[891.7,641.0]} Glyph{#13182 [STUMP]}
2026-03-14 00:36:42,360 DEBUG [CRASH COMPLEXION_p011]           HeadLinker.java:871  | CLinker{head#3537-Clnk-TL refPt:[878.9,641.0]} Glyph{#13181 [STUMP]}
2026-03-14 00:36:42,360 DEBUG [CRASH COMPLEXION_p011]           HeadLinker.java:871  | CLinker{head#3537-Clnk-BL refPt:[878.9,645.0]} Glyph{#13181 [STUMP]}
2026-03-14 00:36:42,361 DEBUG [CRASH COMPLEXION_p011]           HeadLinker.java:871  | CLinker{head#3537-Clnk-BR refPt:[891.7,641.0]} Glyph{#13182 [STUMP]}
2026-03-14 00:36:42,361 DEBUG [CRASH COMPLEXION_p011]           HeadLinker.java:859  | CLinker{head#3533-Clnk-BL refPt:[888.9,643.0]} nothing kept from sections[V3492, V3463]
2026-03-14 00:36:42,362 DEBUG [CRASH COMPLEXION_p011]           HeadLinker.java:859  | CLinker{head#3533-Clnk-TR refPt:[902.7,634.0]} nothing kept from sections[V3527]
2026-03-14 00:36:42,362 DEBUG [CRASH COMPLEXION_p011]           HeadLinker.java:871  | CLinker{head#3533-Clnk-TR refPt:[902.7,634.0]} Glyph{#13183 [STUMP]}
2026-03-14 00:36:42,362 DEBUG [CRASH COMPLEXION_p011]           HeadLinker.java:859  | CLinker{head#3533-Clnk-BR refPt:[902.7,639.0]} nothing kept from sections[V3521, V3527]
2026-03-14 00:36:42,363 DEBUG [CRASH COMPLEXION_p011]           HeadLinker.java:871  | CLinker{head#4159-Clnk-TL refPt:[892.9,1038.0]} Glyph{#13184 [STUMP]}
2026-03-14 00:36:42,363 DEBUG [CRASH COMPLEXION_p011]           HeadLinker.java:871  | CLinker{head#4159-Clnk-BL refPt:[892.9,1042.0]} Glyph{#13184 [STUMP]}
2026-03-14 00:36:42,364 DEBUG [CRASH COMPLEXION_p011]           HeadLinker.java:871  | CLinker{head#4159-Clnk-BR refPt:[906.7,1038.0]} Glyph{#13185 [STUMP]}
2026-03-14 00:36:42,365 DEBUG [CRASH COMPLEXION_p011]           HeadLinker.java:871  | CLinker{head#4163-Clnk-TL refPt:[892.9,1038.0]} Glyph{#13184 [STUMP]}
2026-03-14 00:36:42,365 DEBUG [CRASH COMPLEXION_p011]           HeadLinker.java:871  | CLinker{head#4163-Clnk-BL refPt:[892.9,1042.0]} Glyph{#13184 [STUMP]}
2026-03-14 00:36:42,366 DEBUG [CRASH COMPLEXION_p011]           HeadLinker.java:871  | CLinker{head#4163-Clnk-BR refPt:[906.7,1038.0]} Glyph{#13185 [STUMP]}
2026-03-14 00:36:42,367 DEBUG [CRASH COMPLEXION_p011]           HeadLinker.java:859  | CLinker{head#4097-Clnk-TL refPt:[894.9,1033.0]} nothing kept from sections[V3512]
2026-03-14 00:36:42,367 DEBUG [CRASH COMPLEXION_p011]           HeadLinker.java:871  | CLinker{head#4097-Clnk-TL refPt:[894.9,1033.0]} Glyph{#13186 [STUMP]}
2026-03-14 00:36:42,367 DEBUG [CRASH COMPLEXION_p011]           HeadLinker.java:871  | CLinker{head#4097-Clnk-BL refPt:[894.9,1037.0]} Glyph{#13184 [STUMP]}
2026-03-14 00:36:42,368 DEBUG [CRASH COMPLEXION_p011]           HeadLinker.java:871  | CLinker{head#4097-Clnk-BR refPt:[906.7,1033.0]} Glyph{#13185 [STUMP]}
2026-03-14 00:36:42,369 DEBUG [CRASH COMPLEXION_p011]           HeadLinker.java:871  | CLinker{head#3541-Clnk-TL refPt:[899.9,641.0]} Glyph{#13187 [STUMP]}
2026-03-14 00:36:42,369 DEBUG [CRASH COMPLEXION_p011]           HeadLinker.java:871  | CLinker{head#3541-Clnk-BL refPt:[899.9,645.0]} Glyph{#13187 [STUMP]}
2026-03-14 00:36:42,370 DEBUG [CRASH COMPLEXION_p011]           HeadLinker.java:871  | CLinker{head#3541-Clnk-BR refPt:[913.7,641.0]} Glyph{#13188 [STUMP]}
2026-03-14 00:36:42,371 DEBUG [CRASH COMPLEXION_p011]           HeadLinker.java:871  | CLinker{head#3545-Clnk-TL refPt:[899.9,641.0]} Glyph{#13187 [STUMP]}
2026-03-14 00:36:42,372 DEBUG [CRASH COMPLEXION_p011]           HeadLinker.java:871  | CLinker{head#3545-Clnk-BL refPt:[899.9,645.0]} Glyph{#13187 [STUMP]}
2026-03-14 00:36:42,372 DEBUG [CRASH COMPLEXION_p011]           HeadLinker.java:871  | CLinker{head#3545-Clnk-BR refPt:[913.7,641.0]} Glyph{#13188 [STUMP]}
2026-03-14 00:36:42,373 DEBUG [CRASH COMPLEXION_p011]           HeadLinker.java:871  | CLinker{head#3551-Clnk-TL refPt:[921.9,641.0]} Glyph{#13189 [STUMP]}
2026-03-14 00:36:42,374 DEBUG [CRASH COMPLEXION_p011]           HeadLinker.java:871  | CLinker{head#3551-Clnk-BL refPt:[921.9,645.0]} Glyph{#13189 [STUMP]}
2026-03-14 00:36:42,381 DEBUG [CRASH COMPLEXION_p011]           HeadLinker.java:871  | CLinker{head#3551-Clnk-BR refPt:[934.7,641.0]} Glyph{#13190 [STUMP]}
2026-03-14 00:36:42,382 DEBUG [CRASH COMPLEXION_p011]           HeadLinker.java:871  | CLinker{head#3825-Clnk-BL refPt:[924.9,862.0]} Glyph{#13191 [STUMP]}
2026-03-14 00:36:42,383 DEBUG [CRASH COMPLEXION_p011]           HeadLinker.java:871  | CLinker{head#3657-Clnk-TR refPt:[936.7,826.0]} Glyph{#635 [VERTICAL_SEED]}
2026-03-14 00:36:42,384 DEBUG [CRASH COMPLEXION_p011]           HeadLinker.java:871  | CLinker{head#3764-Clnk-TR refPt:[949.7,840.0]} Glyph{#13192 [STUMP]}
2026-03-14 00:36:42,384 DEBUG [CRASH COMPLEXION_p011]           HeadLinker.java:859  | CLinker{head#4045-Clnk-TL refPt:[941.9,1023.0]} nothing kept from sections[V3679]
2026-03-14 00:36:42,384 DEBUG [CRASH COMPLEXION_p011]           HeadLinker.java:871  | CLinker{head#4045-Clnk-TL refPt:[941.9,1023.0]} Glyph{#13193 [STUMP]}
2026-03-14 00:36:42,385 DEBUG [CRASH COMPLEXION_p011]           HeadLinker.java:859  | CLinker{head#4045-Clnk-BL refPt:[941.9,1027.0]} nothing kept from sections[V3679]
2026-03-14 00:36:42,385 DEBUG [CRASH COMPLEXION_p011]           HeadLinker.java:871  | CLinker{head#4045-Clnk-BL refPt:[941.9,1027.0]} Glyph{#13193 [STUMP]}
2026-03-14 00:36:42,386 DEBUG [CRASH COMPLEXION_p011]           HeadLinker.java:871  | CLinker{head#4045-Clnk-BR refPt:[955.7,1023.0]} Glyph{#13194 [STUMP]}
2026-03-14 00:36:42,387 DEBUG [CRASH COMPLEXION_p011]           HeadLinker.java:859  | CLinker{head#4049-Clnk-TL refPt:[941.9,1023.0]} nothing kept from sections[V3679]
2026-03-14 00:36:42,388 DEBUG [CRASH COMPLEXION_p011]           HeadLinker.java:871  | CLinker{head#4049-Clnk-TL refPt:[941.9,1023.0]} Glyph{#13193 [STUMP]}
2026-03-14 00:36:42,389 DEBUG [CRASH COMPLEXION_p011]           HeadLinker.java:859  | CLinker{head#4049-Clnk-BL refPt:[941.9,1027.0]} nothing kept from sections[V3679]
2026-03-14 00:36:42,389 DEBUG [CRASH COMPLEXION_p011]           HeadLinker.java:871  | CLinker{head#4049-Clnk-BL refPt:[941.9,1027.0]} Glyph{#13193 [STUMP]}
2026-03-14 00:36:42,390 DEBUG [CRASH COMPLEXION_p011]           HeadLinker.java:871  | CLinker{head#4049-Clnk-BR refPt:[955.7,1023.0]} Glyph{#13194 [STUMP]}
2026-03-14 00:36:42,391 DEBUG [CRASH COMPLEXION_p011]           HeadLinker.java:871  | CLinker{head#4577-Clnk-TL refPt:[942.9,1288.0]} Glyph{#13195 [STUMP]}
2026-03-14 00:36:42,393 DEBUG [CRASH COMPLEXION_p011]           HeadLinker.java:859  | CLinker{head#4577-Clnk-TR refPt:[956.7,1283.0]} nothing kept from sections[V3812, V3722]
2026-03-14 00:36:42,393 DEBUG [CRASH COMPLEXION_p011]           HeadLinker.java:859  | CLinker{head#4577-Clnk-BR refPt:[956.7,1288.0]} nothing kept from sections[V3722]
2026-03-14 00:36:42,394 DEBUG [CRASH COMPLEXION_p011]           HeadLinker.java:871  | CLinker{head#4577-Clnk-BR refPt:[956.7,1288.0]} Glyph{#13196 [STUMP]}
2026-03-14 00:36:42,395 DEBUG [CRASH COMPLEXION_p011]           HeadLinker.java:871  | CLinker{head#3453-Clnk-TL refPt:[943.9,630.0]} Glyph{#13197 [STUMP]}
2026-03-14 00:36:42,395 DEBUG [CRASH COMPLEXION_p011]           HeadLinker.java:871  | CLinker{head#3453-Clnk-BL refPt:[943.9,634.0]} Glyph{#13197 [STUMP]}
2026-03-14 00:36:42,396 DEBUG [CRASH COMPLEXION_p011]           HeadLinker.java:871  | CLinker{head#3453-Clnk-BR refPt:[956.7,630.0]} Glyph{#13198 [STUMP]}
2026-03-14 00:36:42,397 DEBUG [CRASH COMPLEXION_p011]           HeadLinker.java:871  | CLinker{head#3457-Clnk-TL refPt:[943.9,630.0]} Glyph{#13197 [STUMP]}
2026-03-14 00:36:42,397 DEBUG [CRASH COMPLEXION_p011]           HeadLinker.java:871  | CLinker{head#3457-Clnk-BL refPt:[943.9,634.0]} Glyph{#13197 [STUMP]}
2026-03-14 00:36:42,398 DEBUG [CRASH COMPLEXION_p011]           HeadLinker.java:871  | CLinker{head#3457-Clnk-BR refPt:[957.7,630.0]} Glyph{#13198 [STUMP]}
2026-03-14 00:36:42,399 DEBUG [CRASH COMPLEXION_p011]           HeadLinker.java:859  | CLinker{head#3991-Clnk-BL refPt:[943.9,1021.0]} nothing kept from sections[V3679]
2026-03-14 00:36:42,400 DEBUG [CRASH COMPLEXION_p011]           HeadLinker.java:871  | CLinker{head#3991-Clnk-BL refPt:[943.9,1021.0]} Glyph{#13199 [STUMP]}
2026-03-14 00:36:42,401 DEBUG [CRASH COMPLEXION_p011]           HeadLinker.java:871  | CLinker{head#4443-Clnk-TL refPt:[944.9,1283.0]} Glyph{#13200 [STUMP]}
2026-03-14 00:36:42,403 DEBUG [CRASH COMPLEXION_p011]           HeadLinker.java:871  | CLinker{head#4443-Clnk-TR refPt:[958.7,1278.0]} Glyph{#13201 [STUMP]}
2026-03-14 00:36:42,404 DEBUG [CRASH COMPLEXION_p011]           HeadLinker.java:871  | CLinker{head#4443-Clnk-BR refPt:[958.7,1283.0]} Glyph{#13201 [STUMP]}
2026-03-14 00:36:42,408 DEBUG [CRASH COMPLEXION_p011]           HeadLinker.java:871  | CLinker{head#3763-Clnk-TL refPt:[947.9,845.0]} Glyph{#13202 [STUMP]}
2026-03-14 00:36:42,409 DEBUG [CRASH COMPLEXION_p011]           HeadLinker.java:871  | CLinker{head#3763-Clnk-TR refPt:[961.7,840.0]} Glyph{#13203 [STUMP]}
2026-03-14 00:36:42,411 DEBUG [CRASH COMPLEXION_p011]           HeadLinker.java:871  | CLinker{head#3763-Clnk-BR refPt:[961.7,845.0]} Glyph{#13203 [STUMP]}
2026-03-14 00:36:42,412 DEBUG [CRASH COMPLEXION_p011]           HeadLinker.java:859  | CLinker{head#3989-Clnk-BL refPt:[953.9,1020.0]} nothing kept from sections[V3775, V3789, V3679]
2026-03-14 00:36:42,412 DEBUG [CRASH COMPLEXION_p011]           HeadLinker.java:871  | CLinker{head#3989-Clnk-BL refPt:[953.9,1020.0]} Glyph{#13204 [STUMP]}
2026-03-14 00:36:42,414 DEBUG [CRASH COMPLEXION_p011]           HeadLinker.java:859  | CLinker{head#3989-Clnk-BR refPt:[967.7,1016.0]} nothing kept from sections[V3837]
2026-03-14 00:36:42,414 DEBUG [CRASH COMPLEXION_p011]           HeadLinker.java:871  | CLinker{head#3989-Clnk-BR refPt:[967.7,1016.0]} Glyph{#13205 [STUMP]}
2026-03-14 00:36:42,415 DEBUG [CRASH COMPLEXION_p011]           HeadLinker.java:859  | CLinker{head#4453-Clnk-TL refPt:[955.9,1283.0]} nothing kept from sections[V3722]
2026-03-14 00:36:42,416 DEBUG [CRASH COMPLEXION_p011]           HeadLinker.java:871  | CLinker{head#4453-Clnk-TL refPt:[955.9,1283.0]} Glyph{#13206 [STUMP]}
2026-03-14 00:36:42,417 DEBUG [CRASH COMPLEXION_p011]           HeadLinker.java:859  | CLinker{head#4453-Clnk-BL refPt:[955.9,1287.0]} nothing kept from sections[V3722]
2026-03-14 00:36:42,417 DEBUG [CRASH COMPLEXION_p011]           HeadLinker.java:871  | CLinker{head#4453-Clnk-BL refPt:[955.9,1287.0]} Glyph{#13206 [STUMP]}
2026-03-14 00:36:42,418 DEBUG [CRASH COMPLEXION_p011]           HeadLinker.java:859  | CLinker{head#4453-Clnk-TR refPt:[969.7,1278.0]} nothing kept from sections[V3881]
2026-03-14 00:36:42,418 DEBUG [CRASH COMPLEXION_p011]           HeadLinker.java:871  | CLinker{head#4453-Clnk-TR refPt:[969.7,1278.0]} Glyph{#13207 [STUMP]}
2026-03-14 00:36:42,420 DEBUG [CRASH COMPLEXION_p011]           HeadLinker.java:859  | CLinker{head#4041-Clnk-BR refPt:[971.7,1023.0]} nothing kept from sections[V3837]
2026-03-14 00:36:42,420 DEBUG [CRASH COMPLEXION_p011]           HeadLinker.java:871  | CLinker{head#4041-Clnk-BR refPt:[971.7,1023.0]} Glyph{#13208 [STUMP]}
2026-03-14 00:36:42,421 DEBUG [CRASH COMPLEXION_p011]           HeadLinker.java:871  | CLinker{head#4053-Clnk-TL refPt:[960.9,1023.0]} Glyph{#13209 [STUMP]}
2026-03-14 00:36:42,422 DEBUG [CRASH COMPLEXION_p011]           HeadLinker.java:871  | CLinker{head#4053-Clnk-BL refPt:[960.9,1027.0]} Glyph{#13209 [STUMP]}
2026-03-14 00:36:42,423 DEBUG [CRASH COMPLEXION_p011]           HeadLinker.java:871  | CLinker{head#4053-Clnk-BR refPt:[974.7,1023.0]} Glyph{#13210 [STUMP]}
2026-03-14 00:36:42,424 DEBUG [CRASH COMPLEXION_p011]           HeadLinker.java:871  | CLinker{head#4057-Clnk-TL refPt:[960.9,1023.0]} Glyph{#13209 [STUMP]}
2026-03-14 00:36:42,425 DEBUG [CRASH COMPLEXION_p011]           HeadLinker.java:871  | CLinker{head#4057-Clnk-BL refPt:[960.9,1027.0]} Glyph{#13209 [STUMP]}
2026-03-14 00:36:42,426 DEBUG [CRASH COMPLEXION_p011]           HeadLinker.java:871  | CLinker{head#4057-Clnk-BR refPt:[974.7,1023.0]} Glyph{#13210 [STUMP]}
2026-03-14 00:36:42,426 DEBUG [CRASH COMPLEXION_p011]           HeadLinker.java:859  | CLinker{head#3999-Clnk-TL refPt:[963.9,1017.0]} nothing kept from sections[V3837]
2026-03-14 00:36:42,427 DEBUG [CRASH COMPLEXION_p011]           HeadLinker.java:871  | CLinker{head#3999-Clnk-TL refPt:[963.9,1017.0]} Glyph{#13211 [STUMP]}
2026-03-14 00:36:42,427 DEBUG [CRASH COMPLEXION_p011]           HeadLinker.java:859  | CLinker{head#3999-Clnk-BL refPt:[963.9,1021.0]} nothing kept from sections[V3827, V3837]
2026-03-14 00:36:42,428 DEBUG [CRASH COMPLEXION_p011]           HeadLinker.java:871  | CLinker{head#3999-Clnk-BL refPt:[963.9,1021.0]} Glyph{#13212 [STUMP]}
2026-03-14 00:36:42,428 DEBUG [CRASH COMPLEXION_p011]           HeadLinker.java:859  | CLinker{head#4581-Clnk-TR refPt:[978.7,1283.0]} nothing kept from sections[V3941, V3881]
2026-03-14 00:36:42,429 DEBUG [CRASH COMPLEXION_p011]           HeadLinker.java:859  | CLinker{head#4581-Clnk-BR refPt:[978.7,1288.0]} nothing kept from sections[V3881]
2026-03-14 00:36:42,429 DEBUG [CRASH COMPLEXION_p011]           HeadLinker.java:871  | CLinker{head#4581-Clnk-BR refPt:[978.7,1288.0]} Glyph{#13213 [STUMP]}
2026-03-14 00:36:42,430 DEBUG [CRASH COMPLEXION_p011]           HeadLinker.java:871  | CLinker{head#3463-Clnk-TL refPt:[966.9,630.0]} Glyph{#13214 [STUMP]}
2026-03-14 00:36:42,430 DEBUG [CRASH COMPLEXION_p011]           HeadLinker.java:871  | CLinker{head#3463-Clnk-BL refPt:[966.9,634.0]} Glyph{#13214 [STUMP]}
2026-03-14 00:36:42,431 DEBUG [CRASH COMPLEXION_p011]           HeadLinker.java:871  | CLinker{head#3463-Clnk-BR refPt:[979.7,630.0]} Glyph{#13215 [STUMP]}
2026-03-14 00:36:42,432 DEBUG [CRASH COMPLEXION_p011]           HeadLinker.java:871  | CLinker{head#3467-Clnk-TL refPt:[966.9,630.0]} Glyph{#13214 [STUMP]}
2026-03-14 00:36:42,433 DEBUG [CRASH COMPLEXION_p011]           HeadLinker.java:871  | CLinker{head#3467-Clnk-BL refPt:[966.9,634.0]} Glyph{#13214 [STUMP]}
2026-03-14 00:36:42,434 DEBUG [CRASH COMPLEXION_p011]           HeadLinker.java:871  | CLinker{head#3467-Clnk-BR refPt:[979.7,630.0]} Glyph{#13215 [STUMP]}
2026-03-14 00:36:42,435 DEBUG [CRASH COMPLEXION_p011]           HeadLinker.java:871  | CLinker{head#4449-Clnk-TL refPt:[966.9,1283.0]} Glyph{#13216 [STUMP]}
2026-03-14 00:36:42,436 DEBUG [CRASH COMPLEXION_p011]           HeadLinker.java:871  | CLinker{head#4449-Clnk-TR refPt:[980.7,1278.0]} Glyph{#13217 [STUMP]}
2026-03-14 00:36:42,440 DEBUG [CRASH COMPLEXION_p011]           HeadLinker.java:871  | CLinker{head#4449-Clnk-BR refPt:[980.7,1283.0]} Glyph{#13217 [STUMP]}
2026-03-14 00:36:42,441 DEBUG [CRASH COMPLEXION_p011]           HeadLinker.java:859  | CLinker{head#3995-Clnk-BL refPt:[972.9,1020.0]} nothing kept from sections[V3899, V3837]
2026-03-14 00:36:42,442 DEBUG [CRASH COMPLEXION_p011]           HeadLinker.java:859  | CLinker{head#3995-Clnk-TR refPt:[986.7,1011.0]} nothing kept from sections[V3947]
2026-03-14 00:36:42,442 DEBUG [CRASH COMPLEXION_p011]           HeadLinker.java:871  | CLinker{head#3995-Clnk-TR refPt:[986.7,1011.0]} Glyph{#13218 [STUMP]}
2026-03-14 00:36:42,443 DEBUG [CRASH COMPLEXION_p011]           HeadLinker.java:859  | CLinker{head#3995-Clnk-BR refPt:[986.7,1016.0]} nothing kept from sections[V3947]
2026-03-14 00:36:42,443 DEBUG [CRASH COMPLEXION_p011]           HeadLinker.java:871  | CLinker{head#3995-Clnk-BR refPt:[986.7,1016.0]} Glyph{#13218 [STUMP]}
2026-03-14 00:36:42,444 DEBUG [CRASH COMPLEXION_p011]           HeadLinker.java:859  | CLinker{head#4463-Clnk-TL refPt:[972.9,1282.0]} nothing kept from sections[V3881]
2026-03-14 00:36:42,444 DEBUG [CRASH COMPLEXION_p011]           HeadLinker.java:871  | CLinker{head#4463-Clnk-TL refPt:[972.9,1282.0]} Glyph{#13219 [STUMP]}
2026-03-14 00:36:42,445 DEBUG [CRASH COMPLEXION_p011]           HeadLinker.java:859  | CLinker{head#4463-Clnk-BL refPt:[972.9,1286.0]} nothing kept from sections[V3881]
2026-03-14 00:36:42,446 DEBUG [CRASH COMPLEXION_p011]           HeadLinker.java:871  | CLinker{head#4463-Clnk-BL refPt:[972.9,1286.0]} Glyph{#13219 [STUMP]}
2026-03-14 00:36:42,447 DEBUG [CRASH COMPLEXION_p011]           HeadLinker.java:871  | CLinker{head#3997-Clnk-BL refPt:[976.9,1021.0]} Glyph{#13210 [STUMP]}
2026-03-14 00:36:42,448 DEBUG [CRASH COMPLEXION_p011]           HeadLinker.java:859  | CLinker{head#3997-Clnk-TR refPt:[990.7,1012.0]} nothing kept from sections[V3947]
2026-03-14 00:36:42,448 DEBUG [CRASH COMPLEXION_p011]           HeadLinker.java:871  | CLinker{head#3997-Clnk-TR refPt:[990.7,1012.0]} Glyph{#13220 [STUMP]}
2026-03-14 00:36:42,450 DEBUG [CRASH COMPLEXION_p011]           HeadLinker.java:859  | CLinker{head#3997-Clnk-BR refPt:[990.7,1017.0]} nothing kept from sections[V3947]
2026-03-14 00:36:42,450 DEBUG [CRASH COMPLEXION_p011]           HeadLinker.java:871  | CLinker{head#3997-Clnk-BR refPt:[990.7,1017.0]} Glyph{#13220 [STUMP]}
2026-03-14 00:36:42,451 DEBUG [CRASH COMPLEXION_p011]           HeadLinker.java:859  | CLinker{head#4461-Clnk-TL refPt:[976.9,1283.0]} nothing kept from sections[V3881]
2026-03-14 00:36:42,452 DEBUG [CRASH COMPLEXION_p011]           HeadLinker.java:871  | CLinker{head#4461-Clnk-TL refPt:[976.9,1283.0]} Glyph{#13221 [STUMP]}
2026-03-14 00:36:42,452 DEBUG [CRASH COMPLEXION_p011]           HeadLinker.java:859  | CLinker{head#4461-Clnk-BL refPt:[976.9,1287.0]} nothing kept from sections[V3881]
2026-03-14 00:36:42,453 DEBUG [CRASH COMPLEXION_p011]           HeadLinker.java:871  | CLinker{head#4461-Clnk-BL refPt:[976.9,1287.0]} Glyph{#13221 [STUMP]}
2026-03-14 00:36:42,453 DEBUG [CRASH COMPLEXION_p011]           HeadLinker.java:859  | CLinker{head#4461-Clnk-TR refPt:[990.7,1278.0]} nothing kept from sections[V3975]
2026-03-14 00:36:42,453 DEBUG [CRASH COMPLEXION_p011]           HeadLinker.java:871  | CLinker{head#4461-Clnk-TR refPt:[990.7,1278.0]} Glyph{#13222 [STUMP]}
2026-03-14 00:36:42,455 DEBUG [CRASH COMPLEXION_p011]           HeadLinker.java:859  | CLinker{head#4061-Clnk-BR refPt:[993.7,1023.0]} nothing kept from sections[V3947]
2026-03-14 00:36:42,455 DEBUG [CRASH COMPLEXION_p011]           HeadLinker.java:871  | CLinker{head#4061-Clnk-BR refPt:[993.7,1023.0]} Glyph{#13223 [STUMP]}
2026-03-14 00:36:42,456 DEBUG [CRASH COMPLEXION_p011]           HeadLinker.java:871  | CLinker{head#4003-Clnk-TL refPt:[982.9,1016.0]} Glyph{#13224 [STUMP]}
2026-03-14 00:36:42,457 DEBUG [CRASH COMPLEXION_p011]           HeadLinker.java:871  | CLinker{head#4003-Clnk-BL refPt:[982.9,1020.0]} Glyph{#13225 [STUMP]}
2026-03-14 00:36:42,458 DEBUG [CRASH COMPLEXION_p011]           HeadLinker.java:871  | CLinker{head#4003-Clnk-BR refPt:[996.7,1016.0]} Glyph{#13226 [STUMP]}
2026-03-14 00:36:42,458 DEBUG [CRASH COMPLEXION_p011]           HeadLinker.java:871  | CLinker{head#4585-Clnk-TL refPt:[986.9,1288.0]} Glyph{#13227 [STUMP]}
2026-03-14 00:36:42,459 DEBUG [CRASH COMPLEXION_p011]           HeadLinker.java:859  | CLinker{head#4585-Clnk-TR refPt:[1000.7,1283.0]} nothing kept from sections[V4036, V3975]
2026-03-14 00:36:42,460 DEBUG [CRASH COMPLEXION_p011]           HeadLinker.java:871  | CLinker{head#4585-Clnk-TR refPt:[1000.7,1283.0]} Glyph{#13228 [STUMP]}
2026-03-14 00:36:42,461 DEBUG [CRASH COMPLEXION_p011]           HeadLinker.java:859  | CLinker{head#4585-Clnk-BR refPt:[1000.7,1288.0]} nothing kept from sections[V3975]
2026-03-14 00:36:42,461 DEBUG [CRASH COMPLEXION_p011]           HeadLinker.java:871  | CLinker{head#4585-Clnk-BR refPt:[1000.7,1288.0]} Glyph{#13229 [STUMP]}
2026-03-14 00:36:42,463 DEBUG [CRASH COMPLEXION_p011]           HeadLinker.java:859  | CLinker{head#3397-Clnk-BL refPt:[989.9,619.0]} nothing kept from sections[V3974]
2026-03-14 00:36:42,464 DEBUG [CRASH COMPLEXION_p011]           HeadLinker.java:871  | CLinker{head#3397-Clnk-BL refPt:[989.9,619.0]} Glyph{#13230 [STUMP]}
2026-03-14 00:36:42,466 DEBUG [CRASH COMPLEXION_p011]           HeadLinker.java:859  | CLinker{head#3475-Clnk-TL refPt:[989.9,621.0]} nothing kept from sections[V3974]
2026-03-14 00:36:42,466 DEBUG [CRASH COMPLEXION_p011]           HeadLinker.java:871  | CLinker{head#3475-Clnk-TL refPt:[989.9,621.0]} Glyph{#13230 [STUMP]}
2026-03-14 00:36:42,467 DEBUG [CRASH COMPLEXION_p011]           HeadLinker.java:859  | CLinker{head#3475-Clnk-BL refPt:[989.9,625.0]} nothing kept from sections[V3974]
2026-03-14 00:36:42,467 DEBUG [CRASH COMPLEXION_p011]           HeadLinker.java:871  | CLinker{head#3475-Clnk-BL refPt:[989.9,625.0]} Glyph{#13230 [STUMP]}
2026-03-14 00:36:42,471 DEBUG [CRASH COMPLEXION_p011]           HeadLinker.java:871  | CLinker{head#3475-Clnk-BR refPt:[1003.7,621.0]} Glyph{#13231 [STUMP]}
2026-03-14 00:36:42,472 DEBUG [CRASH COMPLEXION_p011]           HeadLinker.java:871  | CLinker{head#4457-Clnk-TL refPt:[989.9,1282.0]} Glyph{#13232 [STUMP]}
2026-03-14 00:36:42,473 DEBUG [CRASH COMPLEXION_p011]           HeadLinker.java:871  | CLinker{head#4457-Clnk-TR refPt:[1003.7,1277.0]} Glyph{#13233 [STUMP]}
2026-03-14 00:36:42,473 DEBUG [CRASH COMPLEXION_p011]           HeadLinker.java:871  | CLinker{head#4457-Clnk-BR refPt:[1003.7,1282.0]} Glyph{#13233 [STUMP]}
2026-03-14 00:36:42,474 DEBUG [CRASH COMPLEXION_p011]           HeadLinker.java:859  | CLinker{head#3471-Clnk-TL refPt:[990.9,621.0]} nothing kept from sections[V3974]
2026-03-14 00:36:42,474 DEBUG [CRASH COMPLEXION_p011]           HeadLinker.java:871  | CLinker{head#3471-Clnk-TL refPt:[990.9,621.0]} Glyph{#13234 [STUMP]}
2026-03-14 00:36:42,475 DEBUG [CRASH COMPLEXION_p011]           HeadLinker.java:859  | CLinker{head#3471-Clnk-BL refPt:[990.9,625.0]} nothing kept from sections[V3974]
2026-03-14 00:36:42,475 DEBUG [CRASH COMPLEXION_p011]           HeadLinker.java:871  | CLinker{head#3471-Clnk-BL refPt:[990.9,625.0]} Glyph{#13234 [STUMP]}
2026-03-14 00:36:42,476 DEBUG [CRASH COMPLEXION_p011]           HeadLinker.java:871  | CLinker{head#3471-Clnk-BR refPt:[1004.7,621.0]} Glyph{#13235 [STUMP]}
2026-03-14 00:36:42,477 DEBUG [CRASH COMPLEXION_p011]           HeadLinker.java:859  | CLinker{head#4007-Clnk-BL refPt:[990.9,1021.0]} nothing kept from sections[V3947]
2026-03-14 00:36:42,477 DEBUG [CRASH COMPLEXION_p011]           HeadLinker.java:871  | CLinker{head#4007-Clnk-BL refPt:[990.9,1021.0]} Glyph{#13220 [STUMP]}
2026-03-14 00:36:42,478 DEBUG [CRASH COMPLEXION_p011]           HeadLinker.java:859  | CLinker{head#3481-Clnk-TL refPt:[993.9,621.0]} nothing kept from sections[V3974]
2026-03-14 00:36:42,478 DEBUG [CRASH COMPLEXION_p011]           HeadLinker.java:871  | CLinker{head#3481-Clnk-TL refPt:[993.9,621.0]} Glyph{#13236 [STUMP]}
2026-03-14 00:36:42,479 DEBUG [CRASH COMPLEXION_p011]           HeadLinker.java:859  | CLinker{head#3481-Clnk-BL refPt:[993.9,625.0]} nothing kept from sections[V3974]
2026-03-14 00:36:42,479 DEBUG [CRASH COMPLEXION_p011]           HeadLinker.java:871  | CLinker{head#3481-Clnk-BL refPt:[993.9,625.0]} Glyph{#13236 [STUMP]}
2026-03-14 00:36:42,480 DEBUG [CRASH COMPLEXION_p011]           HeadLinker.java:871  | CLinker{head#3481-Clnk-BR refPt:[1007.7,621.0]} Glyph{#13237 [STUMP]}
2026-03-14 00:36:42,481 DEBUG [CRASH COMPLEXION_p011]           HeadLinker.java:871  | CLinker{head#3395-Clnk-BL refPt:[1001.9,621.0]} Glyph{#13231 [STUMP]}
2026-03-14 00:36:42,482 DEBUG [CRASH COMPLEXION_p011]           HeadLinker.java:859  | CLinker{head#3395-Clnk-BR refPt:[1015.7,617.0]} nothing kept from sections[V4106]
2026-03-14 00:36:42,484 DEBUG [CRASH COMPLEXION_p011]           HeadLinker.java:871  | CLinker{head#3395-Clnk-BR refPt:[1015.7,617.0]} Glyph{#13238 [STUMP]}
2026-03-14 00:36:42,486 DEBUG [CRASH COMPLEXION_p011]           HeadLinker.java:859  | CLinker{head#3947-Clnk-TR refPt:[1019.7,1005.0]} nothing kept from sections[V4125]
2026-03-14 00:36:42,486 DEBUG [CRASH COMPLEXION_p011]           HeadLinker.java:871  | CLinker{head#3947-Clnk-TR refPt:[1019.7,1005.0]} Glyph{#13239 [STUMP]}
2026-03-14 00:36:42,487 DEBUG [CRASH COMPLEXION_p011]           HeadLinker.java:859  | CLinker{head#3947-Clnk-BR refPt:[1019.7,1010.0]} nothing kept from sections[V4125]
2026-03-14 00:36:42,488 DEBUG [CRASH COMPLEXION_p011]           HeadLinker.java:871  | CLinker{head#3947-Clnk-BR refPt:[1019.7,1010.0]} Glyph{#13239 [STUMP]}
2026-03-14 00:36:42,489 DEBUG [CRASH COMPLEXION_p011]           HeadLinker.java:871  | CLinker{head#4391-Clnk-TL refPt:[1009.9,1262.0]} Glyph{#13240 [STUMP]}
2026-03-14 00:36:42,491 DEBUG [CRASH COMPLEXION_p011]           HeadLinker.java:859  | CLinker{head#4391-Clnk-BR refPt:[1023.7,1262.0]} nothing kept from sections[V4098]
2026-03-14 00:36:42,491 DEBUG [CRASH COMPLEXION_p011]           HeadLinker.java:871  | CLinker{head#4391-Clnk-BR refPt:[1023.7,1262.0]} Glyph{#13241 [STUMP]}
2026-03-14 00:36:42,492 DEBUG [CRASH COMPLEXION_p011]           HeadLinker.java:871  | CLinker{head#3405-Clnk-BL refPt:[1011.9,620.0]} Glyph{#13237 [STUMP]}
2026-03-14 00:36:42,494 DEBUG [CRASH COMPLEXION_p011]           HeadLinker.java:859  | CLinker{head#3405-Clnk-TR refPt:[1025.7,611.0]} nothing kept from sections[V4163]
2026-03-14 00:36:42,494 DEBUG [CRASH COMPLEXION_p011]           HeadLinker.java:871  | CLinker{head#3405-Clnk-TR refPt:[1025.7,611.0]} Glyph{#13242 [STUMP]}
2026-03-14 00:36:42,495 DEBUG [CRASH COMPLEXION_p011]           HeadLinker.java:859  | CLinker{head#3405-Clnk-BR refPt:[1025.7,616.0]} nothing kept from sections[V4163]
2026-03-14 00:36:42,496 DEBUG [CRASH COMPLEXION_p011]           HeadLinker.java:871  | CLinker{head#3405-Clnk-BR refPt:[1025.7,616.0]} Glyph{#13242 [STUMP]}
2026-03-14 00:36:42,497 DEBUG [CRASH COMPLEXION_p011]           HeadLinker.java:871  | CLinker{head#4331-Clnk-TL refPt:[1011.9,1255.0]} Glyph{#13243 [STUMP]}
2026-03-14 00:36:42,497 DEBUG [CRASH COMPLEXION_p011]           HeadLinker.java:871  | CLinker{head#4331-Clnk-BL refPt:[1011.9,1259.0]} Glyph{#13244 [STUMP]}
2026-03-14 00:36:42,498 DEBUG [CRASH COMPLEXION_p011]           HeadLinker.java:871  | CLinker{head#4331-Clnk-BR refPt:[1025.7,1255.0]} Glyph{#13245 [STUMP]}
2026-03-14 00:36:42,503 DEBUG [CRASH COMPLEXION_p011]           HeadLinker.java:871  | CLinker{head#4333-Clnk-TL refPt:[1011.9,1256.0]} Glyph{#13244 [STUMP]}
2026-03-14 00:36:42,504 DEBUG [CRASH COMPLEXION_p011]           HeadLinker.java:871  | CLinker{head#4333-Clnk-BL refPt:[1011.9,1260.0]} Glyph{#13244 [STUMP]}
2026-03-14 00:36:42,505 DEBUG [CRASH COMPLEXION_p011]           HeadLinker.java:871  | CLinker{head#4333-Clnk-BR refPt:[1025.7,1256.0]} Glyph{#13245 [STUMP]}
2026-03-14 00:36:42,507 DEBUG [CRASH COMPLEXION_p011]           HeadLinker.java:871  | CLinker{head#3949-Clnk-TL refPt:[1014.9,1009.0]} Glyph{#13246 [STUMP]}
2026-03-14 00:36:42,508 DEBUG [CRASH COMPLEXION_p011]           HeadLinker.java:871  | CLinker{head#3949-Clnk-BL refPt:[1014.9,1013.0]} Glyph{#13247 [STUMP]}
2026-03-14 00:36:42,509 DEBUG [CRASH COMPLEXION_p011]           HeadLinker.java:859  | CLinker{head#3949-Clnk-BR refPt:[1028.7,1009.0]} nothing kept from sections[V4186, V4125]
2026-03-14 00:36:42,510 DEBUG [CRASH COMPLEXION_p011]           HeadLinker.java:871  | CLinker{head#3953-Clnk-TL refPt:[1014.9,1009.0]} Glyph{#13246 [STUMP]}
2026-03-14 00:36:42,511 DEBUG [CRASH COMPLEXION_p011]           HeadLinker.java:871  | CLinker{head#3953-Clnk-BL refPt:[1014.9,1013.0]} Glyph{#13247 [STUMP]}
2026-03-14 00:36:42,512 DEBUG [CRASH COMPLEXION_p011]           HeadLinker.java:859  | CLinker{head#3953-Clnk-BR refPt:[1028.7,1009.0]} nothing kept from sections[V4186, V4125]
2026-03-14 00:36:42,512 DEBUG [CRASH COMPLEXION_p011]           HeadLinker.java:859  | CLinker{head#3933-Clnk-TL refPt:[1017.9,1003.0]} nothing kept from sections[V4125]
2026-03-14 00:36:42,513 DEBUG [CRASH COMPLEXION_p011]           HeadLinker.java:871  | CLinker{head#3933-Clnk-TL refPt:[1017.9,1003.0]} Glyph{#13248 [STUMP]}
2026-03-14 00:36:42,513 DEBUG [CRASH COMPLEXION_p011]           HeadLinker.java:859  | CLinker{head#3933-Clnk-BL refPt:[1017.9,1007.0]} nothing kept from sections[V4115, V4125]
2026-03-14 00:36:42,514 DEBUG [CRASH COMPLEXION_p011]           HeadLinker.java:871  | CLinker{head#3933-Clnk-BL refPt:[1017.9,1007.0]} Glyph{#13249 [STUMP]}
2026-03-14 00:36:42,515 DEBUG [CRASH COMPLEXION_p011]           HeadLinker.java:871  | CLinker{head#3933-Clnk-BR refPt:[1030.7,1003.0]} Glyph{#13250 [STUMP]}
2026-03-14 00:36:42,515 DEBUG [CRASH COMPLEXION_p011]           HeadLinker.java:871  | CLinker{head#3409-Clnk-TL refPt:[1020.9,617.0]} Glyph{#13251 [STUMP]}
2026-03-14 00:36:42,516 DEBUG [CRASH COMPLEXION_p011]           HeadLinker.java:871  | CLinker{head#3409-Clnk-BL refPt:[1020.9,621.0]} Glyph{#13251 [STUMP]}
2026-03-14 00:36:42,516 DEBUG [CRASH COMPLEXION_p011]           HeadLinker.java:871  | CLinker{head#3409-Clnk-BR refPt:[1034.7,617.0]} Glyph{#13252 [STUMP]}
2026-03-14 00:36:42,517 DEBUG [CRASH COMPLEXION_p011]           HeadLinker.java:871  | CLinker{head#3411-Clnk-TL refPt:[1020.9,616.0]} Glyph{#13253 [STUMP]}
2026-03-14 00:36:42,517 DEBUG [CRASH COMPLEXION_p011]           HeadLinker.java:871  | CLinker{head#3411-Clnk-BL refPt:[1020.9,620.0]} Glyph{#13251 [STUMP]}
2026-03-14 00:36:42,518 DEBUG [CRASH COMPLEXION_p011]           HeadLinker.java:871  | CLinker{head#3411-Clnk-BR refPt:[1034.7,616.0]} Glyph{#13252 [STUMP]}
2026-03-14 00:36:42,519 DEBUG [CRASH COMPLEXION_p011]           HeadLinker.java:859  | CLinker{head#4186-Clnk-BR refPt:[1043.7,989.0]} nothing kept from sections[V4235]
2026-03-14 00:36:42,519 DEBUG [CRASH COMPLEXION_p011]           HeadLinker.java:871  | CLinker{head#4186-Clnk-BR refPt:[1043.7,989.0]} Glyph{#13254 [STUMP]}
2026-03-14 00:36:42,521 DEBUG [CRASH COMPLEXION_p011]           HeadLinker.java:859  | CLinker{head#4761-Clnk-BR refPt:[1045.7,1282.0]} nothing kept from sections[V4277, V4244]
2026-03-14 00:36:42,521 DEBUG [CRASH COMPLEXION_p011]           HeadLinker.java:871  | CLinker{head#4215-Clnk-TL refPt:[1044.9,1003.0]} Glyph{#13255 [STUMP]}
2026-03-14 00:36:42,522 DEBUG [CRASH COMPLEXION_p011]           HeadLinker.java:871  | CLinker{head#4215-Clnk-BL refPt:[1044.9,1007.0]} Glyph{#13256 [STUMP]}
2026-03-14 00:36:42,523 DEBUG [CRASH COMPLEXION_p011]           HeadLinker.java:871  | CLinker{head#3577-Clnk-BL refPt:[1049.9,565.0]} Glyph{#13257 [STUMP]}
2026-03-14 00:36:42,524 DEBUG [CRASH COMPLEXION_p011]           HeadLinker.java:871  | CLinker{head#4693-Clnk-BL refPt:[1070.9,1234.0]} Glyph{#13258 [STUMP]}
2026-03-14 00:36:42,525 DEBUG [CRASH COMPLEXION_p011]           HeadLinker.java:871  | CLinker{head#4693-Clnk-BR refPt:[1084.7,1230.0]} Glyph{#13259 [STUMP]}
2026-03-14 00:36:42,525 DEBUG [CRASH COMPLEXION_p011]           HeadLinker.java:871  | CLinker{head#3555-Clnk-TL refPt:[1073.9,641.0]} Glyph{#13260 [STUMP]}
2026-03-14 00:36:42,526 DEBUG [CRASH COMPLEXION_p011]           HeadLinker.java:871  | CLinker{head#3555-Clnk-BL refPt:[1073.9,645.0]} Glyph{#13261 [STUMP]}
2026-03-14 00:36:42,526 DEBUG [CRASH COMPLEXION_p011]           HeadLinker.java:871  | CLinker{head#3555-Clnk-BR refPt:[1087.7,641.0]} Glyph{#13262 [STUMP]}
2026-03-14 00:36:42,527 DEBUG [CRASH COMPLEXION_p011]           HeadLinker.java:871  | CLinker{head#3557-Clnk-TL refPt:[1073.9,640.0]} Glyph{#13260 [STUMP]}
2026-03-14 00:36:42,528 DEBUG [CRASH COMPLEXION_p011]           HeadLinker.java:871  | CLinker{head#3557-Clnk-BL refPt:[1073.9,644.0]} Glyph{#13261 [STUMP]}
2026-03-14 00:36:42,529 DEBUG [CRASH COMPLEXION_p011]           HeadLinker.java:871  | CLinker{head#3557-Clnk-BR refPt:[1087.7,640.0]} Glyph{#13263 [STUMP]}
2026-03-14 00:36:42,534 DEBUG [CRASH COMPLEXION_p011]           HeadLinker.java:859  | CLinker{head#4169-Clnk-TL refPt:[1074.9,1037.0]} nothing kept from sections[V4362]
2026-03-14 00:36:42,535 DEBUG [CRASH COMPLEXION_p011]           HeadLinker.java:871  | CLinker{head#4169-Clnk-TL refPt:[1074.9,1037.0]} Glyph{#13264 [STUMP]}
2026-03-14 00:36:42,535 DEBUG [CRASH COMPLEXION_p011]           HeadLinker.java:859  | CLinker{head#4169-Clnk-BL refPt:[1074.9,1041.0]} nothing kept from sections[V4362]
2026-03-14 00:36:42,536 DEBUG [CRASH COMPLEXION_p011]           HeadLinker.java:871  | CLinker{head#4169-Clnk-BL refPt:[1074.9,1041.0]} Glyph{#13264 [STUMP]}
2026-03-14 00:36:42,536 DEBUG [CRASH COMPLEXION_p011]           HeadLinker.java:859  | CLinker{head#4169-Clnk-BR refPt:[1088.7,1037.0]} nothing kept from sections[V4450, V4362]
2026-03-14 00:36:42,536 DEBUG [CRASH COMPLEXION_p011]           HeadLinker.java:871  | CLinker{head#4169-Clnk-BR refPt:[1088.7,1037.0]} Glyph{#13265 [STUMP]}
2026-03-14 00:36:42,537 DEBUG [CRASH COMPLEXION_p011]           HeadLinker.java:859  | CLinker{head#4173-Clnk-TL refPt:[1074.9,1037.0]} nothing kept from sections[V4362]
2026-03-14 00:36:42,537 DEBUG [CRASH COMPLEXION_p011]           HeadLinker.java:871  | CLinker{head#4173-Clnk-TL refPt:[1074.9,1037.0]} Glyph{#13264 [STUMP]}
2026-03-14 00:36:42,538 DEBUG [CRASH COMPLEXION_p011]           HeadLinker.java:859  | CLinker{head#4173-Clnk-BL refPt:[1074.9,1041.0]} nothing kept from sections[V4362]
2026-03-14 00:36:42,538 DEBUG [CRASH COMPLEXION_p011]           HeadLinker.java:871  | CLinker{head#4173-Clnk-BL refPt:[1074.9,1041.0]} Glyph{#13264 [STUMP]}
2026-03-14 00:36:42,538 DEBUG [CRASH COMPLEXION_p011]           HeadLinker.java:859  | CLinker{head#4173-Clnk-BR refPt:[1088.7,1037.0]} nothing kept from sections[V4450, V4362]
2026-03-14 00:36:42,539 DEBUG [CRASH COMPLEXION_p011]           HeadLinker.java:871  | CLinker{head#4173-Clnk-BR refPt:[1088.7,1037.0]} Glyph{#13265 [STUMP]}
2026-03-14 00:36:42,539 DEBUG [CRASH COMPLEXION_p011]           HeadLinker.java:859  | CLinker{head#4103-Clnk-TL refPt:[1078.9,1033.0]} nothing kept from sections[V4362]
2026-03-14 00:36:42,539 DEBUG [CRASH COMPLEXION_p011]           HeadLinker.java:871  | CLinker{head#4103-Clnk-TL refPt:[1078.9,1033.0]} Glyph{#13266 [STUMP]}
2026-03-14 00:36:42,540 DEBUG [CRASH COMPLEXION_p011]           HeadLinker.java:859  | CLinker{head#4103-Clnk-BL refPt:[1078.9,1037.0]} nothing kept from sections[V4362]
2026-03-14 00:36:42,540 DEBUG [CRASH COMPLEXION_p011]           HeadLinker.java:871  | CLinker{head#4103-Clnk-BL refPt:[1078.9,1037.0]} Glyph{#13266 [STUMP]}
2026-03-14 00:36:42,540 DEBUG [CRASH COMPLEXION_p011]           HeadLinker.java:871  | CLinker{head#4103-Clnk-BR refPt:[1092.7,1033.0]} Glyph{#13267 [STUMP]}
2026-03-14 00:36:42,541 DEBUG [CRASH COMPLEXION_p011]           HeadLinker.java:871  | CLinker{head#4589-Clnk-TR refPt:[1092.7,1283.0]} Glyph{#13268 [STUMP]}
2026-03-14 00:36:42,541 DEBUG [CRASH COMPLEXION_p011]           HeadLinker.java:859  | CLinker{head#4589-Clnk-BR refPt:[1092.7,1288.0]} nothing kept from sections[V4412]
2026-03-14 00:36:42,541 DEBUG [CRASH COMPLEXION_p011]           HeadLinker.java:871  | CLinker{head#4589-Clnk-BR refPt:[1092.7,1288.0]} Glyph{#13269 [STUMP]}
2026-03-14 00:36:42,542 DEBUG [CRASH COMPLEXION_p011]           HeadLinker.java:871  | CLinker{head#4465-Clnk-TL refPt:[1079.9,1282.0]} Glyph{#13270 [STUMP]}
2026-03-14 00:36:42,542 DEBUG [CRASH COMPLEXION_p011]           HeadLinker.java:871  | CLinker{head#4465-Clnk-TR refPt:[1093.7,1277.0]} Glyph{#13268 [STUMP]}
2026-03-14 00:36:42,543 DEBUG [CRASH COMPLEXION_p011]           HeadLinker.java:871  | CLinker{head#4465-Clnk-BR refPt:[1093.7,1282.0]} Glyph{#13268 [STUMP]}
2026-03-14 00:36:42,545 DEBUG [CRASH COMPLEXION_p011]           HeadLinker.java:859  | CLinker{head#3030-Clnk-TR refPt:[1178.7,72.0]} nothing kept from sections[V4800, V4766]
2026-03-14 00:36:42,545 DEBUG [CRASH COMPLEXION_p011]           HeadLinker.java:871  | CLinker{head#3030-Clnk-TR refPt:[1178.7,72.0]} Glyph{#13271 [STUMP]}
2026-03-14 00:36:42,546 DEBUG [CRASH COMPLEXION_p011]           HeadLinker.java:859  | CLinker{head#3030-Clnk-BR refPt:[1178.7,77.0]} nothing kept from sections[V4766]
2026-03-14 00:36:42,546 DEBUG [CRASH COMPLEXION_p011]           HeadLinker.java:871  | CLinker{head#3030-Clnk-BR refPt:[1178.7,77.0]} Glyph{#13272 [STUMP]}
2026-03-14 00:36:42,547 DEBUG [CRASH COMPLEXION_p011]           HeadLinker.java:871  | CLinker{head#3712-Clnk-TL refPt:[1164.9,838.0]} Glyph{#13273 [STUMP]}
2026-03-14 00:36:42,548 DEBUG [CRASH COMPLEXION_p011]           HeadLinker.java:871  | CLinker{head#3712-Clnk-TR refPt:[1178.7,833.0]} Glyph{#13274 [STUMP]}
2026-03-14 00:36:42,549 DEBUG [CRASH COMPLEXION_p011]           HeadLinker.java:871  | CLinker{head#3712-Clnk-BR refPt:[1178.7,838.0]} Glyph{#13275 [STUMP]}
2026-03-14 00:36:42,550 DEBUG [CRASH COMPLEXION_p011]           HeadLinker.java:859  | CLinker{head#4593-Clnk-TR refPt:[1178.7,1283.0]} nothing kept from sections[V4801, V4764]
2026-03-14 00:36:42,550 DEBUG [CRASH COMPLEXION_p011]           HeadLinker.java:871  | CLinker{head#4593-Clnk-TR refPt:[1178.7,1283.0]} Glyph{#13276 [STUMP]}
2026-03-14 00:36:42,551 DEBUG [CRASH COMPLEXION_p011]           HeadLinker.java:859  | CLinker{head#4593-Clnk-BR refPt:[1178.7,1288.0]} nothing kept from sections[V4764]
2026-03-14 00:36:42,551 DEBUG [CRASH COMPLEXION_p011]           HeadLinker.java:871  | CLinker{head#4593-Clnk-BR refPt:[1178.7,1288.0]} Glyph{#13277 [STUMP]}
2026-03-14 00:36:42,552 DEBUG [CRASH COMPLEXION_p011]           HeadLinker.java:871  | CLinker{head#3014-Clnk-TR refPt:[1180.7,66.0]} Glyph{#13278 [STUMP]}
2026-03-14 00:36:42,553 DEBUG [CRASH COMPLEXION_p011]           HeadLinker.java:871  | CLinker{head#3014-Clnk-BR refPt:[1180.7,71.0]} Glyph{#13278 [STUMP]}
2026-03-14 00:36:42,554 DEBUG [CRASH COMPLEXION_p011]           HeadLinker.java:871  | CLinker{head#4471-Clnk-TL refPt:[1166.9,1283.0]} Glyph{#13279 [STUMP]}
2026-03-14 00:36:42,555 DEBUG [CRASH COMPLEXION_p011]           HeadLinker.java:871  | CLinker{head#4471-Clnk-TR refPt:[1180.7,1278.0]} Glyph{#13280 [STUMP]}
2026-03-14 00:36:42,555 DEBUG [CRASH COMPLEXION_p011]           HeadLinker.java:871  | CLinker{head#4471-Clnk-BR refPt:[1180.7,1283.0]} Glyph{#13280 [STUMP]}
2026-03-14 00:36:42,556 DEBUG [CRASH COMPLEXION_p011]           HeadLinker.java:859  | CLinker{head#3074-Clnk-TL refPt:[1250.9,91.0]} nothing kept from sections[V4963]
2026-03-14 00:36:42,557 DEBUG [CRASH COMPLEXION_p011]           HeadLinker.java:871  | CLinker{head#3074-Clnk-TL refPt:[1250.9,91.0]} Glyph{#13281 [STUMP]}
2026-03-14 00:36:42,557 DEBUG [CRASH COMPLEXION_p011]           HeadLinker.java:859  | CLinker{head#3074-Clnk-BL refPt:[1250.9,95.0]} nothing kept from sections[V4963]
2026-03-14 00:36:42,558 DEBUG [CRASH COMPLEXION_p011]           HeadLinker.java:871  | CLinker{head#3074-Clnk-BL refPt:[1250.9,95.0]} Glyph{#13281 [STUMP]}
2026-03-14 00:36:42,559 DEBUG [CRASH COMPLEXION_p011]           HeadLinker.java:859  | CLinker{head#3078-Clnk-TL refPt:[1250.9,91.0]} nothing kept from sections[V4963]
2026-03-14 00:36:42,560 DEBUG [CRASH COMPLEXION_p011]           HeadLinker.java:871  | CLinker{head#3078-Clnk-TL refPt:[1250.9,91.0]} Glyph{#13281 [STUMP]}
2026-03-14 00:36:42,560 DEBUG [CRASH COMPLEXION_p011]           HeadLinker.java:859  | CLinker{head#3078-Clnk-BL refPt:[1250.9,95.0]} nothing kept from sections[V4963]
2026-03-14 00:36:42,561 DEBUG [CRASH COMPLEXION_p011]           HeadLinker.java:871  | CLinker{head#3078-Clnk-BL refPt:[1250.9,95.0]} Glyph{#13281 [STUMP]}
2026-03-14 00:36:42,565 DEBUG [CRASH COMPLEXION_p011]           HeadLinker.java:859  | CLinker{head#3122-Clnk-TL refPt:[1252.9,98.0]} nothing kept from sections[V4963]
2026-03-14 00:36:42,565 DEBUG [CRASH COMPLEXION_p011]           HeadLinker.java:871  | CLinker{head#3122-Clnk-TL refPt:[1252.9,98.0]} Glyph{#13282 [STUMP]}
2026-03-14 00:36:42,569 DEBUG [CRASH COMPLEXION_p011]           HeadLinker.java:859  | CLinker{head#3046-Clnk-BL refPt:[1253.9,89.0]} nothing kept from sections[V4963]
2026-03-14 00:36:42,569 DEBUG [CRASH COMPLEXION_p011]           HeadLinker.java:871  | CLinker{head#3046-Clnk-BL refPt:[1253.9,89.0]} Glyph{#13283 [STUMP]}
2026-03-14 00:36:42,570 DEBUG [CRASH COMPLEXION_p011]           HeadLinker.java:871  | CLinker{head#4339-Clnk-TL refPt:[1253.9,1255.0]} Glyph{#13284 [STUMP]}
2026-03-14 00:36:42,571 DEBUG [CRASH COMPLEXION_p011]           HeadLinker.java:871  | CLinker{head#4339-Clnk-BL refPt:[1253.9,1259.0]} Glyph{#13285 [STUMP]}
2026-03-14 00:36:42,572 DEBUG [CRASH COMPLEXION_p011]           HeadLinker.java:871  | CLinker{head#4339-Clnk-BR refPt:[1267.7,1255.0]} Glyph{#13286 [STUMP]}
2026-03-14 00:36:42,575 DEBUG [CRASH COMPLEXION_p011]           HeadLinker.java:871  | CLinker{head#3808-Clnk-BR refPt:[1336.7,851.0]} Glyph{#13287 [STUMP]}
2026-03-14 00:36:42,576 DEBUG [CRASH COMPLEXION_p011]           HeadLinker.java:871  | CLinker{head#3798-Clnk-BL refPt:[1325.9,855.0]} Glyph{#13288 [STUMP]}
2026-03-14 00:36:42,580 DEBUG [CRASH COMPLEXION_p011]           HeadLinker.java:859  | CLinker{head#4481-Clnk-TR refPt:[1347.7,1278.0]} nothing kept from sections[V5287]
2026-03-14 00:36:42,580 DEBUG [CRASH COMPLEXION_p011]           HeadLinker.java:871  | CLinker{head#4481-Clnk-TR refPt:[1347.7,1278.0]} Glyph{#13289 [STUMP]}
2026-03-14 00:36:42,581 DEBUG [CRASH COMPLEXION_p011]           HeadLinker.java:871  | CLinker{head#3719-Clnk-TL refPt:[1341.9,838.0]} Glyph{#13290 [STUMP]}
2026-03-14 00:36:42,582 DEBUG [CRASH COMPLEXION_p011]           HeadLinker.java:871  | CLinker{head#3719-Clnk-TR refPt:[1355.7,833.0]} Glyph{#13291 [STUMP]}
2026-03-14 00:36:42,583 DEBUG [CRASH COMPLEXION_p011]           HeadLinker.java:871  | CLinker{head#3719-Clnk-BR refPt:[1355.7,838.0]} Glyph{#13291 [STUMP]}
2026-03-14 00:36:42,584 DEBUG [CRASH COMPLEXION_p011]           HeadLinker.java:871  | CLinker{head#3723-Clnk-TL refPt:[1343.9,838.0]} Glyph{#13292 [STUMP]}
2026-03-14 00:36:42,585 DEBUG [CRASH COMPLEXION_p011]           HeadLinker.java:871  | CLinker{head#3723-Clnk-TR refPt:[1357.7,833.0]} Glyph{#13291 [STUMP]}
2026-03-14 00:36:42,586 DEBUG [CRASH COMPLEXION_p011]           HeadLinker.java:871  | CLinker{head#3723-Clnk-BR refPt:[1357.7,838.0]} Glyph{#13291 [STUMP]}
2026-03-14 00:36:42,587 DEBUG [CRASH COMPLEXION_p011]           HeadLinker.java:859  | CLinker{head#4597-Clnk-TR refPt:[1357.7,1283.0]} nothing kept from sections[V5346, V5287]
2026-03-14 00:36:42,588 DEBUG [CRASH COMPLEXION_p011]           HeadLinker.java:859  | CLinker{head#4597-Clnk-BR refPt:[1357.7,1288.0]} nothing kept from sections[V5287]
2026-03-14 00:36:42,588 DEBUG [CRASH COMPLEXION_p011]           HeadLinker.java:871  | CLinker{head#4597-Clnk-BR refPt:[1357.7,1288.0]} Glyph{#13293 [STUMP]}
2026-03-14 00:36:42,589 DEBUG [CRASH COMPLEXION_p011]           HeadLinker.java:871  | CLinker{head#3129-Clnk-TL refPt:[1344.9,98.0]} Glyph{#13294 [STUMP]}
2026-03-14 00:36:42,590 DEBUG [CRASH COMPLEXION_p011]           HeadLinker.java:871  | CLinker{head#3129-Clnk-BL refPt:[1344.9,102.0]} Glyph{#13294 [STUMP]}
2026-03-14 00:36:42,591 DEBUG [CRASH COMPLEXION_p011]           HeadLinker.java:871  | CLinker{head#3181-Clnk-TL refPt:[1344.9,105.0]} Glyph{#13294 [STUMP]}
2026-03-14 00:36:42,592 DEBUG [CRASH COMPLEXION_p011]           HeadLinker.java:871  | CLinker{head#3181-Clnk-BR refPt:[1358.7,105.0]} Glyph{#13295 [STUMP]}
2026-03-14 00:36:42,596 DEBUG [CRASH COMPLEXION_p011]           HeadLinker.java:871  | CLinker{head#3185-Clnk-TL refPt:[1344.9,104.0]} Glyph{#13294 [STUMP]}
2026-03-14 00:36:42,598 DEBUG [CRASH COMPLEXION_p011]           HeadLinker.java:871  | CLinker{head#3185-Clnk-BR refPt:[1358.7,104.0]} Glyph{#13295 [STUMP]}
2026-03-14 00:36:42,599 DEBUG [CRASH COMPLEXION_p011]           HeadLinker.java:871  | CLinker{head#4477-Clnk-TL refPt:[1345.9,1283.0]} Glyph{#13296 [STUMP]}
2026-03-14 00:36:42,600 DEBUG [CRASH COMPLEXION_p011]           HeadLinker.java:871  | CLinker{head#4477-Clnk-TR refPt:[1359.7,1278.0]} Glyph{#13297 [STUMP]}
2026-03-14 00:36:42,601 DEBUG [CRASH COMPLEXION_p011]           HeadLinker.java:871  | CLinker{head#4477-Clnk-BR refPt:[1359.7,1283.0]} Glyph{#13298 [STUMP]}
2026-03-14 00:36:42,602 DEBUG [CRASH COMPLEXION_p011]           HeadLinker.java:871  | CLinker{head#3255-Clnk-TR refPt:[1372.7,79.0]} Glyph{#13299 [STUMP]}
2026-03-14 00:36:42,603 DEBUG [CRASH COMPLEXION_p011]           HeadLinker.java:871  | CLinker{head#3255-Clnk-BR refPt:[1372.7,84.0]} Glyph{#13300 [STUMP]}
2026-03-14 00:36:42,604 DEBUG [CRASH COMPLEXION_p011]           HeadLinker.java:859  | CLinker{head#3189-Clnk-TL refPt:[1387.9,104.0]} nothing kept from sections[V5443]
2026-03-14 00:36:42,604 DEBUG [CRASH COMPLEXION_p011]           HeadLinker.java:871  | CLinker{head#3189-Clnk-TL refPt:[1387.9,104.0]} Glyph{#13301 [STUMP]}
2026-03-14 00:36:42,606 DEBUG [CRASH COMPLEXION_p011]           HeadLinker.java:859  | CLinker{head#3189-Clnk-BL refPt:[1387.9,108.0]} nothing kept from sections[V5443]
2026-03-14 00:36:42,606 DEBUG [CRASH COMPLEXION_p011]           HeadLinker.java:871  | CLinker{head#3189-Clnk-BL refPt:[1387.9,108.0]} Glyph{#13301 [STUMP]}
2026-03-14 00:36:42,607 DEBUG [CRASH COMPLEXION_p011]           HeadLinker.java:859  | CLinker{head#3193-Clnk-TL refPt:[1387.9,104.0]} nothing kept from sections[V5443]
2026-03-14 00:36:42,607 DEBUG [CRASH COMPLEXION_p011]           HeadLinker.java:871  | CLinker{head#3193-Clnk-TL refPt:[1387.9,104.0]} Glyph{#13301 [STUMP]}
2026-03-14 00:36:42,608 DEBUG [CRASH COMPLEXION_p011]           HeadLinker.java:859  | CLinker{head#3193-Clnk-BL refPt:[1387.9,108.0]} nothing kept from sections[V5443]
2026-03-14 00:36:42,609 DEBUG [CRASH COMPLEXION_p011]           HeadLinker.java:871  | CLinker{head#3193-Clnk-BL refPt:[1387.9,108.0]} Glyph{#13301 [STUMP]}
2026-03-14 00:36:42,610 DEBUG [CRASH COMPLEXION_p011]           HeadLinker.java:859  | CLinker{head#3133-Clnk-BL refPt:[1390.9,102.0]} nothing kept from sections[V5443]
2026-03-14 00:36:42,610 DEBUG [CRASH COMPLEXION_p011]           HeadLinker.java:871  | CLinker{head#3133-Clnk-BL refPt:[1390.9,102.0]} Glyph{#13302 [STUMP]}
2026-03-14 00:36:42,611 DEBUG [CRASH COMPLEXION_p011]           HeadLinker.java:859  | CLinker{head#3226-Clnk-TL refPt:[1390.9,112.0]} nothing kept from sections[V5443]
2026-03-14 00:36:42,612 DEBUG [CRASH COMPLEXION_p011]           HeadLinker.java:871  | CLinker{head#3226-Clnk-TL refPt:[1390.9,112.0]} Glyph{#13302 [STUMP]}
2026-03-14 00:36:42,613 DEBUG [CRASH COMPLEXION_p011]           HeadLinker.java:871  | CLinker{head#3226-Clnk-BR refPt:[1403.7,112.0]} Glyph{#13303 [STUMP]}
2026-03-14 00:36:42,614 DEBUG [CRASH COMPLEXION_p011]           HeadLinker.java:871  | CLinker{head#4345-Clnk-TL refPt:[1408.9,1255.0]} Glyph{#13304 [STUMP]}
2026-03-14 00:36:42,615 DEBUG [CRASH COMPLEXION_p011]           HeadLinker.java:871  | CLinker{head#4345-Clnk-BL refPt:[1408.9,1259.0]} Glyph{#13304 [STUMP]}
2026-03-14 00:36:42,616 DEBUG [CRASH COMPLEXION_p011]           HeadLinker.java:871  | CLinker{head#4345-Clnk-BR refPt:[1422.7,1255.0]} Glyph{#13305 [STUMP]}
2026-03-14 00:36:42,618 DEBUG [CRASH COMPLEXION_p011]           HeadLinker.java:859  | CLinker{head#4763-Clnk-BR refPt:[1438.7,1281.0]} nothing kept from sections[V5618]
2026-03-14 00:36:42,618 DEBUG [CRASH COMPLEXION_p011]           HeadLinker.java:871  | CLinker{head#4763-Clnk-BR refPt:[1438.7,1281.0]} Glyph{#13306 [STUMP]}
2026-03-14 00:36:42,619 DEBUG [CRASH COMPLEXION_p011]           HeadLinker.java:871  | CLinker{head#4601-Clnk-TL refPt:[1476.9,1288.0]} Glyph{#13307 [STUMP]}
2026-03-14 00:36:42,620 DEBUG [CRASH COMPLEXION_p011]           HeadLinker.java:859  | CLinker{head#4601-Clnk-TR refPt:[1490.7,1283.0]} nothing kept from sections[V5813, V5778]
2026-03-14 00:36:42,621 DEBUG [CRASH COMPLEXION_p011]           HeadLinker.java:859  | CLinker{head#4601-Clnk-BR refPt:[1490.7,1288.0]} nothing kept from sections[V5778]
2026-03-14 00:36:42,623 DEBUG [CRASH COMPLEXION_p011]           HeadLinker.java:871  | CLinker{head#4601-Clnk-BR refPt:[1490.7,1288.0]} Glyph{#13308 [STUMP]}
2026-03-14 00:36:42,629 DEBUG [CRASH COMPLEXION_p011]           HeadLinker.java:871  | CLinker{head#4483-Clnk-TL refPt:[1479.9,1281.0]} Glyph{#13309 [STUMP]}
2026-03-14 00:36:42,632 DEBUG [CRASH COMPLEXION_p011]           HeadLinker.java:871  | CLinker{head#4483-Clnk-TR refPt:[1493.7,1276.0]} Glyph{#13310 [STUMP]}
2026-03-14 00:36:42,633 DEBUG [CRASH COMPLEXION_p011]           HeadLinker.java:871  | CLinker{head#4483-Clnk-BR refPt:[1493.7,1281.0]} Glyph{#13310 [STUMP]}
2026-03-14 00:36:42,634 DEBUG [CRASH COMPLEXION_p011]           HeadLinker.java:871  | CLinker{head#4487-Clnk-TL refPt:[1479.9,1281.0]} Glyph{#13309 [STUMP]}
2026-03-14 00:36:42,636 DEBUG [CRASH COMPLEXION_p011]           HeadLinker.java:871  | CLinker{head#4487-Clnk-TR refPt:[1493.7,1276.0]} Glyph{#13310 [STUMP]}
2026-03-14 00:36:42,636 DEBUG [CRASH COMPLEXION_p011]           HeadLinker.java:871  | CLinker{head#4487-Clnk-BR refPt:[1493.7,1281.0]} Glyph{#13310 [STUMP]}
2026-03-14 00:36:42,638 DEBUG [CRASH COMPLEXION_p011]           HeadLinker.java:871  | CLinker{head#4210-Clnk-TR refPt:[1502.7,997.0]} Glyph{#13311 [STUMP]}
2026-03-14 00:36:42,639 DEBUG [CRASH COMPLEXION_p011]           HeadLinker.java:871  | CLinker{head#4210-Clnk-BR refPt:[1502.7,1002.0]} Glyph{#13311 [STUMP]}
2026-03-14 00:36:42,641 DEBUG [CRASH COMPLEXION_p011]           HeadLinker.java:871  | CLinker{head#3605-Clnk-TR refPt:[1505.7,570.0]} Glyph{#13312 [STUMP]}
2026-03-14 00:36:42,642 DEBUG [CRASH COMPLEXION_p011]           HeadLinker.java:859  | CLinker{head#3605-Clnk-BR refPt:[1505.7,575.0]} nothing kept from sections[V5900, V5847, V5906]
2026-03-14 00:36:42,643 DEBUG [CRASH COMPLEXION_p011]           HeadLinker.java:871  | CLinker{head#3605-Clnk-BR refPt:[1505.7,575.0]} Glyph{#13313 [STUMP]}
2026-03-14 00:36:42,643 DEBUG [CRASH COMPLEXION_p011]           HeadLinker.java:859  | CLinker{head#4179-Clnk-TL refPt:[1503.9,988.0]} nothing kept from sections[V5852]
2026-03-14 00:36:42,644 DEBUG [CRASH COMPLEXION_p011]           HeadLinker.java:871  | CLinker{head#4179-Clnk-TL refPt:[1503.9,988.0]} Glyph{#13314 [STUMP]}
2026-03-14 00:36:42,644 DEBUG [CRASH COMPLEXION_p011]           HeadLinker.java:871  | CLinker{head#4179-Clnk-BL refPt:[1503.9,992.0]} Glyph{#13311 [STUMP]}
2026-03-14 00:36:42,645 DEBUG [CRASH COMPLEXION_p011]           HeadLinker.java:859  | CLinker{head#3573-Clnk-TL refPt:[1504.9,562.0]} nothing kept from sections[V5857]
2026-03-14 00:36:42,645 DEBUG [CRASH COMPLEXION_p011]           HeadLinker.java:871  | CLinker{head#3573-Clnk-TL refPt:[1504.9,562.0]} Glyph{#13315 [STUMP]}
2026-03-14 00:36:42,646 DEBUG [CRASH COMPLEXION_p011]           HeadLinker.java:871  | CLinker{head#3573-Clnk-BL refPt:[1504.9,566.0]} Glyph{#13312 [STUMP]}
2026-03-14 00:36:42,651 DEBUG [CRASH COMPLEXION_p011]           HeadLinker.java:871  | CLinker{head#3573-Clnk-TR refPt:[1517.7,557.0]} Glyph{#45}
2026-03-14 00:36:42,652 DEBUG [CRASH COMPLEXION_p011]           HeadLinker.java:859  | CLinker{head#3573-Clnk-BR refPt:[1517.7,562.0]} nothing kept from sections[V5932, V5906]
2026-03-14 00:36:42,654 DEBUG [CRASH COMPLEXION_p011]           HeadLinker.java:871  | CLinker{head#4190-Clnk-TL refPt:[1534.9,989.0]} Glyph{#13316 [STUMP]}
2026-03-14 00:36:42,654 DEBUG [CRASH COMPLEXION_p011]           HeadLinker.java:871  | CLinker{head#4190-Clnk-BL refPt:[1534.9,993.0]} Glyph{#13316 [STUMP]}
2026-03-14 00:36:42,656 DEBUG [CRASH COMPLEXION_p011]           HeadLinker.java:859  | CLinker{head#4605-Clnk-TR refPt:[1573.7,1282.0]} nothing kept from sections[V6090, V6056]
2026-03-14 00:36:42,660 DEBUG [CRASH COMPLEXION_p011]           HeadLinker.java:859  | CLinker{head#4605-Clnk-BR refPt:[1573.7,1287.0]} nothing kept from sections[V6056]
2026-03-14 00:36:42,660 DEBUG [CRASH COMPLEXION_p011]           HeadLinker.java:871  | CLinker{head#4605-Clnk-BR refPt:[1573.7,1287.0]} Glyph{#13317 [STUMP]}
2026-03-14 00:36:42,661 DEBUG [CRASH COMPLEXION_p011]           HeadLinker.java:871  | CLinker{head#4493-Clnk-TL refPt:[1561.9,1282.0]} Glyph{#13318 [STUMP]}
2026-03-14 00:36:42,663 DEBUG [CRASH COMPLEXION_p011]           HeadLinker.java:871  | CLinker{head#4493-Clnk-TR refPt:[1575.7,1277.0]} Glyph{#13319 [STUMP]}
2026-03-14 00:36:42,663 DEBUG [CRASH COMPLEXION_p011]           HeadLinker.java:871  | CLinker{head#4493-Clnk-BR refPt:[1575.7,1282.0]} Glyph{#13319 [STUMP]}
2026-03-14 00:36:42,664 DEBUG [CRASH COMPLEXION_p011]           HeadLinker.java:871  | CLinker{head#3671-Clnk-TR refPt:[1576.7,826.0]} Glyph{#13320 [STUMP]}
2026-03-14 00:36:42,665 DEBUG [CRASH COMPLEXION_p011]           HeadLinker.java:871  | CLinker{head#3671-Clnk-BR refPt:[1576.7,831.0]} Glyph{#13320 [STUMP]}
2026-03-14 00:36:42,666 DEBUG [CRASH COMPLEXION_p011]           HeadLinker.java:871  | CLinker{head#4397-Clnk-TL refPt:[1649.9,1261.0]} Glyph{#13321 [STUMP]}
2026-03-14 00:36:42,667 DEBUG [CRASH COMPLEXION_p011]           HeadLinker.java:859  | CLinker{head#4397-Clnk-BR refPt:[1663.7,1261.0]} nothing kept from sections[V6217]
2026-03-14 00:36:42,668 DEBUG [CRASH COMPLEXION_p011]           HeadLinker.java:871  | CLinker{head#4397-Clnk-BR refPt:[1663.7,1261.0]} Glyph{#13322 [STUMP]}
2026-03-14 00:36:42,669 DEBUG [CRASH COMPLEXION_p011]           HeadLinker.java:871  | CLinker{head#4349-Clnk-TL refPt:[1650.9,1254.0]} Glyph{#13321 [STUMP]}
2026-03-14 00:36:42,670 DEBUG [CRASH COMPLEXION_p011]           HeadLinker.java:871  | CLinker{head#4349-Clnk-BL refPt:[1650.9,1258.0]} Glyph{#13321 [STUMP]}
2026-03-14 00:36:42,671 DEBUG [CRASH COMPLEXION_p011]           HeadLinker.java:871  | CLinker{head#4349-Clnk-BR refPt:[1664.7,1254.0]} Glyph{#13323 [STUMP]}
2026-03-14 00:36:42,671 DEBUG [CRASH COMPLEXION_p011]           HeadLinker.java:871  | CLinker{head#4353-Clnk-TL refPt:[1650.9,1255.0]} Glyph{#13321 [STUMP]}
2026-03-14 00:36:42,672 DEBUG [CRASH COMPLEXION_p011]           HeadLinker.java:871  | CLinker{head#4353-Clnk-BL refPt:[1650.9,1259.0]} Glyph{#13321 [STUMP]}
2026-03-14 00:36:42,673 DEBUG [CRASH COMPLEXION_p011]           HeadLinker.java:871  | CLinker{head#4353-Clnk-BR refPt:[1664.7,1255.0]} Glyph{#13323 [STUMP]}
2026-03-14 00:36:42,674 DEBUG [CRASH COMPLEXION_p011]           HeadLinker.java:871  | CLinker{head#3678-Clnk-TR refPt:[1739.7,827.0]} Glyph{#13324 [STUMP]}
2026-03-14 00:36:42,674 DEBUG [CRASH COMPLEXION_p011]           HeadLinker.java:871  | CLinker{head#3675-Clnk-TR refPt:[1740.7,826.0]} Glyph{#13324 [STUMP]}
2026-03-14 00:36:42,675 DEBUG [CRASH COMPLEXION_p011]           HeadLinker.java:859  | CLinker{head#4609-Clnk-TR refPt:[1751.7,1283.0]} nothing kept from sections[V6501, V6460]
2026-03-14 00:36:42,676 DEBUG [CRASH COMPLEXION_p011]           HeadLinker.java:859  | CLinker{head#4609-Clnk-BR refPt:[1751.7,1288.0]} nothing kept from sections[V6460]
2026-03-14 00:36:42,676 DEBUG [CRASH COMPLEXION_p011]           HeadLinker.java:871  | CLinker{head#4609-Clnk-BR refPt:[1751.7,1288.0]} Glyph{#13325 [STUMP]}
2026-03-14 00:36:42,677 DEBUG [CRASH COMPLEXION_p011]           HeadLinker.java:871  | CLinker{head#4499-Clnk-TL refPt:[1738.9,1282.0]} Glyph{#13326 [STUMP]}
2026-03-14 00:36:42,677 DEBUG [CRASH COMPLEXION_p011]           HeadLinker.java:859  | CLinker{head#4499-Clnk-TR refPt:[1752.7,1277.0]} nothing kept from sections[V6501, V6503, V6460]
2026-03-14 00:36:42,677 DEBUG [CRASH COMPLEXION_p011]           HeadLinker.java:871  | CLinker{head#4499-Clnk-TR refPt:[1752.7,1277.0]} Glyph{#13327 [STUMP]}
2026-03-14 00:36:42,678 DEBUG [CRASH COMPLEXION_p011]           HeadLinker.java:859  | CLinker{head#4499-Clnk-BR refPt:[1752.7,1282.0]} nothing kept from sections[V6501, V6460]
2026-03-14 00:36:42,678 DEBUG [CRASH COMPLEXION_p011]           HeadLinker.java:871  | CLinker{head#4499-Clnk-BR refPt:[1752.7,1282.0]} Glyph{#13327 [STUMP]}
2026-03-14 00:36:42,679 DEBUG [CRASH COMPLEXION_p011]           HeadLinker.java:871  | CLinker{head#3847-Clnk-TR refPt:[1756.7,827.0]} Glyph{#13328 [STUMP]}
2026-03-14 00:36:42,680 DEBUG [CRASH COMPLEXION_p011]           HeadLinker.java:859  | CLinker{head#4509-Clnk-TL refPt:[1751.9,1282.0]} nothing kept from sections[V6501, V6460]
2026-03-14 00:36:42,681 DEBUG [CRASH COMPLEXION_p011]           HeadLinker.java:859  | CLinker{head#4509-Clnk-BL refPt:[1751.9,1286.0]} nothing kept from sections[V6460]
2026-03-14 00:36:42,681 DEBUG [CRASH COMPLEXION_p011]           HeadLinker.java:871  | CLinker{head#4509-Clnk-BL refPt:[1751.9,1286.0]} Glyph{#13325 [STUMP]}
2026-03-14 00:36:42,682 DEBUG [CRASH COMPLEXION_p011]           HeadLinker.java:871  | CLinker{head#4509-Clnk-TR refPt:[1765.7,1277.0]} Glyph{#13329 [STUMP]}
2026-03-14 00:36:42,682 DEBUG [CRASH COMPLEXION_p011]           HeadLinker.java:859  | CLinker{head#4613-Clnk-TR refPt:[1775.7,1283.0]} nothing kept from sections[V6549, V6551, V6525]
2026-03-14 00:36:42,682 DEBUG [CRASH COMPLEXION_p011]           HeadLinker.java:871  | CLinker{head#4613-Clnk-TR refPt:[1775.7,1283.0]} Glyph{#13330 [STUMP]}
2026-03-14 00:36:42,683 DEBUG [CRASH COMPLEXION_p011]           HeadLinker.java:859  | CLinker{head#4613-Clnk-BR refPt:[1775.7,1288.0]} nothing kept from sections[V6525]
2026-03-14 00:36:42,683 DEBUG [CRASH COMPLEXION_p011]           HeadLinker.java:871  | CLinker{head#4613-Clnk-BR refPt:[1775.7,1288.0]} Glyph{#13331 [STUMP]}
2026-03-14 00:36:42,683 DEBUG [CRASH COMPLEXION_p011]           HeadLinker.java:871  | CLinker{head#4505-Clnk-TR refPt:[1777.7,1277.0]} Glyph{#13332 [STUMP]}
2026-03-14 00:36:42,684 DEBUG [CRASH COMPLEXION_p011]           HeadLinker.java:871  | CLinker{head#4505-Clnk-BR refPt:[1777.7,1282.0]} Glyph{#13332 [STUMP]}
2026-03-14 00:36:42,685 DEBUG [CRASH COMPLEXION_p011]           HeadLinker.java:859  | CLinker{head#4517-Clnk-TL refPt:[1775.9,1282.0]} nothing kept from sections[V6549, V6551, V6525]
2026-03-14 00:36:42,685 DEBUG [CRASH COMPLEXION_p011]           HeadLinker.java:871  | CLinker{head#4517-Clnk-TL refPt:[1775.9,1282.0]} Glyph{#13330 [STUMP]}
2026-03-14 00:36:42,686 DEBUG [CRASH COMPLEXION_p011]           HeadLinker.java:859  | CLinker{head#4517-Clnk-BL refPt:[1775.9,1286.0]} nothing kept from sections[V6525]
2026-03-14 00:36:42,686 DEBUG [CRASH COMPLEXION_p011]           HeadLinker.java:871  | CLinker{head#4517-Clnk-BL refPt:[1775.9,1286.0]} Glyph{#13331 [STUMP]}
2026-03-14 00:36:42,686 DEBUG [CRASH COMPLEXION_p011]           HeadLinker.java:859  | CLinker{head#4517-Clnk-TR refPt:[1789.7,1277.0]} nothing kept from sections[V6564, V6568]
2026-03-14 00:36:42,690 DEBUG [CRASH COMPLEXION_p011]           HeadLinker.java:871  | CLinker{head#4517-Clnk-TR refPt:[1789.7,1277.0]} Glyph{#13333 [STUMP]}
2026-03-14 00:36:42,691 DEBUG [CRASH COMPLEXION_p011]           HeadLinker.java:859  | CLinker{head#4617-Clnk-TR refPt:[1798.7,1283.0]} nothing kept from sections[V6586, V6588, V6568]
2026-03-14 00:36:42,692 DEBUG [CRASH COMPLEXION_p011]           HeadLinker.java:871  | CLinker{head#4617-Clnk-TR refPt:[1798.7,1283.0]} Glyph{#13334 [STUMP]}
2026-03-14 00:36:42,692 DEBUG [CRASH COMPLEXION_p011]           HeadLinker.java:859  | CLinker{head#4617-Clnk-BR refPt:[1798.7,1288.0]} nothing kept from sections[V6568]
2026-03-14 00:36:42,693 DEBUG [CRASH COMPLEXION_p011]           HeadLinker.java:871  | CLinker{head#4617-Clnk-BR refPt:[1798.7,1288.0]} Glyph{#13335 [STUMP]}
2026-03-14 00:36:42,693 DEBUG [CRASH COMPLEXION_p011]           HeadLinker.java:871  | CLinker{head#4513-Clnk-TR refPt:[1800.7,1277.0]} Glyph{#13336 [STUMP]}
2026-03-14 00:36:42,694 DEBUG [CRASH COMPLEXION_p011]           HeadLinker.java:871  | CLinker{head#4513-Clnk-BR refPt:[1800.7,1282.0]} Glyph{#13337 [STUMP]}
2026-03-14 00:36:42,694 DEBUG [CRASH COMPLEXION_p011]           HeadLinker.java:871  | CLinker{head#4401-Clnk-TL refPt:[1805.9,1262.0]} Glyph{#13338 [STUMP]}
2026-03-14 00:36:42,695 DEBUG [CRASH COMPLEXION_p011]           HeadLinker.java:859  | CLinker{head#4401-Clnk-BR refPt:[1819.7,1262.0]} nothing kept from sections[V6614]
2026-03-14 00:36:42,696 DEBUG [CRASH COMPLEXION_p011]           HeadLinker.java:871  | CLinker{head#4401-Clnk-BR refPt:[1819.7,1262.0]} Glyph{#13339 [STUMP]}
2026-03-14 00:36:42,696 DEBUG [CRASH COMPLEXION_p011]           HeadLinker.java:871  | CLinker{head#4359-Clnk-TL refPt:[1806.9,1255.0]} Glyph{#13338 [STUMP]}
2026-03-14 00:36:42,697 DEBUG [CRASH COMPLEXION_p011]           HeadLinker.java:871  | CLinker{head#4359-Clnk-BL refPt:[1806.9,1259.0]} Glyph{#13338 [STUMP]}
2026-03-14 00:36:42,697 DEBUG [CRASH COMPLEXION_p011]           HeadLinker.java:871  | CLinker{head#4359-Clnk-BR refPt:[1820.7,1255.0]} Glyph{#13340 [STUMP]}
2026-03-14 00:36:42,698 DEBUG [CRASH COMPLEXION_p011]           HeadLinker.java:859  | CLinker{head#4621-Clnk-TR refPt:[1884.7,1283.0]} nothing kept from sections[V6783, V6767]
2026-03-14 00:36:42,698 DEBUG [CRASH COMPLEXION_p011]           HeadLinker.java:871  | CLinker{head#4621-Clnk-TR refPt:[1884.7,1283.0]} Glyph{#13341 [STUMP]}
2026-03-14 00:36:42,699 DEBUG [CRASH COMPLEXION_p011]           HeadLinker.java:859  | CLinker{head#4621-Clnk-BR refPt:[1884.7,1288.0]} nothing kept from sections[V6767]
2026-03-14 00:36:42,700 DEBUG [CRASH COMPLEXION_p011]           HeadLinker.java:871  | CLinker{head#4621-Clnk-BR refPt:[1884.7,1288.0]} Glyph{#13342 [STUMP]}
2026-03-14 00:36:42,700 DEBUG [CRASH COMPLEXION_p011]           HeadLinker.java:871  | CLinker{head#4521-Clnk-TL refPt:[1872.9,1282.0]} Glyph{#13343 [STUMP]}
2026-03-14 00:36:42,701 DEBUG [CRASH COMPLEXION_p011]           HeadLinker.java:871  | CLinker{head#4521-Clnk-TR refPt:[1886.7,1277.0]} Glyph{#13344 [STUMP]}
2026-03-14 00:36:42,702 DEBUG [CRASH COMPLEXION_p011]           HeadLinker.java:871  | CLinker{head#4521-Clnk-BR refPt:[1886.7,1282.0]} Glyph{#13344 [STUMP]}
2026-03-14 00:36:42,702 DEBUG [CRASH COMPLEXION_p011]           HeadLinker.java:871  | CLinker{head#4405-Clnk-TL refPt:[1892.9,1262.0]} Glyph{#13345 [STUMP]}
2026-03-14 00:36:42,703 DEBUG [CRASH COMPLEXION_p011]           HeadLinker.java:859  | CLinker{head#4405-Clnk-BR refPt:[1906.7,1262.0]} nothing kept from sections[V6830]
2026-03-14 00:36:42,704 DEBUG [CRASH COMPLEXION_p011]           HeadLinker.java:871  | CLinker{head#4405-Clnk-BR refPt:[1906.7,1262.0]} Glyph{#13346 [STUMP]}
2026-03-14 00:36:42,705 DEBUG [CRASH COMPLEXION_p011]           HeadLinker.java:871  | CLinker{head#4365-Clnk-TL refPt:[1894.9,1255.0]} Glyph{#13345 [STUMP]}
2026-03-14 00:36:42,705 DEBUG [CRASH COMPLEXION_p011]           HeadLinker.java:871  | CLinker{head#4365-Clnk-BL refPt:[1894.9,1259.0]} Glyph{#13345 [STUMP]}
2026-03-14 00:36:42,706 DEBUG [CRASH COMPLEXION_p011]           HeadLinker.java:871  | CLinker{head#4365-Clnk-BR refPt:[1908.7,1255.0]} Glyph{#13347 [STUMP]}
2026-03-14 00:36:42,707 DEBUG [CRASH COMPLEXION_p011]           HeadLinker.java:871  | CLinker{head#3637-Clnk-TR refPt:[1951.7,814.0]} Glyph{#13348 [STUMP]}
2026-03-14 00:36:42,708 DEBUG [CRASH COMPLEXION_p011]           HeadLinker.java:871  | CLinker{head#3639-Clnk-TL refPt:[1940.9,816.0]} Glyph{#13349 [STUMP]}
2026-03-14 00:36:42,708 DEBUG [CRASH COMPLEXION_p011]           HeadLinker.java:871  | CLinker{head#3639-Clnk-TR refPt:[1953.7,811.0]} Glyph{#13348 [STUMP]}
2026-03-14 00:36:42,709 DEBUG [CRASH COMPLEXION_p011]           HeadLinker.java:871  | CLinker{head#3751-Clnk-BL refPt:[1940.9,841.0]} Glyph{#690 [VERTICAL_SEED]}
2026-03-14 00:36:42,710 DEBUG [CRASH COMPLEXION_p011]           HeadLinker.java:871  | CLinker{head#3686-Clnk-TR refPt:[1960.7,826.0]} Glyph{#13350 [STUMP]}
2026-03-14 00:36:42,711 DEBUG [CRASH COMPLEXION_p011]           HeadLinker.java:871  | CLinker{head#3741-Clnk-BL refPt:[1948.9,841.0]} Glyph{#13351 [STUMP]}
2026-03-14 00:36:42,712 DEBUG [CRASH COMPLEXION_p011]           HeadLinker.java:859  | CLinker{head#3034-Clnk-TR refPt:[1968.7,71.0]} nothing kept from sections[V7019, V7024, V6982]
2026-03-14 00:36:42,712 DEBUG [CRASH COMPLEXION_p011]           HeadLinker.java:871  | CLinker{head#3034-Clnk-TR refPt:[1968.7,71.0]} Glyph{#13352 [STUMP]}
2026-03-14 00:36:42,713 DEBUG [CRASH COMPLEXION_p011]           HeadLinker.java:859  | CLinker{head#3034-Clnk-BR refPt:[1968.7,76.0]} nothing kept from sections[V6982]
2026-03-14 00:36:42,713 DEBUG [CRASH COMPLEXION_p011]           HeadLinker.java:871  | CLinker{head#3034-Clnk-BR refPt:[1968.7,76.0]} Glyph{#13353 [STUMP]}
2026-03-14 00:36:42,714 DEBUG [CRASH COMPLEXION_p011]           HeadLinker.java:859  | CLinker{head#3052-Clnk-TR refPt:[1967.7,78.0]} nothing kept from sections[V6982]
2026-03-14 00:36:42,714 DEBUG [CRASH COMPLEXION_p011]           HeadLinker.java:871  | CLinker{head#3052-Clnk-TR refPt:[1967.7,78.0]} Glyph{#13354 [STUMP]}
2026-03-14 00:36:42,715 DEBUG [CRASH COMPLEXION_p011]           HeadLinker.java:871  | CLinker{head#3845-Clnk-TL refPt:[1955.9,824.0]} Glyph{#13355 [STUMP]}
2026-03-14 00:36:42,715 DEBUG [CRASH COMPLEXION_p011]           HeadLinker.java:871  | CLinker{head#3845-Clnk-TR refPt:[1969.7,819.0]} Glyph{#13356 [STUMP]}
2026-03-14 00:36:42,716 DEBUG [CRASH COMPLEXION_p011]           HeadLinker.java:871  | CLinker{head#3845-Clnk-BR refPt:[1969.7,824.0]} Glyph{#13357 [STUMP]}
2026-03-14 00:36:42,717 DEBUG [CRASH COMPLEXION_p011]           HeadLinker.java:871  | CLinker{head#3018-Clnk-TL refPt:[1956.9,69.0]} Glyph{#13358 [STUMP]}
2026-03-14 00:36:42,722 DEBUG [CRASH COMPLEXION_p011]           HeadLinker.java:871  | CLinker{head#3018-Clnk-TR refPt:[1970.7,64.0]} Glyph{#13359 [STUMP]}
2026-03-14 00:36:42,723 DEBUG [CRASH COMPLEXION_p011]           HeadLinker.java:871  | CLinker{head#3018-Clnk-BR refPt:[1970.7,69.0]} Glyph{#13359 [STUMP]}
2026-03-14 00:36:42,724 DEBUG [CRASH COMPLEXION_p011]           HeadLinker.java:871  | CLinker{head#3022-Clnk-TL refPt:[1956.9,70.0]} Glyph{#13358 [STUMP]}
2026-03-14 00:36:42,725 DEBUG [CRASH COMPLEXION_p011]           HeadLinker.java:871  | CLinker{head#3022-Clnk-TR refPt:[1970.7,65.0]} Glyph{#13359 [STUMP]}
2026-03-14 00:36:42,726 DEBUG [CRASH COMPLEXION_p011]           HeadLinker.java:871  | CLinker{head#3022-Clnk-BR refPt:[1970.7,70.0]} Glyph{#13359 [STUMP]}
2026-03-14 00:36:42,727 DEBUG [CRASH COMPLEXION_p011]           HeadLinker.java:859  | CLinker{head#4625-Clnk-TR refPt:[1970.7,1283.0]} nothing kept from sections[V7035, V6988]
2026-03-14 00:36:42,728 DEBUG [CRASH COMPLEXION_p011]           HeadLinker.java:859  | CLinker{head#4625-Clnk-BR refPt:[1970.7,1288.0]} nothing kept from sections[V6988]
2026-03-14 00:36:42,728 DEBUG [CRASH COMPLEXION_p011]           HeadLinker.java:871  | CLinker{head#4625-Clnk-BR refPt:[1970.7,1288.0]} Glyph{#13360 [STUMP]}
2026-03-14 00:36:42,729 DEBUG [CRASH COMPLEXION_p011]           HeadLinker.java:871  | CLinker{head#4527-Clnk-TL refPt:[1958.9,1282.0]} Glyph{#13361 [STUMP]}
2026-03-14 00:36:42,730 DEBUG [CRASH COMPLEXION_p011]           HeadLinker.java:871  | CLinker{head#4527-Clnk-TR refPt:[1972.7,1277.0]} Glyph{#13362 [STUMP]}
2026-03-14 00:36:42,731 DEBUG [CRASH COMPLEXION_p011]           HeadLinker.java:871  | CLinker{head#4527-Clnk-BR refPt:[1972.7,1282.0]} Glyph{#13362 [STUMP]}
2026-03-14 00:36:42,732 DEBUG [CRASH COMPLEXION_p011]           HeadLinker.java:871  | CLinker{head#3849-Clnk-TR refPt:[1974.7,827.0]} Glyph{#13363 [STUMP]}
2026-03-14 00:36:42,732 DEBUG [CRASH COMPLEXION_p011]           HeadLinker.java:871  | CLinker{head#3086-Clnk-TL refPt:[2041.9,90.0]} Glyph{#13364 [STUMP]}
2026-03-14 00:36:42,733 DEBUG [CRASH COMPLEXION_p011]           HeadLinker.java:871  | CLinker{head#3086-Clnk-BL refPt:[2041.9,94.0]} Glyph{#13364 [STUMP]}
2026-03-14 00:36:42,733 DEBUG [CRASH COMPLEXION_p011]           HeadLinker.java:859  | CLinker{head#3090-Clnk-TL refPt:[2042.9,89.0]} nothing kept from sections[V7183]
2026-03-14 00:36:42,733 DEBUG [CRASH COMPLEXION_p011]           HeadLinker.java:871  | CLinker{head#3090-Clnk-TL refPt:[2042.9,89.0]} Glyph{#13365 [STUMP]}
2026-03-14 00:36:42,734 DEBUG [CRASH COMPLEXION_p011]           HeadLinker.java:871  | CLinker{head#3090-Clnk-BL refPt:[2042.9,93.0]} Glyph{#13364 [STUMP]}
2026-03-14 00:36:42,734 DEBUG [CRASH COMPLEXION_p011]           HeadLinker.java:859  | CLinker{head#3054-Clnk-BL refPt:[2044.9,88.0]} nothing kept from sections[V7183]
2026-03-14 00:36:42,735 DEBUG [CRASH COMPLEXION_p011]           HeadLinker.java:871  | CLinker{head#3054-Clnk-BL refPt:[2044.9,88.0]} Glyph{#13366 [STUMP]}
2026-03-14 00:36:42,735 DEBUG [CRASH COMPLEXION_p011]           HeadLinker.java:871  | CLinker{head#4409-Clnk-TL refPt:[2044.9,1262.0]} Glyph{#13367 [STUMP]}
2026-03-14 00:36:42,736 DEBUG [CRASH COMPLEXION_p011]           HeadLinker.java:859  | CLinker{head#4409-Clnk-BR refPt:[2058.7,1262.0]} nothing kept from sections[V7203]
2026-03-14 00:36:42,736 DEBUG [CRASH COMPLEXION_p011]           HeadLinker.java:871  | CLinker{head#4409-Clnk-BR refPt:[2058.7,1262.0]} Glyph{#13368 [STUMP]}
2026-03-14 00:36:42,736 DEBUG [CRASH COMPLEXION_p011]           HeadLinker.java:859  | CLinker{head#3137-Clnk-TL refPt:[2045.9,97.0]} nothing kept from sections[V7183]
2026-03-14 00:36:42,737 DEBUG [CRASH COMPLEXION_p011]           HeadLinker.java:871  | CLinker{head#3137-Clnk-TL refPt:[2045.9,97.0]} Glyph{#13369 [STUMP]}
2026-03-14 00:36:42,737 DEBUG [CRASH COMPLEXION_p011]           HeadLinker.java:871  | CLinker{head#3137-Clnk-BR refPt:[2057.7,97.0]} Glyph{#13370 [STUMP]}
2026-03-14 00:36:42,738 DEBUG [CRASH COMPLEXION_p011]           HeadLinker.java:871  | CLinker{head#4369-Clnk-TL refPt:[2046.9,1255.0]} Glyph{#13371 [STUMP]}
2026-03-14 00:36:42,739 DEBUG [CRASH COMPLEXION_p011]           HeadLinker.java:871  | CLinker{head#4369-Clnk-BL refPt:[2046.9,1259.0]} Glyph{#13372 [STUMP]}
2026-03-14 00:36:42,739 DEBUG [CRASH COMPLEXION_p011]           HeadLinker.java:871  | CLinker{head#4369-Clnk-BR refPt:[2060.7,1255.0]} Glyph{#13373 [STUMP]}
2026-03-14 00:36:42,740 DEBUG [CRASH COMPLEXION_p011]           HeadLinker.java:871  | CLinker{head#4371-Clnk-TL refPt:[2046.9,1256.0]} Glyph{#13372 [STUMP]}
2026-03-14 00:36:42,741 DEBUG [CRASH COMPLEXION_p011]           HeadLinker.java:871  | CLinker{head#4371-Clnk-BL refPt:[2046.9,1260.0]} Glyph{#13372 [STUMP]}
2026-03-14 00:36:42,742 DEBUG [CRASH COMPLEXION_p011]           HeadLinker.java:871  | CLinker{head#4371-Clnk-BR refPt:[2060.7,1256.0]} Glyph{#13373 [STUMP]}
2026-03-14 00:36:42,743 DEBUG [CRASH COMPLEXION_p011]           HeadLinker.java:871  | CLinker{head#3643-Clnk-TL refPt:[2132.9,819.0]} Glyph{#13374 [STUMP]}
2026-03-14 00:36:42,743 DEBUG [CRASH COMPLEXION_p011]           HeadLinker.java:871  | CLinker{head#3643-Clnk-TR refPt:[2146.7,814.0]} Glyph{#13375 [STUMP]}
2026-03-14 00:36:42,744 DEBUG [CRASH COMPLEXION_p011]           HeadLinker.java:871  | CLinker{head#3643-Clnk-BR refPt:[2146.7,819.0]} Glyph{#13376 [STUMP]}
2026-03-14 00:36:42,745 DEBUG [CRASH COMPLEXION_p011]           HeadLinker.java:859  | CLinker{head#4637-Clnk-TR refPt:[2146.7,1284.0]} nothing kept from sections[V7487, V7446]
2026-03-14 00:36:42,746 DEBUG [CRASH COMPLEXION_p011]           HeadLinker.java:859  | CLinker{head#4637-Clnk-BR refPt:[2146.7,1289.0]} nothing kept from sections[V7446]
2026-03-14 00:36:42,746 DEBUG [CRASH COMPLEXION_p011]           HeadLinker.java:871  | CLinker{head#4637-Clnk-BR refPt:[2146.7,1289.0]} Glyph{#13377 [STUMP]}
2026-03-14 00:36:42,747 DEBUG [CRASH COMPLEXION_p011]           HeadLinker.java:871  | CLinker{head#3143-Clnk-TL refPt:[2133.9,97.0]} Glyph{#13378 [STUMP]}
2026-03-14 00:36:42,748 DEBUG [CRASH COMPLEXION_p011]           HeadLinker.java:871  | CLinker{head#3143-Clnk-BL refPt:[2133.9,101.0]} Glyph{#13379 [STUMP]}
2026-03-14 00:36:42,749 DEBUG [CRASH COMPLEXION_p011]           HeadLinker.java:871  | CLinker{head#3205-Clnk-TL refPt:[2135.9,103.0]} Glyph{#13378 [STUMP]}
2026-03-14 00:36:42,754 DEBUG [CRASH COMPLEXION_p011]           HeadLinker.java:871  | CLinker{head#4531-Clnk-TL refPt:[2135.9,1282.0]} Glyph{#13380 [STUMP]}
2026-03-14 00:36:42,754 DEBUG [CRASH COMPLEXION_p011]           HeadLinker.java:871  | CLinker{head#4531-Clnk-TR refPt:[2149.7,1277.0]} Glyph{#13381 [STUMP]}
2026-03-14 00:36:42,755 DEBUG [CRASH COMPLEXION_p011]           HeadLinker.java:871  | CLinker{head#4531-Clnk-BR refPt:[2149.7,1282.0]} Glyph{#13381 [STUMP]}
2026-03-14 00:36:42,756 DEBUG [CRASH COMPLEXION_p011]           HeadLinker.java:871  | CLinker{head#4535-Clnk-TL refPt:[2135.9,1282.0]} Glyph{#13380 [STUMP]}
2026-03-14 00:36:42,756 DEBUG [CRASH COMPLEXION_p011]           HeadLinker.java:871  | CLinker{head#4535-Clnk-TR refPt:[2149.7,1277.0]} Glyph{#13381 [STUMP]}
2026-03-14 00:36:42,757 DEBUG [CRASH COMPLEXION_p011]           HeadLinker.java:871  | CLinker{head#4535-Clnk-BR refPt:[2149.7,1282.0]} Glyph{#13381 [STUMP]}
2026-03-14 00:36:42,758 DEBUG [CRASH COMPLEXION_p011]           HeadLinker.java:859  | CLinker{head#3201-Clnk-TL refPt:[2136.9,104.0]} nothing kept from sections[V7430, V7441]
2026-03-14 00:36:42,758 DEBUG [CRASH COMPLEXION_p011]           HeadLinker.java:871  | CLinker{head#3201-Clnk-TL refPt:[2136.9,104.0]} Glyph{#13382 [STUMP]}
2026-03-14 00:36:42,760 DEBUG [CRASH COMPLEXION_p011]           HeadLinker.java:871  | CLinker{head#3201-Clnk-BR refPt:[2150.7,104.0]} Glyph{#13383 [STUMP]}
2026-03-14 00:36:42,760 DEBUG [CRASH COMPLEXION_p011]           HeadLinker.java:871  | CLinker{head#3209-Clnk-TL refPt:[2177.9,103.0]} Glyph{#13384 [STUMP]}
2026-03-14 00:36:42,761 DEBUG [CRASH COMPLEXION_p011]           HeadLinker.java:871  | CLinker{head#3209-Clnk-BL refPt:[2177.9,107.0]} Glyph{#13384 [STUMP]}
2026-03-14 00:36:42,762 DEBUG [CRASH COMPLEXION_p011]           HeadLinker.java:871  | CLinker{head#3213-Clnk-TL refPt:[2177.9,103.0]} Glyph{#13384 [STUMP]}
2026-03-14 00:36:42,762 DEBUG [CRASH COMPLEXION_p011]           HeadLinker.java:871  | CLinker{head#3213-Clnk-BL refPt:[2177.9,107.0]} Glyph{#13384 [STUMP]}
2026-03-14 00:36:42,763 DEBUG [CRASH COMPLEXION_p011]           HeadLinker.java:871  | CLinker{head#3234-Clnk-TL refPt:[2178.9,111.0]} Glyph{#13384 [STUMP]}
2026-03-14 00:36:42,763 DEBUG [CRASH COMPLEXION_p011]           HeadLinker.java:871  | CLinker{head#3234-Clnk-BR refPt:[2191.7,111.0]} Glyph{#13385 [STUMP]}
2026-03-14 00:36:42,764 DEBUG [CRASH COMPLEXION_p011]           HeadLinker.java:859  | CLinker{head#3147-Clnk-BL refPt:[2179.9,101.0]} nothing kept from sections[V7593, V7600]
2026-03-14 00:36:42,765 DEBUG [CRASH COMPLEXION_p011]           HeadLinker.java:871  | CLinker{head#3147-Clnk-BL refPt:[2179.9,101.0]} Glyph{#13386 [STUMP]}
2026-03-14 00:36:42,765 DEBUG [CRASH COMPLEXION_p011]           HeadLinker.java:871  | CLinker{head#4692-Clnk-BL refPt:[2197.9,1234.0]} Glyph{#13387 [STUMP]}
2026-03-14 00:36:42,766 DEBUG [CRASH COMPLEXION_p011]           HeadLinker.java:871  | CLinker{head#4375-Clnk-TL refPt:[2198.9,1256.0]} Glyph{#13388 [STUMP]}
2026-03-14 00:36:42,767 DEBUG [CRASH COMPLEXION_p011]           HeadLinker.java:871  | CLinker{head#4375-Clnk-BL refPt:[2198.9,1260.0]} Glyph{#13388 [STUMP]}
2026-03-14 00:36:42,768 DEBUG [CRASH COMPLEXION_p011]           HeadLinker.java:871  | CLinker{head#4375-Clnk-BR refPt:[2212.7,1256.0]} Glyph{#13389 [STUMP]}
2026-03-14 00:36:42,769 DEBUG [CRASH COMPLEXION_p011]           HeadLinker.java:871  | CLinker{head#4695-Clnk-BR refPt:[2228.7,1230.0]} Glyph{#13390 [STUMP]}
2026-03-14 00:36:42,770 DEBUG [CRASH COMPLEXION_p011]           HeadLinker.java:871  | CLinker{head#4767-Clnk-BR refPt:[2228.7,1283.0]} Glyph{#13391 [STUMP]}
2026-03-14 00:36:42,771 DEBUG [CRASH COMPLEXION_p011]           HeadLinker.java:871  | CLinker{head#4705-Clnk-BL refPt:[2232.9,1234.0]} Glyph{#13392 [STUMP]}
2026-03-14 00:36:42,771 DEBUG [CRASH COMPLEXION_p011]           HeadLinker.java:871  | CLinker{head#4705-Clnk-BR refPt:[2246.7,1230.0]} Glyph{#13393 [STUMP]}
2026-03-14 00:36:42,772 DEBUG [CRASH COMPLEXION_p011]           HeadLinker.java:859  | CLinker{head#4641-Clnk-TR refPt:[2272.7,1284.0]} nothing kept from sections[V7850, V7837]
2026-03-14 00:36:42,772 DEBUG [CRASH COMPLEXION_p011]           HeadLinker.java:859  | CLinker{head#4641-Clnk-BR refPt:[2272.7,1289.0]} nothing kept from sections[V7837]
2026-03-14 00:36:42,772 DEBUG [CRASH COMPLEXION_p011]           HeadLinker.java:871  | CLinker{head#4641-Clnk-BR refPt:[2272.7,1289.0]} Glyph{#13394 [STUMP]}
2026-03-14 00:36:42,773 DEBUG [CRASH COMPLEXION_p011]           HeadLinker.java:871  | CLinker{head#4541-Clnk-TL refPt:[2260.9,1284.0]} Glyph{#13395 [STUMP]}
2026-03-14 00:36:42,774 DEBUG [CRASH COMPLEXION_p011]           HeadLinker.java:871  | CLinker{head#4541-Clnk-TR refPt:[2274.7,1279.0]} Glyph{#13396 [STUMP]}
2026-03-14 00:36:42,774 DEBUG [CRASH COMPLEXION_p011]           HeadLinker.java:871  | CLinker{head#4541-Clnk-BR refPt:[2274.7,1284.0]} Glyph{#13397 [STUMP]}
2026-03-14 00:36:42,775 DEBUG [CRASH COMPLEXION_p011]           HeadLinker.java:871  | CLinker{head#4208-Clnk-TR refPt:[2282.7,997.0]} Glyph{#13398 [STUMP]}
2026-03-14 00:36:42,776 DEBUG [CRASH COMPLEXION_p011]           HeadLinker.java:859  | CLinker{head#4208-Clnk-BR refPt:[2282.7,1002.0]} nothing kept from sections[V7904, V7854]
2026-03-14 00:36:42,776 DEBUG [CRASH COMPLEXION_p011]           HeadLinker.java:871  | CLinker{head#4208-Clnk-BR refPt:[2282.7,1002.0]} Glyph{#13399 [STUMP]}
2026-03-14 00:36:42,776 DEBUG [CRASH COMPLEXION_p011]           HeadLinker.java:871  | CLinker{head#3603-Clnk-TR refPt:[2285.7,570.0]} Glyph{#13400 [STUMP]}
2026-03-14 00:36:42,776 DEBUG [CRASH COMPLEXION_p011]           HeadLinker.java:871  | CLinker{head#3603-Clnk-BR refPt:[2285.7,575.0]} Glyph{#13401 [STUMP]}
2026-03-14 00:36:42,777 DEBUG [CRASH COMPLEXION_p011]           HeadLinker.java:859  | CLinker{head#3569-Clnk-TL refPt:[2282.9,562.0]} nothing kept from sections[V7897]
2026-03-14 00:36:42,777 DEBUG [CRASH COMPLEXION_p011]           HeadLinker.java:871  | CLinker{head#3569-Clnk-TL refPt:[2282.9,562.0]} Glyph{#13402 [STUMP]}
2026-03-14 00:36:42,778 DEBUG [CRASH COMPLEXION_p011]           HeadLinker.java:871  | CLinker{head#3569-Clnk-TR refPt:[2296.7,557.0]} Glyph{#13403 [STUMP]}
2026-03-14 00:36:42,778 DEBUG [CRASH COMPLEXION_p011]           HeadLinker.java:859  | CLinker{head#3569-Clnk-BR refPt:[2296.7,562.0]} nothing kept from sections[V7961, V7937]
2026-03-14 00:36:42,779 DEBUG [CRASH COMPLEXION_p011]           HeadLinker.java:859  | CLinker{head#3893-Clnk-TL refPt:[2283.9,989.0]} nothing kept from sections[V7879]
2026-03-14 00:36:42,779 DEBUG [CRASH COMPLEXION_p011]           HeadLinker.java:871  | CLinker{head#3893-Clnk-TL refPt:[2283.9,989.0]} Glyph{#13404 [STUMP]}
2026-03-14 00:36:42,782 DEBUG [CRASH COMPLEXION_p011]           HeadLinker.java:871  | CLinker{head#3893-Clnk-BL refPt:[2283.9,993.0]} Glyph{#13398 [STUMP]}
2026-03-14 00:36:42,783 DEBUG [CRASH COMPLEXION_p011]           HeadLinker.java:871  | CLinker{head#3921-Clnk-TL refPt:[2284.9,996.0]} Glyph{#13398 [STUMP]}
2026-03-14 00:36:42,784 DEBUG [CRASH COMPLEXION_p011]           HeadLinker.java:871  | CLinker{head#3921-Clnk-BL refPt:[2284.9,1000.0]} Glyph{#13398 [STUMP]}
2026-03-14 00:36:42,785 DEBUG [CRASH COMPLEXION_p011]           HeadLinker.java:871  | CLinker{head#3939-Clnk-TL refPt:[2284.9,1003.0]} Glyph{#13398 [STUMP]}
2026-03-14 00:36:42,786 DEBUG [CRASH COMPLEXION_p011]           HeadLinker.java:871  | CLinker{head#3939-Clnk-BL refPt:[2284.9,1007.0]} Glyph{#13398 [STUMP]}
2026-03-14 00:36:42,787 DEBUG [CRASH COMPLEXION_p011]           HeadLinker.java:871  | CLinker{head#3601-Clnk-TL refPt:[2287.9,576.0]} Glyph{#13400 [STUMP]}
2026-03-14 00:36:42,788 DEBUG [CRASH COMPLEXION_p011]           HeadLinker.java:871  | CLinker{head#3601-Clnk-BL refPt:[2287.9,580.0]} Glyph{#13400 [STUMP]}
2026-03-14 00:36:42,788 DEBUG [CRASH COMPLEXION_p011]           HeadLinker.java:871  | CLinker{head#3601-Clnk-TR refPt:[2301.7,571.0]} Glyph{#13405 [STUMP]}
2026-03-14 00:36:42,789 DEBUG [CRASH COMPLEXION_p011]           HeadLinker.java:871  | CLinker{head#3601-Clnk-BR refPt:[2301.7,576.0]} Glyph{#13405 [STUMP]}
2026-03-14 00:36:42,790 DEBUG [CRASH COMPLEXION_p011]           HeadLinker.java:859  | CLinker{head#3897-Clnk-BL refPt:[2288.9,994.0]} nothing kept from sections[V7925]
2026-03-14 00:36:42,790 DEBUG [CRASH COMPLEXION_p011]           HeadLinker.java:871  | CLinker{head#3897-Clnk-BL refPt:[2288.9,994.0]} Glyph{#13406 [STUMP]}
2026-03-14 00:36:42,791 DEBUG [CRASH COMPLEXION_p011]           HeadLinker.java:859  | CLinker{head#3887-Clnk-TR refPt:[2310.7,985.0]} nothing kept from sections[V8006]
2026-03-14 00:36:42,791 DEBUG [CRASH COMPLEXION_p011]           HeadLinker.java:871  | CLinker{head#3887-Clnk-TR refPt:[2310.7,985.0]} Glyph{#13407 [STUMP]}
2026-03-14 00:36:42,791 DEBUG [CRASH COMPLEXION_p011]           HeadLinker.java:859  | CLinker{head#3887-Clnk-BR refPt:[2310.7,990.0]} nothing kept from sections[V8006]
2026-03-14 00:36:42,791 DEBUG [CRASH COMPLEXION_p011]           HeadLinker.java:871  | CLinker{head#3887-Clnk-BR refPt:[2310.7,990.0]} Glyph{#13407 [STUMP]}
2026-03-14 00:36:42,792 DEBUG [CRASH COMPLEXION_p011]           HeadLinker.java:871  | CLinker{head#3589-Clnk-TL refPt:[2298.9,569.0]} Glyph{#13408 [STUMP]}
2026-03-14 00:36:42,793 DEBUG [CRASH COMPLEXION_p011]           HeadLinker.java:871  | CLinker{head#3589-Clnk-BL refPt:[2298.9,573.0]} Glyph{#13409 [STUMP]}
2026-03-14 00:36:42,793 DEBUG [CRASH COMPLEXION_p011]           HeadLinker.java:859  | CLinker{head#3589-Clnk-TR refPt:[2312.7,564.0]} nothing kept from sections[V8009, V8011, V8003]
2026-03-14 00:36:42,794 DEBUG [CRASH COMPLEXION_p011]           HeadLinker.java:871  | CLinker{head#3589-Clnk-TR refPt:[2312.7,564.0]} Glyph{#13410 [STUMP]}
2026-03-14 00:36:42,794 DEBUG [CRASH COMPLEXION_p011]           HeadLinker.java:859  | CLinker{head#3589-Clnk-BR refPt:[2312.7,569.0]} nothing kept from sections[V8009, V8011, V8003]
2026-03-14 00:36:42,794 DEBUG [CRASH COMPLEXION_p011]           HeadLinker.java:871  | CLinker{head#3589-Clnk-BR refPt:[2312.7,569.0]} Glyph{#13410 [STUMP]}
2026-03-14 00:36:42,795 DEBUG [CRASH COMPLEXION_p011]           HeadLinker.java:871  | CLinker{head#3567-Clnk-TL refPt:[2299.9,563.0]} Glyph{#13405 [STUMP]}
2026-03-14 00:36:42,796 DEBUG [CRASH COMPLEXION_p011]           HeadLinker.java:871  | CLinker{head#3567-Clnk-BL refPt:[2299.9,567.0]} Glyph{#13405 [STUMP]}
2026-03-14 00:36:42,797 DEBUG [CRASH COMPLEXION_p011]           HeadLinker.java:859  | CLinker{head#3567-Clnk-TR refPt:[2313.7,558.0]} nothing kept from sections[V8011]
2026-03-14 00:36:42,797 DEBUG [CRASH COMPLEXION_p011]           HeadLinker.java:871  | CLinker{head#3567-Clnk-TR refPt:[2313.7,558.0]} Glyph{#13411 [STUMP]}
2026-03-14 00:36:42,797 DEBUG [CRASH COMPLEXION_p011]           HeadLinker.java:871  | CLinker{head#3567-Clnk-BR refPt:[2313.7,563.0]} Glyph{#13410 [STUMP]}
2026-03-14 00:36:42,798 DEBUG [CRASH COMPLEXION_p011]           HeadLinker.java:859  | CLinker{head#3915-Clnk-TR refPt:[2313.7,991.0]} nothing kept from sections[V8006]
2026-03-14 00:36:42,798 DEBUG [CRASH COMPLEXION_p011]           HeadLinker.java:871  | CLinker{head#3915-Clnk-TR refPt:[2313.7,991.0]} Glyph{#13412 [STUMP]}
2026-03-14 00:36:42,799 DEBUG [CRASH COMPLEXION_p011]           HeadLinker.java:859  | CLinker{head#3891-Clnk-TR refPt:[2314.7,986.0]} nothing kept from sections[V8006]
2026-03-14 00:36:42,799 DEBUG [CRASH COMPLEXION_p011]           HeadLinker.java:871  | CLinker{head#3891-Clnk-TR refPt:[2314.7,986.0]} Glyph{#13413 [STUMP]}
2026-03-14 00:36:42,800 DEBUG [CRASH COMPLEXION_p011]           HeadLinker.java:859  | CLinker{head#3891-Clnk-BR refPt:[2314.7,991.0]} nothing kept from sections[V8006]
2026-03-14 00:36:42,800 DEBUG [CRASH COMPLEXION_p011]           HeadLinker.java:871  | CLinker{head#3891-Clnk-BR refPt:[2314.7,991.0]} Glyph{#13413 [STUMP]}
2026-03-14 00:36:42,816 DEBUG [CRASH COMPLEXION_p011]          StemBuilder.java:1080 | [FAILED toString()]
2026-03-14 00:36:42,817 DEBUG [CRASH COMPLEXION_p011]          StemBuilder.java:167  | VLinker{beam#1829-Vlnk-BL-1} lengths:{0=25, 1=25, 2=25, 3=25, 4=25}
2026-03-14 00:36:42,820 DEBUG [CRASH COMPLEXION_p011]          StemBuilder.java:1080 | [FAILED toString()]
2026-03-14 00:36:42,821 DEBUG [CRASH COMPLEXION_p011]          StemBuilder.java:167  | VLinker{beam#1829-Vlnk-TR-2} lengths:{0=0, 1=0, 2=0, 3=0, 4=0}
2026-03-14 00:36:42,825 DEBUG [CRASH COMPLEXION_p011]          StemBuilder.java:1080 | [FAILED toString()]
2026-03-14 00:36:42,827 DEBUG [CRASH COMPLEXION_p011]          StemBuilder.java:167  | VLinker{beam#1829-Vlnk-BR-2} lengths:{0=1, 1=1, 2=1, 3=1, 4=1}
2026-03-14 00:36:42,830 DEBUG [CRASH COMPLEXION_p011]          StemBuilder.java:1080 | [FAILED toString()]
2026-03-14 00:36:42,832 DEBUG [CRASH COMPLEXION_p011]          StemBuilder.java:167  | VLinker{beam#1831-Vlnk-BL-1} lengths:{0=25, 1=25, 2=25, 3=25, 4=25}
2026-03-14 00:36:42,834 DEBUG [CRASH COMPLEXION_p011]          StemBuilder.java:1080 | [FAILED toString()]
2026-03-14 00:36:42,887 DEBUG [CRASH COMPLEXION_p011]          StemBuilder.java:167  | VLinker{beam#1831-Vlnk-TR-2} lengths:{0=0, 1=0, 2=0, 3=0, 4=0}
2026-03-14 00:36:42,892 DEBUG [CRASH COMPLEXION_p011]          StemBuilder.java:1080 | [FAILED toString()]
2026-03-14 00:36:42,896 DEBUG [CRASH COMPLEXION_p011]          StemBuilder.java:167  | VLinker{beam#1831-Vlnk-BR-2} lengths:{0=1, 1=1, 2=1, 3=1, 4=1}
2026-03-14 00:36:42,899 DEBUG [CRASH COMPLEXION_p011]          StemBuilder.java:1080 | [FAILED toString()]
2026-03-14 00:36:42,917 DEBUG [CRASH COMPLEXION_p011]          StemBuilder.java:167  | VLinker{beam#2035-Vlnk-BL-1} lengths:{0=15, 1=15, 2=15, 3=15, 4=15}
2026-03-14 00:36:42,920 DEBUG [CRASH COMPLEXION_p011]          StemBuilder.java:1080 | [FAILED toString()]
2026-03-14 00:36:42,958 DEBUG [CRASH COMPLEXION_p011]          StemBuilder.java:167  | VLinker{beam#2035-Vlnk-TR-2} lengths:{0=0, 1=0, 2=0, 3=0, 4=0}
2026-03-14 00:36:42,967 DEBUG [CRASH COMPLEXION_p011]          StemBuilder.java:1080 | [FAILED toString()]
2026-03-14 00:36:42,986 DEBUG [CRASH COMPLEXION_p011]          StemBuilder.java:167  | VLinker{beam#2035-Vlnk-BR-2} lengths:{0=1, 1=1, 2=1, 3=1, 4=1}
2026-03-14 00:36:42,990 DEBUG [CRASH COMPLEXION_p011]          StemBuilder.java:1080 | [FAILED toString()]
2026-03-14 00:36:42,992 DEBUG [CRASH COMPLEXION_p011]          StemBuilder.java:167  | VLinker{beam#1922-Vlnk-BL-1} lengths:{0=44, 1=44, 2=44, 3=44, 4=44}
2026-03-14 00:36:42,996 DEBUG [CRASH COMPLEXION_p011]          StemBuilder.java:1080 | [FAILED toString()]
2026-03-14 00:36:43,023 DEBUG [CRASH COMPLEXION_p011]          StemBuilder.java:167  | VLinker{beam#1922-Vlnk-BR-2} lengths:{0=40, 1=40, 2=40, 3=40, 4=40}
