2026-03-14 00:01:48,451 DEBUG [CRASH COMPLEXION_p010]                 Book.java:1917 | reachStep PAGE force:false stubs:[Stub#1] swap:true
2026-03-14 00:01:48,452 INFO [CRASH COMPLEXION_p010]                 Book.java:1929 | Book reaching PAGE on sheets:[#1]
2026-03-14 00:01:48,454 DEBUG [CRASH COMPLEXION_p010]            SheetStub.java:1370 | reachStep obtained lock on Stub#1
2026-03-14 00:01:48,455 DEBUG [CRASH COMPLEXION_p010]            SheetStub.java:1389 | Sheet#1 scheduling [SYMBOLS, LINKS, RHYTHMS, PAGE]
2026-03-14 00:01:48,455 INFO [CRASH COMPLEXION_p010]       StepMonitoring.java:98   | SYMBOLS
2026-03-14 00:01:48,455 DEBUG [CRASH COMPLEXION_p010]            SheetStub.java:1403 | reachStep SYMBOLS towards PAGE
2026-03-14 00:01:48,762 DEBUG [CRASH COMPLEXION_p010]              Picture.java:162  | Picture unmarshalled by JAXB
2026-03-14 00:01:49,740 DEBUG [CRASH COMPLEXION_p010]                Sheet.java:1657 | Sheet unmarshalled
2026-03-14 00:01:49,742 DEBUG [CRASH COMPLEXION_p010]                Sheet.java:1220 | Sheet#1 initTransients
2026-03-14 00:01:49,790 DEBUG [CRASH COMPLEXION_p010]           DataHolder.java:144  | path: /sheet#1/BINARY.png
2026-03-14 00:01:49,893 DEBUG [CRASH COMPLEXION_p010]           DataHolder.java:151  | Loaded /sheet#1/BINARY.png
2026-03-14 00:01:49,894 DEBUG [CRASH COMPLEXION_p010]           DataHolder.java:294  | ImageHolder{BINARY.png discarded:false hasNoData:false modified:false data:BufferedImage@bc09d57: type = 10 ColorModel: #pixelBits = 8 numComponents = 1 color space = java.awt.color.ICC_ColorSpace@6d963d70 transparency = 1 has alpha = false isAlphaPre = false ByteInterleavedRaster: width = 2300 height = 3170 #numDataElements 1 dataOff[0] = 0} setModified:false
2026-03-14 00:01:49,923 DEBUG [CRASH COMPLEXION_p010]              Picture.java:692  | BINARY source built as ip[width=2300, height=3170, bits=8, min=0.0, max=255.0]
2026-03-14 00:01:49,952 DEBUG [CRASH COMPLEXION_p010]              Picture.java:692  | NO_STAFF source built as ip[width=2300, height=3170, bits=8, min=0.0, max=255.0]
2026-03-14 00:01:50,654 DEBUG [CRASH COMPLEXION_p010]                Staff.java:1975 | Staff#1 sideBars:{LEFT=BarlineInter#4{ FROZEN(0.775/0.933) staff:1 THIN_BARLINE}, RIGHT=BarlineInter#12{ FROZEN(0.753/0.753) staff:1 THIN_BARLINE}}
2026-03-14 00:01:50,655 DEBUG [CRASH COMPLEXION_p010]                Staff.java:1975 | Staff#2 sideBars:{LEFT=BarlineInter#14{ FROZEN(0.780/0.962) staff:2 THIN_BARLINE}, RIGHT=BarlineInter#22{ FROZEN(0.788/0.937) staff:2 THIN_BARLINE}}
2026-03-14 00:01:50,656 DEBUG [CRASH COMPLEXION_p010]                Staff.java:1975 | Staff#3 sideBars:{LEFT=BarlineInter#24{ FROZEN(0.796/0.965) staff:3 THIN_BARLINE}, RIGHT=BarlineInter#31{ FROZEN(0.788/0.937) staff:3 THIN_BARLINE}}
2026-03-14 00:01:50,657 DEBUG [CRASH COMPLEXION_p010]                Staff.java:1975 | Staff#4 sideBars:{LEFT=BarlineInter#35{ FROZEN(0.784/0.963) staff:4 THIN_BARLINE}, RIGHT=BarlineInter#43{ FROZEN(0.745/0.921) staff:4 THIN_BARLINE}}
2026-03-14 00:01:50,660 DEBUG [CRASH COMPLEXION_p010]                Staff.java:1975 | Staff#5 sideBars:{LEFT=BarlineInter#47{ FROZEN(0.792/0.964) staff:5 THIN_BARLINE}, RIGHT=BarlineInter#54{ FROZEN(0.784/0.933) staff:5 THIN_BARLINE}}
2026-03-14 00:01:50,661 DEBUG [CRASH COMPLEXION_p010]                Staff.java:1975 | Staff#6 sideBars:{LEFT=BarlineInter#58{ FROZEN(0.776/0.961) staff:6 THIN_BARLINE}, RIGHT=BarlineInter#66{ FROZEN(0.762/0.762) staff:6 THIN_BARLINE}}
2026-03-14 00:01:50,661 DEBUG [CRASH COMPLEXION_p010]                Staff.java:1975 | Staff#7 sideBars:{LEFT=BarlineInter#70{ FROZEN(0.792/0.964) staff:7 THIN_BARLINE}, RIGHT=BarlineInter#78{ FROZEN(0.778/0.778) staff:7 THIN_BARLINE}}
2026-03-14 00:01:50,662 DEBUG [CRASH COMPLEXION_p010]                Staff.java:1975 | Staff#8 sideBars:{LEFT=BarlineInter#82{ FROZEN(0.784/0.938) staff:8 THIN_BARLINE}, RIGHT=BarlineInter#90{ FROZEN(0.780/0.780) staff:8 THIN_BARLINE}}
2026-03-14 00:01:50,697 DEBUG [CRASH COMPLEXION_p010]                Staff.java:1975 | Staff#9 sideBars:{LEFT=BarlineInter#94{ FROZEN(0.783/0.935) staff:9 THIN_BARLINE}, RIGHT=BarlineInter#100{ FROZEN(0.770/0.770) staff:9 THIN_BARLINE}}
2026-03-14 00:01:50,698 DEBUG [CRASH COMPLEXION_p010]                Staff.java:1975 | Staff#10 sideBars:{LEFT=BarlineInter#103{ FROZEN(0.771/0.960) staff:10 THIN_BARLINE}, RIGHT=BarlineInter#109{ FROZEN(0.784/0.936) staff:10 THIN_BARLINE}}
2026-03-14 00:01:50,699 DEBUG [CRASH COMPLEXION_p010]                Staff.java:1975 | Staff#11 sideBars:{LEFT=BarlineInter#112{ FROZEN(0.792/0.964) staff:11 THIN_BARLINE}, RIGHT=BarlineInter#118{ FROZEN(0.796/0.940) staff:11 THIN_BARLINE}}
2026-03-14 00:01:50,699 DEBUG [CRASH COMPLEXION_p010]                Staff.java:1975 | Staff#12 sideBars:{LEFT=BarlineInter#122{ FROZEN(0.780/0.962) staff:12 THIN_BARLINE}, RIGHT=BarlineInter#128{ FROZEN(0.784/0.936) staff:12 THIN_BARLINE}}
2026-03-14 00:01:50,700 DEBUG [CRASH COMPLEXION_p010]                Staff.java:1975 | Staff#13 sideBars:{LEFT=BarlineInter#132{ FROZEN(0.792/0.964) staff:13 THIN_BARLINE}, RIGHT=BarlineInter#138{ FROZEN(0.796/0.939) staff:13 THIN_BARLINE}}
2026-03-14 00:01:50,700 DEBUG [CRASH COMPLEXION_p010]                Staff.java:1975 | Staff#14 sideBars:{LEFT=BarlineInter#142{ FROZEN(0.780/0.962) staff:14 THIN_BARLINE}, RIGHT=BarlineInter#148{ FROZEN(0.775/0.775) staff:14 THIN_BARLINE}}
2026-03-14 00:01:50,701 DEBUG [CRASH COMPLEXION_p010]                Staff.java:1975 | Staff#15 sideBars:{LEFT=BarlineInter#152{ FROZEN(0.792/0.964) staff:15 THIN_BARLINE}, RIGHT=BarlineInter#158{ FROZEN(0.783/0.783) staff:15 THIN_BARLINE}}
2026-03-14 00:01:50,701 DEBUG [CRASH COMPLEXION_p010]                Staff.java:1975 | Staff#16 sideBars:{LEFT=BarlineInter#162{ FROZEN(0.780/0.936) staff:16 THIN_BARLINE}, RIGHT=BarlineInter#168{ FROZEN(0.780/0.780) staff:16 THIN_BARLINE}}
2026-03-14 00:01:50,710 DEBUG [CRASH COMPLEXION_p010]                Staff.java:1975 | Staff#17 sideBars:{LEFT=BarlineInter#172{ FROZEN(0.769/0.930) staff:17 THIN_BARLINE}, RIGHT=BarlineInter#176{ FROZEN(0.792/0.792) staff:17 THIN_BARLINE}}
2026-03-14 00:01:50,711 DEBUG [CRASH COMPLEXION_p010]                Staff.java:1975 | Staff#18 sideBars:{LEFT=BarlineInter#180{ FROZEN(0.765/0.958) staff:18 THIN_BARLINE}, RIGHT=BarlineInter#184{ FROZEN(0.780/0.935) staff:18 THIN_BARLINE}}
2026-03-14 00:01:50,711 DEBUG [CRASH COMPLEXION_p010]                Staff.java:1975 | Staff#19 sideBars:{LEFT=BarlineInter#188{ FROZEN(0.792/0.963) staff:19 THIN_BARLINE}, RIGHT=BarlineInter#192{ FROZEN(0.796/0.939) staff:19 THIN_BARLINE}}
2026-03-14 00:01:50,716 DEBUG [CRASH COMPLEXION_p010]                Staff.java:1975 | Staff#20 sideBars:{LEFT=BarlineInter#196{ FROZEN(0.779/0.961) staff:20 THIN_BARLINE}, RIGHT=BarlineInter#200{ FROZEN(0.784/0.936) staff:20 THIN_BARLINE}}
2026-03-14 00:01:50,717 DEBUG [CRASH COMPLEXION_p010]                Staff.java:1975 | Staff#21 sideBars:{LEFT=BarlineInter#204{ FROZEN(0.796/0.965) staff:21 THIN_BARLINE}, RIGHT=BarlineInter#208{ FROZEN(0.796/0.940) staff:21 THIN_BARLINE}}
2026-03-14 00:01:50,718 DEBUG [CRASH COMPLEXION_p010]                Staff.java:1975 | Staff#22 sideBars:{LEFT=BarlineInter#210{ FROZEN(0.780/0.962) staff:22 THIN_BARLINE}, RIGHT=BarlineInter#214{ FROZEN(0.784/0.784) staff:22 THIN_BARLINE}}
2026-03-14 00:01:50,718 DEBUG [CRASH COMPLEXION_p010]                Staff.java:1975 | Staff#23 sideBars:{LEFT=BarlineInter#218{ FROZEN(0.787/0.963) staff:23 THIN_BARLINE}, RIGHT=BarlineInter#222{ FROZEN(0.784/0.784) staff:23 THIN_BARLINE}}
2026-03-14 00:01:50,719 DEBUG [CRASH COMPLEXION_p010]                Staff.java:1975 | Staff#24 sideBars:{LEFT=BarlineInter#226{ FROZEN(0.780/0.935) staff:24 THIN_BARLINE}, RIGHT=BarlineInter#230{ FROZEN(0.780/0.780) staff:24 THIN_BARLINE}}
2026-03-14 00:01:50,724 INFO [CRASH COMPLEXION_p010]            SheetStub.java:1000 | Loaded /sheet#1/sheet#1.xml
2026-03-14 00:01:50,791 DEBUG [CRASH COMPLEXION_p010]        SymbolsFilter.java:182  | SymbolsFilter running...
2026-03-14 00:01:50,795 DEBUG [CRASH COMPLEXION_p010]              Picture.java:692  | BINARY source built as ip[width=2300, height=3170, bits=8, min=0.0, max=255.0]
2026-03-14 00:01:50,816 DEBUG [CRASH COMPLEXION_p010]              Picture.java:692  | NO_STAFF source built as ip[width=2300, height=3170, bits=8, min=0.0, max=255.0]
2026-03-14 00:01:51,264 DEBUG [CRASH COMPLEXION_p010]        SymbolsFilter.java:135  | Symbol glyphs: 765
2026-03-14 00:01:51,680 DEBUG [CRASH COMPLEXION_p010]       SymbolsBuilder.java:155  | System#1 buildSymbols
2026-03-14 00:01:51,941 DEBUG [CRASH COMPLEXION_p010]       SymbolsBuilder.java:321  | symbols sets: 105
2026-03-14 00:01:51,941 DEBUG [CRASH COMPLEXION_p010]       SymbolsBuilder.java:328  | set size: 5
2026-03-14 00:01:51,943 DEBUG [CRASH COMPLEXION_p010]       SymbolsBuilder.java:194  | evaluateGlyph on Glyph{#5466 [SYMBOL]}
2026-03-14 00:01:52,158 DEBUG [CRASH COMPLEXION_p010]       SymbolsBuilder.java:194  | evaluateGlyph on Glyph{#6186 [SYMBOL]}
2026-03-14 00:01:52,168 DEBUG [CRASH COMPLEXION_p010]       SymbolsBuilder.java:194  | evaluateGlyph on Glyph{#6187 [SYMBOL]}
2026-03-14 00:01:52,177 DEBUG [CRASH COMPLEXION_p010]       SymbolsBuilder.java:194  | evaluateGlyph on Glyph{#6188 [SYMBOL]}
2026-03-14 00:01:52,191 DEBUG [CRASH COMPLEXION_p010]       SymbolsBuilder.java:194  | evaluateGlyph on Glyph{#6189 [SYMBOL]}
2026-03-14 00:01:52,202 DEBUG [CRASH COMPLEXION_p010]       SymbolsBuilder.java:194  | evaluateGlyph on Glyph{#5452 [SYMBOL]}
2026-03-14 00:01:52,205 DEBUG [CRASH COMPLEXION_p010]       SymbolsBuilder.java:194  | evaluateGlyph on Glyph{#5506 [SYMBOL]}
2026-03-14 00:01:52,209 DEBUG [CRASH COMPLEXION_p010]       SymbolsBuilder.java:194  | evaluateGlyph on Glyph{#6190 [SYMBOL]}
2026-03-14 00:01:52,219 DEBUG [CRASH COMPLEXION_p010]       SymbolsBuilder.java:194  | evaluateGlyph on Glyph{#6191 [SYMBOL]}
2026-03-14 00:01:52,227 DEBUG [CRASH COMPLEXION_p010]       SymbolsBuilder.java:194  | evaluateGlyph on Glyph{#6192 [SYMBOL]}
2026-03-14 00:01:52,234 DEBUG [CRASH COMPLEXION_p010]       SymbolsBuilder.java:194  | evaluateGlyph on Glyph{#5497 [SYMBOL]}
2026-03-14 00:01:52,238 DEBUG [CRASH COMPLEXION_p010]       SymbolsBuilder.java:194  | evaluateGlyph on Glyph{#5520 [SYMBOL]}
2026-03-14 00:01:52,242 DEBUG [CRASH COMPLEXION_p010]       SymbolsBuilder.java:328  | set size: 4
2026-03-14 00:01:52,243 DEBUG [CRASH COMPLEXION_p010]       SymbolsBuilder.java:194  | evaluateGlyph on Glyph{#5465 [SYMBOL]}
2026-03-14 00:01:52,254 DEBUG [CRASH COMPLEXION_p010]       SymbolsBuilder.java:194  | evaluateGlyph on Glyph{#6193 [SYMBOL]}
2026-03-14 00:01:52,260 DEBUG [CRASH COMPLEXION_p010]       SymbolsBuilder.java:194  | evaluateGlyph on Glyph{#6194 [SYMBOL]}
2026-03-14 00:01:52,269 DEBUG [CRASH COMPLEXION_p010]       SymbolsBuilder.java:194  | evaluateGlyph on Glyph{#5496 [SYMBOL]}
2026-03-14 00:01:52,276 DEBUG [CRASH COMPLEXION_p010]       SymbolsBuilder.java:194  | evaluateGlyph on Glyph{#6195 [SYMBOL]}
2026-03-14 00:01:52,281 DEBUG [CRASH COMPLEXION_p010]       SymbolsBuilder.java:194  | evaluateGlyph on Glyph{#5451 [SYMBOL]}
2026-03-14 00:01:52,283 DEBUG [CRASH COMPLEXION_p010]       SymbolsBuilder.java:194  | evaluateGlyph on Glyph{#5519 [SYMBOL]}
2026-03-14 00:01:52,285 DEBUG [CRASH COMPLEXION_p010]       SymbolsBuilder.java:328  | set size: 4
2026-03-14 00:01:52,285 DEBUG [CRASH COMPLEXION_p010]       SymbolsBuilder.java:194  | evaluateGlyph on Glyph{#5470 [SYMBOL]}
2026-03-14 00:01:52,291 DEBUG [CRASH COMPLEXION_p010]       SymbolsBuilder.java:194  | evaluateGlyph on Glyph{#6196 [SYMBOL]}
2026-03-14 00:01:52,298 DEBUG [CRASH COMPLEXION_p010]       SymbolsBuilder.java:194  | evaluateGlyph on Glyph{#5513 [SYMBOL]}
2026-03-14 00:01:52,300 DEBUG [CRASH COMPLEXION_p010]       SymbolsBuilder.java:194  | evaluateGlyph on Glyph{#5454 [SYMBOL]}
2026-03-14 00:01:52,304 DEBUG [CRASH COMPLEXION_p010]       SymbolsBuilder.java:194  | evaluateGlyph on Glyph{#6197 [SYMBOL]}
2026-03-14 00:01:52,313 DEBUG [CRASH COMPLEXION_p010]       SymbolsBuilder.java:194  | evaluateGlyph on Glyph{#5458 [SYMBOL]}
2026-03-14 00:01:52,316 DEBUG [CRASH COMPLEXION_p010]       SymbolsBuilder.java:328  | set size: 5
2026-03-14 00:01:52,317 DEBUG [CRASH COMPLEXION_p010]       SymbolsBuilder.java:194  | evaluateGlyph on Glyph{#5479 [SYMBOL]}
2026-03-14 00:01:52,320 DEBUG [CRASH COMPLEXION_p010]       SymbolsBuilder.java:194  | evaluateGlyph on Glyph{#6198 [SYMBOL]}
2026-03-14 00:01:52,327 DEBUG [CRASH COMPLEXION_p010]       SymbolsBuilder.java:194  | evaluateGlyph on Glyph{#6199 [SYMBOL]}
2026-03-14 00:01:52,334 DEBUG [CRASH COMPLEXION_p010]       SymbolsBuilder.java:194  | evaluateGlyph on Glyph{#6200 [SYMBOL]}
2026-03-14 00:01:52,341 DEBUG [CRASH COMPLEXION_p010]       SymbolsBuilder.java:194  | evaluateGlyph on Glyph{#6201 [SYMBOL]}
2026-03-14 00:01:52,347 DEBUG [CRASH COMPLEXION_p010]       SymbolsBuilder.java:194  | evaluateGlyph on Glyph{#6202 [SYMBOL]}
2026-03-14 00:01:52,354 DEBUG [CRASH COMPLEXION_p010]       SymbolsBuilder.java:194  | evaluateGlyph on Glyph{#6203 [SYMBOL]}
2026-03-14 00:01:52,359 DEBUG [CRASH COMPLEXION_p010]       SymbolsBuilder.java:194  | evaluateGlyph on Glyph{#5460 [SYMBOL]}
2026-03-14 00:01:52,362 DEBUG [CRASH COMPLEXION_p010]       SymbolsBuilder.java:194  | evaluateGlyph on Glyph{#5494 [SYMBOL]}
2026-03-14 00:01:52,364 DEBUG [CRASH COMPLEXION_p010]       SymbolsBuilder.java:194  | evaluateGlyph on Glyph{#6204 [SYMBOL]}
2026-03-14 00:01:52,367 DEBUG [CRASH COMPLEXION_p010]       SymbolsBuilder.java:194  | evaluateGlyph on Glyph{#6205 [SYMBOL]}
2026-03-14 00:01:52,372 DEBUG [CRASH COMPLEXION_p010]       SymbolsBuilder.java:194  | evaluateGlyph on Glyph{#5522 [SYMBOL]}
2026-03-14 00:01:52,374 DEBUG [CRASH COMPLEXION_p010]       SymbolsBuilder.java:194  | evaluateGlyph on Glyph{#6206 [SYMBOL]}
2026-03-14 00:01:52,377 DEBUG [CRASH COMPLEXION_p010]       SymbolsBuilder.java:194  | evaluateGlyph on Glyph{#5508 [SYMBOL]}
2026-03-14 00:01:52,379 DEBUG [CRASH COMPLEXION_p010]       SymbolsBuilder.java:328  | set size: 4
2026-03-14 00:01:52,379 DEBUG [CRASH COMPLEXION_p010]       SymbolsBuilder.java:194  | evaluateGlyph on Glyph{#5485 [SYMBOL]}
2026-03-14 00:01:52,383 DEBUG [CRASH COMPLEXION_p010]       SymbolsBuilder.java:194  | evaluateGlyph on Glyph{#6207 [SYMBOL]}
2026-03-14 00:01:52,388 DEBUG [CRASH COMPLEXION_p010]       SymbolsBuilder.java:194  | evaluateGlyph on Glyph{#6208 [SYMBOL]}
2026-03-14 00:01:52,394 DEBUG [CRASH COMPLEXION_p010]       SymbolsBuilder.java:194  | evaluateGlyph on Glyph{#6209 [SYMBOL]}
2026-03-14 00:01:52,400 DEBUG [CRASH COMPLEXION_p010]       SymbolsBuilder.java:194  | evaluateGlyph on Glyph{#6210 [SYMBOL]}
2026-03-14 00:01:52,406 DEBUG [CRASH COMPLEXION_p010]       SymbolsBuilder.java:194  | evaluateGlyph on Glyph{#6211 [SYMBOL]}
2026-03-14 00:01:52,411 DEBUG [CRASH COMPLEXION_p010]       SymbolsBuilder.java:194  | evaluateGlyph on Glyph{#5468 [SYMBOL]}
2026-03-14 00:01:52,413 DEBUG [CRASH COMPLEXION_p010]       SymbolsBuilder.java:194  | evaluateGlyph on Glyph{#6212 [SYMBOL]}
2026-03-14 00:01:52,417 DEBUG [CRASH COMPLEXION_p010]       SymbolsBuilder.java:194  | evaluateGlyph on Glyph{#5524 [SYMBOL]}
2026-03-14 00:01:52,419 DEBUG [CRASH COMPLEXION_p010]       SymbolsBuilder.java:194  | evaluateGlyph on Glyph{#5480 [SYMBOL]}
2026-03-14 00:01:52,420 DEBUG [CRASH COMPLEXION_p010]       SymbolsBuilder.java:328  | set size: 2
2026-03-14 00:01:52,420 DEBUG [CRASH COMPLEXION_p010]       SymbolsBuilder.java:194  | evaluateGlyph on Glyph{#5483 [SYMBOL]}
2026-03-14 00:01:52,425 DEBUG [CRASH COMPLEXION_p010]       SymbolsBuilder.java:194  | evaluateGlyph on Glyph{#6213 [SYMBOL]}
2026-03-14 00:01:52,433 DEBUG [CRASH COMPLEXION_p010]       SymbolsBuilder.java:194  | evaluateGlyph on Glyph{#5473 [SYMBOL]}
2026-03-14 00:01:52,437 DEBUG [CRASH COMPLEXION_p010]       SymbolsBuilder.java:328  | set size: 2
2026-03-14 00:01:52,437 DEBUG [CRASH COMPLEXION_p010]       SymbolsBuilder.java:194  | evaluateGlyph on Glyph{#5502 [SYMBOL]}
2026-03-14 00:01:52,441 DEBUG [CRASH COMPLEXION_p010]       SymbolsBuilder.java:194  | evaluateGlyph on Glyph{#6214 [SYMBOL]}
2026-03-14 00:01:52,445 DEBUG [CRASH COMPLEXION_p010]       SymbolsBuilder.java:194  | evaluateGlyph on Glyph{#5489 [SYMBOL]}
2026-03-14 00:01:52,448 DEBUG [CRASH COMPLEXION_p010]       SymbolsBuilder.java:328  | set size: 3
2026-03-14 00:01:52,448 DEBUG [CRASH COMPLEXION_p010]       SymbolsBuilder.java:194  | evaluateGlyph on Glyph{#5521 [SYMBOL]}
2026-03-14 00:01:52,450 DEBUG [CRASH COMPLEXION_p010]       SymbolsBuilder.java:194  | evaluateGlyph on Glyph{#6215 [SYMBOL]}
2026-03-14 00:01:52,453 DEBUG [CRASH COMPLEXION_p010]       SymbolsBuilder.java:194  | evaluateGlyph on Glyph{#6216 [SYMBOL]}
2026-03-14 00:01:52,457 DEBUG [CRASH COMPLEXION_p010]       SymbolsBuilder.java:194  | evaluateGlyph on Glyph{#5507 [SYMBOL]}
2026-03-14 00:01:52,459 DEBUG [CRASH COMPLEXION_p010]       SymbolsBuilder.java:194  | evaluateGlyph on Glyph{#6217 [SYMBOL]}
2026-03-14 00:01:52,462 DEBUG [CRASH COMPLEXION_p010]       SymbolsBuilder.java:194  | evaluateGlyph on Glyph{#5490 [SYMBOL]}
2026-03-14 00:01:52,465 DEBUG [CRASH COMPLEXION_p010]       SymbolsBuilder.java:328  | set size: 3
2026-03-14 00:01:52,466 DEBUG [CRASH COMPLEXION_p010]       SymbolsBuilder.java:194  | evaluateGlyph on Glyph{#5523 [SYMBOL]}
2026-03-14 00:01:52,468 DEBUG [CRASH COMPLEXION_p010]       SymbolsBuilder.java:194  | evaluateGlyph on Glyph{#6218 [SYMBOL]}
2026-03-14 00:01:52,471 DEBUG [CRASH COMPLEXION_p010]       SymbolsBuilder.java:194  | evaluateGlyph on Glyph{#6219 [SYMBOL]}
2026-03-14 00:01:52,475 DEBUG [CRASH COMPLEXION_p010]       SymbolsBuilder.java:194  | evaluateGlyph on Glyph{#5509 [SYMBOL]}
2026-03-14 00:01:52,477 DEBUG [CRASH COMPLEXION_p010]       SymbolsBuilder.java:194  | evaluateGlyph on Glyph{#6220 [SYMBOL]}
2026-03-14 00:01:52,479 DEBUG [CRASH COMPLEXION_p010]       SymbolsBuilder.java:194  | evaluateGlyph on Glyph{#5491 [SYMBOL]}
2026-03-14 00:01:52,481 DEBUG [CRASH COMPLEXION_p010]       SymbolsBuilder.java:328  | set size: 1
2026-03-14 00:01:52,481 DEBUG [CRASH COMPLEXION_p010]       SymbolsBuilder.java:194  | evaluateGlyph on Glyph{#5528 [SYMBOL]}
2026-03-14 00:01:52,485 DEBUG [CRASH COMPLEXION_p010]       SymbolsBuilder.java:328  | set size: 1
2026-03-14 00:01:52,486 DEBUG [CRASH COMPLEXION_p010]       SymbolsBuilder.java:194  | evaluateGlyph on Glyph{#5529 [SYMBOL]}
2026-03-14 00:01:52,487 DEBUG [CRASH COMPLEXION_p010]       SymbolsBuilder.java:328  | set size: 4
2026-03-14 00:01:52,487 DEBUG [CRASH COMPLEXION_p010]       SymbolsBuilder.java:194  | evaluateGlyph on Glyph{#6167 [SYMBOL]}
2026-03-14 00:01:52,488 DEBUG [CRASH COMPLEXION_p010]       SymbolsBuilder.java:194  | evaluateGlyph on Glyph{#5726 [SYMBOL]}
2026-03-14 00:01:52,489 DEBUG [CRASH COMPLEXION_p010]       SymbolsBuilder.java:194  | evaluateGlyph on Glyph{#5738 [SYMBOL]}
2026-03-14 00:01:52,490 DEBUG [CRASH COMPLEXION_p010]       SymbolsBuilder.java:328  | set size: 1
2026-03-14 00:01:52,490 DEBUG [CRASH COMPLEXION_p010]       SymbolsBuilder.java:194  | evaluateGlyph on Glyph{#5533 [SYMBOL]}
2026-03-14 00:01:52,491 DEBUG [CRASH COMPLEXION_p010]       SymbolsBuilder.java:328  | set size: 4
2026-03-14 00:01:52,491 DEBUG [CRASH COMPLEXION_p010]       SymbolsBuilder.java:194  | evaluateGlyph on Glyph{#5534 [SYMBOL]}
2026-03-14 00:01:52,497 DEBUG [CRASH COMPLEXION_p010]       SymbolsBuilder.java:194  | evaluateGlyph on Glyph{#6221 [SYMBOL]}
2026-03-14 00:01:52,503 DEBUG [CRASH COMPLEXION_p010]       SymbolsBuilder.java:194  | evaluateGlyph on Glyph{#6222 [SYMBOL]}
2026-03-14 00:01:52,509 DEBUG [CRASH COMPLEXION_p010]       SymbolsBuilder.java:194  | evaluateGlyph on Glyph{#6223 [SYMBOL]}
2026-03-14 00:01:52,515 DEBUG [CRASH COMPLEXION_p010]       SymbolsBuilder.java:194  | evaluateGlyph on Glyph{#6224 [SYMBOL]}
2026-03-14 00:01:52,521 DEBUG [CRASH COMPLEXION_p010]       SymbolsBuilder.java:194  | evaluateGlyph on Glyph{#6225 [SYMBOL]}
2026-03-14 00:01:52,525 DEBUG [CRASH COMPLEXION_p010]       SymbolsBuilder.java:194  | evaluateGlyph on Glyph{#5535 [SYMBOL]}
2026-03-14 00:01:52,531 DEBUG [CRASH COMPLEXION_p010]       SymbolsBuilder.java:194  | evaluateGlyph on Glyph{#6226 [SYMBOL]}
2026-03-14 00:01:52,534 DEBUG [CRASH COMPLEXION_p010]       SymbolsBuilder.java:194  | evaluateGlyph on Glyph{#5546 [SYMBOL]}
2026-03-14 00:01:52,536 DEBUG [CRASH COMPLEXION_p010]       SymbolsBuilder.java:194  | evaluateGlyph on Glyph{#5547 [SYMBOL]}
2026-03-14 00:01:52,538 DEBUG [CRASH COMPLEXION_p010]       SymbolsBuilder.java:328  | set size: 1
2026-03-14 00:01:52,538 DEBUG [CRASH COMPLEXION_p010]       SymbolsBuilder.java:194  | evaluateGlyph on Glyph{#5541 [SYMBOL]}
2026-03-14 00:01:52,540 DEBUG [CRASH COMPLEXION_p010]       SymbolsBuilder.java:328  | set size: 1
2026-03-14 00:01:52,540 DEBUG [CRASH COMPLEXION_p010]       SymbolsBuilder.java:194  | evaluateGlyph on Glyph{#5545 [SYMBOL]}
2026-03-14 00:01:52,541 DEBUG [CRASH COMPLEXION_p010]       SymbolsBuilder.java:328  | set size: 5
2026-03-14 00:01:52,542 DEBUG [CRASH COMPLEXION_p010]       SymbolsBuilder.java:194  | evaluateGlyph on Glyph{#5556 [SYMBOL]}
2026-03-14 00:01:52,544 DEBUG [CRASH COMPLEXION_p010]       SymbolsBuilder.java:194  | evaluateGlyph on Glyph{#6227 [SYMBOL]}
2026-03-14 00:01:52,547 DEBUG [CRASH COMPLEXION_p010]       SymbolsBuilder.java:194  | evaluateGlyph on Glyph{#6228 [SYMBOL]}
2026-03-14 00:01:52,551 DEBUG [CRASH COMPLEXION_p010]       SymbolsBuilder.java:194  | evaluateGlyph on Glyph{#6229 [SYMBOL]}
2026-03-14 00:01:52,554 DEBUG [CRASH COMPLEXION_p010]       SymbolsBuilder.java:194  | evaluateGlyph on Glyph{#5600 [SYMBOL]}
2026-03-14 00:01:52,557 DEBUG [CRASH COMPLEXION_p010]       SymbolsBuilder.java:194  | evaluateGlyph on Glyph{#6230 [SYMBOL]}
2026-03-14 00:01:52,560 DEBUG [CRASH COMPLEXION_p010]       SymbolsBuilder.java:194  | evaluateGlyph on Glyph{#6231 [SYMBOL]}
2026-03-14 00:01:52,563 DEBUG [CRASH COMPLEXION_p010]       SymbolsBuilder.java:194  | evaluateGlyph on Glyph{#6232 [SYMBOL]}
2026-03-14 00:01:52,566 DEBUG [CRASH COMPLEXION_p010]       SymbolsBuilder.java:194  | evaluateGlyph on Glyph{#5586 [SYMBOL]}
2026-03-14 00:01:52,568 DEBUG [CRASH COMPLEXION_p010]       SymbolsBuilder.java:194  | evaluateGlyph on Glyph{#6233 [SYMBOL]}
2026-03-14 00:01:52,570 DEBUG [CRASH COMPLEXION_p010]       SymbolsBuilder.java:194  | evaluateGlyph on Glyph{#6234 [SYMBOL]}
2026-03-14 00:01:52,573 DEBUG [CRASH COMPLEXION_p010]       SymbolsBuilder.java:194  | evaluateGlyph on Glyph{#6235 [SYMBOL]}
2026-03-14 00:01:52,575 DEBUG [CRASH COMPLEXION_p010]       SymbolsBuilder.java:194  | evaluateGlyph on Glyph{#5579 [SYMBOL]}
2026-03-14 00:01:52,577 DEBUG [CRASH COMPLEXION_p010]       SymbolsBuilder.java:194  | evaluateGlyph on Glyph{#5593 [SYMBOL]}
2026-03-14 00:01:52,578 DEBUG [CRASH COMPLEXION_p010]       SymbolsBuilder.java:328  | set size: 11
2026-03-14 00:01:52,578 DEBUG [CRASH COMPLEXION_p010]       SymbolsBuilder.java:340  | Symbol parts shrunk from 11 to 7
2026-03-14 00:01:52,579 DEBUG [CRASH COMPLEXION_p010]       SymbolsBuilder.java:194  | evaluateGlyph on Glyph{#5630 [SYMBOL]}
2026-03-14 00:01:52,582 DEBUG [CRASH COMPLEXION_p010]       SymbolsBuilder.java:194  | evaluateGlyph on Glyph{#6236 [SYMBOL]}
2026-03-14 00:01:52,586 DEBUG [CRASH COMPLEXION_p010]       SymbolsBuilder.java:194  | evaluateGlyph on Glyph{#6237 [SYMBOL]}
2026-03-14 00:01:52,591 DEBUG [CRASH COMPLEXION_p010]       SymbolsBuilder.java:194  | evaluateGlyph on Glyph{#6238 [SYMBOL]}
2026-03-14 00:01:52,594 DEBUG [CRASH COMPLEXION_p010]       SymbolsBuilder.java:194  | evaluateGlyph on Glyph{#5562 [SYMBOL]}
2026-03-14 00:01:52,596 DEBUG [CRASH COMPLEXION_p010]       SymbolsBuilder.java:194  | evaluateGlyph on Glyph{#6239 [SYMBOL]}
2026-03-14 00:01:52,598 DEBUG [CRASH COMPLEXION_p010]       SymbolsBuilder.java:194  | evaluateGlyph on Glyph{#6240 [SYMBOL]}
2026-03-14 00:01:52,601 DEBUG [CRASH COMPLEXION_p010]       SymbolsBuilder.java:194  | evaluateGlyph on Glyph{#5598 [SYMBOL]}
2026-03-14 00:01:52,603 DEBUG [CRASH COMPLEXION_p010]       SymbolsBuilder.java:194  | evaluateGlyph on Glyph{#6242 [SYMBOL]}
2026-03-14 00:01:52,608 DEBUG [CRASH COMPLEXION_p010]       SymbolsBuilder.java:194  | evaluateGlyph on Glyph{#6244 [SYMBOL]}
2026-03-14 00:01:52,611 DEBUG [CRASH COMPLEXION_p010]       SymbolsBuilder.java:194  | evaluateGlyph on Glyph{#5589 [SYMBOL]}
2026-03-14 00:01:52,613 DEBUG [CRASH COMPLEXION_p010]       SymbolsBuilder.java:194  | evaluateGlyph on Glyph{#6245 [SYMBOL]}
2026-03-14 00:01:52,617 DEBUG [CRASH COMPLEXION_p010]       SymbolsBuilder.java:194  | evaluateGlyph on Glyph{#5620 [SYMBOL]}
2026-03-14 00:01:52,621 DEBUG [CRASH COMPLEXION_p010]       SymbolsBuilder.java:194  | evaluateGlyph on Glyph{#5633 [SYMBOL]}
2026-03-14 00:01:52,623 DEBUG [CRASH COMPLEXION_p010]       SymbolsBuilder.java:194  | evaluateGlyph on Glyph{#5581 [SYMBOL]}
2026-03-14 00:01:52,625 DEBUG [CRASH COMPLEXION_p010]       SymbolsBuilder.java:328  | set size: 3
2026-03-14 00:01:52,625 DEBUG [CRASH COMPLEXION_p010]       SymbolsBuilder.java:194  | evaluateGlyph on Glyph{#5628 [SYMBOL]}
2026-03-14 00:01:52,628 DEBUG [CRASH COMPLEXION_p010]       SymbolsBuilder.java:194  | evaluateGlyph on Glyph{#5566 [SYMBOL]}
2026-03-14 00:01:52,629 DEBUG [CRASH COMPLEXION_p010]       SymbolsBuilder.java:328  | set size: 3
2026-03-14 00:01:52,630 DEBUG [CRASH COMPLEXION_p010]       SymbolsBuilder.java:194  | evaluateGlyph on Glyph{#5567 [SYMBOL]}
2026-03-14 00:01:52,631 DEBUG [CRASH COMPLEXION_p010]       SymbolsBuilder.java:194  | evaluateGlyph on Glyph{#6246 [SYMBOL]}
2026-03-14 00:01:52,633 DEBUG [CRASH COMPLEXION_p010]       SymbolsBuilder.java:194  | evaluateGlyph on Glyph{#5591 [SYMBOL]}
2026-03-14 00:01:52,634 DEBUG [CRASH COMPLEXION_p010]       SymbolsBuilder.java:194  | evaluateGlyph on Glyph{#6248 [SYMBOL]}
2026-03-14 00:01:52,635 DEBUG [CRASH COMPLEXION_p010]       SymbolsBuilder.java:194  | evaluateGlyph on Glyph{#5585 [SYMBOL]}
2026-03-14 00:01:52,636 DEBUG [CRASH COMPLEXION_p010]       SymbolsBuilder.java:328  | set size: 1
2026-03-14 00:01:52,636 DEBUG [CRASH COMPLEXION_p010]       SymbolsBuilder.java:194  | evaluateGlyph on Glyph{#5616 [SYMBOL]}
2026-03-14 00:01:52,639 DEBUG [CRASH COMPLEXION_p010]       SymbolsBuilder.java:328  | set size: 1
2026-03-14 00:01:52,639 DEBUG [CRASH COMPLEXION_p010]       SymbolsBuilder.java:194  | evaluateGlyph on Glyph{#5623 [SYMBOL]}
2026-03-14 00:01:52,641 DEBUG [CRASH COMPLEXION_p010]       SymbolsBuilder.java:328  | set size: 2
2026-03-14 00:01:52,641 DEBUG [CRASH COMPLEXION_p010]       SymbolsBuilder.java:194  | evaluateGlyph on Glyph{#5624 [SYMBOL]}
2026-03-14 00:01:52,642 DEBUG [CRASH COMPLEXION_p010]       SymbolsBuilder.java:194  | evaluateGlyph on Glyph{#6249 [SYMBOL]}
2026-03-14 00:01:52,645 DEBUG [CRASH COMPLEXION_p010]       SymbolsBuilder.java:194  | evaluateGlyph on Glyph{#5629 [SYMBOL]}
2026-03-14 00:01:52,646 DEBUG [CRASH COMPLEXION_p010]       SymbolsBuilder.java:328  | set size: 1
2026-03-14 00:01:52,647 DEBUG [CRASH COMPLEXION_p010]       SymbolsBuilder.java:194  | evaluateGlyph on Glyph{#5640 [SYMBOL]}
2026-03-14 00:01:52,652 DEBUG [CRASH COMPLEXION_p010]       SymbolsBuilder.java:328  | set size: 1
2026-03-14 00:01:52,652 DEBUG [CRASH COMPLEXION_p010]       SymbolsBuilder.java:194  | evaluateGlyph on Glyph{#5652 [SYMBOL]}
2026-03-14 00:01:52,655 DEBUG [CRASH COMPLEXION_p010]       SymbolsBuilder.java:328  | set size: 1
2026-03-14 00:01:52,656 DEBUG [CRASH COMPLEXION_p010]       SymbolsBuilder.java:194  | evaluateGlyph on Glyph{#5653 [SYMBOL]}
2026-03-14 00:01:52,657 DEBUG [CRASH COMPLEXION_p010]       SymbolsBuilder.java:328  | set size: 1
2026-03-14 00:01:52,658 DEBUG [CRASH COMPLEXION_p010]       SymbolsBuilder.java:194  | evaluateGlyph on Glyph{#5654 [SYMBOL]}
2026-03-14 00:01:52,660 DEBUG [CRASH COMPLEXION_p010]       SymbolsBuilder.java:328  | set size: 3
2026-03-14 00:01:52,661 DEBUG [CRASH COMPLEXION_p010]       SymbolsBuilder.java:194  | evaluateGlyph on Glyph{#5671 [SYMBOL]}
2026-03-14 00:01:52,662 DEBUG [CRASH COMPLEXION_p010]       SymbolsBuilder.java:194  | evaluateGlyph on Glyph{#6253 [SYMBOL]}
2026-03-14 00:01:52,663 DEBUG [CRASH COMPLEXION_p010]       SymbolsBuilder.java:194  | evaluateGlyph on Glyph{#6254 [SYMBOL]}
2026-03-14 00:01:52,664 DEBUG [CRASH COMPLEXION_p010]       SymbolsBuilder.java:194  | evaluateGlyph on Glyph{#6255 [SYMBOL]}
2026-03-14 00:01:52,665 DEBUG [CRASH COMPLEXION_p010]       SymbolsBuilder.java:194  | evaluateGlyph on Glyph{#5666 [SYMBOL]}
2026-03-14 00:01:52,668 DEBUG [CRASH COMPLEXION_p010]       SymbolsBuilder.java:194  | evaluateGlyph on Glyph{#6257 [SYMBOL]}
2026-03-14 00:01:52,669 DEBUG [CRASH COMPLEXION_p010]       SymbolsBuilder.java:194  | evaluateGlyph on Glyph{#5670 [SYMBOL]}
2026-03-14 00:01:52,670 DEBUG [CRASH COMPLEXION_p010]       SymbolsBuilder.java:328  | set size: 2
2026-03-14 00:01:52,671 DEBUG [CRASH COMPLEXION_p010]       SymbolsBuilder.java:194  | evaluateGlyph on Glyph{#5667 [SYMBOL]}
2026-03-14 00:01:52,672 DEBUG [CRASH COMPLEXION_p010]       SymbolsBuilder.java:194  | evaluateGlyph on Glyph{#6258 [SYMBOL]}
2026-03-14 00:01:52,673 DEBUG [CRASH COMPLEXION_p010]       SymbolsBuilder.java:194  | evaluateGlyph on Glyph{#5674 [SYMBOL]}
2026-03-14 00:01:52,674 DEBUG [CRASH COMPLEXION_p010]       SymbolsBuilder.java:328  | set size: 2
2026-03-14 00:01:52,674 DEBUG [CRASH COMPLEXION_p010]       SymbolsBuilder.java:194  | evaluateGlyph on Glyph{#5682 [SYMBOL]}
2026-03-14 00:01:52,676 DEBUG [CRASH COMPLEXION_p010]       SymbolsBuilder.java:194  | evaluateGlyph on Glyph{#6259 [SYMBOL]}
2026-03-14 00:01:52,678 DEBUG [CRASH COMPLEXION_p010]       SymbolsBuilder.java:328  | set size: 2
2026-03-14 00:01:52,678 DEBUG [CRASH COMPLEXION_p010]       SymbolsBuilder.java:194  | evaluateGlyph on Glyph{#5694 [SYMBOL]}
2026-03-14 00:01:52,680 DEBUG [CRASH COMPLEXION_p010]       SymbolsBuilder.java:194  | evaluateGlyph on Glyph{#6260 [SYMBOL]}
2026-03-14 00:01:52,683 DEBUG [CRASH COMPLEXION_p010]       SymbolsBuilder.java:328  | set size: 1
2026-03-14 00:01:52,684 DEBUG [CRASH COMPLEXION_p010]       SymbolsBuilder.java:194  | evaluateGlyph on Glyph{#5699 [SYMBOL]}
2026-03-14 00:01:52,685 DEBUG [CRASH COMPLEXION_p010]       SymbolsBuilder.java:328  | set size: 1
2026-03-14 00:01:52,685 DEBUG [CRASH COMPLEXION_p010]       SymbolsBuilder.java:194  | evaluateGlyph on Glyph{#5703 [SYMBOL]}
2026-03-14 00:01:52,686 DEBUG [CRASH COMPLEXION_p010]       SymbolsBuilder.java:328  | set size: 1
2026-03-14 00:01:52,686 DEBUG [CRASH COMPLEXION_p010]       SymbolsBuilder.java:194  | evaluateGlyph on Glyph{#5704 [SYMBOL]}
2026-03-14 00:01:52,687 DEBUG [CRASH COMPLEXION_p010]       SymbolsBuilder.java:328  | set size: 1
2026-03-14 00:01:52,688 DEBUG [CRASH COMPLEXION_p010]       SymbolsBuilder.java:194  | evaluateGlyph on Glyph{#5717 [SYMBOL]}
2026-03-14 00:01:52,691 DEBUG [CRASH COMPLEXION_p010]       SymbolsBuilder.java:328  | set size: 1
2026-03-14 00:01:52,691 DEBUG [CRASH COMPLEXION_p010]       SymbolsBuilder.java:194  | evaluateGlyph on Glyph{#5718 [SYMBOL]}
2026-03-14 00:01:52,694 DEBUG [CRASH COMPLEXION_p010]         MeasureStack.java:256  | No part yet for FlagInter#6263{(0.798) FLAG_1_DOWN}
2026-03-14 00:01:52,694 DEBUG [CRASH COMPLEXION_p010]       SymbolsBuilder.java:328  | set size: 2
2026-03-14 00:01:52,694 DEBUG [CRASH COMPLEXION_p010]       SymbolsBuilder.java:194  | evaluateGlyph on Glyph{#5732 [SYMBOL]}
2026-03-14 00:01:52,696 DEBUG [CRASH COMPLEXION_p010]       SymbolsBuilder.java:194  | evaluateGlyph on Glyph{#6264 [SYMBOL]}
2026-03-14 00:01:52,698 DEBUG [CRASH COMPLEXION_p010]       SymbolsBuilder.java:194  | evaluateGlyph on Glyph{#5720 [SYMBOL]}
2026-03-14 00:01:52,700 DEBUG [CRASH COMPLEXION_p010]       SymbolsBuilder.java:328  | set size: 1
2026-03-14 00:01:52,700 DEBUG [CRASH COMPLEXION_p010]       SymbolsBuilder.java:194  | evaluateGlyph on Glyph{#5728 [SYMBOL]}
2026-03-14 00:01:52,701 DEBUG [CRASH COMPLEXION_p010]       SymbolsBuilder.java:328  | set size: 1
2026-03-14 00:01:52,701 DEBUG [CRASH COMPLEXION_p010]       SymbolsBuilder.java:194  | evaluateGlyph on Glyph{#5730 [SYMBOL]}
2026-03-14 00:01:52,702 DEBUG [CRASH COMPLEXION_p010]       SymbolsBuilder.java:328  | set size: 1
2026-03-14 00:01:52,703 DEBUG [CRASH COMPLEXION_p010]       SymbolsBuilder.java:194  | evaluateGlyph on Glyph{#5731 [SYMBOL]}
2026-03-14 00:01:52,704 DEBUG [CRASH COMPLEXION_p010]       SymbolsBuilder.java:328  | set size: 1
2026-03-14 00:01:52,704 DEBUG [CRASH COMPLEXION_p010]       SymbolsBuilder.java:194  | evaluateGlyph on Glyph{#5734 [SYMBOL]}
2026-03-14 00:01:52,706 DEBUG [CRASH COMPLEXION_p010]       SymbolsBuilder.java:328  | set size: 8
2026-03-14 00:01:52,706 DEBUG [CRASH COMPLEXION_p010]       SymbolsBuilder.java:340  | Symbol parts shrunk from 8 to 7
2026-03-14 00:01:52,706 DEBUG [CRASH COMPLEXION_p010]       SymbolsBuilder.java:194  | evaluateGlyph on Glyph{#5742 [SYMBOL]}
2026-03-14 00:01:52,708 DEBUG [CRASH COMPLEXION_p010]       SymbolsBuilder.java:194  | evaluateGlyph on Glyph{#6266 [SYMBOL]}
2026-03-14 00:01:52,711 DEBUG [CRASH COMPLEXION_p010]       SymbolsBuilder.java:194  | evaluateGlyph on Glyph{#6267 [SYMBOL]}
2026-03-14 00:01:52,717 DEBUG [CRASH COMPLEXION_p010]       SymbolsBuilder.java:194  | evaluateGlyph on Glyph{#6268 [SYMBOL]}
2026-03-14 00:01:52,721 DEBUG [CRASH COMPLEXION_p010]       SymbolsBuilder.java:194  | evaluateGlyph on Glyph{#6269 [SYMBOL]}
2026-03-14 00:01:52,724 DEBUG [CRASH COMPLEXION_p010]       SymbolsBuilder.java:194  | evaluateGlyph on Glyph{#6270 [SYMBOL]}
2026-03-14 00:01:52,728 DEBUG [CRASH COMPLEXION_p010]       SymbolsBuilder.java:194  | evaluateGlyph on Glyph{#5743 [SYMBOL]}
2026-03-14 00:01:52,730 DEBUG [CRASH COMPLEXION_p010]       SymbolsBuilder.java:194  | evaluateGlyph on Glyph{#5769 [SYMBOL]}
2026-03-14 00:01:52,732 DEBUG [CRASH COMPLEXION_p010]       SymbolsBuilder.java:194  | evaluateGlyph on Glyph{#5758 [SYMBOL]}
2026-03-14 00:01:52,735 DEBUG [CRASH COMPLEXION_p010]       SymbolsBuilder.java:194  | evaluateGlyph on Glyph{#6271 [SYMBOL]}
2026-03-14 00:01:52,737 DEBUG [CRASH COMPLEXION_p010]       SymbolsBuilder.java:194  | evaluateGlyph on Glyph{#5759 [SYMBOL]}
2026-03-14 00:01:52,738 DEBUG [CRASH COMPLEXION_p010]       SymbolsBuilder.java:328  | set size: 1
2026-03-14 00:01:52,739 DEBUG [CRASH COMPLEXION_p010]       SymbolsBuilder.java:194  | evaluateGlyph on Glyph{#5737 [SYMBOL]}
2026-03-14 00:01:52,740 DEBUG [CRASH COMPLEXION_p010]       SymbolsBuilder.java:328  | set size: 2
2026-03-14 00:01:52,741 DEBUG [CRASH COMPLEXION_p010]       SymbolsBuilder.java:194  | evaluateGlyph on Glyph{#5782 [SYMBOL]}
2026-03-14 00:01:52,744 DEBUG [CRASH COMPLEXION_p010]       SymbolsBuilder.java:328  | set size: 1
2026-03-14 00:01:52,745 DEBUG [CRASH COMPLEXION_p010]       SymbolsBuilder.java:194  | evaluateGlyph on Glyph{#5753 [SYMBOL]}
2026-03-14 00:01:52,746 DEBUG [CRASH COMPLEXION_p010]       SymbolsBuilder.java:328  | set size: 1
2026-03-14 00:01:52,747 DEBUG [CRASH COMPLEXION_p010]       SymbolsBuilder.java:194  | evaluateGlyph on Glyph{#5774 [SYMBOL]}
2026-03-14 00:01:52,748 DEBUG [CRASH COMPLEXION_p010]       SymbolsBuilder.java:328  | set size: 3
2026-03-14 00:01:52,749 DEBUG [CRASH COMPLEXION_p010]       SymbolsBuilder.java:194  | evaluateGlyph on Glyph{#5777 [SYMBOL]}
2026-03-14 00:01:52,749 DEBUG [CRASH COMPLEXION_p010]       SymbolsBuilder.java:194  | evaluateGlyph on Glyph{#6272 [SYMBOL]}
2026-03-14 00:01:52,751 DEBUG [CRASH COMPLEXION_p010]       SymbolsBuilder.java:194  | evaluateGlyph on Glyph{#6274 [SYMBOL]}
2026-03-14 00:01:52,753 DEBUG [CRASH COMPLEXION_p010]       SymbolsBuilder.java:194  | evaluateGlyph on Glyph{#6275 [SYMBOL]}
2026-03-14 00:01:52,754 DEBUG [CRASH COMPLEXION_p010]       SymbolsBuilder.java:194  | evaluateGlyph on Glyph{#5783 [SYMBOL]}
2026-03-14 00:01:52,755 DEBUG [CRASH COMPLEXION_p010]       SymbolsBuilder.java:194  | evaluateGlyph on Glyph{#6277 [SYMBOL]}
2026-03-14 00:01:52,755 DEBUG [CRASH COMPLEXION_p010]       SymbolsBuilder.java:194  | evaluateGlyph on Glyph{#5784 [SYMBOL]}
2026-03-14 00:01:52,756 DEBUG [CRASH COMPLEXION_p010]       SymbolsBuilder.java:328  | set size: 6
2026-03-14 00:01:52,756 DEBUG [CRASH COMPLEXION_p010]       SymbolsBuilder.java:194  | evaluateGlyph on Glyph{#5820 [SYMBOL]}
2026-03-14 00:01:52,759 DEBUG [CRASH COMPLEXION_p010]       SymbolsBuilder.java:194  | evaluateGlyph on Glyph{#6278 [SYMBOL]}
2026-03-14 00:01:52,762 DEBUG [CRASH COMPLEXION_p010]       SymbolsBuilder.java:194  | evaluateGlyph on Glyph{#6280 [SYMBOL]}
2026-03-14 00:01:52,765 DEBUG [CRASH COMPLEXION_p010]       SymbolsBuilder.java:194  | evaluateGlyph on Glyph{#6281 [SYMBOL]}
2026-03-14 00:01:52,768 DEBUG [CRASH COMPLEXION_p010]       SymbolsBuilder.java:194  | evaluateGlyph on Glyph{#5790 [SYMBOL]}
2026-03-14 00:01:52,770 DEBUG [CRASH COMPLEXION_p010]       SymbolsBuilder.java:194  | evaluateGlyph on Glyph{#6282 [SYMBOL]}
2026-03-14 00:01:52,772 DEBUG [CRASH COMPLEXION_p010]       SymbolsBuilder.java:194  | evaluateGlyph on Glyph{#6283 [SYMBOL]}
2026-03-14 00:01:52,778 DEBUG [CRASH COMPLEXION_p010]       SymbolsBuilder.java:194  | evaluateGlyph on Glyph{#6284 [SYMBOL]}
2026-03-14 00:01:52,783 DEBUG [CRASH COMPLEXION_p010]       SymbolsBuilder.java:194  | evaluateGlyph on Glyph{#6285 [SYMBOL]}
2026-03-14 00:01:52,786 DEBUG [CRASH COMPLEXION_p010]       SymbolsBuilder.java:194  | evaluateGlyph on Glyph{#6287 [SYMBOL]}
2026-03-14 00:01:52,791 DEBUG [CRASH COMPLEXION_p010]       SymbolsBuilder.java:194  | evaluateGlyph on Glyph{#5815 [SYMBOL]}
2026-03-14 00:01:52,792 DEBUG [CRASH COMPLEXION_p010]       SymbolsBuilder.java:194  | evaluateGlyph on Glyph{#6288 [SYMBOL]}
2026-03-14 00:01:52,794 DEBUG [CRASH COMPLEXION_p010]       SymbolsBuilder.java:194  | evaluateGlyph on Glyph{#6289 [SYMBOL]}
2026-03-14 00:01:52,796 DEBUG [CRASH COMPLEXION_p010]       SymbolsBuilder.java:194  | evaluateGlyph on Glyph{#5799 [SYMBOL]}
2026-03-14 00:01:52,797 DEBUG [CRASH COMPLEXION_p010]       SymbolsBuilder.java:194  | evaluateGlyph on Glyph{#6290 [SYMBOL]}
2026-03-14 00:01:52,799 DEBUG [CRASH COMPLEXION_p010]       SymbolsBuilder.java:194  | evaluateGlyph on Glyph{#5807 [SYMBOL]}
2026-03-14 00:01:52,800 DEBUG [CRASH COMPLEXION_p010]       SymbolsBuilder.java:194  | evaluateGlyph on Glyph{#5786 [SYMBOL]}
2026-03-14 00:01:52,801 DEBUG [CRASH COMPLEXION_p010]       SymbolsBuilder.java:328  | set size: 1
2026-03-14 00:01:52,801 DEBUG [CRASH COMPLEXION_p010]       SymbolsBuilder.java:194  | evaluateGlyph on Glyph{#5810 [SYMBOL]}
2026-03-14 00:01:52,803 DEBUG [CRASH COMPLEXION_p010]       SymbolsBuilder.java:328  | set size: 1
2026-03-14 00:01:52,803 DEBUG [CRASH COMPLEXION_p010]       SymbolsBuilder.java:194  | evaluateGlyph on Glyph{#5812 [SYMBOL]}
2026-03-14 00:01:52,805 DEBUG [CRASH COMPLEXION_p010]       SymbolsBuilder.java:328  | set size: 1
2026-03-14 00:01:52,806 DEBUG [CRASH COMPLEXION_p010]       SymbolsBuilder.java:194  | evaluateGlyph on Glyph{#5813 [SYMBOL]}
2026-03-14 00:01:52,811 DEBUG [CRASH COMPLEXION_p010]       SymbolsBuilder.java:328  | set size: 6
2026-03-14 00:01:52,812 DEBUG [CRASH COMPLEXION_p010]       SymbolsBuilder.java:194  | evaluateGlyph on Glyph{#5866 [SYMBOL]}
2026-03-14 00:01:52,814 DEBUG [CRASH COMPLEXION_p010]       SymbolsBuilder.java:194  | evaluateGlyph on Glyph{#6294 [SYMBOL]}
2026-03-14 00:01:52,817 DEBUG [CRASH COMPLEXION_p010]       SymbolsBuilder.java:194  | evaluateGlyph on Glyph{#5870 [SYMBOL]}
2026-03-14 00:01:52,819 DEBUG [CRASH COMPLEXION_p010]       SymbolsBuilder.java:194  | evaluateGlyph on Glyph{#5850 [SYMBOL]}
2026-03-14 00:01:52,820 DEBUG [CRASH COMPLEXION_p010]       SymbolsBuilder.java:194  | evaluateGlyph on Glyph{#6295 [SYMBOL]}
2026-03-14 00:01:52,820 DEBUG [CRASH COMPLEXION_p010]       SymbolsBuilder.java:194  | evaluateGlyph on Glyph{#5855 [SYMBOL]}
2026-03-14 00:01:52,821 DEBUG [CRASH COMPLEXION_p010]       SymbolsBuilder.java:328  | set size: 1
2026-03-14 00:01:52,821 DEBUG [CRASH COMPLEXION_p010]       SymbolsBuilder.java:194  | evaluateGlyph on Glyph{#5847 [SYMBOL]}
2026-03-14 00:01:52,822 DEBUG [CRASH COMPLEXION_p010]       SymbolsBuilder.java:328  | set size: 1
2026-03-14 00:01:52,823 DEBUG [CRASH COMPLEXION_p010]       SymbolsBuilder.java:194  | evaluateGlyph on Glyph{#5862 [SYMBOL]}
2026-03-14 00:01:52,825 DEBUG [CRASH COMPLEXION_p010]       SymbolsBuilder.java:328  | set size: 1
2026-03-14 00:01:52,826 DEBUG [CRASH COMPLEXION_p010]       SymbolsBuilder.java:194  | evaluateGlyph on Glyph{#5871 [SYMBOL]}
2026-03-14 00:01:52,827 DEBUG [CRASH COMPLEXION_p010]         MeasureStack.java:256  | No part yet for FlagInter#6298{(0.751) FLAG_1_DOWN}
2026-03-14 00:01:52,827 DEBUG [CRASH COMPLEXION_p010]       SymbolsBuilder.java:328  | set size: 4
2026-03-14 00:01:52,827 DEBUG [CRASH COMPLEXION_p010]       SymbolsBuilder.java:194  | evaluateGlyph on Glyph{#5891 [SYMBOL]}
2026-03-14 00:01:52,828 DEBUG [CRASH COMPLEXION_p010]       SymbolsBuilder.java:194  | evaluateGlyph on Glyph{#6299 [SYMBOL]}
2026-03-14 00:01:52,829 DEBUG [CRASH COMPLEXION_p010]       SymbolsBuilder.java:194  | evaluateGlyph on Glyph{#6300 [SYMBOL]}
2026-03-14 00:01:52,831 DEBUG [CRASH COMPLEXION_p010]       SymbolsBuilder.java:194  | evaluateGlyph on Glyph{#6301 [SYMBOL]}
2026-03-14 00:01:52,833 DEBUG [CRASH COMPLEXION_p010]       SymbolsBuilder.java:194  | evaluateGlyph on Glyph{#6302 [SYMBOL]}
2026-03-14 00:01:52,835 DEBUG [CRASH COMPLEXION_p010]       SymbolsBuilder.java:194  | evaluateGlyph on Glyph{#6303 [SYMBOL]}
2026-03-14 00:01:52,837 DEBUG [CRASH COMPLEXION_p010]       SymbolsBuilder.java:194  | evaluateGlyph on Glyph{#6304 [SYMBOL]}
2026-03-14 00:01:52,842 DEBUG [CRASH COMPLEXION_p010]       SymbolsBuilder.java:194  | evaluateGlyph on Glyph{#6306 [SYMBOL]}
2026-03-14 00:01:52,844 DEBUG [CRASH COMPLEXION_p010]       SymbolsBuilder.java:194  | evaluateGlyph on Glyph{#5885 [SYMBOL]}
2026-03-14 00:01:52,846 DEBUG [CRASH COMPLEXION_p010]       SymbolsBuilder.java:194  | evaluateGlyph on Glyph{#6307 [SYMBOL]}
2026-03-14 00:01:52,847 DEBUG [CRASH COMPLEXION_p010]       SymbolsBuilder.java:194  | evaluateGlyph on Glyph{#6308 [SYMBOL]}
2026-03-14 00:01:52,849 DEBUG [CRASH COMPLEXION_p010]       SymbolsBuilder.java:194  | evaluateGlyph on Glyph{#6309 [SYMBOL]}
2026-03-14 00:01:52,850 DEBUG [CRASH COMPLEXION_p010]       SymbolsBuilder.java:194  | evaluateGlyph on Glyph{#5889 [SYMBOL]}
2026-03-14 00:01:52,851 DEBUG [CRASH COMPLEXION_p010]       SymbolsBuilder.java:194  | evaluateGlyph on Glyph{#6310 [SYMBOL]}
2026-03-14 00:01:52,852 DEBUG [CRASH COMPLEXION_p010]       SymbolsBuilder.java:194  | evaluateGlyph on Glyph{#5890 [SYMBOL]}
2026-03-14 00:01:52,853 DEBUG [CRASH COMPLEXION_p010]       SymbolsBuilder.java:328  | set size: 12
2026-03-14 00:01:52,853 DEBUG [CRASH COMPLEXION_p010]       SymbolsBuilder.java:340  | Symbol parts shrunk from 12 to 7
2026-03-14 00:01:52,853 DEBUG [CRASH COMPLEXION_p010]       SymbolsBuilder.java:194  | evaluateGlyph on Glyph{#5925 [SYMBOL]}
2026-03-14 00:01:52,857 DEBUG [CRASH COMPLEXION_p010]       SymbolsBuilder.java:194  | evaluateGlyph on Glyph{#6311 [SYMBOL]}
2026-03-14 00:01:52,861 DEBUG [CRASH COMPLEXION_p010]       SymbolsBuilder.java:194  | evaluateGlyph on Glyph{#6312 [SYMBOL]}
2026-03-14 00:01:52,866 DEBUG [CRASH COMPLEXION_p010]       SymbolsBuilder.java:194  | evaluateGlyph on Glyph{#5886 [SYMBOL]}
2026-03-14 00:01:52,868 DEBUG [CRASH COMPLEXION_p010]       SymbolsBuilder.java:194  | evaluateGlyph on Glyph{#6314 [SYMBOL]}
2026-03-14 00:01:52,873 DEBUG [CRASH COMPLEXION_p010]       SymbolsBuilder.java:194  | evaluateGlyph on Glyph{#6315 [SYMBOL]}
2026-03-14 00:01:52,876 DEBUG [CRASH COMPLEXION_p010]       SymbolsBuilder.java:194  | evaluateGlyph on Glyph{#5902 [SYMBOL]}
2026-03-14 00:01:52,878 DEBUG [CRASH COMPLEXION_p010]       SymbolsBuilder.java:194  | evaluateGlyph on Glyph{#6317 [SYMBOL]}
2026-03-14 00:01:52,880 DEBUG [CRASH COMPLEXION_p010]       SymbolsBuilder.java:194  | evaluateGlyph on Glyph{#6319 [SYMBOL]}
2026-03-14 00:01:52,884 DEBUG [CRASH COMPLEXION_p010]       SymbolsBuilder.java:194  | evaluateGlyph on Glyph{#5915 [SYMBOL]}
2026-03-14 00:01:52,885 DEBUG [CRASH COMPLEXION_p010]       SymbolsBuilder.java:194  | evaluateGlyph on Glyph{#6320 [SYMBOL]}
2026-03-14 00:01:52,887 DEBUG [CRASH COMPLEXION_p010]       SymbolsBuilder.java:194  | evaluateGlyph on Glyph{#5899 [SYMBOL]}
2026-03-14 00:01:52,889 DEBUG [CRASH COMPLEXION_p010]       SymbolsBuilder.java:194  | evaluateGlyph on Glyph{#6321 [SYMBOL]}
2026-03-14 00:01:52,892 DEBUG [CRASH COMPLEXION_p010]       SymbolsBuilder.java:194  | evaluateGlyph on Glyph{#5892 [SYMBOL]}
2026-03-14 00:01:52,894 DEBUG [CRASH COMPLEXION_p010]       SymbolsBuilder.java:194  | evaluateGlyph on Glyph{#5913 [SYMBOL]}
2026-03-14 00:01:52,895 DEBUG [CRASH COMPLEXION_p010]       SymbolsBuilder.java:328  | set size: 2
2026-03-14 00:01:52,895 DEBUG [CRASH COMPLEXION_p010]       SymbolsBuilder.java:194  | evaluateGlyph on Glyph{#5928 [SYMBOL]}
2026-03-14 00:01:52,898 DEBUG [CRASH COMPLEXION_p010]       SymbolsBuilder.java:328  | set size: 1
2026-03-14 00:01:52,899 DEBUG [CRASH COMPLEXION_p010]       SymbolsBuilder.java:328  | set size: 2
2026-03-14 00:01:52,899 DEBUG [CRASH COMPLEXION_p010]       SymbolsBuilder.java:194  | evaluateGlyph on Glyph{#5919 [SYMBOL]}
2026-03-14 00:01:52,899 DEBUG [CRASH COMPLEXION_p010]       SymbolsBuilder.java:194  | evaluateGlyph on Glyph{#6324 [SYMBOL]}
2026-03-14 00:01:52,902 DEBUG [CRASH COMPLEXION_p010]       SymbolsBuilder.java:194  | evaluateGlyph on Glyph{#5929 [SYMBOL]}
2026-03-14 00:01:52,903 DEBUG [CRASH COMPLEXION_p010]       SymbolsBuilder.java:328  | set size: 1
2026-03-14 00:01:52,903 DEBUG [CRASH COMPLEXION_p010]       SymbolsBuilder.java:194  | evaluateGlyph on Glyph{#5920 [SYMBOL]}
2026-03-14 00:01:52,904 DEBUG [CRASH COMPLEXION_p010]       SymbolsBuilder.java:328  | set size: 1
2026-03-14 00:01:52,904 DEBUG [CRASH COMPLEXION_p010]       SymbolsBuilder.java:194  | evaluateGlyph on Glyph{#5937 [SYMBOL]}
2026-03-14 00:01:52,906 DEBUG [CRASH COMPLEXION_p010]       SymbolsBuilder.java:328  | set size: 1
2026-03-14 00:01:52,906 DEBUG [CRASH COMPLEXION_p010]       SymbolsBuilder.java:194  | evaluateGlyph on Glyph{#5938 [SYMBOL]}
2026-03-14 00:01:52,909 DEBUG [CRASH COMPLEXION_p010]       SymbolsBuilder.java:328  | set size: 1
2026-03-14 00:01:52,909 DEBUG [CRASH COMPLEXION_p010]       SymbolsBuilder.java:194  | evaluateGlyph on Glyph{#5939 [SYMBOL]}
2026-03-14 00:01:52,911 DEBUG [CRASH COMPLEXION_p010]       SymbolsBuilder.java:328  | set size: 4
2026-03-14 00:01:52,911 DEBUG [CRASH COMPLEXION_p010]       SymbolsBuilder.java:194  | evaluateGlyph on Glyph{#5947 [SYMBOL]}
2026-03-14 00:01:52,912 DEBUG [CRASH COMPLEXION_p010]       SymbolsBuilder.java:194  | evaluateGlyph on Glyph{#6328 [SYMBOL]}
2026-03-14 00:01:52,913 DEBUG [CRASH COMPLEXION_p010]       SymbolsBuilder.java:194  | evaluateGlyph on Glyph{#5948 [SYMBOL]}
2026-03-14 00:01:52,913 DEBUG [CRASH COMPLEXION_p010]       SymbolsBuilder.java:328  | set size: 1
2026-03-14 00:01:52,914 DEBUG [CRASH COMPLEXION_p010]       SymbolsBuilder.java:194  | evaluateGlyph on Glyph{#5941 [SYMBOL]}
2026-03-14 00:01:52,914 DEBUG [CRASH COMPLEXION_p010]       SymbolsBuilder.java:328  | set size: 2
2026-03-14 00:01:52,915 DEBUG [CRASH COMPLEXION_p010]       SymbolsBuilder.java:194  | evaluateGlyph on Glyph{#5942 [SYMBOL]}
2026-03-14 00:01:52,916 DEBUG [CRASH COMPLEXION_p010]       SymbolsBuilder.java:194  | evaluateGlyph on Glyph{#6330 [SYMBOL]}
2026-03-14 00:01:52,917 DEBUG [CRASH COMPLEXION_p010]       SymbolsBuilder.java:328  | set size: 1
2026-03-14 00:01:52,917 DEBUG [CRASH COMPLEXION_p010]       SymbolsBuilder.java:194  | evaluateGlyph on Glyph{#5949 [SYMBOL]}
2026-03-14 00:01:52,919 DEBUG [CRASH COMPLEXION_p010]       SymbolsBuilder.java:328  | set size: 1
2026-03-14 00:01:52,919 DEBUG [CRASH COMPLEXION_p010]       SymbolsBuilder.java:194  | evaluateGlyph on Glyph{#5950 [SYMBOL]}
2026-03-14 00:01:52,920 DEBUG [CRASH COMPLEXION_p010]       SymbolsBuilder.java:328  | set size: 1
2026-03-14 00:01:52,921 DEBUG [CRASH COMPLEXION_p010]       SymbolsBuilder.java:194  | evaluateGlyph on Glyph{#5953 [SYMBOL]}
2026-03-14 00:01:52,921 DEBUG [CRASH COMPLEXION_p010]       SymbolsBuilder.java:328  | set size: 5
2026-03-14 00:01:52,922 DEBUG [CRASH COMPLEXION_p010]       SymbolsBuilder.java:194  | evaluateGlyph on Glyph{#5956 [SYMBOL]}
2026-03-14 00:01:52,926 DEBUG [CRASH COMPLEXION_p010]       SymbolsBuilder.java:194  | evaluateGlyph on Glyph{#6333 [SYMBOL]}
2026-03-14 00:01:52,936 DEBUG [CRASH COMPLEXION_p010]       SymbolsBuilder.java:194  | evaluateGlyph on Glyph{#6334 [SYMBOL]}
2026-03-14 00:01:52,942 DEBUG [CRASH COMPLEXION_p010]       SymbolsBuilder.java:194  | evaluateGlyph on Glyph{#6336 [SYMBOL]}
2026-03-14 00:01:52,949 DEBUG [CRASH COMPLEXION_p010]       SymbolsBuilder.java:194  | evaluateGlyph on Glyph{#6337 [SYMBOL]}
2026-03-14 00:01:52,955 DEBUG [CRASH COMPLEXION_p010]       SymbolsBuilder.java:194  | evaluateGlyph on Glyph{#6338 [SYMBOL]}
2026-03-14 00:01:52,960 DEBUG [CRASH COMPLEXION_p010]       SymbolsBuilder.java:194  | evaluateGlyph on Glyph{#6339 [SYMBOL]}
2026-03-14 00:01:52,968 DEBUG [CRASH COMPLEXION_p010]       SymbolsBuilder.java:194  | evaluateGlyph on Glyph{#6340 [SYMBOL]}
2026-03-14 00:01:52,973 DEBUG [CRASH COMPLEXION_p010]       SymbolsBuilder.java:194  | evaluateGlyph on Glyph{#5961 [SYMBOL]}
2026-03-14 00:01:52,976 DEBUG [CRASH COMPLEXION_p010]       SymbolsBuilder.java:194  | evaluateGlyph on Glyph{#5957 [SYMBOL]}
2026-03-14 00:01:52,978 DEBUG [CRASH COMPLEXION_p010]       SymbolsBuilder.java:194  | evaluateGlyph on Glyph{#6342 [SYMBOL]}
2026-03-14 00:01:52,982 DEBUG [CRASH COMPLEXION_p010]       SymbolsBuilder.java:194  | evaluateGlyph on Glyph{#6343 [SYMBOL]}
2026-03-14 00:01:52,985 DEBUG [CRASH COMPLEXION_p010]       SymbolsBuilder.java:194  | evaluateGlyph on Glyph{#5959 [SYMBOL]}
2026-03-14 00:01:52,987 DEBUG [CRASH COMPLEXION_p010]       SymbolsBuilder.java:194  | evaluateGlyph on Glyph{#6344 [SYMBOL]}
2026-03-14 00:01:52,989 DEBUG [CRASH COMPLEXION_p010]       SymbolsBuilder.java:194  | evaluateGlyph on Glyph{#5963 [SYMBOL]}
2026-03-14 00:01:52,991 DEBUG [CRASH COMPLEXION_p010]       SymbolsBuilder.java:328  | set size: 1
2026-03-14 00:01:52,991 DEBUG [CRASH COMPLEXION_p010]       SymbolsBuilder.java:194  | evaluateGlyph on Glyph{#5958 [SYMBOL]}
2026-03-14 00:01:52,993 DEBUG [CRASH COMPLEXION_p010]       SymbolsBuilder.java:328  | set size: 1
2026-03-14 00:01:52,993 DEBUG [CRASH COMPLEXION_p010]       SymbolsBuilder.java:194  | evaluateGlyph on Glyph{#5968 [SYMBOL]}
2026-03-14 00:01:52,999 DEBUG [CRASH COMPLEXION_p010]       SymbolsBuilder.java:328  | set size: 1
2026-03-14 00:01:53,000 DEBUG [CRASH COMPLEXION_p010]       SymbolsBuilder.java:194  | evaluateGlyph on Glyph{#5972 [SYMBOL]}
2026-03-14 00:01:53,003 DEBUG [CRASH COMPLEXION_p010]       SymbolsBuilder.java:328  | set size: 11
2026-03-14 00:01:53,003 DEBUG [CRASH COMPLEXION_p010]       SymbolsBuilder.java:340  | Symbol parts shrunk from 11 to 7
2026-03-14 00:01:53,003 DEBUG [CRASH COMPLEXION_p010]       SymbolsBuilder.java:194  | evaluateGlyph on Glyph{#6038 [SYMBOL]}
2026-03-14 00:01:53,007 DEBUG [CRASH COMPLEXION_p010]       SymbolsBuilder.java:194  | evaluateGlyph on Glyph{#6348 [SYMBOL]}
2026-03-14 00:01:53,011 DEBUG [CRASH COMPLEXION_p010]       SymbolsBuilder.java:194  | evaluateGlyph on Glyph{#6349 [SYMBOL]}
2026-03-14 00:01:53,016 DEBUG [CRASH COMPLEXION_p010]       SymbolsBuilder.java:194  | evaluateGlyph on Glyph{#6350 [SYMBOL]}
2026-03-14 00:01:53,021 DEBUG [CRASH COMPLEXION_p010]       SymbolsBuilder.java:194  | evaluateGlyph on Glyph{#5977 [SYMBOL]}
2026-03-14 00:01:53,023 DEBUG [CRASH COMPLEXION_p010]       SymbolsBuilder.java:194  | evaluateGlyph on Glyph{#6351 [SYMBOL]}
2026-03-14 00:01:53,030 DEBUG [CRASH COMPLEXION_p010]       SymbolsBuilder.java:194  | evaluateGlyph on Glyph{#6352 [SYMBOL]}
2026-03-14 00:01:53,033 DEBUG [CRASH COMPLEXION_p010]       SymbolsBuilder.java:194  | evaluateGlyph on Glyph{#6004 [SYMBOL]}
2026-03-14 00:01:53,035 DEBUG [CRASH COMPLEXION_p010]       SymbolsBuilder.java:194  | evaluateGlyph on Glyph{#6354 [SYMBOL]}
2026-03-14 00:01:53,037 DEBUG [CRASH COMPLEXION_p010]       SymbolsBuilder.java:194  | evaluateGlyph on Glyph{#6356 [SYMBOL]}
2026-03-14 00:01:53,042 DEBUG [CRASH COMPLEXION_p010]       SymbolsBuilder.java:194  | evaluateGlyph on Glyph{#5996 [SYMBOL]}
2026-03-14 00:01:53,044 DEBUG [CRASH COMPLEXION_p010]       SymbolsBuilder.java:194  | evaluateGlyph on Glyph{#6357 [SYMBOL]}
2026-03-14 00:01:53,047 DEBUG [CRASH COMPLEXION_p010]       SymbolsBuilder.java:194  | evaluateGlyph on Glyph{#6032 [SYMBOL]}
2026-03-14 00:01:53,049 DEBUG [CRASH COMPLEXION_p010]       SymbolsBuilder.java:194  | evaluateGlyph on Glyph{#6045 [SYMBOL]}
2026-03-14 00:01:53,050 DEBUG [CRASH COMPLEXION_p010]       SymbolsBuilder.java:194  | evaluateGlyph on Glyph{#5993 [SYMBOL]}
2026-03-14 00:01:53,051 DEBUG [CRASH COMPLEXION_p010]       SymbolsBuilder.java:328  | set size: 1
2026-03-14 00:01:53,052 DEBUG [CRASH COMPLEXION_p010]       SymbolsBuilder.java:194  | evaluateGlyph on Glyph{#5976 [SYMBOL]}
2026-03-14 00:01:53,054 DEBUG [CRASH COMPLEXION_p010]       SymbolsBuilder.java:328  | set size: 2
2026-03-14 00:01:53,054 DEBUG [CRASH COMPLEXION_p010]       SymbolsBuilder.java:194  | evaluateGlyph on Glyph{#5978 [SYMBOL]}
2026-03-14 00:01:53,055 DEBUG [CRASH COMPLEXION_p010]       SymbolsBuilder.java:194  | evaluateGlyph on Glyph{#6360 [SYMBOL]}
2026-03-14 00:01:53,061 DEBUG [CRASH COMPLEXION_p010]       SymbolsBuilder.java:194  | evaluateGlyph on Glyph{#5990 [SYMBOL]}
2026-03-14 00:01:53,062 DEBUG [CRASH COMPLEXION_p010]       SymbolsBuilder.java:328  | set size: 2
2026-03-14 00:01:53,062 DEBUG [CRASH COMPLEXION_p010]       SymbolsBuilder.java:194  | evaluateGlyph on Glyph{#5981 [SYMBOL]}
2026-03-14 00:01:53,065 DEBUG [CRASH COMPLEXION_p010]       SymbolsBuilder.java:194  | evaluateGlyph on Glyph{#5999 [SYMBOL]}
2026-03-14 00:01:53,068 DEBUG [CRASH COMPLEXION_p010]       SymbolsBuilder.java:328  | set size: 1
2026-03-14 00:01:53,068 DEBUG [CRASH COMPLEXION_p010]       SymbolsBuilder.java:194  | evaluateGlyph on Glyph{#5982 [SYMBOL]}
2026-03-14 00:01:53,070 DEBUG [CRASH COMPLEXION_p010]       SymbolsBuilder.java:328  | set size: 1
2026-03-14 00:01:53,070 DEBUG [CRASH COMPLEXION_p010]       SymbolsBuilder.java:194  | evaluateGlyph on Glyph{#6002 [SYMBOL]}
2026-03-14 00:01:53,071 DEBUG [CRASH COMPLEXION_p010]       SymbolsBuilder.java:328  | set size: 3
2026-03-14 00:01:53,071 DEBUG [CRASH COMPLEXION_p010]       SymbolsBuilder.java:194  | evaluateGlyph on Glyph{#6039 [SYMBOL]}
2026-03-14 00:01:53,072 DEBUG [CRASH COMPLEXION_p010]       SymbolsBuilder.java:194  | evaluateGlyph on Glyph{#6362 [SYMBOL]}
2026-03-14 00:01:53,073 DEBUG [CRASH COMPLEXION_p010]       SymbolsBuilder.java:194  | evaluateGlyph on Glyph{#6364 [SYMBOL]}
2026-03-14 00:01:53,075 DEBUG [CRASH COMPLEXION_p010]       SymbolsBuilder.java:194  | evaluateGlyph on Glyph{#6365 [SYMBOL]}
2026-03-14 00:01:53,076 DEBUG [CRASH COMPLEXION_p010]       SymbolsBuilder.java:194  | evaluateGlyph on Glyph{#6049 [SYMBOL]}
2026-03-14 00:01:53,077 DEBUG [CRASH COMPLEXION_p010]       SymbolsBuilder.java:194  | evaluateGlyph on Glyph{#6367 [SYMBOL]}
2026-03-14 00:01:53,078 DEBUG [CRASH COMPLEXION_p010]       SymbolsBuilder.java:328  | set size: 1
2026-03-14 00:01:53,079 DEBUG [CRASH COMPLEXION_p010]       SymbolsBuilder.java:194  | evaluateGlyph on Glyph{#6046 [SYMBOL]}
2026-03-14 00:01:53,082 DEBUG [CRASH COMPLEXION_p010]       SymbolsBuilder.java:328  | set size: 1
2026-03-14 00:01:53,082 DEBUG [CRASH COMPLEXION_p010]       SymbolsBuilder.java:194  | evaluateGlyph on Glyph{#6065 [SYMBOL]}
2026-03-14 00:01:53,084 DEBUG [CRASH COMPLEXION_p010]       SymbolsBuilder.java:328  | set size: 1
2026-03-14 00:01:53,084 DEBUG [CRASH COMPLEXION_p010]       SymbolsBuilder.java:194  | evaluateGlyph on Glyph{#6073 [SYMBOL]}
2026-03-14 00:01:53,086 DEBUG [CRASH COMPLEXION_p010]       SymbolsBuilder.java:328  | set size: 1
2026-03-14 00:01:53,086 DEBUG [CRASH COMPLEXION_p010]       SymbolsBuilder.java:194  | evaluateGlyph on Glyph{#6076 [SYMBOL]}
2026-03-14 00:01:53,093 DEBUG [CRASH COMPLEXION_p010]       SymbolsBuilder.java:328  | set size: 6
2026-03-14 00:01:53,093 DEBUG [CRASH COMPLEXION_p010]       SymbolsBuilder.java:194  | evaluateGlyph on Glyph{#6100 [SYMBOL]}
2026-03-14 00:01:53,101 DEBUG [CRASH COMPLEXION_p010]       SymbolsBuilder.java:194  | evaluateGlyph on Glyph{#6088 [SYMBOL]}
2026-03-14 00:01:53,105 DEBUG [CRASH COMPLEXION_p010]       SymbolsBuilder.java:194  | evaluateGlyph on Glyph{#6369 [SYMBOL]}
2026-03-14 00:01:53,108 DEBUG [CRASH COMPLEXION_p010]       SymbolsBuilder.java:194  | evaluateGlyph on Glyph{#6370 [SYMBOL]}
2026-03-14 00:01:53,111 DEBUG [CRASH COMPLEXION_p010]       SymbolsBuilder.java:194  | evaluateGlyph on Glyph{#6372 [SYMBOL]}
2026-03-14 00:01:53,114 DEBUG [CRASH COMPLEXION_p010]       SymbolsBuilder.java:194  | evaluateGlyph on Glyph{#6373 [SYMBOL]}
2026-03-14 00:01:53,118 DEBUG [CRASH COMPLEXION_p010]       SymbolsBuilder.java:194  | evaluateGlyph on Glyph{#6374 [SYMBOL]}
2026-03-14 00:01:53,125 DEBUG [CRASH COMPLEXION_p010]       SymbolsBuilder.java:194  | evaluateGlyph on Glyph{#6375 [SYMBOL]}
2026-03-14 00:01:53,128 DEBUG [CRASH COMPLEXION_p010]       SymbolsBuilder.java:194  | evaluateGlyph on Glyph{#6376 [SYMBOL]}
2026-03-14 00:01:53,132 DEBUG [CRASH COMPLEXION_p010]       SymbolsBuilder.java:194  | evaluateGlyph on Glyph{#6089 [SYMBOL]}
2026-03-14 00:01:53,136 DEBUG [CRASH COMPLEXION_p010]       SymbolsBuilder.java:194  | evaluateGlyph on Glyph{#6377 [SYMBOL]}
2026-03-14 00:01:53,140 DEBUG [CRASH COMPLEXION_p010]       SymbolsBuilder.java:194  | evaluateGlyph on Glyph{#6378 [SYMBOL]}
2026-03-14 00:01:53,143 DEBUG [CRASH COMPLEXION_p010]       SymbolsBuilder.java:194  | evaluateGlyph on Glyph{#6379 [SYMBOL]}
2026-03-14 00:01:53,147 DEBUG [CRASH COMPLEXION_p010]       SymbolsBuilder.java:194  | evaluateGlyph on Glyph{#6380 [SYMBOL]}
2026-03-14 00:01:53,149 DEBUG [CRASH COMPLEXION_p010]       SymbolsBuilder.java:194  | evaluateGlyph on Glyph{#6381 [SYMBOL]}
2026-03-14 00:01:53,154 DEBUG [CRASH COMPLEXION_p010]       SymbolsBuilder.java:194  | evaluateGlyph on Glyph{#6382 [SYMBOL]}
2026-03-14 00:01:53,157 DEBUG [CRASH COMPLEXION_p010]       SymbolsBuilder.java:194  | evaluateGlyph on Glyph{#6084 [SYMBOL]}
2026-03-14 00:01:53,158 DEBUG [CRASH COMPLEXION_p010]       SymbolsBuilder.java:194  | evaluateGlyph on Glyph{#6383 [SYMBOL]}
2026-03-14 00:01:53,159 DEBUG [CRASH COMPLEXION_p010]       SymbolsBuilder.java:194  | evaluateGlyph on Glyph{#6384 [SYMBOL]}
2026-03-14 00:01:53,161 DEBUG [CRASH COMPLEXION_p010]       SymbolsBuilder.java:194  | evaluateGlyph on Glyph{#6385 [SYMBOL]}
2026-03-14 00:01:53,163 DEBUG [CRASH COMPLEXION_p010]       SymbolsBuilder.java:194  | evaluateGlyph on Glyph{#6090 [SYMBOL]}
2026-03-14 00:01:53,163 DEBUG [CRASH COMPLEXION_p010]       SymbolsBuilder.java:194  | evaluateGlyph on Glyph{#6387 [SYMBOL]}
2026-03-14 00:01:53,164 DEBUG [CRASH COMPLEXION_p010]       SymbolsBuilder.java:328  | set size: 4
2026-03-14 00:01:53,165 DEBUG [CRASH COMPLEXION_p010]       SymbolsBuilder.java:194  | evaluateGlyph on Glyph{#6114 [SYMBOL]}
2026-03-14 00:01:53,167 DEBUG [CRASH COMPLEXION_p010]       SymbolsBuilder.java:194  | evaluateGlyph on Glyph{#6389 [SYMBOL]}
2026-03-14 00:01:53,170 DEBUG [CRASH COMPLEXION_p010]       SymbolsBuilder.java:194  | evaluateGlyph on Glyph{#6391 [SYMBOL]}
2026-03-14 00:01:53,173 DEBUG [CRASH COMPLEXION_p010]       SymbolsBuilder.java:194  | evaluateGlyph on Glyph{#6393 [SYMBOL]}
2026-03-14 00:01:53,175 DEBUG [CRASH COMPLEXION_p010]       SymbolsBuilder.java:194  | evaluateGlyph on Glyph{#6099 [SYMBOL]}
2026-03-14 00:01:53,176 DEBUG [CRASH COMPLEXION_p010]       SymbolsBuilder.java:194  | evaluateGlyph on Glyph{#6394 [SYMBOL]}
2026-03-14 00:01:53,177 DEBUG [CRASH COMPLEXION_p010]       SymbolsBuilder.java:194  | evaluateGlyph on Glyph{#6395 [SYMBOL]}
2026-03-14 00:01:53,179 DEBUG [CRASH COMPLEXION_p010]       SymbolsBuilder.java:194  | evaluateGlyph on Glyph{#6396 [SYMBOL]}
2026-03-14 00:01:53,180 DEBUG [CRASH COMPLEXION_p010]       SymbolsBuilder.java:194  | evaluateGlyph on Glyph{#6112 [SYMBOL]}
2026-03-14 00:01:53,181 DEBUG [CRASH COMPLEXION_p010]       SymbolsBuilder.java:194  | evaluateGlyph on Glyph{#6105 [SYMBOL]}
2026-03-14 00:01:53,185 DEBUG [CRASH COMPLEXION_p010]       SymbolsBuilder.java:328  | set size: 1
2026-03-14 00:01:53,185 DEBUG [CRASH COMPLEXION_p010]       SymbolsBuilder.java:194  | evaluateGlyph on Glyph{#6121 [SYMBOL]}
2026-03-14 00:01:53,187 DEBUG [CRASH COMPLEXION_p010]       SymbolsBuilder.java:328  | set size: 1
2026-03-14 00:01:53,188 DEBUG [CRASH COMPLEXION_p010]       SymbolsBuilder.java:194  | evaluateGlyph on Glyph{#6124 [SYMBOL]}
2026-03-14 00:01:53,189 DEBUG [CRASH COMPLEXION_p010]       SymbolsBuilder.java:328  | set size: 1
2026-03-14 00:01:53,190 DEBUG [CRASH COMPLEXION_p010]       SymbolsBuilder.java:194  | evaluateGlyph on Glyph{#6126 [SYMBOL]}
2026-03-14 00:01:53,191 DEBUG [CRASH COMPLEXION_p010]       SymbolsBuilder.java:328  | set size: 1
2026-03-14 00:01:53,191 DEBUG [CRASH COMPLEXION_p010]       SymbolsBuilder.java:194  | evaluateGlyph on Glyph{#6128 [SYMBOL]}
2026-03-14 00:01:53,192 DEBUG [CRASH COMPLEXION_p010]       SymbolsBuilder.java:328  | set size: 1
2026-03-14 00:01:53,192 DEBUG [CRASH COMPLEXION_p010]       SymbolsBuilder.java:194  | evaluateGlyph on Glyph{#6131 [SYMBOL]}
2026-03-14 00:01:53,194 DEBUG [CRASH COMPLEXION_p010]       SymbolsBuilder.java:328  | set size: 2
2026-03-14 00:01:53,194 DEBUG [CRASH COMPLEXION_p010]       SymbolsBuilder.java:194  | evaluateGlyph on Glyph{#6135 [SYMBOL]}
2026-03-14 00:01:53,196 DEBUG [CRASH COMPLEXION_p010]       SymbolsBuilder.java:194  | evaluateGlyph on Glyph{#6397 [SYMBOL]}
2026-03-14 00:01:53,198 DEBUG [CRASH COMPLEXION_p010]       SymbolsBuilder.java:194  | evaluateGlyph on Glyph{#6142 [SYMBOL]}
2026-03-14 00:01:53,199 DEBUG [CRASH COMPLEXION_p010]       SymbolsBuilder.java:328  | set size: 3
2026-03-14 00:01:53,200 DEBUG [CRASH COMPLEXION_p010]       SymbolsBuilder.java:194  | evaluateGlyph on Glyph{#6146 [SYMBOL]}
2026-03-14 00:01:53,202 DEBUG [CRASH COMPLEXION_p010]       SymbolsBuilder.java:194  | evaluateGlyph on Glyph{#6398 [SYMBOL]}
2026-03-14 00:01:53,205 DEBUG [CRASH COMPLEXION_p010]       SymbolsBuilder.java:194  | evaluateGlyph on Glyph{#6399 [SYMBOL]}
2026-03-14 00:01:53,208 DEBUG [CRASH COMPLEXION_p010]       SymbolsBuilder.java:194  | evaluateGlyph on Glyph{#6400 [SYMBOL]}
2026-03-14 00:01:53,211 DEBUG [CRASH COMPLEXION_p010]       SymbolsBuilder.java:194  | evaluateGlyph on Glyph{#6157 [SYMBOL]}
2026-03-14 00:01:53,215 DEBUG [CRASH COMPLEXION_p010]       SymbolsBuilder.java:194  | evaluateGlyph on Glyph{#6144 [SYMBOL]}
2026-03-14 00:01:53,218 DEBUG [CRASH COMPLEXION_p010]       SymbolsBuilder.java:328  | set size: 3
2026-03-14 00:01:53,218 DEBUG [CRASH COMPLEXION_p010]       SymbolsBuilder.java:194  | evaluateGlyph on Glyph{#6143 [SYMBOL]}
2026-03-14 00:01:53,221 DEBUG [CRASH COMPLEXION_p010]       SymbolsBuilder.java:194  | evaluateGlyph on Glyph{#6401 [SYMBOL]}
2026-03-14 00:01:53,225 DEBUG [CRASH COMPLEXION_p010]       SymbolsBuilder.java:194  | evaluateGlyph on Glyph{#6403 [SYMBOL]}
2026-03-14 00:01:53,229 DEBUG [CRASH COMPLEXION_p010]       SymbolsBuilder.java:194  | evaluateGlyph on Glyph{#6404 [SYMBOL]}
2026-03-14 00:01:53,233 DEBUG [CRASH COMPLEXION_p010]       SymbolsBuilder.java:194  | evaluateGlyph on Glyph{#6160 [SYMBOL]}
2026-03-14 00:01:53,235 DEBUG [CRASH COMPLEXION_p010]       SymbolsBuilder.java:194  | evaluateGlyph on Glyph{#6405 [SYMBOL]}
2026-03-14 00:01:53,237 DEBUG [CRASH COMPLEXION_p010]       SymbolsBuilder.java:194  | evaluateGlyph on Glyph{#6151 [SYMBOL]}
2026-03-14 00:01:53,238 DEBUG [CRASH COMPLEXION_p010]       SymbolsBuilder.java:328  | set size: 2
2026-03-14 00:01:53,238 DEBUG [CRASH COMPLEXION_p010]       SymbolsBuilder.java:194  | evaluateGlyph on Glyph{#6168 [SYMBOL]}
2026-03-14 00:01:53,241 DEBUG [CRASH COMPLEXION_p010]       SymbolsBuilder.java:194  | evaluateGlyph on Glyph{#6408 [SYMBOL]}
2026-03-14 00:01:53,243 DEBUG [CRASH COMPLEXION_p010]       SymbolsBuilder.java:194  | evaluateGlyph on Glyph{#6148 [SYMBOL]}
2026-03-14 00:01:53,248 DEBUG [CRASH COMPLEXION_p010]       SymbolsBuilder.java:328  | set size: 1
2026-03-14 00:01:53,248 DEBUG [CRASH COMPLEXION_p010]       SymbolsBuilder.java:194  | evaluateGlyph on Glyph{#6150 [SYMBOL]}
2026-03-14 00:01:53,252 DEBUG [CRASH COMPLEXION_p010]       SymbolsBuilder.java:328  | set size: 3
2026-03-14 00:01:53,252 DEBUG [CRASH COMPLEXION_p010]       SymbolsBuilder.java:194  | evaluateGlyph on Glyph{#6153 [SYMBOL]}
2026-03-14 00:01:53,255 DEBUG [CRASH COMPLEXION_p010]       SymbolsBuilder.java:194  | evaluateGlyph on Glyph{#6410 [SYMBOL]}
2026-03-14 00:01:53,258 DEBUG [CRASH COMPLEXION_p010]       SymbolsBuilder.java:194  | evaluateGlyph on Glyph{#6411 [SYMBOL]}
2026-03-14 00:01:53,261 DEBUG [CRASH COMPLEXION_p010]       SymbolsBuilder.java:194  | evaluateGlyph on Glyph{#6412 [SYMBOL]}
2026-03-14 00:01:53,263 DEBUG [CRASH COMPLEXION_p010]       SymbolsBuilder.java:194  | evaluateGlyph on Glyph{#6152 [SYMBOL]}
2026-03-14 00:01:53,265 DEBUG [CRASH COMPLEXION_p010]         MeasureStack.java:256  | No part yet for FlagInter#6413{(0.799) FLAG_1_DOWN}
2026-03-14 00:01:53,265 DEBUG [CRASH COMPLEXION_p010]       SymbolsBuilder.java:194  | evaluateGlyph on Glyph{#6170 [SYMBOL]}
2026-03-14 00:01:53,266 DEBUG [CRASH COMPLEXION_p010]       SymbolsBuilder.java:328  | set size: 1
2026-03-14 00:01:53,266 DEBUG [CRASH COMPLEXION_p010]       SymbolsBuilder.java:194  | evaluateGlyph on Glyph{#6155 [SYMBOL]}
2026-03-14 00:01:53,267 DEBUG [CRASH COMPLEXION_p010]       SymbolsBuilder.java:328  | set size: 1
2026-03-14 00:01:53,267 DEBUG [CRASH COMPLEXION_p010]       SymbolsBuilder.java:194  | evaluateGlyph on Glyph{#6156 [SYMBOL]}
2026-03-14 00:01:53,269 DEBUG [CRASH COMPLEXION_p010]       SymbolsBuilder.java:328  | set size: 1
2026-03-14 00:01:53,269 DEBUG [CRASH COMPLEXION_p010]       SymbolsBuilder.java:194  | evaluateGlyph on Glyph{#6164 [SYMBOL]}
2026-03-14 00:01:53,270 DEBUG [CRASH COMPLEXION_p010]       SymbolsBuilder.java:328  | set size: 2
2026-03-14 00:01:53,270 DEBUG [CRASH COMPLEXION_p010]       SymbolsBuilder.java:194  | evaluateGlyph on Glyph{#6162 [SYMBOL]}
2026-03-14 00:01:53,272 DEBUG [CRASH COMPLEXION_p010]         MeasureStack.java:256  | No part yet for FlagInter#6414{(0.770) FLAG_1}
2026-03-14 00:01:53,272 DEBUG [CRASH COMPLEXION_p010]       SymbolsBuilder.java:194  | evaluateGlyph on Glyph{#6415 [SYMBOL]}
2026-03-14 00:01:53,274 DEBUG [CRASH COMPLEXION_p010]       SymbolsBuilder.java:194  | evaluateGlyph on Glyph{#6165 [SYMBOL]}
2026-03-14 00:01:53,274 DEBUG [CRASH COMPLEXION_p010]       SymbolsBuilder.java:328  | set size: 1
2026-03-14 00:01:53,274 DEBUG [CRASH COMPLEXION_p010]       SymbolsBuilder.java:194  | evaluateGlyph on Glyph{#6163 [SYMBOL]}
2026-03-14 00:01:53,280 DEBUG [CRASH COMPLEXION_p010]       SymbolsBuilder.java:328  | set size: 1
2026-03-14 00:01:53,281 DEBUG [CRASH COMPLEXION_p010]       SymbolsBuilder.java:194  | evaluateGlyph on Glyph{#6166 [SYMBOL]}
2026-03-14 00:01:53,283 DEBUG [CRASH COMPLEXION_p010]         MeasureStack.java:256  | No part yet for FlagInter#6416{(0.798) FLAG_1}
2026-03-14 00:01:53,283 DEBUG [CRASH COMPLEXION_p010]       SymbolsBuilder.java:328  | set size: 1
2026-03-14 00:01:53,284 DEBUG [CRASH COMPLEXION_p010]       SymbolsBuilder.java:194  | evaluateGlyph on Glyph{#6171 [SYMBOL]}
2026-03-14 00:01:53,297 DEBUG [CRASH COMPLEXION_p010]       SymbolsBuilder.java:155  | System#2 buildSymbols
2026-03-14 00:01:53,335 DEBUG [CRASH COMPLEXION_p010]       SymbolsBuilder.java:321  | symbols sets: 118
2026-03-14 00:01:53,335 DEBUG [CRASH COMPLEXION_p010]       SymbolsBuilder.java:328  | set size: 2
2026-03-14 00:01:53,335 DEBUG [CRASH COMPLEXION_p010]       SymbolsBuilder.java:194  | evaluateGlyph on Glyph{#5421 [SYMBOL]}
2026-03-14 00:01:53,342 DEBUG [CRASH COMPLEXION_p010]       SymbolsBuilder.java:194  | evaluateGlyph on Glyph{#6440 [SYMBOL]}
2026-03-14 00:01:53,342 DEBUG [CRASH COMPLEXION_p010]       SymbolsBuilder.java:194  | evaluateGlyph on Glyph{#5422 [SYMBOL]}
2026-03-14 00:01:53,343 DEBUG [CRASH COMPLEXION_p010]       SymbolsBuilder.java:328  | set size: 1
2026-03-14 00:01:53,343 DEBUG [CRASH COMPLEXION_p010]       SymbolsBuilder.java:194  | evaluateGlyph on Glyph{#5423 [SYMBOL]}
2026-03-14 00:01:53,344 DEBUG [CRASH COMPLEXION_p010]       SymbolsBuilder.java:328  | set size: 1
2026-03-14 00:01:53,344 DEBUG [CRASH COMPLEXION_p010]       SymbolsBuilder.java:194  | evaluateGlyph on Glyph{#5424 [SYMBOL]}
2026-03-14 00:01:53,344 DEBUG [CRASH COMPLEXION_p010]       SymbolsBuilder.java:328  | set size: 2
2026-03-14 00:01:53,344 DEBUG [CRASH COMPLEXION_p010]       SymbolsBuilder.java:194  | evaluateGlyph on Glyph{#5425 [SYMBOL]}
2026-03-14 00:01:53,345 DEBUG [CRASH COMPLEXION_p010]       SymbolsBuilder.java:194  | evaluateGlyph on Glyph{#6441 [SYMBOL]}
2026-03-14 00:01:53,346 DEBUG [CRASH COMPLEXION_p010]       SymbolsBuilder.java:194  | evaluateGlyph on Glyph{#5426 [SYMBOL]}
2026-03-14 00:01:53,347 DEBUG [CRASH COMPLEXION_p010]       SymbolsBuilder.java:328  | set size: 2
2026-03-14 00:01:53,347 DEBUG [CRASH COMPLEXION_p010]       SymbolsBuilder.java:194  | evaluateGlyph on Glyph{#5446 [SYMBOL]}
2026-03-14 00:01:53,348 DEBUG [CRASH COMPLEXION_p010]       SymbolsBuilder.java:194  | evaluateGlyph on Glyph{#6442 [SYMBOL]}
2026-03-14 00:01:53,349 DEBUG [CRASH COMPLEXION_p010]       SymbolsBuilder.java:194  | evaluateGlyph on Glyph{#5445 [SYMBOL]}
2026-03-14 00:01:53,350 DEBUG [CRASH COMPLEXION_p010]       SymbolsBuilder.java:328  | set size: 5
2026-03-14 00:01:53,350 DEBUG [CRASH COMPLEXION_p010]       SymbolsBuilder.java:194  | evaluateGlyph on Glyph{#5463 [SYMBOL]}
2026-03-14 00:01:53,354 DEBUG [CRASH COMPLEXION_p010]       SymbolsBuilder.java:194  | evaluateGlyph on Glyph{#6443 [SYMBOL]}
2026-03-14 00:01:53,360 DEBUG [CRASH COMPLEXION_p010]       SymbolsBuilder.java:194  | evaluateGlyph on Glyph{#6444 [SYMBOL]}
2026-03-14 00:01:53,365 DEBUG [CRASH COMPLEXION_p010]       SymbolsBuilder.java:194  | evaluateGlyph on Glyph{#6445 [SYMBOL]}
2026-03-14 00:01:53,375 DEBUG [CRASH COMPLEXION_p010]       SymbolsBuilder.java:194  | evaluateGlyph on Glyph{#6446 [SYMBOL]}
2026-03-14 00:01:53,379 DEBUG [CRASH COMPLEXION_p010]       SymbolsBuilder.java:194  | evaluateGlyph on Glyph{#5447 [SYMBOL]}
2026-03-14 00:01:53,382 DEBUG [CRASH COMPLEXION_p010]       SymbolsBuilder.java:194  | evaluateGlyph on Glyph{#5498 [SYMBOL]}
2026-03-14 00:01:53,384 DEBUG [CRASH COMPLEXION_p010]       SymbolsBuilder.java:194  | evaluateGlyph on Glyph{#6447 [SYMBOL]}
2026-03-14 00:01:53,386 DEBUG [CRASH COMPLEXION_p010]       SymbolsBuilder.java:194  | evaluateGlyph on Glyph{#6448 [SYMBOL]}
2026-03-14 00:01:53,390 DEBUG [CRASH COMPLEXION_p010]       SymbolsBuilder.java:194  | evaluateGlyph on Glyph{#6449 [SYMBOL]}
2026-03-14 00:01:53,393 DEBUG [CRASH COMPLEXION_p010]       SymbolsBuilder.java:194  | evaluateGlyph on Glyph{#5493 [SYMBOL]}
2026-03-14 00:01:53,395 DEBUG [CRASH COMPLEXION_p010]       SymbolsBuilder.java:194  | evaluateGlyph on Glyph{#5515 [SYMBOL]}
2026-03-14 00:01:53,396 DEBUG [CRASH COMPLEXION_p010]       SymbolsBuilder.java:328  | set size: 4
2026-03-14 00:01:53,397 DEBUG [CRASH COMPLEXION_p010]       SymbolsBuilder.java:194  | evaluateGlyph on Glyph{#5464 [SYMBOL]}
2026-03-14 00:01:53,402 DEBUG [CRASH COMPLEXION_p010]       SymbolsBuilder.java:194  | evaluateGlyph on Glyph{#6450 [SYMBOL]}
2026-03-14 00:01:53,407 DEBUG [CRASH COMPLEXION_p010]       SymbolsBuilder.java:194  | evaluateGlyph on Glyph{#6451 [SYMBOL]}
2026-03-14 00:01:53,413 DEBUG [CRASH COMPLEXION_p010]       SymbolsBuilder.java:194  | evaluateGlyph on Glyph{#5495 [SYMBOL]}
2026-03-14 00:01:53,415 DEBUG [CRASH COMPLEXION_p010]       SymbolsBuilder.java:194  | evaluateGlyph on Glyph{#6452 [SYMBOL]}
2026-03-14 00:01:53,418 DEBUG [CRASH COMPLEXION_p010]       SymbolsBuilder.java:194  | evaluateGlyph on Glyph{#5448 [SYMBOL]}
2026-03-14 00:01:53,420 DEBUG [CRASH COMPLEXION_p010]       SymbolsBuilder.java:194  | evaluateGlyph on Glyph{#5516 [SYMBOL]}
2026-03-14 00:01:53,422 DEBUG [CRASH COMPLEXION_p010]       SymbolsBuilder.java:328  | set size: 4
2026-03-14 00:01:53,422 DEBUG [CRASH COMPLEXION_p010]       SymbolsBuilder.java:194  | evaluateGlyph on Glyph{#5469 [SYMBOL]}
2026-03-14 00:01:53,427 DEBUG [CRASH COMPLEXION_p010]       SymbolsBuilder.java:194  | evaluateGlyph on Glyph{#6453 [SYMBOL]}
2026-03-14 00:01:53,435 DEBUG [CRASH COMPLEXION_p010]       SymbolsBuilder.java:194  | evaluateGlyph on Glyph{#5512 [SYMBOL]}
2026-03-14 00:01:53,437 DEBUG [CRASH COMPLEXION_p010]       SymbolsBuilder.java:194  | evaluateGlyph on Glyph{#5453 [SYMBOL]}
2026-03-14 00:01:53,439 DEBUG [CRASH COMPLEXION_p010]       SymbolsBuilder.java:194  | evaluateGlyph on Glyph{#6454 [SYMBOL]}
2026-03-14 00:01:53,442 DEBUG [CRASH COMPLEXION_p010]       SymbolsBuilder.java:194  | evaluateGlyph on Glyph{#5456 [SYMBOL]}
2026-03-14 00:01:53,444 DEBUG [CRASH COMPLEXION_p010]       SymbolsBuilder.java:328  | set size: 2
2026-03-14 00:01:53,444 DEBUG [CRASH COMPLEXION_p010]       SymbolsBuilder.java:194  | evaluateGlyph on Glyph{#5457 [SYMBOL]}
2026-03-14 00:01:53,444 DEBUG [CRASH COMPLEXION_p010]       SymbolsBuilder.java:194  | evaluateGlyph on Glyph{#6455 [SYMBOL]}
2026-03-14 00:01:53,445 DEBUG [CRASH COMPLEXION_p010]       SymbolsBuilder.java:194  | evaluateGlyph on Glyph{#5455 [SYMBOL]}
2026-03-14 00:01:53,446 DEBUG [CRASH COMPLEXION_p010]       SymbolsBuilder.java:328  | set size: 5
2026-03-14 00:01:53,446 DEBUG [CRASH COMPLEXION_p010]       SymbolsBuilder.java:194  | evaluateGlyph on Glyph{#5478 [SYMBOL]}
2026-03-14 00:01:53,448 DEBUG [CRASH COMPLEXION_p010]       SymbolsBuilder.java:194  | evaluateGlyph on Glyph{#6456 [SYMBOL]}
2026-03-14 00:01:53,451 DEBUG [CRASH COMPLEXION_p010]       SymbolsBuilder.java:194  | evaluateGlyph on Glyph{#6457 [SYMBOL]}
2026-03-14 00:01:53,455 DEBUG [CRASH COMPLEXION_p010]       SymbolsBuilder.java:194  | evaluateGlyph on Glyph{#6458 [SYMBOL]}
2026-03-14 00:01:53,460 DEBUG [CRASH COMPLEXION_p010]       SymbolsBuilder.java:194  | evaluateGlyph on Glyph{#6459 [SYMBOL]}
2026-03-14 00:01:53,466 DEBUG [CRASH COMPLEXION_p010]       SymbolsBuilder.java:194  | evaluateGlyph on Glyph{#6460 [SYMBOL]}
2026-03-14 00:01:53,469 DEBUG [CRASH COMPLEXION_p010]       SymbolsBuilder.java:194  | evaluateGlyph on Glyph{#6461 [SYMBOL]}
2026-03-14 00:01:53,473 DEBUG [CRASH COMPLEXION_p010]       SymbolsBuilder.java:194  | evaluateGlyph on Glyph{#5459 [SYMBOL]}
2026-03-14 00:01:53,475 DEBUG [CRASH COMPLEXION_p010]       SymbolsBuilder.java:194  | evaluateGlyph on Glyph{#5492 [SYMBOL]}
2026-03-14 00:01:53,476 DEBUG [CRASH COMPLEXION_p010]       SymbolsBuilder.java:194  | evaluateGlyph on Glyph{#6462 [SYMBOL]}
2026-03-14 00:01:53,479 DEBUG [CRASH COMPLEXION_p010]       SymbolsBuilder.java:194  | evaluateGlyph on Glyph{#6463 [SYMBOL]}
2026-03-14 00:01:53,482 DEBUG [CRASH COMPLEXION_p010]       SymbolsBuilder.java:194  | evaluateGlyph on Glyph{#5517 [SYMBOL]}
2026-03-14 00:01:53,484 DEBUG [CRASH COMPLEXION_p010]       SymbolsBuilder.java:194  | evaluateGlyph on Glyph{#6464 [SYMBOL]}
2026-03-14 00:01:53,486 DEBUG [CRASH COMPLEXION_p010]       SymbolsBuilder.java:194  | evaluateGlyph on Glyph{#5504 [SYMBOL]}
2026-03-14 00:01:53,488 DEBUG [CRASH COMPLEXION_p010]       SymbolsBuilder.java:328  | set size: 3
2026-03-14 00:01:53,488 DEBUG [CRASH COMPLEXION_p010]       SymbolsBuilder.java:194  | evaluateGlyph on Glyph{#5484 [SYMBOL]}
2026-03-14 00:01:53,492 DEBUG [CRASH COMPLEXION_p010]       SymbolsBuilder.java:194  | evaluateGlyph on Glyph{#6465 [SYMBOL]}
2026-03-14 00:01:53,498 DEBUG [CRASH COMPLEXION_p010]       SymbolsBuilder.java:194  | evaluateGlyph on Glyph{#5467 [SYMBOL]}
2026-03-14 00:01:53,500 DEBUG [CRASH COMPLEXION_p010]       SymbolsBuilder.java:194  | evaluateGlyph on Glyph{#6466 [SYMBOL]}
2026-03-14 00:01:53,503 DEBUG [CRASH COMPLEXION_p010]       SymbolsBuilder.java:194  | evaluateGlyph on Glyph{#5477 [SYMBOL]}
2026-03-14 00:01:53,504 DEBUG [CRASH COMPLEXION_p010]       SymbolsBuilder.java:328  | set size: 2
2026-03-14 00:01:53,504 DEBUG [CRASH COMPLEXION_p010]       SymbolsBuilder.java:194  | evaluateGlyph on Glyph{#5474 [SYMBOL]}
2026-03-14 00:01:53,505 DEBUG [CRASH COMPLEXION_p010]       SymbolsBuilder.java:194  | evaluateGlyph on Glyph{#6467 [SYMBOL]}
2026-03-14 00:01:53,505 DEBUG [CRASH COMPLEXION_p010]       SymbolsBuilder.java:194  | evaluateGlyph on Glyph{#5471 [SYMBOL]}
2026-03-14 00:01:53,506 DEBUG [CRASH COMPLEXION_p010]       SymbolsBuilder.java:328  | set size: 2
2026-03-14 00:01:53,506 DEBUG [CRASH COMPLEXION_p010]       SymbolsBuilder.java:194  | evaluateGlyph on Glyph{#5481 [SYMBOL]}
2026-03-14 00:01:53,510 DEBUG [CRASH COMPLEXION_p010]       SymbolsBuilder.java:194  | evaluateGlyph on Glyph{#6468 [SYMBOL]}
2026-03-14 00:01:53,515 DEBUG [CRASH COMPLEXION_p010]       SymbolsBuilder.java:194  | evaluateGlyph on Glyph{#5472 [SYMBOL]}
2026-03-14 00:01:53,517 DEBUG [CRASH COMPLEXION_p010]       SymbolsBuilder.java:328  | set size: 3
2026-03-14 00:01:53,517 DEBUG [CRASH COMPLEXION_p010]       SymbolsBuilder.java:194  | evaluateGlyph on Glyph{#5514 [SYMBOL]}
2026-03-14 00:01:53,519 DEBUG [CRASH COMPLEXION_p010]       SymbolsBuilder.java:194  | evaluateGlyph on Glyph{#6469 [SYMBOL]}
2026-03-14 00:01:53,522 DEBUG [CRASH COMPLEXION_p010]       SymbolsBuilder.java:194  | evaluateGlyph on Glyph{#6470 [SYMBOL]}
2026-03-14 00:01:53,527 DEBUG [CRASH COMPLEXION_p010]       SymbolsBuilder.java:194  | evaluateGlyph on Glyph{#5499 [SYMBOL]}
2026-03-14 00:01:53,529 DEBUG [CRASH COMPLEXION_p010]       SymbolsBuilder.java:194  | evaluateGlyph on Glyph{#6471 [SYMBOL]}
2026-03-14 00:01:53,533 DEBUG [CRASH COMPLEXION_p010]       SymbolsBuilder.java:194  | evaluateGlyph on Glyph{#5486 [SYMBOL]}
2026-03-14 00:01:53,535 DEBUG [CRASH COMPLEXION_p010]       SymbolsBuilder.java:328  | set size: 3
2026-03-14 00:01:53,535 DEBUG [CRASH COMPLEXION_p010]       SymbolsBuilder.java:194  | evaluateGlyph on Glyph{#5518 [SYMBOL]}
2026-03-14 00:01:53,537 DEBUG [CRASH COMPLEXION_p010]       SymbolsBuilder.java:194  | evaluateGlyph on Glyph{#6472 [SYMBOL]}
2026-03-14 00:01:53,539 DEBUG [CRASH COMPLEXION_p010]       SymbolsBuilder.java:194  | evaluateGlyph on Glyph{#6473 [SYMBOL]}
2026-03-14 00:01:53,543 DEBUG [CRASH COMPLEXION_p010]       SymbolsBuilder.java:194  | evaluateGlyph on Glyph{#5505 [SYMBOL]}
2026-03-14 00:01:53,545 DEBUG [CRASH COMPLEXION_p010]       SymbolsBuilder.java:194  | evaluateGlyph on Glyph{#6474 [SYMBOL]}
2026-03-14 00:01:53,547 DEBUG [CRASH COMPLEXION_p010]       SymbolsBuilder.java:194  | evaluateGlyph on Glyph{#5488 [SYMBOL]}
2026-03-14 00:01:53,549 DEBUG [CRASH COMPLEXION_p010]       SymbolsBuilder.java:328  | set size: 2
2026-03-14 00:01:53,549 DEBUG [CRASH COMPLEXION_p010]       SymbolsBuilder.java:194  | evaluateGlyph on Glyph{#5503 [SYMBOL]}
2026-03-14 00:01:53,552 DEBUG [CRASH COMPLEXION_p010]       SymbolsBuilder.java:194  | evaluateGlyph on Glyph{#6475 [SYMBOL]}
2026-03-14 00:01:53,556 DEBUG [CRASH COMPLEXION_p010]       SymbolsBuilder.java:194  | evaluateGlyph on Glyph{#5487 [SYMBOL]}
2026-03-14 00:01:53,559 DEBUG [CRASH COMPLEXION_p010]       SymbolsBuilder.java:328  | set size: 2
2026-03-14 00:01:53,559 DEBUG [CRASH COMPLEXION_p010]       SymbolsBuilder.java:194  | evaluateGlyph on Glyph{#5511 [SYMBOL]}
2026-03-14 00:01:53,559 DEBUG [CRASH COMPLEXION_p010]       SymbolsBuilder.java:194  | evaluateGlyph on Glyph{#6476 [SYMBOL]}
2026-03-14 00:01:53,560 DEBUG [CRASH COMPLEXION_p010]       SymbolsBuilder.java:194  | evaluateGlyph on Glyph{#5501 [SYMBOL]}
2026-03-14 00:01:53,560 DEBUG [CRASH COMPLEXION_p010]       SymbolsBuilder.java:328  | set size: 1
2026-03-14 00:01:53,561 DEBUG [CRASH COMPLEXION_p010]       SymbolsBuilder.java:194  | evaluateGlyph on Glyph{#5525 [SYMBOL]}
2026-03-14 00:01:53,561 DEBUG [CRASH COMPLEXION_p010]       SymbolsBuilder.java:328  | set size: 1
2026-03-14 00:01:53,561 DEBUG [CRASH COMPLEXION_p010]       SymbolsBuilder.java:194  | evaluateGlyph on Glyph{#5528 [SYMBOL]}
2026-03-14 00:01:53,561 DEBUG [CRASH COMPLEXION_p010]       SymbolsBuilder.java:328  | set size: 1
2026-03-14 00:01:53,561 DEBUG [CRASH COMPLEXION_p010]       SymbolsBuilder.java:194  | evaluateGlyph on Glyph{#5531 [SYMBOL]}
2026-03-14 00:01:53,562 DEBUG [CRASH COMPLEXION_p010]       SymbolsBuilder.java:328  | set size: 1
2026-03-14 00:01:53,562 DEBUG [CRASH COMPLEXION_p010]       SymbolsBuilder.java:194  | evaluateGlyph on Glyph{#5530 [SYMBOL]}
2026-03-14 00:01:53,605 DEBUG [CRASH COMPLEXION_p010]       SymbolsBuilder.java:328  | set size: 1
2026-03-14 00:01:53,606 DEBUG [CRASH COMPLEXION_p010]       SymbolsBuilder.java:194  | evaluateGlyph on Glyph{#5533 [SYMBOL]}
2026-03-14 00:01:53,606 DEBUG [CRASH COMPLEXION_p010]       SymbolsBuilder.java:328  | set size: 4
2026-03-14 00:01:53,607 DEBUG [CRASH COMPLEXION_p010]       SymbolsBuilder.java:194  | evaluateGlyph on Glyph{#5534 [SYMBOL]}
2026-03-14 00:01:53,607 DEBUG [CRASH COMPLEXION_p010]       SymbolsBuilder.java:194  | evaluateGlyph on Glyph{#6221 [SYMBOL]}
2026-03-14 00:01:53,608 DEBUG [CRASH COMPLEXION_p010]       SymbolsBuilder.java:194  | evaluateGlyph on Glyph{#6222 [SYMBOL]}
2026-03-14 00:01:53,608 DEBUG [CRASH COMPLEXION_p010]       SymbolsBuilder.java:194  | evaluateGlyph on Glyph{#6223 [SYMBOL]}
2026-03-14 00:01:53,608 DEBUG [CRASH COMPLEXION_p010]       SymbolsBuilder.java:194  | evaluateGlyph on Glyph{#6224 [SYMBOL]}
2026-03-14 00:01:53,609 DEBUG [CRASH COMPLEXION_p010]       SymbolsBuilder.java:194  | evaluateGlyph on Glyph{#6225 [SYMBOL]}
2026-03-14 00:01:53,609 DEBUG [CRASH COMPLEXION_p010]       SymbolsBuilder.java:194  | evaluateGlyph on Glyph{#5535 [SYMBOL]}
2026-03-14 00:01:53,609 DEBUG [CRASH COMPLEXION_p010]       SymbolsBuilder.java:194  | evaluateGlyph on Glyph{#6226 [SYMBOL]}
2026-03-14 00:01:53,609 DEBUG [CRASH COMPLEXION_p010]       SymbolsBuilder.java:194  | evaluateGlyph on Glyph{#5546 [SYMBOL]}
2026-03-14 00:01:53,610 DEBUG [CRASH COMPLEXION_p010]       SymbolsBuilder.java:194  | evaluateGlyph on Glyph{#5547 [SYMBOL]}
2026-03-14 00:01:53,610 DEBUG [CRASH COMPLEXION_p010]       SymbolsBuilder.java:328  | set size: 2
2026-03-14 00:01:53,610 DEBUG [CRASH COMPLEXION_p010]       SymbolsBuilder.java:194  | evaluateGlyph on Glyph{#5536 [SYMBOL]}
2026-03-14 00:01:53,611 DEBUG [CRASH COMPLEXION_p010]       SymbolsBuilder.java:194  | evaluateGlyph on Glyph{#6477 [SYMBOL]}
2026-03-14 00:01:53,611 DEBUG [CRASH COMPLEXION_p010]       SymbolsBuilder.java:328  | set size: 1
2026-03-14 00:01:53,611 DEBUG [CRASH COMPLEXION_p010]       SymbolsBuilder.java:194  | evaluateGlyph on Glyph{#5539 [SYMBOL]}
2026-03-14 00:01:53,612 DEBUG [CRASH COMPLEXION_p010]       SymbolsBuilder.java:328  | set size: 1
2026-03-14 00:01:53,612 DEBUG [CRASH COMPLEXION_p010]       SymbolsBuilder.java:194  | evaluateGlyph on Glyph{#5543 [SYMBOL]}
2026-03-14 00:01:53,613 DEBUG [CRASH COMPLEXION_p010]       SymbolsBuilder.java:328  | set size: 3
2026-03-14 00:01:53,613 DEBUG [CRASH COMPLEXION_p010]       SymbolsBuilder.java:194  | evaluateGlyph on Glyph{#5549 [SYMBOL]}
2026-03-14 00:01:53,614 DEBUG [CRASH COMPLEXION_p010]       SymbolsBuilder.java:194  | evaluateGlyph on Glyph{#6479 [SYMBOL]}
2026-03-14 00:01:53,615 DEBUG [CRASH COMPLEXION_p010]       SymbolsBuilder.java:194  | evaluateGlyph on Glyph{#6480 [SYMBOL]}
2026-03-14 00:01:53,616 DEBUG [CRASH COMPLEXION_p010]       SymbolsBuilder.java:194  | evaluateGlyph on Glyph{#5552 [SYMBOL]}
2026-03-14 00:01:53,617 DEBUG [CRASH COMPLEXION_p010]       SymbolsBuilder.java:194  | evaluateGlyph on Glyph{#6481 [SYMBOL]}
2026-03-14 00:01:53,618 DEBUG [CRASH COMPLEXION_p010]       SymbolsBuilder.java:328  | set size: 1
2026-03-14 00:01:53,618 DEBUG [CRASH COMPLEXION_p010]       SymbolsBuilder.java:194  | evaluateGlyph on Glyph{#5555 [SYMBOL]}
2026-03-14 00:01:53,621 DEBUG [CRASH COMPLEXION_p010]       SymbolsBuilder.java:328  | set size: 5
2026-03-14 00:01:53,621 DEBUG [CRASH COMPLEXION_p010]       SymbolsBuilder.java:194  | evaluateGlyph on Glyph{#5556 [SYMBOL]}
2026-03-14 00:01:53,622 DEBUG [CRASH COMPLEXION_p010]       SymbolsBuilder.java:194  | evaluateGlyph on Glyph{#6227 [SYMBOL]}
2026-03-14 00:01:53,622 DEBUG [CRASH COMPLEXION_p010]       SymbolsBuilder.java:194  | evaluateGlyph on Glyph{#6228 [SYMBOL]}
2026-03-14 00:01:53,623 DEBUG [CRASH COMPLEXION_p010]       SymbolsBuilder.java:194  | evaluateGlyph on Glyph{#6229 [SYMBOL]}
2026-03-14 00:01:53,623 DEBUG [CRASH COMPLEXION_p010]       SymbolsBuilder.java:194  | evaluateGlyph on Glyph{#5600 [SYMBOL]}
2026-03-14 00:01:53,623 DEBUG [CRASH COMPLEXION_p010]       SymbolsBuilder.java:194  | evaluateGlyph on Glyph{#6230 [SYMBOL]}
2026-03-14 00:01:53,624 DEBUG [CRASH COMPLEXION_p010]       SymbolsBuilder.java:194  | evaluateGlyph on Glyph{#6231 [SYMBOL]}
2026-03-14 00:01:53,624 DEBUG [CRASH COMPLEXION_p010]       SymbolsBuilder.java:194  | evaluateGlyph on Glyph{#6232 [SYMBOL]}
2026-03-14 00:01:53,624 DEBUG [CRASH COMPLEXION_p010]       SymbolsBuilder.java:194  | evaluateGlyph on Glyph{#5586 [SYMBOL]}
2026-03-14 00:01:53,625 DEBUG [CRASH COMPLEXION_p010]       SymbolsBuilder.java:194  | evaluateGlyph on Glyph{#6233 [SYMBOL]}
2026-03-14 00:01:53,625 DEBUG [CRASH COMPLEXION_p010]       SymbolsBuilder.java:194  | evaluateGlyph on Glyph{#6234 [SYMBOL]}
2026-03-14 00:01:53,626 DEBUG [CRASH COMPLEXION_p010]       SymbolsBuilder.java:194  | evaluateGlyph on Glyph{#6235 [SYMBOL]}
2026-03-14 00:01:53,626 DEBUG [CRASH COMPLEXION_p010]       SymbolsBuilder.java:194  | evaluateGlyph on Glyph{#5579 [SYMBOL]}
2026-03-14 00:01:53,626 DEBUG [CRASH COMPLEXION_p010]       SymbolsBuilder.java:194  | evaluateGlyph on Glyph{#5593 [SYMBOL]}
2026-03-14 00:01:53,626 DEBUG [CRASH COMPLEXION_p010]       SymbolsBuilder.java:328  | set size: 3
2026-03-14 00:01:53,627 DEBUG [CRASH COMPLEXION_p010]       SymbolsBuilder.java:194  | evaluateGlyph on Glyph{#5557 [SYMBOL]}
2026-03-14 00:01:53,628 DEBUG [CRASH COMPLEXION_p010]       SymbolsBuilder.java:194  | evaluateGlyph on Glyph{#6483 [SYMBOL]}
2026-03-14 00:01:53,629 DEBUG [CRASH COMPLEXION_p010]       SymbolsBuilder.java:194  | evaluateGlyph on Glyph{#6484 [SYMBOL]}
2026-03-14 00:01:53,631 DEBUG [CRASH COMPLEXION_p010]       SymbolsBuilder.java:194  | evaluateGlyph on Glyph{#6485 [SYMBOL]}
2026-03-14 00:01:53,632 DEBUG [CRASH COMPLEXION_p010]       SymbolsBuilder.java:194  | evaluateGlyph on Glyph{#5568 [SYMBOL]}
2026-03-14 00:01:53,633 DEBUG [CRASH COMPLEXION_p010]       SymbolsBuilder.java:194  | evaluateGlyph on Glyph{#6486 [SYMBOL]}
2026-03-14 00:01:53,634 DEBUG [CRASH COMPLEXION_p010]       SymbolsBuilder.java:328  | set size: 2
2026-03-14 00:01:53,634 DEBUG [CRASH COMPLEXION_p010]       SymbolsBuilder.java:194  | evaluateGlyph on Glyph{#5558 [SYMBOL]}
2026-03-14 00:01:53,637 DEBUG [CRASH COMPLEXION_p010]       SymbolsBuilder.java:194  | evaluateGlyph on Glyph{#6487 [SYMBOL]}
2026-03-14 00:01:53,639 DEBUG [CRASH COMPLEXION_p010]       SymbolsBuilder.java:194  | evaluateGlyph on Glyph{#5583 [SYMBOL]}
2026-03-14 00:01:53,640 DEBUG [CRASH COMPLEXION_p010]       SymbolsBuilder.java:328  | set size: 1
2026-03-14 00:01:53,641 DEBUG [CRASH COMPLEXION_p010]       SymbolsBuilder.java:194  | evaluateGlyph on Glyph{#5561 [SYMBOL]}
2026-03-14 00:01:53,649 DEBUG [CRASH COMPLEXION_p010]       SymbolsBuilder.java:328  | set size: 2
2026-03-14 00:01:53,649 DEBUG [CRASH COMPLEXION_p010]       SymbolsBuilder.java:194  | evaluateGlyph on Glyph{#5560 [SYMBOL]}
2026-03-14 00:01:53,649 DEBUG [CRASH COMPLEXION_p010]       SymbolsBuilder.java:328  | set size: 2
2026-03-14 00:01:53,652 DEBUG [CRASH COMPLEXION_p010]       SymbolsBuilder.java:194  | evaluateGlyph on Glyph{#5565 [SYMBOL]}
2026-03-14 00:01:53,653 DEBUG [CRASH COMPLEXION_p010]       SymbolsBuilder.java:194  | evaluateGlyph on Glyph{#6488 [SYMBOL]}
2026-03-14 00:01:53,654 DEBUG [CRASH COMPLEXION_p010]       SymbolsBuilder.java:194  | evaluateGlyph on Glyph{#5571 [SYMBOL]}
2026-03-14 00:01:53,655 DEBUG [CRASH COMPLEXION_p010]       SymbolsBuilder.java:328  | set size: 1
2026-03-14 00:01:53,655 DEBUG [CRASH COMPLEXION_p010]       SymbolsBuilder.java:194  | evaluateGlyph on Glyph{#5564 [SYMBOL]}
2026-03-14 00:01:53,656 DEBUG [CRASH COMPLEXION_p010]       SymbolsBuilder.java:328  | set size: 2
2026-03-14 00:01:53,656 DEBUG [CRASH COMPLEXION_p010]       SymbolsBuilder.java:194  | evaluateGlyph on Glyph{#5570 [SYMBOL]}
2026-03-14 00:01:53,656 DEBUG [CRASH COMPLEXION_p010]       SymbolsBuilder.java:194  | evaluateGlyph on Glyph{#6490 [SYMBOL]}
2026-03-14 00:01:53,657 DEBUG [CRASH COMPLEXION_p010]       SymbolsBuilder.java:328  | set size: 1
2026-03-14 00:01:53,658 DEBUG [CRASH COMPLEXION_p010]       SymbolsBuilder.java:194  | evaluateGlyph on Glyph{#5573 [SYMBOL]}
2026-03-14 00:01:53,664 DEBUG [CRASH COMPLEXION_p010]       SymbolsBuilder.java:328  | set size: 2
2026-03-14 00:01:53,664 DEBUG [CRASH COMPLEXION_p010]       SymbolsBuilder.java:194  | evaluateGlyph on Glyph{#5625 [SYMBOL]}
2026-03-14 00:01:53,668 DEBUG [CRASH COMPLEXION_p010]       SymbolsBuilder.java:328  | set size: 2
2026-03-14 00:01:53,668 DEBUG [CRASH COMPLEXION_p010]       SymbolsBuilder.java:194  | evaluateGlyph on Glyph{#5576 [SYMBOL]}
2026-03-14 00:01:53,669 DEBUG [CRASH COMPLEXION_p010]         MeasureStack.java:256  | No part yet for FlagInter#6491{(0.796) FLAG_1}
2026-03-14 00:01:53,670 DEBUG [CRASH COMPLEXION_p010]       SymbolsBuilder.java:194  | evaluateGlyph on Glyph{#6492 [SYMBOL]}
2026-03-14 00:01:53,672 DEBUG [CRASH COMPLEXION_p010]       SymbolsBuilder.java:194  | evaluateGlyph on Glyph{#5577 [SYMBOL]}
2026-03-14 00:01:53,673 DEBUG [CRASH COMPLEXION_p010]       SymbolsBuilder.java:328  | set size: 1
2026-03-14 00:01:53,673 DEBUG [CRASH COMPLEXION_p010]       SymbolsBuilder.java:194  | evaluateGlyph on Glyph{#5578 [SYMBOL]}
2026-03-14 00:01:53,673 DEBUG [CRASH COMPLEXION_p010]       SymbolsBuilder.java:328  | set size: 3
2026-03-14 00:01:53,673 DEBUG [CRASH COMPLEXION_p010]       SymbolsBuilder.java:194  | evaluateGlyph on Glyph{#5595 [SYMBOL]}
2026-03-14 00:01:53,674 DEBUG [CRASH COMPLEXION_p010]       SymbolsBuilder.java:194  | evaluateGlyph on Glyph{#6494 [SYMBOL]}
2026-03-14 00:01:53,675 DEBUG [CRASH COMPLEXION_p010]       SymbolsBuilder.java:194  | evaluateGlyph on Glyph{#6495 [SYMBOL]}
2026-03-14 00:01:53,676 DEBUG [CRASH COMPLEXION_p010]       SymbolsBuilder.java:194  | evaluateGlyph on Glyph{#5590 [SYMBOL]}
2026-03-14 00:01:53,676 DEBUG [CRASH COMPLEXION_p010]       SymbolsBuilder.java:194  | evaluateGlyph on Glyph{#6496 [SYMBOL]}
2026-03-14 00:01:53,677 DEBUG [CRASH COMPLEXION_p010]       SymbolsBuilder.java:194  | evaluateGlyph on Glyph{#5587 [SYMBOL]}
2026-03-14 00:01:53,677 DEBUG [CRASH COMPLEXION_p010]       SymbolsBuilder.java:328  | set size: 1
2026-03-14 00:01:53,677 DEBUG [CRASH COMPLEXION_p010]       SymbolsBuilder.java:194  | evaluateGlyph on Glyph{#5592 [SYMBOL]}
2026-03-14 00:01:53,678 DEBUG [CRASH COMPLEXION_p010]       SymbolsBuilder.java:328  | set size: 1
2026-03-14 00:01:53,678 DEBUG [CRASH COMPLEXION_p010]       SymbolsBuilder.java:194  | evaluateGlyph on Glyph{#5594 [SYMBOL]}
2026-03-14 00:01:53,679 DEBUG [CRASH COMPLEXION_p010]       SymbolsBuilder.java:328  | set size: 1
2026-03-14 00:01:53,679 DEBUG [CRASH COMPLEXION_p010]       SymbolsBuilder.java:194  | evaluateGlyph on Glyph{#5596 [SYMBOL]}
2026-03-14 00:01:53,679 DEBUG [CRASH COMPLEXION_p010]       SymbolsBuilder.java:328  | set size: 1
2026-03-14 00:01:53,679 DEBUG [CRASH COMPLEXION_p010]       SymbolsBuilder.java:194  | evaluateGlyph on Glyph{#5597 [SYMBOL]}
2026-03-14 00:01:53,680 DEBUG [CRASH COMPLEXION_p010]       SymbolsBuilder.java:328  | set size: 2
2026-03-14 00:01:53,680 DEBUG [CRASH COMPLEXION_p010]       SymbolsBuilder.java:194  | evaluateGlyph on Glyph{#5603 [SYMBOL]}
2026-03-14 00:01:53,683 DEBUG [CRASH COMPLEXION_p010]       SymbolsBuilder.java:194  | evaluateGlyph on Glyph{#6497 [SYMBOL]}
2026-03-14 00:01:53,685 DEBUG [CRASH COMPLEXION_p010]       SymbolsBuilder.java:328  | set size: 1
2026-03-14 00:01:53,685 DEBUG [CRASH COMPLEXION_p010]       SymbolsBuilder.java:194  | evaluateGlyph on Glyph{#5601 [SYMBOL]}
2026-03-14 00:01:53,689 DEBUG [CRASH COMPLEXION_p010]       SymbolsBuilder.java:328  | set size: 1
2026-03-14 00:01:53,689 DEBUG [CRASH COMPLEXION_p010]       SymbolsBuilder.java:194  | evaluateGlyph on Glyph{#5617 [SYMBOL]}
2026-03-14 00:01:53,690 DEBUG [CRASH COMPLEXION_p010]       SymbolsBuilder.java:328  | set size: 1
2026-03-14 00:01:53,690 DEBUG [CRASH COMPLEXION_p010]       SymbolsBuilder.java:194  | evaluateGlyph on Glyph{#5618 [SYMBOL]}
2026-03-14 00:01:53,692 DEBUG [CRASH COMPLEXION_p010]       SymbolsBuilder.java:328  | set size: 2
2026-03-14 00:01:53,692 DEBUG [CRASH COMPLEXION_p010]       SymbolsBuilder.java:194  | evaluateGlyph on Glyph{#5622 [SYMBOL]}
2026-03-14 00:01:53,692 DEBUG [CRASH COMPLEXION_p010]       SymbolsBuilder.java:194  | evaluateGlyph on Glyph{#6499 [SYMBOL]}
2026-03-14 00:01:53,693 DEBUG [CRASH COMPLEXION_p010]       SymbolsBuilder.java:328  | set size: 1
2026-03-14 00:01:53,693 DEBUG [CRASH COMPLEXION_p010]       SymbolsBuilder.java:194  | evaluateGlyph on Glyph{#5631 [SYMBOL]}
2026-03-14 00:01:53,694 DEBUG [CRASH COMPLEXION_p010]       SymbolsBuilder.java:328  | set size: 2
2026-03-14 00:01:53,694 DEBUG [CRASH COMPLEXION_p010]       SymbolsBuilder.java:194  | evaluateGlyph on Glyph{#5635 [SYMBOL]}
2026-03-14 00:01:53,694 DEBUG [CRASH COMPLEXION_p010]       SymbolsBuilder.java:194  | evaluateGlyph on Glyph{#6500 [SYMBOL]}
2026-03-14 00:01:53,695 DEBUG [CRASH COMPLEXION_p010]       SymbolsBuilder.java:194  | evaluateGlyph on Glyph{#5643 [SYMBOL]}
2026-03-14 00:01:53,695 DEBUG [CRASH COMPLEXION_p010]       SymbolsBuilder.java:328  | set size: 5
2026-03-14 00:01:53,696 DEBUG [CRASH COMPLEXION_p010]       SymbolsBuilder.java:194  | evaluateGlyph on Glyph{#5660 [SYMBOL]}
2026-03-14 00:01:53,698 DEBUG [CRASH COMPLEXION_p010]       SymbolsBuilder.java:194  | evaluateGlyph on Glyph{#6501 [SYMBOL]}
2026-03-14 00:01:53,700 DEBUG [CRASH COMPLEXION_p010]       SymbolsBuilder.java:194  | evaluateGlyph on Glyph{#6502 [SYMBOL]}
2026-03-14 00:01:53,704 DEBUG [CRASH COMPLEXION_p010]       SymbolsBuilder.java:194  | evaluateGlyph on Glyph{#6504 [SYMBOL]}
2026-03-14 00:01:53,706 DEBUG [CRASH COMPLEXION_p010]       SymbolsBuilder.java:194  | evaluateGlyph on Glyph{#6505 [SYMBOL]}
2026-03-14 00:01:53,709 DEBUG [CRASH COMPLEXION_p010]       SymbolsBuilder.java:194  | evaluateGlyph on Glyph{#6506 [SYMBOL]}
2026-03-14 00:01:53,711 DEBUG [CRASH COMPLEXION_p010]       SymbolsBuilder.java:194  | evaluateGlyph on Glyph{#5647 [SYMBOL]}
2026-03-14 00:01:53,718 DEBUG [CRASH COMPLEXION_p010]       SymbolsBuilder.java:194  | evaluateGlyph on Glyph{#6507 [SYMBOL]}
2026-03-14 00:01:53,722 DEBUG [CRASH COMPLEXION_p010]       SymbolsBuilder.java:194  | evaluateGlyph on Glyph{#5669 [SYMBOL]}
2026-03-14 00:01:53,723 DEBUG [CRASH COMPLEXION_p010]       SymbolsBuilder.java:194  | evaluateGlyph on Glyph{#6509 [SYMBOL]}
2026-03-14 00:01:53,724 DEBUG [CRASH COMPLEXION_p010]       SymbolsBuilder.java:194  | evaluateGlyph on Glyph{#5637 [SYMBOL]}
2026-03-14 00:01:53,725 DEBUG [CRASH COMPLEXION_p010]       SymbolsBuilder.java:194  | evaluateGlyph on Glyph{#5680 [SYMBOL]}
2026-03-14 00:01:53,726 DEBUG [CRASH COMPLEXION_p010]       SymbolsBuilder.java:328  | set size: 1
2026-03-14 00:01:53,727 DEBUG [CRASH COMPLEXION_p010]       SymbolsBuilder.java:194  | evaluateGlyph on Glyph{#5636 [SYMBOL]}
2026-03-14 00:01:53,731 DEBUG [CRASH COMPLEXION_p010]       SymbolsBuilder.java:328  | set size: 1
2026-03-14 00:01:53,731 DEBUG [CRASH COMPLEXION_p010]       SymbolsBuilder.java:194  | evaluateGlyph on Glyph{#5640 [SYMBOL]}
2026-03-14 00:01:53,732 DEBUG [CRASH COMPLEXION_p010]       SymbolsBuilder.java:328  | set size: 1
2026-03-14 00:01:53,732 DEBUG [CRASH COMPLEXION_p010]       SymbolsBuilder.java:194  | evaluateGlyph on Glyph{#5641 [SYMBOL]}
2026-03-14 00:01:53,734 DEBUG [CRASH COMPLEXION_p010]       SymbolsBuilder.java:328  | set size: 1
2026-03-14 00:01:53,734 DEBUG [CRASH COMPLEXION_p010]       SymbolsBuilder.java:194  | evaluateGlyph on Glyph{#5648 [SYMBOL]}
2026-03-14 00:01:53,735 DEBUG [CRASH COMPLEXION_p010]       SymbolsBuilder.java:328  | set size: 1
2026-03-14 00:01:53,735 DEBUG [CRASH COMPLEXION_p010]       SymbolsBuilder.java:194  | evaluateGlyph on Glyph{#5649 [SYMBOL]}
2026-03-14 00:01:53,735 DEBUG [CRASH COMPLEXION_p010]       SymbolsBuilder.java:328  | set size: 1
2026-03-14 00:01:53,736 DEBUG [CRASH COMPLEXION_p010]       SymbolsBuilder.java:194  | evaluateGlyph on Glyph{#5651 [SYMBOL]}
2026-03-14 00:01:53,738 DEBUG [CRASH COMPLEXION_p010]       SymbolsBuilder.java:328  | set size: 11
2026-03-14 00:01:53,738 DEBUG [CRASH COMPLEXION_p010]       SymbolsBuilder.java:340  | Symbol parts shrunk from 11 to 7
2026-03-14 00:01:53,738 DEBUG [CRASH COMPLEXION_p010]       SymbolsBuilder.java:194  | evaluateGlyph on Glyph{#5662 [SYMBOL]}
2026-03-14 00:01:53,739 DEBUG [CRASH COMPLEXION_p010]       SymbolsBuilder.java:194  | evaluateGlyph on Glyph{#6511 [SYMBOL]}
2026-03-14 00:01:53,741 DEBUG [CRASH COMPLEXION_p010]       SymbolsBuilder.java:194  | evaluateGlyph on Glyph{#6512 [SYMBOL]}
2026-03-14 00:01:53,743 DEBUG [CRASH COMPLEXION_p010]       SymbolsBuilder.java:194  | evaluateGlyph on Glyph{#6513 [SYMBOL]}
2026-03-14 00:01:53,748 DEBUG [CRASH COMPLEXION_p010]       SymbolsBuilder.java:194  | evaluateGlyph on Glyph{#6514 [SYMBOL]}
2026-03-14 00:01:53,750 DEBUG [CRASH COMPLEXION_p010]       SymbolsBuilder.java:194  | evaluateGlyph on Glyph{#6515 [SYMBOL]}
2026-03-14 00:01:53,751 DEBUG [CRASH COMPLEXION_p010]       SymbolsBuilder.java:194  | evaluateGlyph on Glyph{#6516 [SYMBOL]}
2026-03-14 00:01:53,752 DEBUG [CRASH COMPLEXION_p010]       SymbolsBuilder.java:194  | evaluateGlyph on Glyph{#6517 [SYMBOL]}
2026-03-14 00:01:53,753 DEBUG [CRASH COMPLEXION_p010]       SymbolsBuilder.java:194  | evaluateGlyph on Glyph{#5675 [SYMBOL]}
2026-03-14 00:01:53,754 DEBUG [CRASH COMPLEXION_p010]       SymbolsBuilder.java:194  | evaluateGlyph on Glyph{#5690 [SYMBOL]}
2026-03-14 00:01:53,755 DEBUG [CRASH COMPLEXION_p010]       SymbolsBuilder.java:194  | evaluateGlyph on Glyph{#6518 [SYMBOL]}
2026-03-14 00:01:53,756 DEBUG [CRASH COMPLEXION_p010]       SymbolsBuilder.java:194  | evaluateGlyph on Glyph{#6519 [SYMBOL]}
2026-03-14 00:01:53,757 DEBUG [CRASH COMPLEXION_p010]       SymbolsBuilder.java:194  | evaluateGlyph on Glyph{#6520 [SYMBOL]}
2026-03-14 00:01:53,758 DEBUG [CRASH COMPLEXION_p010]       SymbolsBuilder.java:194  | evaluateGlyph on Glyph{#5687 [SYMBOL]}
2026-03-14 00:01:53,758 DEBUG [CRASH COMPLEXION_p010]       SymbolsBuilder.java:194  | evaluateGlyph on Glyph{#6521 [SYMBOL]}
2026-03-14 00:01:53,759 DEBUG [CRASH COMPLEXION_p010]       SymbolsBuilder.java:194  | evaluateGlyph on Glyph{#5659 [SYMBOL]}
2026-03-14 00:01:53,760 DEBUG [CRASH COMPLEXION_p010]       SymbolsBuilder.java:194  | evaluateGlyph on Glyph{#6522 [SYMBOL]}
2026-03-14 00:01:53,761 DEBUG [CRASH COMPLEXION_p010]       SymbolsBuilder.java:194  | evaluateGlyph on Glyph{#5684 [SYMBOL]}
2026-03-14 00:01:53,761 DEBUG [CRASH COMPLEXION_p010]       SymbolsBuilder.java:194  | evaluateGlyph on Glyph{#5656 [SYMBOL]}
2026-03-14 00:01:53,762 DEBUG [CRASH COMPLEXION_p010]       SymbolsBuilder.java:328  | set size: 1
2026-03-14 00:01:53,762 DEBUG [CRASH COMPLEXION_p010]       SymbolsBuilder.java:194  | evaluateGlyph on Glyph{#5658 [SYMBOL]}
2026-03-14 00:01:53,762 DEBUG [CRASH COMPLEXION_p010]       SymbolsBuilder.java:328  | set size: 1
2026-03-14 00:01:53,763 DEBUG [CRASH COMPLEXION_p010]       SymbolsBuilder.java:194  | evaluateGlyph on Glyph{#5661 [SYMBOL]}
2026-03-14 00:01:53,765 DEBUG [CRASH COMPLEXION_p010]       SymbolsBuilder.java:328  | set size: 1
2026-03-14 00:01:53,765 DEBUG [CRASH COMPLEXION_p010]       SymbolsBuilder.java:194  | evaluateGlyph on Glyph{#5664 [SYMBOL]}
2026-03-14 00:01:53,772 DEBUG [CRASH COMPLEXION_p010]       SymbolsBuilder.java:328  | set size: 2
2026-03-14 00:01:53,772 DEBUG [CRASH COMPLEXION_p010]       SymbolsBuilder.java:194  | evaluateGlyph on Glyph{#5709 [SYMBOL]}
2026-03-14 00:01:53,779 DEBUG [CRASH COMPLEXION_p010]       SymbolsBuilder.java:328  | set size: 1
2026-03-14 00:01:53,780 DEBUG [CRASH COMPLEXION_p010]       SymbolsBuilder.java:194  | evaluateGlyph on Glyph{#5672 [SYMBOL]}
2026-03-14 00:01:53,781 DEBUG [CRASH COMPLEXION_p010]       SymbolsBuilder.java:328  | set size: 1
2026-03-14 00:01:53,781 DEBUG [CRASH COMPLEXION_p010]       SymbolsBuilder.java:194  | evaluateGlyph on Glyph{#5688 [SYMBOL]}
2026-03-14 00:01:53,782 DEBUG [CRASH COMPLEXION_p010]       SymbolsBuilder.java:328  | set size: 1
2026-03-14 00:01:53,783 DEBUG [CRASH COMPLEXION_p010]       SymbolsBuilder.java:194  | evaluateGlyph on Glyph{#5696 [SYMBOL]}
2026-03-14 00:01:53,783 DEBUG [CRASH COMPLEXION_p010]       SymbolsBuilder.java:328  | set size: 1
2026-03-14 00:01:53,783 DEBUG [CRASH COMPLEXION_p010]       SymbolsBuilder.java:194  | evaluateGlyph on Glyph{#5701 [SYMBOL]}
2026-03-14 00:01:53,785 DEBUG [CRASH COMPLEXION_p010]       SymbolsBuilder.java:328  | set size: 1
2026-03-14 00:01:53,785 DEBUG [CRASH COMPLEXION_p010]       SymbolsBuilder.java:194  | evaluateGlyph on Glyph{#5702 [SYMBOL]}
2026-03-14 00:01:53,787 DEBUG [CRASH COMPLEXION_p010]       SymbolsBuilder.java:328  | set size: 1
2026-03-14 00:01:53,787 DEBUG [CRASH COMPLEXION_p010]       SymbolsBuilder.java:194  | evaluateGlyph on Glyph{#5706 [SYMBOL]}
2026-03-14 00:01:53,789 DEBUG [CRASH COMPLEXION_p010]       SymbolsBuilder.java:328  | set size: 2
2026-03-14 00:01:53,789 DEBUG [CRASH COMPLEXION_p010]       SymbolsBuilder.java:194  | evaluateGlyph on Glyph{#5707 [SYMBOL]}
2026-03-14 00:01:53,790 DEBUG [CRASH COMPLEXION_p010]       SymbolsBuilder.java:194  | evaluateGlyph on Glyph{#6525 [SYMBOL]}
2026-03-14 00:01:53,792 DEBUG [CRASH COMPLEXION_p010]       SymbolsBuilder.java:194  | evaluateGlyph on Glyph{#5710 [SYMBOL]}
2026-03-14 00:01:53,793 DEBUG [CRASH COMPLEXION_p010]       SymbolsBuilder.java:328  | set size: 11
2026-03-14 00:01:53,793 DEBUG [CRASH COMPLEXION_p010]       SymbolsBuilder.java:340  | Symbol parts shrunk from 11 to 7
2026-03-14 00:01:53,793 DEBUG [CRASH COMPLEXION_p010]       SymbolsBuilder.java:194  | evaluateGlyph on Glyph{#5736 [SYMBOL]}
2026-03-14 00:01:53,794 DEBUG [CRASH COMPLEXION_p010]       SymbolsBuilder.java:194  | evaluateGlyph on Glyph{#6526 [SYMBOL]}
2026-03-14 00:01:53,796 DEBUG [CRASH COMPLEXION_p010]       SymbolsBuilder.java:194  | evaluateGlyph on Glyph{#6527 [SYMBOL]}
2026-03-14 00:01:53,798 DEBUG [CRASH COMPLEXION_p010]       SymbolsBuilder.java:194  | evaluateGlyph on Glyph{#5719 [SYMBOL]}
2026-03-14 00:01:53,799 DEBUG [CRASH COMPLEXION_p010]       SymbolsBuilder.java:194  | evaluateGlyph on Glyph{#5711 [SYMBOL]}
2026-03-14 00:01:53,800 DEBUG [CRASH COMPLEXION_p010]       SymbolsBuilder.java:194  | evaluateGlyph on Glyph{#6528 [SYMBOL]}
2026-03-14 00:01:53,801 DEBUG [CRASH COMPLEXION_p010]       SymbolsBuilder.java:194  | evaluateGlyph on Glyph{#5733 [SYMBOL]}
2026-03-14 00:01:53,802 DEBUG [CRASH COMPLEXION_p010]       SymbolsBuilder.java:194  | evaluateGlyph on Glyph{#6529 [SYMBOL]}
2026-03-14 00:01:53,803 DEBUG [CRASH COMPLEXION_p010]       SymbolsBuilder.java:194  | evaluateGlyph on Glyph{#5727 [SYMBOL]}
2026-03-14 00:01:53,804 DEBUG [CRASH COMPLEXION_p010]       SymbolsBuilder.java:194  | evaluateGlyph on Glyph{#5708 [SYMBOL]}
2026-03-14 00:01:53,805 DEBUG [CRASH COMPLEXION_p010]       SymbolsBuilder.java:194  | evaluateGlyph on Glyph{#5714 [SYMBOL]}
2026-03-14 00:01:53,811 DEBUG [CRASH COMPLEXION_p010]       SymbolsBuilder.java:328  | set size: 1
2026-03-14 00:01:53,811 DEBUG [CRASH COMPLEXION_p010]       SymbolsBuilder.java:194  | evaluateGlyph on Glyph{#5716 [SYMBOL]}
2026-03-14 00:01:53,813 DEBUG [CRASH COMPLEXION_p010]       SymbolsBuilder.java:328  | set size: 1
2026-03-14 00:01:53,814 DEBUG [CRASH COMPLEXION_p010]       SymbolsBuilder.java:194  | evaluateGlyph on Glyph{#5718 [SYMBOL]}
2026-03-14 00:01:53,814 DEBUG [CRASH COMPLEXION_p010]       SymbolsBuilder.java:328  | set size: 8
2026-03-14 00:01:53,814 DEBUG [CRASH COMPLEXION_p010]       SymbolsBuilder.java:340  | Symbol parts shrunk from 8 to 7
2026-03-14 00:01:53,814 DEBUG [CRASH COMPLEXION_p010]       SymbolsBuilder.java:194  | evaluateGlyph on Glyph{#5742 [SYMBOL]}
2026-03-14 00:01:53,815 DEBUG [CRASH COMPLEXION_p010]       SymbolsBuilder.java:194  | evaluateGlyph on Glyph{#6266 [SYMBOL]}
2026-03-14 00:01:53,816 DEBUG [CRASH COMPLEXION_p010]       SymbolsBuilder.java:194  | evaluateGlyph on Glyph{#6267 [SYMBOL]}
2026-03-14 00:01:53,816 DEBUG [CRASH COMPLEXION_p010]       SymbolsBuilder.java:194  | evaluateGlyph on Glyph{#6268 [SYMBOL]}
2026-03-14 00:01:53,817 DEBUG [CRASH COMPLEXION_p010]       SymbolsBuilder.java:194  | evaluateGlyph on Glyph{#6269 [SYMBOL]}
2026-03-14 00:01:53,817 DEBUG [CRASH COMPLEXION_p010]       SymbolsBuilder.java:194  | evaluateGlyph on Glyph{#6270 [SYMBOL]}
2026-03-14 00:01:53,818 DEBUG [CRASH COMPLEXION_p010]       SymbolsBuilder.java:194  | evaluateGlyph on Glyph{#5743 [SYMBOL]}
2026-03-14 00:01:53,818 DEBUG [CRASH COMPLEXION_p010]       SymbolsBuilder.java:194  | evaluateGlyph on Glyph{#5769 [SYMBOL]}
2026-03-14 00:01:53,819 DEBUG [CRASH COMPLEXION_p010]       SymbolsBuilder.java:194  | evaluateGlyph on Glyph{#5758 [SYMBOL]}
2026-03-14 00:01:53,819 DEBUG [CRASH COMPLEXION_p010]       SymbolsBuilder.java:194  | evaluateGlyph on Glyph{#6271 [SYMBOL]}
2026-03-14 00:01:53,819 DEBUG [CRASH COMPLEXION_p010]       SymbolsBuilder.java:194  | evaluateGlyph on Glyph{#5759 [SYMBOL]}
2026-03-14 00:01:53,820 DEBUG [CRASH COMPLEXION_p010]       SymbolsBuilder.java:328  | set size: 2
2026-03-14 00:01:53,820 DEBUG [CRASH COMPLEXION_p010]       SymbolsBuilder.java:194  | evaluateGlyph on Glyph{#5746 [SYMBOL]}
2026-03-14 00:01:53,822 DEBUG [CRASH COMPLEXION_p010]       SymbolsBuilder.java:194  | evaluateGlyph on Glyph{#6531 [SYMBOL]}
2026-03-14 00:01:53,824 DEBUG [CRASH COMPLEXION_p010]       SymbolsBuilder.java:194  | evaluateGlyph on Glyph{#5739 [SYMBOL]}
2026-03-14 00:01:53,825 DEBUG [CRASH COMPLEXION_p010]       SymbolsBuilder.java:328  | set size: 1
2026-03-14 00:01:53,825 DEBUG [CRASH COMPLEXION_p010]       SymbolsBuilder.java:194  | evaluateGlyph on Glyph{#5741 [SYMBOL]}
2026-03-14 00:01:53,826 DEBUG [CRASH COMPLEXION_p010]       SymbolsBuilder.java:328  | set size: 8
2026-03-14 00:01:53,827 DEBUG [CRASH COMPLEXION_p010]       SymbolsBuilder.java:340  | Symbol parts shrunk from 8 to 7
2026-03-14 00:01:53,827 DEBUG [CRASH COMPLEXION_p010]       SymbolsBuilder.java:194  | evaluateGlyph on Glyph{#5744 [SYMBOL]}
2026-03-14 00:01:53,828 DEBUG [CRASH COMPLEXION_p010]       SymbolsBuilder.java:194  | evaluateGlyph on Glyph{#6533 [SYMBOL]}
2026-03-14 00:01:53,829 DEBUG [CRASH COMPLEXION_p010]       SymbolsBuilder.java:194  | evaluateGlyph on Glyph{#6534 [SYMBOL]}
2026-03-14 00:01:53,830 DEBUG [CRASH COMPLEXION_p010]       SymbolsBuilder.java:194  | evaluateGlyph on Glyph{#6535 [SYMBOL]}
2026-03-14 00:01:53,831 DEBUG [CRASH COMPLEXION_p010]       SymbolsBuilder.java:194  | evaluateGlyph on Glyph{#6536 [SYMBOL]}
2026-03-14 00:01:53,832 DEBUG [CRASH COMPLEXION_p010]       SymbolsBuilder.java:194  | evaluateGlyph on Glyph{#6537 [SYMBOL]}
2026-03-14 00:01:53,833 DEBUG [CRASH COMPLEXION_p010]       SymbolsBuilder.java:194  | evaluateGlyph on Glyph{#6538 [SYMBOL]}
2026-03-14 00:01:53,834 DEBUG [CRASH COMPLEXION_p010]       SymbolsBuilder.java:194  | evaluateGlyph on Glyph{#6539 [SYMBOL]}
2026-03-14 00:01:53,836 DEBUG [CRASH COMPLEXION_p010]       SymbolsBuilder.java:194  | evaluateGlyph on Glyph{#6540 [SYMBOL]}
2026-03-14 00:01:53,840 DEBUG [CRASH COMPLEXION_p010]       SymbolsBuilder.java:194  | evaluateGlyph on Glyph{#6541 [SYMBOL]}
2026-03-14 00:01:53,842 DEBUG [CRASH COMPLEXION_p010]       SymbolsBuilder.java:194  | evaluateGlyph on Glyph{#6542 [SYMBOL]}
2026-03-14 00:01:53,843 DEBUG [CRASH COMPLEXION_p010]       SymbolsBuilder.java:194  | evaluateGlyph on Glyph{#6543 [SYMBOL]}
2026-03-14 00:01:53,846 DEBUG [CRASH COMPLEXION_p010]       SymbolsBuilder.java:194  | evaluateGlyph on Glyph{#6544 [SYMBOL]}
2026-03-14 00:01:53,848 DEBUG [CRASH COMPLEXION_p010]       SymbolsBuilder.java:194  | evaluateGlyph on Glyph{#6545 [SYMBOL]}
2026-03-14 00:01:53,849 DEBUG [CRASH COMPLEXION_p010]       SymbolsBuilder.java:194  | evaluateGlyph on Glyph{#6546 [SYMBOL]}
2026-03-14 00:01:53,850 DEBUG [CRASH COMPLEXION_p010]       SymbolsBuilder.java:194  | evaluateGlyph on Glyph{#5765 [SYMBOL]}
2026-03-14 00:01:53,851 DEBUG [CRASH COMPLEXION_p010]       SymbolsBuilder.java:194  | evaluateGlyph on Glyph{#6547 [SYMBOL]}
2026-03-14 00:01:53,852 DEBUG [CRASH COMPLEXION_p010]       SymbolsBuilder.java:194  | evaluateGlyph on Glyph{#6548 [SYMBOL]}
2026-03-14 00:01:53,853 DEBUG [CRASH COMPLEXION_p010]       SymbolsBuilder.java:194  | evaluateGlyph on Glyph{#6549 [SYMBOL]}
2026-03-14 00:01:53,854 DEBUG [CRASH COMPLEXION_p010]       SymbolsBuilder.java:194  | evaluateGlyph on Glyph{#6550 [SYMBOL]}
2026-03-14 00:01:53,856 DEBUG [CRASH COMPLEXION_p010]       SymbolsBuilder.java:194  | evaluateGlyph on Glyph{#6551 [SYMBOL]}
2026-03-14 00:01:53,857 DEBUG [CRASH COMPLEXION_p010]       SymbolsBuilder.java:194  | evaluateGlyph on Glyph{#6552 [SYMBOL]}
2026-03-14 00:01:53,859 DEBUG [CRASH COMPLEXION_p010]       SymbolsBuilder.java:194  | evaluateGlyph on Glyph{#6553 [SYMBOL]}
2026-03-14 00:01:53,860 DEBUG [CRASH COMPLEXION_p010]       SymbolsBuilder.java:194  | evaluateGlyph on Glyph{#6554 [SYMBOL]}
2026-03-14 00:01:53,864 DEBUG [CRASH COMPLEXION_p010]       SymbolsBuilder.java:194  | evaluateGlyph on Glyph{#6555 [SYMBOL]}
2026-03-14 00:01:53,866 DEBUG [CRASH COMPLEXION_p010]       SymbolsBuilder.java:194  | evaluateGlyph on Glyph{#6556 [SYMBOL]}
2026-03-14 00:01:53,868 DEBUG [CRASH COMPLEXION_p010]       SymbolsBuilder.java:194  | evaluateGlyph on Glyph{#6557 [SYMBOL]}
2026-03-14 00:01:53,868 DEBUG [CRASH COMPLEXION_p010]       SymbolsBuilder.java:194  | evaluateGlyph on Glyph{#6558 [SYMBOL]}
2026-03-14 00:01:53,873 DEBUG [CRASH COMPLEXION_p010]       SymbolsBuilder.java:194  | evaluateGlyph on Glyph{#6559 [SYMBOL]}
2026-03-14 00:01:53,874 DEBUG [CRASH COMPLEXION_p010]       SymbolsBuilder.java:194  | evaluateGlyph on Glyph{#5761 [SYMBOL]}
2026-03-14 00:01:53,875 DEBUG [CRASH COMPLEXION_p010]       SymbolsBuilder.java:194  | evaluateGlyph on Glyph{#6560 [SYMBOL]}
2026-03-14 00:01:53,876 DEBUG [CRASH COMPLEXION_p010]       SymbolsBuilder.java:194  | evaluateGlyph on Glyph{#6561 [SYMBOL]}
2026-03-14 00:01:53,877 DEBUG [CRASH COMPLEXION_p010]       SymbolsBuilder.java:194  | evaluateGlyph on Glyph{#6562 [SYMBOL]}
2026-03-14 00:01:53,879 DEBUG [CRASH COMPLEXION_p010]       SymbolsBuilder.java:194  | evaluateGlyph on Glyph{#5756 [SYMBOL]}
2026-03-14 00:01:53,880 DEBUG [CRASH COMPLEXION_p010]       SymbolsBuilder.java:194  | evaluateGlyph on Glyph{#6563 [SYMBOL]}
2026-03-14 00:01:53,881 DEBUG [CRASH COMPLEXION_p010]       SymbolsBuilder.java:194  | evaluateGlyph on Glyph{#6564 [SYMBOL]}
2026-03-14 00:01:53,882 DEBUG [CRASH COMPLEXION_p010]       SymbolsBuilder.java:194  | evaluateGlyph on Glyph{#5760 [SYMBOL]}
2026-03-14 00:01:53,883 DEBUG [CRASH COMPLEXION_p010]       SymbolsBuilder.java:194  | evaluateGlyph on Glyph{#6565 [SYMBOL]}
2026-03-14 00:01:53,884 DEBUG [CRASH COMPLEXION_p010]       SymbolsBuilder.java:194  | evaluateGlyph on Glyph{#5755 [SYMBOL]}
2026-03-14 00:01:53,884 DEBUG [CRASH COMPLEXION_p010]       SymbolsBuilder.java:328  | set size: 1
2026-03-14 00:01:53,885 DEBUG [CRASH COMPLEXION_p010]       SymbolsBuilder.java:194  | evaluateGlyph on Glyph{#5745 [SYMBOL]}
2026-03-14 00:01:53,887 DEBUG [CRASH COMPLEXION_p010]       SymbolsBuilder.java:328  | set size: 2
2026-03-14 00:01:53,887 DEBUG [CRASH COMPLEXION_p010]       SymbolsBuilder.java:194  | evaluateGlyph on Glyph{#5778 [SYMBOL]}
2026-03-14 00:01:53,890 DEBUG [CRASH COMPLEXION_p010]       SymbolsBuilder.java:328  | set size: 1
2026-03-14 00:01:53,890 DEBUG [CRASH COMPLEXION_p010]       SymbolsBuilder.java:194  | evaluateGlyph on Glyph{#5750 [SYMBOL]}
2026-03-14 00:01:53,891 DEBUG [CRASH COMPLEXION_p010]       SymbolsBuilder.java:328  | set size: 2
2026-03-14 00:01:53,891 DEBUG [CRASH COMPLEXION_p010]       SymbolsBuilder.java:194  | evaluateGlyph on Glyph{#5754 [SYMBOL]}
2026-03-14 00:01:53,892 DEBUG [CRASH COMPLEXION_p010]       SymbolsBuilder.java:194  | evaluateGlyph on Glyph{#6567 [SYMBOL]}
2026-03-14 00:01:53,892 DEBUG [CRASH COMPLEXION_p010]       SymbolsBuilder.java:194  | evaluateGlyph on Glyph{#5751 [SYMBOL]}
2026-03-14 00:01:53,893 DEBUG [CRASH COMPLEXION_p010]       SymbolsBuilder.java:328  | set size: 1
2026-03-14 00:01:53,893 DEBUG [CRASH COMPLEXION_p010]       SymbolsBuilder.java:194  | evaluateGlyph on Glyph{#5757 [SYMBOL]}
2026-03-14 00:01:53,898 DEBUG [CRASH COMPLEXION_p010]       SymbolsBuilder.java:328  | set size: 1
2026-03-14 00:01:53,898 DEBUG [CRASH COMPLEXION_p010]       SymbolsBuilder.java:194  | evaluateGlyph on Glyph{#5763 [SYMBOL]}
2026-03-14 00:01:53,899 DEBUG [CRASH COMPLEXION_p010]       SymbolsBuilder.java:328  | set size: 1
2026-03-14 00:01:53,899 DEBUG [CRASH COMPLEXION_p010]       SymbolsBuilder.java:194  | evaluateGlyph on Glyph{#5771 [SYMBOL]}
2026-03-14 00:01:53,899 DEBUG [CRASH COMPLEXION_p010]       SymbolsBuilder.java:328  | set size: 2
2026-03-14 00:01:53,899 DEBUG [CRASH COMPLEXION_p010]       SymbolsBuilder.java:194  | evaluateGlyph on Glyph{#5773 [SYMBOL]}
2026-03-14 00:01:53,902 DEBUG [CRASH COMPLEXION_p010]       SymbolsBuilder.java:194  | evaluateGlyph on Glyph{#6568 [SYMBOL]}
2026-03-14 00:01:53,903 DEBUG [CRASH COMPLEXION_p010]       SymbolsBuilder.java:194  | evaluateGlyph on Glyph{#5772 [SYMBOL]}
2026-03-14 00:01:53,904 DEBUG [CRASH COMPLEXION_p010]       SymbolsBuilder.java:328  | set size: 1
2026-03-14 00:01:53,904 DEBUG [CRASH COMPLEXION_p010]       SymbolsBuilder.java:194  | evaluateGlyph on Glyph{#5775 [SYMBOL]}
2026-03-14 00:01:53,906 DEBUG [CRASH COMPLEXION_p010]       SymbolsBuilder.java:328  | set size: 3
2026-03-14 00:01:53,906 DEBUG [CRASH COMPLEXION_p010]       SymbolsBuilder.java:194  | evaluateGlyph on Glyph{#5776 [SYMBOL]}
2026-03-14 00:01:53,907 DEBUG [CRASH COMPLEXION_p010]       SymbolsBuilder.java:194  | evaluateGlyph on Glyph{#6569 [SYMBOL]}
2026-03-14 00:01:53,908 DEBUG [CRASH COMPLEXION_p010]       SymbolsBuilder.java:194  | evaluateGlyph on Glyph{#6570 [SYMBOL]}
2026-03-14 00:01:53,908 DEBUG [CRASH COMPLEXION_p010]       SymbolsBuilder.java:194  | evaluateGlyph on Glyph{#6571 [SYMBOL]}
2026-03-14 00:01:53,909 DEBUG [CRASH COMPLEXION_p010]       SymbolsBuilder.java:194  | evaluateGlyph on Glyph{#5780 [SYMBOL]}
2026-03-14 00:01:53,910 DEBUG [CRASH COMPLEXION_p010]       SymbolsBuilder.java:194  | evaluateGlyph on Glyph{#6572 [SYMBOL]}
2026-03-14 00:01:53,910 DEBUG [CRASH COMPLEXION_p010]       SymbolsBuilder.java:194  | evaluateGlyph on Glyph{#5779 [SYMBOL]}
2026-03-14 00:01:53,910 DEBUG [CRASH COMPLEXION_p010]       SymbolsBuilder.java:328  | set size: 8
2026-03-14 00:01:53,910 DEBUG [CRASH COMPLEXION_p010]       SymbolsBuilder.java:340  | Symbol parts shrunk from 8 to 7
2026-03-14 00:01:53,910 DEBUG [CRASH COMPLEXION_p010]       SymbolsBuilder.java:194  | evaluateGlyph on Glyph{#5794 [SYMBOL]}
2026-03-14 00:01:53,911 DEBUG [CRASH COMPLEXION_p010]       SymbolsBuilder.java:194  | evaluateGlyph on Glyph{#6573 [SYMBOL]}
2026-03-14 00:01:53,913 DEBUG [CRASH COMPLEXION_p010]       SymbolsBuilder.java:194  | evaluateGlyph on Glyph{#6574 [SYMBOL]}
2026-03-14 00:01:53,915 DEBUG [CRASH COMPLEXION_p010]       SymbolsBuilder.java:194  | evaluateGlyph on Glyph{#6575 [SYMBOL]}
2026-03-14 00:01:53,917 DEBUG [CRASH COMPLEXION_p010]       SymbolsBuilder.java:194  | evaluateGlyph on Glyph{#6576 [SYMBOL]}
2026-03-14 00:01:53,919 DEBUG [CRASH COMPLEXION_p010]       SymbolsBuilder.java:194  | evaluateGlyph on Glyph{#6577 [SYMBOL]}
2026-03-14 00:01:53,921 DEBUG [CRASH COMPLEXION_p010]       SymbolsBuilder.java:194  | evaluateGlyph on Glyph{#6578 [SYMBOL]}
2026-03-14 00:01:53,924 DEBUG [CRASH COMPLEXION_p010]       SymbolsBuilder.java:194  | evaluateGlyph on Glyph{#6579 [SYMBOL]}
2026-03-14 00:01:53,926 DEBUG [CRASH COMPLEXION_p010]       SymbolsBuilder.java:194  | evaluateGlyph on Glyph{#6580 [SYMBOL]}
2026-03-14 00:01:53,928 DEBUG [CRASH COMPLEXION_p010]       SymbolsBuilder.java:194  | evaluateGlyph on Glyph{#6581 [SYMBOL]}
2026-03-14 00:01:53,930 DEBUG [CRASH COMPLEXION_p010]       SymbolsBuilder.java:194  | evaluateGlyph on Glyph{#6582 [SYMBOL]}
2026-03-14 00:01:53,933 DEBUG [CRASH COMPLEXION_p010]       SymbolsBuilder.java:194  | evaluateGlyph on Glyph{#6583 [SYMBOL]}
2026-03-14 00:01:53,935 DEBUG [CRASH COMPLEXION_p010]       SymbolsBuilder.java:194  | evaluateGlyph on Glyph{#6584 [SYMBOL]}
2026-03-14 00:01:53,937 DEBUG [CRASH COMPLEXION_p010]       SymbolsBuilder.java:194  | evaluateGlyph on Glyph{#6585 [SYMBOL]}
2026-03-14 00:01:53,939 DEBUG [CRASH COMPLEXION_p010]       SymbolsBuilder.java:194  | evaluateGlyph on Glyph{#6586 [SYMBOL]}
2026-03-14 00:01:53,941 DEBUG [CRASH COMPLEXION_p010]       SymbolsBuilder.java:194  | evaluateGlyph on Glyph{#6587 [SYMBOL]}
2026-03-14 00:01:53,943 DEBUG [CRASH COMPLEXION_p010]       SymbolsBuilder.java:194  | evaluateGlyph on Glyph{#6588 [SYMBOL]}
2026-03-14 00:01:53,945 DEBUG [CRASH COMPLEXION_p010]       SymbolsBuilder.java:194  | evaluateGlyph on Glyph{#6589 [SYMBOL]}
2026-03-14 00:01:53,947 DEBUG [CRASH COMPLEXION_p010]       SymbolsBuilder.java:194  | evaluateGlyph on Glyph{#6590 [SYMBOL]}
2026-03-14 00:01:53,949 DEBUG [CRASH COMPLEXION_p010]       SymbolsBuilder.java:194  | evaluateGlyph on Glyph{#6591 [SYMBOL]}
2026-03-14 00:01:53,951 DEBUG [CRASH COMPLEXION_p010]       SymbolsBuilder.java:194  | evaluateGlyph on Glyph{#6592 [SYMBOL]}
2026-03-14 00:01:53,953 DEBUG [CRASH COMPLEXION_p010]       SymbolsBuilder.java:194  | evaluateGlyph on Glyph{#6593 [SYMBOL]}
2026-03-14 00:01:53,955 DEBUG [CRASH COMPLEXION_p010]       SymbolsBuilder.java:194  | evaluateGlyph on Glyph{#6594 [SYMBOL]}
2026-03-14 00:01:53,957 DEBUG [CRASH COMPLEXION_p010]       SymbolsBuilder.java:194  | evaluateGlyph on Glyph{#6595 [SYMBOL]}
2026-03-14 00:01:53,959 DEBUG [CRASH COMPLEXION_p010]       SymbolsBuilder.java:194  | evaluateGlyph on Glyph{#6596 [SYMBOL]}
2026-03-14 00:01:53,961 DEBUG [CRASH COMPLEXION_p010]       SymbolsBuilder.java:194  | evaluateGlyph on Glyph{#6597 [SYMBOL]}
2026-03-14 00:01:53,963 DEBUG [CRASH COMPLEXION_p010]       SymbolsBuilder.java:194  | evaluateGlyph on Glyph{#6598 [SYMBOL]}
2026-03-14 00:01:53,966 DEBUG [CRASH COMPLEXION_p010]       SymbolsBuilder.java:194  | evaluateGlyph on Glyph{#6599 [SYMBOL]}
2026-03-14 00:01:53,968 DEBUG [CRASH COMPLEXION_p010]       SymbolsBuilder.java:194  | evaluateGlyph on Glyph{#6600 [SYMBOL]}
2026-03-14 00:01:53,970 DEBUG [CRASH COMPLEXION_p010]       SymbolsBuilder.java:194  | evaluateGlyph on Glyph{#6601 [SYMBOL]}
2026-03-14 00:01:53,972 DEBUG [CRASH COMPLEXION_p010]       SymbolsBuilder.java:194  | evaluateGlyph on Glyph{#6602 [SYMBOL]}
2026-03-14 00:01:53,974 DEBUG [CRASH COMPLEXION_p010]       SymbolsBuilder.java:194  | evaluateGlyph on Glyph{#6603 [SYMBOL]}
2026-03-14 00:01:53,975 DEBUG [CRASH COMPLEXION_p010]       SymbolsBuilder.java:194  | evaluateGlyph on Glyph{#6604 [SYMBOL]}
2026-03-14 00:01:53,977 DEBUG [CRASH COMPLEXION_p010]       SymbolsBuilder.java:194  | evaluateGlyph on Glyph{#6605 [SYMBOL]}
2026-03-14 00:01:53,979 DEBUG [CRASH COMPLEXION_p010]       SymbolsBuilder.java:194  | evaluateGlyph on Glyph{#6606 [SYMBOL]}
2026-03-14 00:01:53,980 DEBUG [CRASH COMPLEXION_p010]       SymbolsBuilder.java:194  | evaluateGlyph on Glyph{#6607 [SYMBOL]}
2026-03-14 00:01:53,982 DEBUG [CRASH COMPLEXION_p010]       SymbolsBuilder.java:194  | evaluateGlyph on Glyph{#5789 [SYMBOL]}
2026-03-14 00:01:53,983 DEBUG [CRASH COMPLEXION_p010]       SymbolsBuilder.java:194  | evaluateGlyph on Glyph{#6608 [SYMBOL]}
2026-03-14 00:01:53,984 DEBUG [CRASH COMPLEXION_p010]       SymbolsBuilder.java:194  | evaluateGlyph on Glyph{#6609 [SYMBOL]}
2026-03-14 00:01:53,986 DEBUG [CRASH COMPLEXION_p010]       SymbolsBuilder.java:194  | evaluateGlyph on Glyph{#6610 [SYMBOL]}
2026-03-14 00:01:53,988 DEBUG [CRASH COMPLEXION_p010]       SymbolsBuilder.java:194  | evaluateGlyph on Glyph{#6611 [SYMBOL]}
2026-03-14 00:01:53,989 DEBUG [CRASH COMPLEXION_p010]       SymbolsBuilder.java:194  | evaluateGlyph on Glyph{#6612 [SYMBOL]}
2026-03-14 00:01:53,990 DEBUG [CRASH COMPLEXION_p010]       SymbolsBuilder.java:194  | evaluateGlyph on Glyph{#6613 [SYMBOL]}
2026-03-14 00:01:53,992 DEBUG [CRASH COMPLEXION_p010]       SymbolsBuilder.java:194  | evaluateGlyph on Glyph{#6614 [SYMBOL]}
2026-03-14 00:01:53,993 DEBUG [CRASH COMPLEXION_p010]       SymbolsBuilder.java:194  | evaluateGlyph on Glyph{#5806 [SYMBOL]}
2026-03-14 00:01:53,993 DEBUG [CRASH COMPLEXION_p010]       SymbolsBuilder.java:194  | evaluateGlyph on Glyph{#6615 [SYMBOL]}
2026-03-14 00:01:53,997 DEBUG [CRASH COMPLEXION_p010]       SymbolsBuilder.java:194  | evaluateGlyph on Glyph{#5781 [SYMBOL]}
2026-03-14 00:01:53,998 DEBUG [CRASH COMPLEXION_p010]       SymbolsBuilder.java:194  | evaluateGlyph on Glyph{#6617 [SYMBOL]}
2026-03-14 00:01:53,999 DEBUG [CRASH COMPLEXION_p010]       SymbolsBuilder.java:194  | evaluateGlyph on Glyph{#6618 [SYMBOL]}
2026-03-14 00:01:54,000 DEBUG [CRASH COMPLEXION_p010]       SymbolsBuilder.java:194  | evaluateGlyph on Glyph{#6619 [SYMBOL]}
2026-03-14 00:01:54,000 DEBUG [CRASH COMPLEXION_p010]       SymbolsBuilder.java:194  | evaluateGlyph on Glyph{#5785 [SYMBOL]}
2026-03-14 00:01:54,001 DEBUG [CRASH COMPLEXION_p010]       SymbolsBuilder.java:194  | evaluateGlyph on Glyph{#6620 [SYMBOL]}
2026-03-14 00:01:54,002 DEBUG [CRASH COMPLEXION_p010]       SymbolsBuilder.java:194  | evaluateGlyph on Glyph{#5802 [SYMBOL]}
2026-03-14 00:01:54,002 DEBUG [CRASH COMPLEXION_p010]       SymbolsBuilder.java:194  | evaluateGlyph on Glyph{#5788 [SYMBOL]}
2026-03-14 00:01:54,003 DEBUG [CRASH COMPLEXION_p010]       SymbolsBuilder.java:328  | set size: 6
2026-03-14 00:01:54,003 DEBUG [CRASH COMPLEXION_p010]       SymbolsBuilder.java:194  | evaluateGlyph on Glyph{#5820 [SYMBOL]}
2026-03-14 00:01:54,003 DEBUG [CRASH COMPLEXION_p010]       SymbolsBuilder.java:194  | evaluateGlyph on Glyph{#6278 [SYMBOL]}
2026-03-14 00:01:54,004 DEBUG [CRASH COMPLEXION_p010]       SymbolsBuilder.java:194  | evaluateGlyph on Glyph{#6280 [SYMBOL]}
2026-03-14 00:01:54,004 DEBUG [CRASH COMPLEXION_p010]       SymbolsBuilder.java:194  | evaluateGlyph on Glyph{#6281 [SYMBOL]}
2026-03-14 00:01:54,004 DEBUG [CRASH COMPLEXION_p010]       SymbolsBuilder.java:194  | evaluateGlyph on Glyph{#5790 [SYMBOL]}
2026-03-14 00:01:54,004 DEBUG [CRASH COMPLEXION_p010]       SymbolsBuilder.java:194  | evaluateGlyph on Glyph{#6282 [SYMBOL]}
2026-03-14 00:01:54,005 DEBUG [CRASH COMPLEXION_p010]       SymbolsBuilder.java:194  | evaluateGlyph on Glyph{#6283 [SYMBOL]}
2026-03-14 00:01:54,005 DEBUG [CRASH COMPLEXION_p010]       SymbolsBuilder.java:194  | evaluateGlyph on Glyph{#6284 [SYMBOL]}
2026-03-14 00:01:54,005 DEBUG [CRASH COMPLEXION_p010]       SymbolsBuilder.java:194  | evaluateGlyph on Glyph{#6285 [SYMBOL]}
2026-03-14 00:01:54,006 DEBUG [CRASH COMPLEXION_p010]       SymbolsBuilder.java:194  | evaluateGlyph on Glyph{#6287 [SYMBOL]}
2026-03-14 00:01:54,006 DEBUG [CRASH COMPLEXION_p010]       SymbolsBuilder.java:194  | evaluateGlyph on Glyph{#5815 [SYMBOL]}
2026-03-14 00:01:54,006 DEBUG [CRASH COMPLEXION_p010]       SymbolsBuilder.java:194  | evaluateGlyph on Glyph{#6288 [SYMBOL]}
2026-03-14 00:01:54,006 DEBUG [CRASH COMPLEXION_p010]       SymbolsBuilder.java:194  | evaluateGlyph on Glyph{#6289 [SYMBOL]}
2026-03-14 00:01:54,006 DEBUG [CRASH COMPLEXION_p010]       SymbolsBuilder.java:194  | evaluateGlyph on Glyph{#5799 [SYMBOL]}
2026-03-14 00:01:54,007 DEBUG [CRASH COMPLEXION_p010]       SymbolsBuilder.java:194  | evaluateGlyph on Glyph{#6290 [SYMBOL]}
2026-03-14 00:01:54,007 DEBUG [CRASH COMPLEXION_p010]       SymbolsBuilder.java:194  | evaluateGlyph on Glyph{#5807 [SYMBOL]}
2026-03-14 00:01:54,007 DEBUG [CRASH COMPLEXION_p010]       SymbolsBuilder.java:194  | evaluateGlyph on Glyph{#5786 [SYMBOL]}
2026-03-14 00:01:54,007 DEBUG [CRASH COMPLEXION_p010]       SymbolsBuilder.java:328  | set size: 2
2026-03-14 00:01:54,007 DEBUG [CRASH COMPLEXION_p010]       SymbolsBuilder.java:194  | evaluateGlyph on Glyph{#5795 [SYMBOL]}
2026-03-14 00:01:54,009 DEBUG [CRASH COMPLEXION_p010]       SymbolsBuilder.java:194  | evaluateGlyph on Glyph{#6622 [SYMBOL]}
2026-03-14 00:01:54,010 DEBUG [CRASH COMPLEXION_p010]       SymbolsBuilder.java:194  | evaluateGlyph on Glyph{#5817 [SYMBOL]}
2026-03-14 00:01:54,011 DEBUG [CRASH COMPLEXION_p010]       SymbolsBuilder.java:328  | set size: 2
2026-03-14 00:01:54,011 DEBUG [CRASH COMPLEXION_p010]       SymbolsBuilder.java:194  | evaluateGlyph on Glyph{#5797 [SYMBOL]}
2026-03-14 00:01:54,012 DEBUG [CRASH COMPLEXION_p010]       SymbolsBuilder.java:194  | evaluateGlyph on Glyph{#6623 [SYMBOL]}
2026-03-14 00:01:54,013 DEBUG [CRASH COMPLEXION_p010]       SymbolsBuilder.java:194  | evaluateGlyph on Glyph{#5796 [SYMBOL]}
2026-03-14 00:01:54,013 DEBUG [CRASH COMPLEXION_p010]       SymbolsBuilder.java:328  | set size: 1
2026-03-14 00:01:54,013 DEBUG [CRASH COMPLEXION_p010]       SymbolsBuilder.java:194  | evaluateGlyph on Glyph{#5808 [SYMBOL]}
2026-03-14 00:01:54,015 DEBUG [CRASH COMPLEXION_p010]       SymbolsBuilder.java:328  | set size: 2
2026-03-14 00:01:54,015 DEBUG [CRASH COMPLEXION_p010]       SymbolsBuilder.java:194  | evaluateGlyph on Glyph{#5825 [SYMBOL]}
2026-03-14 00:01:54,017 DEBUG [CRASH COMPLEXION_p010]       SymbolsBuilder.java:194  | evaluateGlyph on Glyph{#6625 [SYMBOL]}
2026-03-14 00:01:54,018 DEBUG [CRASH COMPLEXION_p010]       SymbolsBuilder.java:194  | evaluateGlyph on Glyph{#5809 [SYMBOL]}
2026-03-14 00:01:54,019 DEBUG [CRASH COMPLEXION_p010]       SymbolsBuilder.java:328  | set size: 3
2026-03-14 00:01:54,019 DEBUG [CRASH COMPLEXION_p010]       SymbolsBuilder.java:194  | evaluateGlyph on Glyph{#5814 [SYMBOL]}
2026-03-14 00:01:54,022 DEBUG [CRASH COMPLEXION_p010]       SymbolsBuilder.java:194  | evaluateGlyph on Glyph{#6626 [SYMBOL]}
2026-03-14 00:01:54,025 DEBUG [CRASH COMPLEXION_p010]       SymbolsBuilder.java:194  | evaluateGlyph on Glyph{#6628 [SYMBOL]}
2026-03-14 00:01:54,028 DEBUG [CRASH COMPLEXION_p010]       SymbolsBuilder.java:194  | evaluateGlyph on Glyph{#6629 [SYMBOL]}
2026-03-14 00:01:54,031 DEBUG [CRASH COMPLEXION_p010]       SymbolsBuilder.java:194  | evaluateGlyph on Glyph{#5830 [SYMBOL]}
2026-03-14 00:01:54,031 DEBUG [CRASH COMPLEXION_p010]       SymbolsBuilder.java:194  | evaluateGlyph on Glyph{#5816 [SYMBOL]}
2026-03-14 00:01:54,032 DEBUG [CRASH COMPLEXION_p010]       SymbolsBuilder.java:328  | set size: 1
2026-03-14 00:01:54,032 DEBUG [CRASH COMPLEXION_p010]       SymbolsBuilder.java:194  | evaluateGlyph on Glyph{#5818 [SYMBOL]}
2026-03-14 00:01:54,032 DEBUG [CRASH COMPLEXION_p010]       SymbolsBuilder.java:328  | set size: 1
2026-03-14 00:01:54,032 DEBUG [CRASH COMPLEXION_p010]       SymbolsBuilder.java:194  | evaluateGlyph on Glyph{#5819 [SYMBOL]}
2026-03-14 00:01:54,033 DEBUG [CRASH COMPLEXION_p010]       SymbolsBuilder.java:328  | set size: 3
2026-03-14 00:01:54,033 DEBUG [CRASH COMPLEXION_p010]       SymbolsBuilder.java:194  | evaluateGlyph on Glyph{#5826 [SYMBOL]}
2026-03-14 00:01:54,034 DEBUG [CRASH COMPLEXION_p010]         MeasureStack.java:256  | No part yet for FlagInter#6630{(0.726) FLAG_1}
2026-03-14 00:01:54,034 DEBUG [CRASH COMPLEXION_p010]       SymbolsBuilder.java:194  | evaluateGlyph on Glyph{#6631 [SYMBOL]}
2026-03-14 00:01:54,035 DEBUG [CRASH COMPLEXION_p010]       SymbolsBuilder.java:194  | evaluateGlyph on Glyph{#6633 [SYMBOL]}
2026-03-14 00:01:54,036 DEBUG [CRASH COMPLEXION_p010]       SymbolsBuilder.java:194  | evaluateGlyph on Glyph{#6635 [SYMBOL]}
2026-03-14 00:01:54,037 DEBUG [CRASH COMPLEXION_p010]       SymbolsBuilder.java:194  | evaluateGlyph on Glyph{#5827 [SYMBOL]}
2026-03-14 00:01:54,038 DEBUG [CRASH COMPLEXION_p010]       SymbolsBuilder.java:194  | evaluateGlyph on Glyph{#6636 [SYMBOL]}
2026-03-14 00:01:54,038 DEBUG [CRASH COMPLEXION_p010]       SymbolsBuilder.java:328  | set size: 3
2026-03-14 00:01:54,038 DEBUG [CRASH COMPLEXION_p010]       SymbolsBuilder.java:194  | evaluateGlyph on Glyph{#5829 [SYMBOL]}
2026-03-14 00:01:54,039 DEBUG [CRASH COMPLEXION_p010]       SymbolsBuilder.java:194  | evaluateGlyph on Glyph{#6637 [SYMBOL]}
2026-03-14 00:01:54,040 DEBUG [CRASH COMPLEXION_p010]       SymbolsBuilder.java:194  | evaluateGlyph on Glyph{#6638 [SYMBOL]}
2026-03-14 00:01:54,041 DEBUG [CRASH COMPLEXION_p010]       SymbolsBuilder.java:194  | evaluateGlyph on Glyph{#6639 [SYMBOL]}
2026-03-14 00:01:54,042 DEBUG [CRASH COMPLEXION_p010]       SymbolsBuilder.java:194  | evaluateGlyph on Glyph{#5822 [SYMBOL]}
2026-03-14 00:01:54,043 DEBUG [CRASH COMPLEXION_p010]       SymbolsBuilder.java:194  | evaluateGlyph on Glyph{#6640 [SYMBOL]}
2026-03-14 00:01:54,043 DEBUG [CRASH COMPLEXION_p010]       SymbolsBuilder.java:194  | evaluateGlyph on Glyph{#5824 [SYMBOL]}
2026-03-14 00:01:54,044 DEBUG [CRASH COMPLEXION_p010]       SymbolsBuilder.java:328  | set size: 1
2026-03-14 00:01:54,044 DEBUG [CRASH COMPLEXION_p010]       SymbolsBuilder.java:194  | evaluateGlyph on Glyph{#5833 [SYMBOL]}
2026-03-14 00:01:54,044 DEBUG [CRASH COMPLEXION_p010]       SymbolsBuilder.java:328  | set size: 7
2026-03-14 00:01:54,044 DEBUG [CRASH COMPLEXION_p010]       SymbolsBuilder.java:194  | evaluateGlyph on Glyph{#5843 [SYMBOL]}
2026-03-14 00:01:54,045 DEBUG [CRASH COMPLEXION_p010]       SymbolsBuilder.java:194  | evaluateGlyph on Glyph{#6642 [SYMBOL]}
2026-03-14 00:01:54,046 DEBUG [CRASH COMPLEXION_p010]       SymbolsBuilder.java:194  | evaluateGlyph on Glyph{#6643 [SYMBOL]}
2026-03-14 00:01:54,047 DEBUG [CRASH COMPLEXION_p010]       SymbolsBuilder.java:194  | evaluateGlyph on Glyph{#6644 [SYMBOL]}
2026-03-14 00:01:54,048 DEBUG [CRASH COMPLEXION_p010]       SymbolsBuilder.java:194  | evaluateGlyph on Glyph{#6645 [SYMBOL]}
2026-03-14 00:01:54,049 DEBUG [CRASH COMPLEXION_p010]       SymbolsBuilder.java:194  | evaluateGlyph on Glyph{#6647 [SYMBOL]}
2026-03-14 00:01:54,050 DEBUG [CRASH COMPLEXION_p010]       SymbolsBuilder.java:194  | evaluateGlyph on Glyph{#6648 [SYMBOL]}
2026-03-14 00:01:54,052 DEBUG [CRASH COMPLEXION_p010]       SymbolsBuilder.java:194  | evaluateGlyph on Glyph{#6649 [SYMBOL]}
2026-03-14 00:01:54,053 DEBUG [CRASH COMPLEXION_p010]       SymbolsBuilder.java:194  | evaluateGlyph on Glyph{#6650 [SYMBOL]}
2026-03-14 00:01:54,054 DEBUG [CRASH COMPLEXION_p010]       SymbolsBuilder.java:194  | evaluateGlyph on Glyph{#6651 [SYMBOL]}
2026-03-14 00:01:54,055 DEBUG [CRASH COMPLEXION_p010]       SymbolsBuilder.java:194  | evaluateGlyph on Glyph{#6652 [SYMBOL]}
2026-03-14 00:01:54,058 DEBUG [CRASH COMPLEXION_p010]       SymbolsBuilder.java:194  | evaluateGlyph on Glyph{#6653 [SYMBOL]}
2026-03-14 00:01:54,059 DEBUG [CRASH COMPLEXION_p010]       SymbolsBuilder.java:194  | evaluateGlyph on Glyph{#6654 [SYMBOL]}
2026-03-14 00:01:54,061 DEBUG [CRASH COMPLEXION_p010]       SymbolsBuilder.java:194  | evaluateGlyph on Glyph{#6655 [SYMBOL]}
2026-03-14 00:01:54,062 DEBUG [CRASH COMPLEXION_p010]       SymbolsBuilder.java:194  | evaluateGlyph on Glyph{#6656 [SYMBOL]}
2026-03-14 00:01:54,063 DEBUG [CRASH COMPLEXION_p010]       SymbolsBuilder.java:194  | evaluateGlyph on Glyph{#6657 [SYMBOL]}
2026-03-14 00:01:54,064 DEBUG [CRASH COMPLEXION_p010]       SymbolsBuilder.java:194  | evaluateGlyph on Glyph{#6658 [SYMBOL]}
2026-03-14 00:01:54,065 DEBUG [CRASH COMPLEXION_p010]       SymbolsBuilder.java:194  | evaluateGlyph on Glyph{#6660 [SYMBOL]}
2026-03-14 00:01:54,066 DEBUG [CRASH COMPLEXION_p010]       SymbolsBuilder.java:194  | evaluateGlyph on Glyph{#6661 [SYMBOL]}
2026-03-14 00:01:54,067 DEBUG [CRASH COMPLEXION_p010]       SymbolsBuilder.java:194  | evaluateGlyph on Glyph{#6662 [SYMBOL]}
2026-03-14 00:01:54,068 DEBUG [CRASH COMPLEXION_p010]       SymbolsBuilder.java:194  | evaluateGlyph on Glyph{#6663 [SYMBOL]}
2026-03-14 00:01:54,070 DEBUG [CRASH COMPLEXION_p010]       SymbolsBuilder.java:194  | evaluateGlyph on Glyph{#6664 [SYMBOL]}
2026-03-14 00:01:54,072 DEBUG [CRASH COMPLEXION_p010]       SymbolsBuilder.java:194  | evaluateGlyph on Glyph{#6665 [SYMBOL]}
2026-03-14 00:01:54,073 DEBUG [CRASH COMPLEXION_p010]       SymbolsBuilder.java:194  | evaluateGlyph on Glyph{#6666 [SYMBOL]}
2026-03-14 00:01:54,074 DEBUG [CRASH COMPLEXION_p010]       SymbolsBuilder.java:194  | evaluateGlyph on Glyph{#6667 [SYMBOL]}
2026-03-14 00:01:54,075 DEBUG [CRASH COMPLEXION_p010]       SymbolsBuilder.java:194  | evaluateGlyph on Glyph{#6668 [SYMBOL]}
2026-03-14 00:01:54,076 DEBUG [CRASH COMPLEXION_p010]       SymbolsBuilder.java:194  | evaluateGlyph on Glyph{#6670 [SYMBOL]}
2026-03-14 00:01:54,077 DEBUG [CRASH COMPLEXION_p010]       SymbolsBuilder.java:194  | evaluateGlyph on Glyph{#6671 [SYMBOL]}
2026-03-14 00:01:54,078 DEBUG [CRASH COMPLEXION_p010]       SymbolsBuilder.java:194  | evaluateGlyph on Glyph{#6672 [SYMBOL]}
2026-03-14 00:01:54,080 DEBUG [CRASH COMPLEXION_p010]       SymbolsBuilder.java:194  | evaluateGlyph on Glyph{#6673 [SYMBOL]}
2026-03-14 00:01:54,080 DEBUG [CRASH COMPLEXION_p010]       SymbolsBuilder.java:194  | evaluateGlyph on Glyph{#6674 [SYMBOL]}
2026-03-14 00:01:54,081 DEBUG [CRASH COMPLEXION_p010]       SymbolsBuilder.java:194  | evaluateGlyph on Glyph{#6675 [SYMBOL]}
2026-03-14 00:01:54,082 DEBUG [CRASH COMPLEXION_p010]       SymbolsBuilder.java:194  | evaluateGlyph on Glyph{#6676 [SYMBOL]}
2026-03-14 00:01:54,083 DEBUG [CRASH COMPLEXION_p010]       SymbolsBuilder.java:194  | evaluateGlyph on Glyph{#6677 [SYMBOL]}
2026-03-14 00:01:54,085 DEBUG [CRASH COMPLEXION_p010]       SymbolsBuilder.java:194  | evaluateGlyph on Glyph{#6678 [SYMBOL]}
2026-03-14 00:01:54,086 DEBUG [CRASH COMPLEXION_p010]       SymbolsBuilder.java:194  | evaluateGlyph on Glyph{#6679 [SYMBOL]}
2026-03-14 00:01:54,089 DEBUG [CRASH COMPLEXION_p010]       SymbolsBuilder.java:194  | evaluateGlyph on Glyph{#6680 [SYMBOL]}
2026-03-14 00:01:54,091 DEBUG [CRASH COMPLEXION_p010]       SymbolsBuilder.java:194  | evaluateGlyph on Glyph{#6681 [SYMBOL]}
2026-03-14 00:01:54,092 DEBUG [CRASH COMPLEXION_p010]       SymbolsBuilder.java:194  | evaluateGlyph on Glyph{#6682 [SYMBOL]}
2026-03-14 00:01:54,093 DEBUG [CRASH COMPLEXION_p010]       SymbolsBuilder.java:194  | evaluateGlyph on Glyph{#6683 [SYMBOL]}
2026-03-14 00:01:54,094 DEBUG [CRASH COMPLEXION_p010]       SymbolsBuilder.java:194  | evaluateGlyph on Glyph{#6684 [SYMBOL]}
2026-03-14 00:01:54,095 DEBUG [CRASH COMPLEXION_p010]       SymbolsBuilder.java:194  | evaluateGlyph on Glyph{#6685 [SYMBOL]}
2026-03-14 00:01:54,096 DEBUG [CRASH COMPLEXION_p010]       SymbolsBuilder.java:194  | evaluateGlyph on Glyph{#6686 [SYMBOL]}
2026-03-14 00:01:54,097 DEBUG [CRASH COMPLEXION_p010]       SymbolsBuilder.java:194  | evaluateGlyph on Glyph{#6687 [SYMBOL]}
2026-03-14 00:01:54,098 DEBUG [CRASH COMPLEXION_p010]       SymbolsBuilder.java:194  | evaluateGlyph on Glyph{#6688 [SYMBOL]}
2026-03-14 00:01:54,099 DEBUG [CRASH COMPLEXION_p010]       SymbolsBuilder.java:194  | evaluateGlyph on Glyph{#6689 [SYMBOL]}
2026-03-14 00:01:54,099 DEBUG [CRASH COMPLEXION_p010]       SymbolsBuilder.java:194  | evaluateGlyph on Glyph{#6690 [SYMBOL]}
2026-03-14 00:01:54,100 DEBUG [CRASH COMPLEXION_p010]       SymbolsBuilder.java:194  | evaluateGlyph on Glyph{#6691 [SYMBOL]}
2026-03-14 00:01:54,101 DEBUG [CRASH COMPLEXION_p010]       SymbolsBuilder.java:194  | evaluateGlyph on Glyph{#6692 [SYMBOL]}
2026-03-14 00:01:54,102 DEBUG [CRASH COMPLEXION_p010]       SymbolsBuilder.java:194  | evaluateGlyph on Glyph{#5849 [SYMBOL]}
2026-03-14 00:01:54,102 DEBUG [CRASH COMPLEXION_p010]       SymbolsBuilder.java:194  | evaluateGlyph on Glyph{#6693 [SYMBOL]}
2026-03-14 00:01:54,103 DEBUG [CRASH COMPLEXION_p010]       SymbolsBuilder.java:194  | evaluateGlyph on Glyph{#6695 [SYMBOL]}
2026-03-14 00:01:54,104 DEBUG [CRASH COMPLEXION_p010]       SymbolsBuilder.java:194  | evaluateGlyph on Glyph{#6696 [SYMBOL]}
2026-03-14 00:01:54,104 DEBUG [CRASH COMPLEXION_p010]       SymbolsBuilder.java:194  | evaluateGlyph on Glyph{#5835 [SYMBOL]}
2026-03-14 00:01:54,105 DEBUG [CRASH COMPLEXION_p010]       SymbolsBuilder.java:194  | evaluateGlyph on Glyph{#6697 [SYMBOL]}
2026-03-14 00:01:54,105 DEBUG [CRASH COMPLEXION_p010]       SymbolsBuilder.java:194  | evaluateGlyph on Glyph{#6698 [SYMBOL]}
2026-03-14 00:01:54,106 DEBUG [CRASH COMPLEXION_p010]       SymbolsBuilder.java:194  | evaluateGlyph on Glyph{#6699 [SYMBOL]}
2026-03-14 00:01:54,106 DEBUG [CRASH COMPLEXION_p010]       SymbolsBuilder.java:194  | evaluateGlyph on Glyph{#5840 [SYMBOL]}
2026-03-14 00:01:54,107 DEBUG [CRASH COMPLEXION_p010]       SymbolsBuilder.java:194  | evaluateGlyph on Glyph{#6701 [SYMBOL]}
2026-03-14 00:01:54,107 DEBUG [CRASH COMPLEXION_p010]       SymbolsBuilder.java:194  | evaluateGlyph on Glyph{#5853 [SYMBOL]}
2026-03-14 00:01:54,108 DEBUG [CRASH COMPLEXION_p010]       SymbolsBuilder.java:194  | evaluateGlyph on Glyph{#6702 [SYMBOL]}
2026-03-14 00:01:54,108 DEBUG [CRASH COMPLEXION_p010]       SymbolsBuilder.java:328  | set size: 1
2026-03-14 00:01:54,108 DEBUG [CRASH COMPLEXION_p010]       SymbolsBuilder.java:194  | evaluateGlyph on Glyph{#5837 [SYMBOL]}
2026-03-14 00:01:54,109 DEBUG [CRASH COMPLEXION_p010]       SymbolsBuilder.java:328  | set size: 1
2026-03-14 00:01:54,109 DEBUG [CRASH COMPLEXION_p010]       SymbolsBuilder.java:194  | evaluateGlyph on Glyph{#5842 [SYMBOL]}
2026-03-14 00:01:54,110 DEBUG [CRASH COMPLEXION_p010]       SymbolsBuilder.java:328  | set size: 1
2026-03-14 00:01:54,110 DEBUG [CRASH COMPLEXION_p010]       SymbolsBuilder.java:328  | set size: 1
2026-03-14 00:01:54,110 DEBUG [CRASH COMPLEXION_p010]       SymbolsBuilder.java:194  | evaluateGlyph on Glyph{#5845 [SYMBOL]}
2026-03-14 00:01:54,111 DEBUG [CRASH COMPLEXION_p010]       SymbolsBuilder.java:328  | set size: 2
2026-03-14 00:01:54,111 DEBUG [CRASH COMPLEXION_p010]       SymbolsBuilder.java:194  | evaluateGlyph on Glyph{#5863 [SYMBOL]}
2026-03-14 00:01:54,112 DEBUG [CRASH COMPLEXION_p010]       SymbolsBuilder.java:194  | evaluateGlyph on Glyph{#6704 [SYMBOL]}
2026-03-14 00:01:54,115 DEBUG [CRASH COMPLEXION_p010]       SymbolsBuilder.java:194  | evaluateGlyph on Glyph{#5857 [SYMBOL]}
2026-03-14 00:01:54,116 DEBUG [CRASH COMPLEXION_p010]       SymbolsBuilder.java:328  | set size: 1
2026-03-14 00:01:54,116 DEBUG [CRASH COMPLEXION_p010]       SymbolsBuilder.java:194  | evaluateGlyph on Glyph{#5859 [SYMBOL]}
2026-03-14 00:01:54,116 DEBUG [CRASH COMPLEXION_p010]       SymbolsBuilder.java:328  | set size: 1
2026-03-14 00:01:54,117 DEBUG [CRASH COMPLEXION_p010]       SymbolsBuilder.java:194  | evaluateGlyph on Glyph{#5860 [SYMBOL]}
2026-03-14 00:01:54,118 DEBUG [CRASH COMPLEXION_p010]       SymbolsBuilder.java:328  | set size: 2
2026-03-14 00:01:54,119 DEBUG [CRASH COMPLEXION_p010]       SymbolsBuilder.java:194  | evaluateGlyph on Glyph{#5865 [SYMBOL]}
2026-03-14 00:01:54,123 DEBUG [CRASH COMPLEXION_p010]       SymbolsBuilder.java:194  | evaluateGlyph on Glyph{#6705 [SYMBOL]}
2026-03-14 00:01:54,125 DEBUG [CRASH COMPLEXION_p010]       SymbolsBuilder.java:194  | evaluateGlyph on Glyph{#5868 [SYMBOL]}
2026-03-14 00:01:54,125 DEBUG [CRASH COMPLEXION_p010]       SymbolsBuilder.java:328  | set size: 3
2026-03-14 00:01:54,125 DEBUG [CRASH COMPLEXION_p010]       SymbolsBuilder.java:194  | evaluateGlyph on Glyph{#5867 [SYMBOL]}
2026-03-14 00:01:54,126 DEBUG [CRASH COMPLEXION_p010]       SymbolsBuilder.java:194  | evaluateGlyph on Glyph{#6706 [SYMBOL]}
2026-03-14 00:01:54,127 DEBUG [CRASH COMPLEXION_p010]       SymbolsBuilder.java:194  | evaluateGlyph on Glyph{#6707 [SYMBOL]}
2026-03-14 00:01:54,128 DEBUG [CRASH COMPLEXION_p010]       SymbolsBuilder.java:194  | evaluateGlyph on Glyph{#5869 [SYMBOL]}
2026-03-14 00:01:54,128 DEBUG [CRASH COMPLEXION_p010]       SymbolsBuilder.java:194  | evaluateGlyph on Glyph{#6708 [SYMBOL]}
2026-03-14 00:01:54,129 DEBUG [CRASH COMPLEXION_p010]       SymbolsBuilder.java:194  | evaluateGlyph on Glyph{#5872 [SYMBOL]}
2026-03-14 00:01:54,129 DEBUG [CRASH COMPLEXION_p010]       SymbolsBuilder.java:328  | set size: 1
2026-03-14 00:01:54,129 DEBUG [CRASH COMPLEXION_p010]       SymbolsBuilder.java:194  | evaluateGlyph on Glyph{#5871 [SYMBOL]}
2026-03-14 00:01:54,130 DEBUG [CRASH COMPLEXION_p010]       SymbolsBuilder.java:328  | set size: 3
2026-03-14 00:01:54,130 DEBUG [CRASH COMPLEXION_p010]       SymbolsBuilder.java:194  | evaluateGlyph on Glyph{#5879 [SYMBOL]}
2026-03-14 00:01:54,132 DEBUG [CRASH COMPLEXION_p010]       SymbolsBuilder.java:194  | evaluateGlyph on Glyph{#6709 [SYMBOL]}
2026-03-14 00:01:54,135 DEBUG [CRASH COMPLEXION_p010]       SymbolsBuilder.java:194  | evaluateGlyph on Glyph{#6710 [SYMBOL]}
2026-03-14 00:01:54,138 DEBUG [CRASH COMPLEXION_p010]       SymbolsBuilder.java:194  | evaluateGlyph on Glyph{#5874 [SYMBOL]}
2026-03-14 00:01:54,139 DEBUG [CRASH COMPLEXION_p010]       SymbolsBuilder.java:194  | evaluateGlyph on Glyph{#6711 [SYMBOL]}
2026-03-14 00:01:54,141 DEBUG [CRASH COMPLEXION_p010]       SymbolsBuilder.java:194  | evaluateGlyph on Glyph{#5877 [SYMBOL]}
2026-03-14 00:01:54,142 DEBUG [CRASH COMPLEXION_p010]       SymbolsBuilder.java:328  | set size: 1
2026-03-14 00:01:54,142 DEBUG [CRASH COMPLEXION_p010]       SymbolsBuilder.java:328  | set size: 2
2026-03-14 00:01:54,142 DEBUG [CRASH COMPLEXION_p010]       SymbolsBuilder.java:194  | evaluateGlyph on Glyph{#5878 [SYMBOL]}
2026-03-14 00:01:54,143 DEBUG [CRASH COMPLEXION_p010]       SymbolsBuilder.java:194  | evaluateGlyph on Glyph{#6712 [SYMBOL]}
2026-03-14 00:01:54,144 DEBUG [CRASH COMPLEXION_p010]       SymbolsBuilder.java:194  | evaluateGlyph on Glyph{#5881 [SYMBOL]}
2026-03-14 00:01:54,144 DEBUG [CRASH COMPLEXION_p010]       SymbolsBuilder.java:328  | set size: 4
2026-03-14 00:01:54,145 DEBUG [CRASH COMPLEXION_p010]       SymbolsBuilder.java:194  | evaluateGlyph on Glyph{#5887 [SYMBOL]}
2026-03-14 00:01:54,145 DEBUG [CRASH COMPLEXION_p010]       SymbolsBuilder.java:194  | evaluateGlyph on Glyph{#6713 [SYMBOL]}
2026-03-14 00:01:54,146 DEBUG [CRASH COMPLEXION_p010]       SymbolsBuilder.java:194  | evaluateGlyph on Glyph{#6714 [SYMBOL]}
2026-03-14 00:01:54,147 DEBUG [CRASH COMPLEXION_p010]       SymbolsBuilder.java:194  | evaluateGlyph on Glyph{#6715 [SYMBOL]}
2026-03-14 00:01:54,148 DEBUG [CRASH COMPLEXION_p010]       SymbolsBuilder.java:194  | evaluateGlyph on Glyph{#6716 [SYMBOL]}
2026-03-14 00:01:54,149 DEBUG [CRASH COMPLEXION_p010]       SymbolsBuilder.java:194  | evaluateGlyph on Glyph{#6717 [SYMBOL]}
2026-03-14 00:01:54,149 DEBUG [CRASH COMPLEXION_p010]       SymbolsBuilder.java:194  | evaluateGlyph on Glyph{#6718 [SYMBOL]}
2026-03-14 00:01:54,152 DEBUG [CRASH COMPLEXION_p010]       SymbolsBuilder.java:194  | evaluateGlyph on Glyph{#5894 [SYMBOL]}
2026-03-14 00:01:54,153 DEBUG [CRASH COMPLEXION_p010]       SymbolsBuilder.java:194  | evaluateGlyph on Glyph{#6719 [SYMBOL]}
2026-03-14 00:01:54,153 DEBUG [CRASH COMPLEXION_p010]       SymbolsBuilder.java:194  | evaluateGlyph on Glyph{#6720 [SYMBOL]}
2026-03-14 00:01:54,154 DEBUG [CRASH COMPLEXION_p010]       SymbolsBuilder.java:194  | evaluateGlyph on Glyph{#6721 [SYMBOL]}
2026-03-14 00:01:54,155 DEBUG [CRASH COMPLEXION_p010]       SymbolsBuilder.java:194  | evaluateGlyph on Glyph{#5897 [SYMBOL]}
2026-03-14 00:01:54,155 DEBUG [CRASH COMPLEXION_p010]       SymbolsBuilder.java:194  | evaluateGlyph on Glyph{#6722 [SYMBOL]}
2026-03-14 00:01:54,155 DEBUG [CRASH COMPLEXION_p010]       SymbolsBuilder.java:328  | set size: 1
2026-03-14 00:01:54,156 DEBUG [CRASH COMPLEXION_p010]       SymbolsBuilder.java:194  | evaluateGlyph on Glyph{#5904 [SYMBOL]}
2026-03-14 00:01:54,156 DEBUG [CRASH COMPLEXION_p010]       SymbolsBuilder.java:328  | set size: 2
2026-03-14 00:01:54,156 DEBUG [CRASH COMPLEXION_p010]       SymbolsBuilder.java:194  | evaluateGlyph on Glyph{#5912 [SYMBOL]}
2026-03-14 00:01:54,156 DEBUG [CRASH COMPLEXION_p010]       SymbolsBuilder.java:194  | evaluateGlyph on Glyph{#6723 [SYMBOL]}
2026-03-14 00:01:54,157 DEBUG [CRASH COMPLEXION_p010]       SymbolsBuilder.java:194  | evaluateGlyph on Glyph{#5908 [SYMBOL]}
2026-03-14 00:01:54,157 DEBUG [CRASH COMPLEXION_p010]       SymbolsBuilder.java:328  | set size: 4
2026-03-14 00:01:54,158 DEBUG [CRASH COMPLEXION_p010]       SymbolsBuilder.java:194  | evaluateGlyph on Glyph{#5927 [SYMBOL]}
2026-03-14 00:01:54,158 DEBUG [CRASH COMPLEXION_p010]       SymbolsBuilder.java:194  | evaluateGlyph on Glyph{#6724 [SYMBOL]}
2026-03-14 00:01:54,159 DEBUG [CRASH COMPLEXION_p010]       SymbolsBuilder.java:194  | evaluateGlyph on Glyph{#6725 [SYMBOL]}
2026-03-14 00:01:54,159 DEBUG [CRASH COMPLEXION_p010]       SymbolsBuilder.java:194  | evaluateGlyph on Glyph{#6726 [SYMBOL]}
2026-03-14 00:01:54,160 DEBUG [CRASH COMPLEXION_p010]       SymbolsBuilder.java:194  | evaluateGlyph on Glyph{#6727 [SYMBOL]}
2026-03-14 00:01:54,161 DEBUG [CRASH COMPLEXION_p010]       SymbolsBuilder.java:194  | evaluateGlyph on Glyph{#6728 [SYMBOL]}
2026-03-14 00:01:54,162 DEBUG [CRASH COMPLEXION_p010]       SymbolsBuilder.java:194  | evaluateGlyph on Glyph{#5934 [SYMBOL]}
2026-03-14 00:01:54,162 DEBUG [CRASH COMPLEXION_p010]       SymbolsBuilder.java:194  | evaluateGlyph on Glyph{#6729 [SYMBOL]}
2026-03-14 00:01:54,166 DEBUG [CRASH COMPLEXION_p010]       SymbolsBuilder.java:155  | System#3 buildSymbols
2026-03-14 00:01:54,179 DEBUG [CRASH COMPLEXION_p010]       SymbolsBuilder.java:321  | symbols sets: 44
2026-03-14 00:01:54,180 DEBUG [CRASH COMPLEXION_p010]       SymbolsBuilder.java:328  | set size: 1
2026-03-14 00:01:54,180 DEBUG [CRASH COMPLEXION_p010]       SymbolsBuilder.java:194  | evaluateGlyph on Glyph{#5953 [SYMBOL]}
2026-03-14 00:01:54,181 DEBUG [CRASH COMPLEXION_p010]       SymbolsBuilder.java:328  | set size: 1
2026-03-14 00:01:54,184 DEBUG [CRASH COMPLEXION_p010]       SymbolsBuilder.java:194  | evaluateGlyph on Glyph{#5954 [SYMBOL]}
2026-03-14 00:01:54,185 DEBUG [CRASH COMPLEXION_p010]       SymbolsBuilder.java:328  | set size: 1
2026-03-14 00:01:54,185 DEBUG [CRASH COMPLEXION_p010]       SymbolsBuilder.java:194  | evaluateGlyph on Glyph{#5955 [SYMBOL]}
2026-03-14 00:01:54,217 DEBUG [CRASH COMPLEXION_p010]       SymbolsBuilder.java:328  | set size: 5
2026-03-14 00:01:54,217 DEBUG [CRASH COMPLEXION_p010]       SymbolsBuilder.java:194  | evaluateGlyph on Glyph{#5956 [SYMBOL]}
2026-03-14 00:01:54,218 DEBUG [CRASH COMPLEXION_p010]       SymbolsBuilder.java:194  | evaluateGlyph on Glyph{#6333 [SYMBOL]}
2026-03-14 00:01:54,218 DEBUG [CRASH COMPLEXION_p010]       SymbolsBuilder.java:194  | evaluateGlyph on Glyph{#6334 [SYMBOL]}
2026-03-14 00:01:54,218 DEBUG [CRASH COMPLEXION_p010]       SymbolsBuilder.java:194  | evaluateGlyph on Glyph{#6336 [SYMBOL]}
2026-03-14 00:01:54,219 DEBUG [CRASH COMPLEXION_p010]       SymbolsBuilder.java:194  | evaluateGlyph on Glyph{#6337 [SYMBOL]}
2026-03-14 00:01:54,219 DEBUG [CRASH COMPLEXION_p010]       SymbolsBuilder.java:194  | evaluateGlyph on Glyph{#6338 [SYMBOL]}
2026-03-14 00:01:54,220 DEBUG [CRASH COMPLEXION_p010]       SymbolsBuilder.java:194  | evaluateGlyph on Glyph{#6339 [SYMBOL]}
2026-03-14 00:01:54,220 DEBUG [CRASH COMPLEXION_p010]       SymbolsBuilder.java:194  | evaluateGlyph on Glyph{#6340 [SYMBOL]}
2026-03-14 00:01:54,220 DEBUG [CRASH COMPLEXION_p010]       SymbolsBuilder.java:194  | evaluateGlyph on Glyph{#5961 [SYMBOL]}
2026-03-14 00:01:54,221 DEBUG [CRASH COMPLEXION_p010]       SymbolsBuilder.java:194  | evaluateGlyph on Glyph{#5957 [SYMBOL]}
2026-03-14 00:01:54,221 DEBUG [CRASH COMPLEXION_p010]       SymbolsBuilder.java:194  | evaluateGlyph on Glyph{#6342 [SYMBOL]}
2026-03-14 00:01:54,221 DEBUG [CRASH COMPLEXION_p010]       SymbolsBuilder.java:194  | evaluateGlyph on Glyph{#6343 [SYMBOL]}
2026-03-14 00:01:54,222 DEBUG [CRASH COMPLEXION_p010]       SymbolsBuilder.java:194  | evaluateGlyph on Glyph{#5959 [SYMBOL]}
2026-03-14 00:01:54,222 DEBUG [CRASH COMPLEXION_p010]       SymbolsBuilder.java:194  | evaluateGlyph on Glyph{#6344 [SYMBOL]}
2026-03-14 00:01:54,222 DEBUG [CRASH COMPLEXION_p010]       SymbolsBuilder.java:194  | evaluateGlyph on Glyph{#5963 [SYMBOL]}
2026-03-14 00:01:54,223 DEBUG [CRASH COMPLEXION_p010]       SymbolsBuilder.java:328  | set size: 5
2026-03-14 00:01:54,223 DEBUG [CRASH COMPLEXION_p010]       SymbolsBuilder.java:194  | evaluateGlyph on Glyph{#5967 [SYMBOL]}
2026-03-14 00:01:54,226 DEBUG [CRASH COMPLEXION_p010]       SymbolsBuilder.java:194  | evaluateGlyph on Glyph{#6734 [SYMBOL]}
2026-03-14 00:01:54,230 DEBUG [CRASH COMPLEXION_p010]       SymbolsBuilder.java:194  | evaluateGlyph on Glyph{#6736 [SYMBOL]}
2026-03-14 00:01:54,234 DEBUG [CRASH COMPLEXION_p010]       SymbolsBuilder.java:194  | evaluateGlyph on Glyph{#5962 [SYMBOL]}
2026-03-14 00:01:54,236 DEBUG [CRASH COMPLEXION_p010]       SymbolsBuilder.java:194  | evaluateGlyph on Glyph{#5966 [SYMBOL]}
2026-03-14 00:01:54,238 DEBUG [CRASH COMPLEXION_p010]       SymbolsBuilder.java:194  | evaluateGlyph on Glyph{#6738 [SYMBOL]}
2026-03-14 00:01:54,241 DEBUG [CRASH COMPLEXION_p010]       SymbolsBuilder.java:194  | evaluateGlyph on Glyph{#5969 [SYMBOL]}
2026-03-14 00:01:54,242 DEBUG [CRASH COMPLEXION_p010]       SymbolsBuilder.java:328  | set size: 3
2026-03-14 00:01:54,243 DEBUG [CRASH COMPLEXION_p010]       SymbolsBuilder.java:194  | evaluateGlyph on Glyph{#5965 [SYMBOL]}
2026-03-14 00:01:54,246 DEBUG [CRASH COMPLEXION_p010]       SymbolsBuilder.java:194  | evaluateGlyph on Glyph{#6741 [SYMBOL]}
2026-03-14 00:01:54,248 DEBUG [CRASH COMPLEXION_p010]       SymbolsBuilder.java:194  | evaluateGlyph on Glyph{#6742 [SYMBOL]}
2026-03-14 00:01:54,251 DEBUG [CRASH COMPLEXION_p010]       SymbolsBuilder.java:194  | evaluateGlyph on Glyph{#5979 [SYMBOL]}
2026-03-14 00:01:54,252 DEBUG [CRASH COMPLEXION_p010]       SymbolsBuilder.java:194  | evaluateGlyph on Glyph{#6743 [SYMBOL]}
2026-03-14 00:01:54,253 DEBUG [CRASH COMPLEXION_p010]       SymbolsBuilder.java:194  | evaluateGlyph on Glyph{#5970 [SYMBOL]}
2026-03-14 00:01:54,254 DEBUG [CRASH COMPLEXION_p010]       SymbolsBuilder.java:328  | set size: 1
2026-03-14 00:01:54,254 DEBUG [CRASH COMPLEXION_p010]       SymbolsBuilder.java:194  | evaluateGlyph on Glyph{#5968 [SYMBOL]}
2026-03-14 00:01:54,254 DEBUG [CRASH COMPLEXION_p010]       SymbolsBuilder.java:328  | set size: 4
2026-03-14 00:01:54,254 DEBUG [CRASH COMPLEXION_p010]       SymbolsBuilder.java:194  | evaluateGlyph on Glyph{#5980 [SYMBOL]}
2026-03-14 00:01:54,255 DEBUG [CRASH COMPLEXION_p010]       SymbolsBuilder.java:194  | evaluateGlyph on Glyph{#6746 [SYMBOL]}
2026-03-14 00:01:54,257 DEBUG [CRASH COMPLEXION_p010]       SymbolsBuilder.java:194  | evaluateGlyph on Glyph{#6747 [SYMBOL]}
2026-03-14 00:01:54,259 DEBUG [CRASH COMPLEXION_p010]       SymbolsBuilder.java:194  | evaluateGlyph on Glyph{#6748 [SYMBOL]}
2026-03-14 00:01:54,261 DEBUG [CRASH COMPLEXION_p010]       SymbolsBuilder.java:194  | evaluateGlyph on Glyph{#6749 [SYMBOL]}
2026-03-14 00:01:54,263 DEBUG [CRASH COMPLEXION_p010]       SymbolsBuilder.java:194  | evaluateGlyph on Glyph{#5974 [SYMBOL]}
2026-03-14 00:01:54,264 DEBUG [CRASH COMPLEXION_p010]       SymbolsBuilder.java:194  | evaluateGlyph on Glyph{#6750 [SYMBOL]}
2026-03-14 00:01:54,265 DEBUG [CRASH COMPLEXION_p010]       SymbolsBuilder.java:194  | evaluateGlyph on Glyph{#6751 [SYMBOL]}
2026-03-14 00:01:54,266 DEBUG [CRASH COMPLEXION_p010]       SymbolsBuilder.java:194  | evaluateGlyph on Glyph{#6752 [SYMBOL]}
2026-03-14 00:01:54,267 DEBUG [CRASH COMPLEXION_p010]       SymbolsBuilder.java:194  | evaluateGlyph on Glyph{#5971 [SYMBOL]}
2026-03-14 00:01:54,268 DEBUG [CRASH COMPLEXION_p010]       SymbolsBuilder.java:194  | evaluateGlyph on Glyph{#5994 [SYMBOL]}
2026-03-14 00:01:54,268 DEBUG [CRASH COMPLEXION_p010]       SymbolsBuilder.java:328  | set size: 1
2026-03-14 00:01:54,268 DEBUG [CRASH COMPLEXION_p010]       SymbolsBuilder.java:194  | evaluateGlyph on Glyph{#5973 [SYMBOL]}
2026-03-14 00:01:54,269 DEBUG [CRASH COMPLEXION_p010]       SymbolsBuilder.java:328  | set size: 3
2026-03-14 00:01:54,269 DEBUG [CRASH COMPLEXION_p010]       SymbolsBuilder.java:194  | evaluateGlyph on Glyph{#5975 [SYMBOL]}
2026-03-14 00:01:54,270 DEBUG [CRASH COMPLEXION_p010]       SymbolsBuilder.java:194  | evaluateGlyph on Glyph{#6753 [SYMBOL]}
2026-03-14 00:01:54,271 DEBUG [CRASH COMPLEXION_p010]       SymbolsBuilder.java:194  | evaluateGlyph on Glyph{#6754 [SYMBOL]}
2026-03-14 00:01:54,272 DEBUG [CRASH COMPLEXION_p010]       SymbolsBuilder.java:194  | evaluateGlyph on Glyph{#6755 [SYMBOL]}
2026-03-14 00:01:54,273 DEBUG [CRASH COMPLEXION_p010]       SymbolsBuilder.java:194  | evaluateGlyph on Glyph{#5986 [SYMBOL]}
2026-03-14 00:01:54,273 DEBUG [CRASH COMPLEXION_p010]       SymbolsBuilder.java:194  | evaluateGlyph on Glyph{#6758 [SYMBOL]}
2026-03-14 00:01:54,274 DEBUG [CRASH COMPLEXION_p010]       SymbolsBuilder.java:194  | evaluateGlyph on Glyph{#5985 [SYMBOL]}
2026-03-14 00:01:54,274 DEBUG [CRASH COMPLEXION_p010]       SymbolsBuilder.java:328  | set size: 2
2026-03-14 00:01:54,274 DEBUG [CRASH COMPLEXION_p010]       SymbolsBuilder.java:194  | evaluateGlyph on Glyph{#6041 [SYMBOL]}
2026-03-14 00:01:54,279 DEBUG [CRASH COMPLEXION_p010]       SymbolsBuilder.java:328  | set size: 1
2026-03-14 00:01:54,279 DEBUG [CRASH COMPLEXION_p010]       SymbolsBuilder.java:328  | set size: 1
2026-03-14 00:01:54,279 DEBUG [CRASH COMPLEXION_p010]       SymbolsBuilder.java:194  | evaluateGlyph on Glyph{#6001 [SYMBOL]}
2026-03-14 00:01:54,279 DEBUG [CRASH COMPLEXION_p010]       SymbolsBuilder.java:328  | set size: 1
2026-03-14 00:01:54,280 DEBUG [CRASH COMPLEXION_p010]       SymbolsBuilder.java:194  | evaluateGlyph on Glyph{#6013 [SYMBOL]}
2026-03-14 00:01:54,280 DEBUG [CRASH COMPLEXION_p010]       SymbolsBuilder.java:328  | set size: 3
2026-03-14 00:01:54,280 DEBUG [CRASH COMPLEXION_p010]       SymbolsBuilder.java:194  | evaluateGlyph on Glyph{#6014 [SYMBOL]}
2026-03-14 00:01:54,280 DEBUG [CRASH COMPLEXION_p010]       SymbolsBuilder.java:194  | evaluateGlyph on Glyph{#6759 [SYMBOL]}
2026-03-14 00:01:54,281 DEBUG [CRASH COMPLEXION_p010]       SymbolsBuilder.java:194  | evaluateGlyph on Glyph{#6760 [SYMBOL]}
2026-03-14 00:01:54,282 DEBUG [CRASH COMPLEXION_p010]       SymbolsBuilder.java:194  | evaluateGlyph on Glyph{#6762 [SYMBOL]}
2026-03-14 00:01:54,282 DEBUG [CRASH COMPLEXION_p010]       SymbolsBuilder.java:194  | evaluateGlyph on Glyph{#6022 [SYMBOL]}
2026-03-14 00:01:54,282 DEBUG [CRASH COMPLEXION_p010]       SymbolsBuilder.java:328  | set size: 1
2026-03-14 00:01:54,283 DEBUG [CRASH COMPLEXION_p010]       SymbolsBuilder.java:194  | evaluateGlyph on Glyph{#6031 [SYMBOL]}
2026-03-14 00:01:54,283 DEBUG [CRASH COMPLEXION_p010]       SymbolsBuilder.java:328  | set size: 2
2026-03-14 00:01:54,283 DEBUG [CRASH COMPLEXION_p010]       SymbolsBuilder.java:194  | evaluateGlyph on Glyph{#6033 [SYMBOL]}
2026-03-14 00:01:54,285 DEBUG [CRASH COMPLEXION_p010]       SymbolsBuilder.java:194  | evaluateGlyph on Glyph{#6764 [SYMBOL]}
2026-03-14 00:01:54,287 DEBUG [CRASH COMPLEXION_p010]       SymbolsBuilder.java:194  | evaluateGlyph on Glyph{#6044 [SYMBOL]}
2026-03-14 00:01:54,287 DEBUG [CRASH COMPLEXION_p010]       SymbolsBuilder.java:328  | set size: 1
2026-03-14 00:01:54,287 DEBUG [CRASH COMPLEXION_p010]       SymbolsBuilder.java:194  | evaluateGlyph on Glyph{#6034 [SYMBOL]}
2026-03-14 00:01:54,289 DEBUG [CRASH COMPLEXION_p010]       SymbolsBuilder.java:328  | set size: 1
2026-03-14 00:01:54,289 DEBUG [CRASH COMPLEXION_p010]       SymbolsBuilder.java:194  | evaluateGlyph on Glyph{#6035 [SYMBOL]}
2026-03-14 00:01:54,290 DEBUG [CRASH COMPLEXION_p010]       SymbolsBuilder.java:328  | set size: 2
2026-03-14 00:01:54,290 DEBUG [CRASH COMPLEXION_p010]       SymbolsBuilder.java:194  | evaluateGlyph on Glyph{#6036 [SYMBOL]}
2026-03-14 00:01:54,291 DEBUG [CRASH COMPLEXION_p010]       SymbolsBuilder.java:194  | evaluateGlyph on Glyph{#6765 [SYMBOL]}
2026-03-14 00:01:54,292 DEBUG [CRASH COMPLEXION_p010]       SymbolsBuilder.java:194  | evaluateGlyph on Glyph{#6042 [SYMBOL]}
2026-03-14 00:01:54,292 DEBUG [CRASH COMPLEXION_p010]       SymbolsBuilder.java:328  | set size: 3
2026-03-14 00:01:54,292 DEBUG [CRASH COMPLEXION_p010]       SymbolsBuilder.java:194  | evaluateGlyph on Glyph{#6050 [SYMBOL]}
2026-03-14 00:01:54,293 DEBUG [CRASH COMPLEXION_p010]       SymbolsBuilder.java:194  | evaluateGlyph on Glyph{#6766 [SYMBOL]}
2026-03-14 00:01:54,293 DEBUG [CRASH COMPLEXION_p010]       SymbolsBuilder.java:194  | evaluateGlyph on Glyph{#6767 [SYMBOL]}
2026-03-14 00:01:54,294 DEBUG [CRASH COMPLEXION_p010]       SymbolsBuilder.java:194  | evaluateGlyph on Glyph{#6769 [SYMBOL]}
2026-03-14 00:01:54,295 DEBUG [CRASH COMPLEXION_p010]       SymbolsBuilder.java:194  | evaluateGlyph on Glyph{#6048 [SYMBOL]}
2026-03-14 00:01:54,295 DEBUG [CRASH COMPLEXION_p010]       SymbolsBuilder.java:328  | set size: 1
2026-03-14 00:01:54,295 DEBUG [CRASH COMPLEXION_p010]       SymbolsBuilder.java:194  | evaluateGlyph on Glyph{#6055 [SYMBOL]}
2026-03-14 00:01:54,296 DEBUG [CRASH COMPLEXION_p010]       SymbolsBuilder.java:328  | set size: 10
2026-03-14 00:01:54,296 DEBUG [CRASH COMPLEXION_p010]       SymbolsBuilder.java:340  | Symbol parts shrunk from 10 to 7
2026-03-14 00:01:54,296 DEBUG [CRASH COMPLEXION_p010]       SymbolsBuilder.java:194  | evaluateGlyph on Glyph{#6078 [SYMBOL]}
2026-03-14 00:01:54,299 DEBUG [CRASH COMPLEXION_p010]       SymbolsBuilder.java:194  | evaluateGlyph on Glyph{#6771 [SYMBOL]}
2026-03-14 00:01:54,303 DEBUG [CRASH COMPLEXION_p010]       SymbolsBuilder.java:194  | evaluateGlyph on Glyph{#6772 [SYMBOL]}
2026-03-14 00:01:54,310 DEBUG [CRASH COMPLEXION_p010]       SymbolsBuilder.java:194  | evaluateGlyph on Glyph{#6773 [SYMBOL]}
2026-03-14 00:01:54,313 DEBUG [CRASH COMPLEXION_p010]       SymbolsBuilder.java:194  | evaluateGlyph on Glyph{#6774 [SYMBOL]}
2026-03-14 00:01:54,317 DEBUG [CRASH COMPLEXION_p010]       SymbolsBuilder.java:194  | evaluateGlyph on Glyph{#6775 [SYMBOL]}
2026-03-14 00:01:54,319 DEBUG [CRASH COMPLEXION_p010]       SymbolsBuilder.java:194  | evaluateGlyph on Glyph{#6776 [SYMBOL]}
2026-03-14 00:01:54,322 DEBUG [CRASH COMPLEXION_p010]       SymbolsBuilder.java:194  | evaluateGlyph on Glyph{#6777 [SYMBOL]}
2026-03-14 00:01:54,325 DEBUG [CRASH COMPLEXION_p010]       SymbolsBuilder.java:194  | evaluateGlyph on Glyph{#6778 [SYMBOL]}
2026-03-14 00:01:54,327 DEBUG [CRASH COMPLEXION_p010]       SymbolsBuilder.java:194  | evaluateGlyph on Glyph{#6779 [SYMBOL]}
2026-03-14 00:01:54,330 DEBUG [CRASH COMPLEXION_p010]       SymbolsBuilder.java:194  | evaluateGlyph on Glyph{#6074 [SYMBOL]}
2026-03-14 00:01:54,331 DEBUG [CRASH COMPLEXION_p010]       SymbolsBuilder.java:194  | evaluateGlyph on Glyph{#6780 [SYMBOL]}
2026-03-14 00:01:54,333 DEBUG [CRASH COMPLEXION_p010]       SymbolsBuilder.java:194  | evaluateGlyph on Glyph{#6116 [SYMBOL]}
2026-03-14 00:01:54,334 DEBUG [CRASH COMPLEXION_p010]       SymbolsBuilder.java:194  | evaluateGlyph on Glyph{#6781 [SYMBOL]}
2026-03-14 00:01:54,337 DEBUG [CRASH COMPLEXION_p010]       SymbolsBuilder.java:194  | evaluateGlyph on Glyph{#6782 [SYMBOL]}
2026-03-14 00:01:54,340 DEBUG [CRASH COMPLEXION_p010]       SymbolsBuilder.java:194  | evaluateGlyph on Glyph{#6104 [SYMBOL]}
2026-03-14 00:01:54,342 DEBUG [CRASH COMPLEXION_p010]       SymbolsBuilder.java:194  | evaluateGlyph on Glyph{#6783 [SYMBOL]}
2026-03-14 00:01:54,343 DEBUG [CRASH COMPLEXION_p010]       SymbolsBuilder.java:194  | evaluateGlyph on Glyph{#6785 [SYMBOL]}
2026-03-14 00:01:54,345 DEBUG [CRASH COMPLEXION_p010]       SymbolsBuilder.java:194  | evaluateGlyph on Glyph{#1981}
2026-03-14 00:01:54,346 DEBUG [CRASH COMPLEXION_p010]       SymbolsBuilder.java:194  | evaluateGlyph on Glyph{#6094 [SYMBOL]}
2026-03-14 00:01:54,347 DEBUG [CRASH COMPLEXION_p010]       SymbolsBuilder.java:194  | evaluateGlyph on Glyph{#6787 [SYMBOL]}
2026-03-14 00:01:54,348 DEBUG [CRASH COMPLEXION_p010]       SymbolsBuilder.java:194  | evaluateGlyph on Glyph{#6087 [SYMBOL]}
2026-03-14 00:01:54,349 DEBUG [CRASH COMPLEXION_p010]       SymbolsBuilder.java:328  | set size: 1
2026-03-14 00:01:54,349 DEBUG [CRASH COMPLEXION_p010]       SymbolsBuilder.java:194  | evaluateGlyph on Glyph{#6060 [SYMBOL]}
2026-03-14 00:01:54,350 DEBUG [CRASH COMPLEXION_p010]       SymbolsBuilder.java:328  | set size: 1
2026-03-14 00:01:54,350 DEBUG [CRASH COMPLEXION_p010]       SymbolsBuilder.java:194  | evaluateGlyph on Glyph{#6062 [SYMBOL]}
2026-03-14 00:01:54,352 DEBUG [CRASH COMPLEXION_p010]       SymbolsBuilder.java:328  | set size: 1
2026-03-14 00:01:54,353 DEBUG [CRASH COMPLEXION_p010]       SymbolsBuilder.java:194  | evaluateGlyph on Glyph{#6063 [SYMBOL]}
2026-03-14 00:01:54,355 DEBUG [CRASH COMPLEXION_p010]       SymbolsBuilder.java:328  | set size: 2
2026-03-14 00:01:54,355 DEBUG [CRASH COMPLEXION_p010]       SymbolsBuilder.java:194  | evaluateGlyph on Glyph{#6077 [SYMBOL]}
2026-03-14 00:01:54,357 DEBUG [CRASH COMPLEXION_p010]         InterFactory.java:560  | No support yet for METRO_DOTTED_HALF glyph#6077
2026-03-14 00:01:54,357 DEBUG [CRASH COMPLEXION_p010]       SymbolsBuilder.java:194  | evaluateGlyph on Glyph{#6793 [SYMBOL]}
2026-03-14 00:01:54,360 DEBUG [CRASH COMPLEXION_p010]       SymbolsBuilder.java:194  | evaluateGlyph on Glyph{#6075 [SYMBOL]}
2026-03-14 00:01:54,361 DEBUG [CRASH COMPLEXION_p010]       SymbolsBuilder.java:328  | set size: 3
2026-03-14 00:01:54,361 DEBUG [CRASH COMPLEXION_p010]       SymbolsBuilder.java:194  | evaluateGlyph on Glyph{#6083 [SYMBOL]}
2026-03-14 00:01:54,362 DEBUG [CRASH COMPLEXION_p010]       SymbolsBuilder.java:194  | evaluateGlyph on Glyph{#6794 [SYMBOL]}
2026-03-14 00:01:54,363 DEBUG [CRASH COMPLEXION_p010]       SymbolsBuilder.java:194  | evaluateGlyph on Glyph{#6795 [SYMBOL]}
2026-03-14 00:01:54,364 DEBUG [CRASH COMPLEXION_p010]       SymbolsBuilder.java:194  | evaluateGlyph on Glyph{#6796 [SYMBOL]}
2026-03-14 00:01:54,365 DEBUG [CRASH COMPLEXION_p010]       SymbolsBuilder.java:194  | evaluateGlyph on Glyph{#6080 [SYMBOL]}
2026-03-14 00:01:54,365 DEBUG [CRASH COMPLEXION_p010]       SymbolsBuilder.java:194  | evaluateGlyph on Glyph{#6797 [SYMBOL]}
2026-03-14 00:01:54,366 DEBUG [CRASH COMPLEXION_p010]       SymbolsBuilder.java:194  | evaluateGlyph on Glyph{#6079 [SYMBOL]}
2026-03-14 00:01:54,366 DEBUG [CRASH COMPLEXION_p010]       SymbolsBuilder.java:328  | set size: 2
2026-03-14 00:01:54,367 DEBUG [CRASH COMPLEXION_p010]       SymbolsBuilder.java:194  | evaluateGlyph on Glyph{#6086 [SYMBOL]}
2026-03-14 00:01:54,367 DEBUG [CRASH COMPLEXION_p010]       SymbolsBuilder.java:194  | evaluateGlyph on Glyph{#6799 [SYMBOL]}
2026-03-14 00:01:54,368 DEBUG [CRASH COMPLEXION_p010]       SymbolsBuilder.java:194  | evaluateGlyph on Glyph{#6085 [SYMBOL]}
2026-03-14 00:01:54,368 DEBUG [CRASH COMPLEXION_p010]       SymbolsBuilder.java:328  | set size: 1
2026-03-14 00:01:54,368 DEBUG [CRASH COMPLEXION_p010]       SymbolsBuilder.java:194  | evaluateGlyph on Glyph{#6096 [SYMBOL]}
2026-03-14 00:01:54,371 DEBUG [CRASH COMPLEXION_p010]       SymbolsBuilder.java:328  | set size: 2
2026-03-14 00:01:54,371 DEBUG [CRASH COMPLEXION_p010]       SymbolsBuilder.java:194  | evaluateGlyph on Glyph{#6097 [SYMBOL]}
2026-03-14 00:01:54,373 DEBUG [CRASH COMPLEXION_p010]       SymbolsBuilder.java:194  | evaluateGlyph on Glyph{#6800 [SYMBOL]}
2026-03-14 00:01:54,374 DEBUG [CRASH COMPLEXION_p010]       SymbolsBuilder.java:194  | evaluateGlyph on Glyph{#6098 [SYMBOL]}
2026-03-14 00:01:54,375 DEBUG [CRASH COMPLEXION_p010]       SymbolsBuilder.java:328  | set size: 2
2026-03-14 00:01:54,375 DEBUG [CRASH COMPLEXION_p010]       SymbolsBuilder.java:194  | evaluateGlyph on Glyph{#6106 [SYMBOL]}
2026-03-14 00:01:54,376 DEBUG [CRASH COMPLEXION_p010]       SymbolsBuilder.java:194  | evaluateGlyph on Glyph{#6801 [SYMBOL]}
2026-03-14 00:01:54,376 DEBUG [CRASH COMPLEXION_p010]       SymbolsBuilder.java:194  | evaluateGlyph on Glyph{#6101 [SYMBOL]}
2026-03-14 00:01:54,377 DEBUG [CRASH COMPLEXION_p010]       SymbolsBuilder.java:328  | set size: 6
2026-03-14 00:01:54,377 DEBUG [CRASH COMPLEXION_p010]       SymbolsBuilder.java:194  | evaluateGlyph on Glyph{#6103 [SYMBOL]}
2026-03-14 00:01:54,380 DEBUG [CRASH COMPLEXION_p010]       SymbolsBuilder.java:194  | evaluateGlyph on Glyph{#6804 [SYMBOL]}
2026-03-14 00:01:54,384 DEBUG [CRASH COMPLEXION_p010]       SymbolsBuilder.java:194  | evaluateGlyph on Glyph{#6805 [SYMBOL]}
2026-03-14 00:01:54,387 DEBUG [CRASH COMPLEXION_p010]       SymbolsBuilder.java:194  | evaluateGlyph on Glyph{#6806 [SYMBOL]}
2026-03-14 00:01:54,392 DEBUG [CRASH COMPLEXION_p010]       SymbolsBuilder.java:194  | evaluateGlyph on Glyph{#6807 [SYMBOL]}
2026-03-14 00:01:54,397 DEBUG [CRASH COMPLEXION_p010]       SymbolsBuilder.java:194  | evaluateGlyph on Glyph{#6809 [SYMBOL]}
2026-03-14 00:01:54,400 DEBUG [CRASH COMPLEXION_p010]       SymbolsBuilder.java:194  | evaluateGlyph on Glyph{#6810 [SYMBOL]}
2026-03-14 00:01:54,405 DEBUG [CRASH COMPLEXION_p010]       SymbolsBuilder.java:194  | evaluateGlyph on Glyph{#6813 [SYMBOL]}
2026-03-14 00:01:54,407 DEBUG [CRASH COMPLEXION_p010]       SymbolsBuilder.java:194  | evaluateGlyph on Glyph{#6109 [SYMBOL]}
2026-03-14 00:01:54,408 DEBUG [CRASH COMPLEXION_p010]       SymbolsBuilder.java:194  | evaluateGlyph on Glyph{#6815 [SYMBOL]}
2026-03-14 00:01:54,410 DEBUG [CRASH COMPLEXION_p010]       SymbolsBuilder.java:194  | evaluateGlyph on Glyph{#6816 [SYMBOL]}
2026-03-14 00:01:54,412 DEBUG [CRASH COMPLEXION_p010]       SymbolsBuilder.java:194  | evaluateGlyph on Glyph{#6818 [SYMBOL]}
2026-03-14 00:01:54,415 DEBUG [CRASH COMPLEXION_p010]       SymbolsBuilder.java:194  | evaluateGlyph on Glyph{#6118 [SYMBOL]}
2026-03-14 00:01:54,416 DEBUG [CRASH COMPLEXION_p010]       SymbolsBuilder.java:194  | evaluateGlyph on Glyph{#6821 [SYMBOL]}
2026-03-14 00:01:54,418 DEBUG [CRASH COMPLEXION_p010]       SymbolsBuilder.java:194  | evaluateGlyph on Glyph{#6822 [SYMBOL]}
2026-03-14 00:01:54,419 DEBUG [CRASH COMPLEXION_p010]       SymbolsBuilder.java:194  | evaluateGlyph on Glyph{#6823 [SYMBOL]}
2026-03-14 00:01:54,420 DEBUG [CRASH COMPLEXION_p010]       SymbolsBuilder.java:194  | evaluateGlyph on Glyph{#6125 [SYMBOL]}
2026-03-14 00:01:54,422 DEBUG [CRASH COMPLEXION_p010]       SymbolsBuilder.java:194  | evaluateGlyph on Glyph{#6117 [SYMBOL]}
2026-03-14 00:01:54,423 DEBUG [CRASH COMPLEXION_p010]       SymbolsBuilder.java:328  | set size: 2
2026-03-14 00:01:54,423 DEBUG [CRASH COMPLEXION_p010]       SymbolsBuilder.java:194  | evaluateGlyph on Glyph{#6107 [SYMBOL]}
2026-03-14 00:01:54,424 DEBUG [CRASH COMPLEXION_p010]       SymbolsBuilder.java:194  | evaluateGlyph on Glyph{#6825 [SYMBOL]}
2026-03-14 00:01:54,425 DEBUG [CRASH COMPLEXION_p010]       SymbolsBuilder.java:328  | set size: 1
2026-03-14 00:01:54,425 DEBUG [CRASH COMPLEXION_p010]       SymbolsBuilder.java:194  | evaluateGlyph on Glyph{#6115 [SYMBOL]}
2026-03-14 00:01:54,426 DEBUG [CRASH COMPLEXION_p010]       SymbolsBuilder.java:328  | set size: 2
2026-03-14 00:01:54,427 DEBUG [CRASH COMPLEXION_p010]       SymbolsBuilder.java:194  | evaluateGlyph on Glyph{#6141 [SYMBOL]}
2026-03-14 00:01:54,429 DEBUG [CRASH COMPLEXION_p010]       SymbolsBuilder.java:328  | set size: 2
2026-03-14 00:01:54,429 DEBUG [CRASH COMPLEXION_p010]       SymbolsBuilder.java:194  | evaluateGlyph on Glyph{#6136 [SYMBOL]}
2026-03-14 00:01:54,430 DEBUG [CRASH COMPLEXION_p010]       SymbolsBuilder.java:194  | evaluateGlyph on Glyph{#6829 [SYMBOL]}
2026-03-14 00:01:54,433 DEBUG [CRASH COMPLEXION_p010]       SymbolsBuilder.java:194  | evaluateGlyph on Glyph{#6123 [SYMBOL]}
2026-03-14 00:01:54,434 DEBUG [CRASH COMPLEXION_p010]       SymbolsBuilder.java:328  | set size: 3
2026-03-14 00:01:54,434 DEBUG [CRASH COMPLEXION_p010]       SymbolsBuilder.java:194  | evaluateGlyph on Glyph{#6132 [SYMBOL]}
2026-03-14 00:01:54,435 DEBUG [CRASH COMPLEXION_p010]       SymbolsBuilder.java:194  | evaluateGlyph on Glyph{#6832 [SYMBOL]}
2026-03-14 00:01:54,437 DEBUG [CRASH COMPLEXION_p010]       SymbolsBuilder.java:194  | evaluateGlyph on Glyph{#6833 [SYMBOL]}
2026-03-14 00:01:54,437 DEBUG [CRASH COMPLEXION_p010]       SymbolsBuilder.java:194  | evaluateGlyph on Glyph{#6834 [SYMBOL]}
2026-03-14 00:01:54,438 DEBUG [CRASH COMPLEXION_p010]       SymbolsBuilder.java:194  | evaluateGlyph on Glyph{#6130 [SYMBOL]}
2026-03-14 00:01:54,439 DEBUG [CRASH COMPLEXION_p010]       SymbolsBuilder.java:194  | evaluateGlyph on Glyph{#6836 [SYMBOL]}
2026-03-14 00:01:54,440 DEBUG [CRASH COMPLEXION_p010]       SymbolsBuilder.java:194  | evaluateGlyph on Glyph{#6127 [SYMBOL]}
2026-03-14 00:01:54,440 DEBUG [CRASH COMPLEXION_p010]       SymbolsBuilder.java:328  | set size: 1
2026-03-14 00:01:54,440 DEBUG [CRASH COMPLEXION_p010]       SymbolsBuilder.java:194  | evaluateGlyph on Glyph{#6129 [SYMBOL]}
2026-03-14 00:01:54,441 DEBUG [CRASH COMPLEXION_p010]       SymbolsBuilder.java:328  | set size: 7
2026-03-14 00:01:54,441 DEBUG [CRASH COMPLEXION_p010]       SymbolsBuilder.java:194  | evaluateGlyph on Glyph{#6147 [SYMBOL]}
2026-03-14 00:01:54,443 DEBUG [CRASH COMPLEXION_p010]       SymbolsBuilder.java:194  | evaluateGlyph on Glyph{#6837 [SYMBOL]}
2026-03-14 00:01:54,445 DEBUG [CRASH COMPLEXION_p010]       SymbolsBuilder.java:194  | evaluateGlyph on Glyph{#6137 [SYMBOL]}
2026-03-14 00:01:54,446 DEBUG [CRASH COMPLEXION_p010]       SymbolsBuilder.java:194  | evaluateGlyph on Glyph{#6169 [SYMBOL]}
2026-03-14 00:01:54,447 DEBUG [CRASH COMPLEXION_p010]       SymbolsBuilder.java:194  | evaluateGlyph on Glyph{#6149 [SYMBOL]}
2026-03-14 00:01:54,449 DEBUG [CRASH COMPLEXION_p010]       SymbolsBuilder.java:194  | evaluateGlyph on Glyph{#6133 [SYMBOL]}
2026-03-14 00:01:54,451 DEBUG [CRASH COMPLEXION_p010]       SymbolsBuilder.java:194  | evaluateGlyph on Glyph{#6839 [SYMBOL]}
2026-03-14 00:01:54,454 DEBUG [CRASH COMPLEXION_p010]       SymbolsBuilder.java:194  | evaluateGlyph on Glyph{#6134 [SYMBOL]}
2026-03-14 00:01:54,457 DEBUG [CRASH COMPLEXION_p010]       SymbolsBuilder.java:328  | set size: 2
2026-03-14 00:01:54,457 DEBUG [CRASH COMPLEXION_p010]       SymbolsBuilder.java:194  | evaluateGlyph on Glyph{#6135 [SYMBOL]}
2026-03-14 00:01:54,458 DEBUG [CRASH COMPLEXION_p010]       SymbolsBuilder.java:194  | evaluateGlyph on Glyph{#6397 [SYMBOL]}
2026-03-14 00:01:54,458 DEBUG [CRASH COMPLEXION_p010]       SymbolsBuilder.java:194  | evaluateGlyph on Glyph{#6142 [SYMBOL]}
2026-03-14 00:01:54,458 DEBUG [CRASH COMPLEXION_p010]       SymbolsBuilder.java:328  | set size: 3
2026-03-14 00:01:54,458 DEBUG [CRASH COMPLEXION_p010]       SymbolsBuilder.java:194  | evaluateGlyph on Glyph{#6153 [SYMBOL]}
2026-03-14 00:01:54,459 DEBUG [CRASH COMPLEXION_p010]       SymbolsBuilder.java:194  | evaluateGlyph on Glyph{#6410 [SYMBOL]}
2026-03-14 00:01:54,460 DEBUG [CRASH COMPLEXION_p010]       SymbolsBuilder.java:194  | evaluateGlyph on Glyph{#6411 [SYMBOL]}
2026-03-14 00:01:54,460 DEBUG [CRASH COMPLEXION_p010]       SymbolsBuilder.java:194  | evaluateGlyph on Glyph{#6412 [SYMBOL]}
2026-03-14 00:01:54,461 DEBUG [CRASH COMPLEXION_p010]       SymbolsBuilder.java:194  | evaluateGlyph on Glyph{#6152 [SYMBOL]}
2026-03-14 00:01:54,461 DEBUG [CRASH COMPLEXION_p010]       SymbolsBuilder.java:194  | evaluateGlyph on Glyph{#6170 [SYMBOL]}
2026-03-14 00:01:54,464 DEBUG [CRASH COMPLEXION_p010]       SymbolsBuilder.java:328  | set size: 2
2026-03-14 00:01:54,464 DEBUG [CRASH COMPLEXION_p010]       SymbolsBuilder.java:194  | evaluateGlyph on Glyph{#6161 [SYMBOL]}
2026-03-14 00:01:54,466 DEBUG [CRASH COMPLEXION_p010]       SymbolsBuilder.java:194  | evaluateGlyph on Glyph{#6840 [SYMBOL]}
2026-03-14 00:01:54,468 DEBUG [CRASH COMPLEXION_p010]       SymbolsBuilder.java:194  | evaluateGlyph on Glyph{#6158 [SYMBOL]}
2026-03-14 00:01:54,469 DEBUG [CRASH COMPLEXION_p010]       SymbolsBuilder.java:328  | set size: 1
2026-03-14 00:01:54,469 DEBUG [CRASH COMPLEXION_p010]       SymbolsBuilder.java:194  | evaluateGlyph on Glyph{#6171 [SYMBOL]}
2026-03-14 00:01:54,472 INFO [CRASH COMPLEXION_p010]       StepMonitoring.java:98   | LINKS
2026-03-14 00:01:54,472 DEBUG [CRASH COMPLEXION_p010]            SheetStub.java:1403 | reachStep LINKS towards PAGE
2026-03-14 00:01:54,475 DEBUG [CRASH COMPLEXION_p010]        SymbolsLinker.java:288  | No chord above PedalInter#6286{(0.132) PEDAL_MARK}
2026-03-14 00:01:54,488 DEBUG [CRASH COMPLEXION_p010]       TupletsBuilder.java:304  | TupletInter#6406{(0.498) TUPLET_THREE} TOO_LONG sequence in TUPLET_THREE: 5/8 vs 3/8
2026-03-14 00:01:54,680 DEBUG [CRASH COMPLEXION_p010]       TupletsBuilder.java:304  | TupletInter#6503{(0.504) TUPLET_THREE} TOO_LONG sequence in TUPLET_THREE: 5/8 vs 3/8
2026-03-14 00:01:54,681 INFO [CRASH COMPLEXION_p010]       TupletsBuilder.java:438  | TupletInter#6632{(0.131) TUPLET_THREE} OK Base:1/8 ExpectedTotal:3/8 Total:3/8
HeadChordInter#5360{(0.672) staff:12 dur:1/8}
HeadChordInter#5361{(0.643) staff:12 dur:1/4}
2026-03-14 00:01:54,687 DEBUG [CRASH COMPLEXION_p010]       TupletsBuilder.java:317  | TupletInter#6632{(0.131) TUPLET_THREE} null sequence in TUPLET_THREE: 1/8 vs 3/8
2026-03-14 00:01:54,688 INFO [CRASH COMPLEXION_p010]       TupletsBuilder.java:438  | TupletInter#6632{(0.131) TUPLET_THREE} OK Base:1/8 ExpectedTotal:3/8 Total:3/8
HeadChordInter#5360{(0.672) staff:12 dur:1/12}
HeadChordInter#5361{(0.643) staff:12 dur:1/6}
2026-03-14 00:01:54,689 INFO [CRASH COMPLEXION_p010]       TupletsBuilder.java:438  | TupletInter#6634{(0.122) TUPLET_THREE} OK Base:1/8 ExpectedTotal:3/8 Total:3/8
HeadChordInter#5360{(0.672) staff:12 dur:1/12}
HeadChordInter#5361{(0.643) staff:12 dur:1/6}
2026-03-14 00:01:54,689 DEBUG [CRASH COMPLEXION_p010]       TupletsBuilder.java:317  | TupletInter#6634{(0.122) TUPLET_THREE} null sequence in TUPLET_THREE: 1/8 vs 3/8
2026-03-14 00:01:54,690 INFO [CRASH COMPLEXION_p010]       TupletsBuilder.java:438  | TupletInter#6634{(0.122) TUPLET_THREE} OK Base:1/8 ExpectedTotal:3/8 Total:3/8
HeadChordInter#5360{(0.672) staff:12 dur:1/12}
HeadChordInter#5361{(0.643) staff:12 dur:1/6}
2026-03-14 00:01:54,733 DEBUG [CRASH COMPLEXION_p010]       TupletsBuilder.java:304  | TupletInter#6802{(0.235) TUPLET_THREE} TOO_MANY sequence in TUPLET_THREE: 3/8 vs 3/16
2026-03-14 00:01:54,734 DEBUG [CRASH COMPLEXION_p010]       TupletsBuilder.java:317  | TupletInter#6827{(0.221) TUPLET_SIX} null sequence in TUPLET_SIX: 0
2026-03-14 00:01:54,739 INFO [CRASH COMPLEXION_p010]             KeyInter.java:1322 | Key built KeyInter#6844{(0.161) staff:20 KEY_FLAT_1 pitch:0.1 fifths:-1}
2026-03-14 00:01:54,782 INFO [CRASH COMPLEXION_p010]       StepMonitoring.java:98   | RHYTHMS
2026-03-14 00:01:54,782 DEBUG [CRASH COMPLEXION_p010]            SheetStub.java:1403 | reachStep RHYTHMS towards PAGE
2026-03-14 00:01:54,784 DEBUG [CRASH COMPLEXION_p010]           PageRhythm.java:120  | MeasureStack#1 frats: 8 [6419, 6421, 6263, 6423, 6424, 6425, 6426, 6298]
2026-03-14 00:01:54,784 DEBUG [CRASH COMPLEXION_p010]           PageRhythm.java:120  | MeasureStack#2 frats: 3 [6429, 6430, 6431]
2026-03-14 00:01:54,785 DEBUG [CRASH COMPLEXION_p010]           PageRhythm.java:120  | MeasureStack#3 frats: 6 [6435, 6437, 6438, 6413, 6414, 6416]
2026-03-14 00:01:54,785 DEBUG [CRASH COMPLEXION_p010]           PageRhythm.java:120  | MeasureStack#4 frats: 3 [6491, 6730, 6731]
2026-03-14 00:01:54,785 DEBUG [CRASH COMPLEXION_p010]           PageRhythm.java:120  | MeasureStack#5 frats: 2 [6732, 6630]
2026-03-14 00:01:54,786 DEBUG [CRASH COMPLEXION_p010]           PageRhythm.java:120  | MeasureStack#6 frats: 2 [6841, 6842]
2026-03-14 00:01:54,786 DEBUG [CRASH COMPLEXION_p010]           PageRhythm.java:269  | Starting Range{SN1-6}
2026-03-14 00:01:54,786 DEBUG [CRASH COMPLEXION_p010]           PageRhythm.java:273  | 
--- Processing 1 MeasureStack#1 expDur:null
2026-03-14 00:01:54,791 DEBUG [CRASH COMPLEXION_p010]        MeasureRhythm.java:543  | 
Measure{#1P1} pass 1
2026-03-14 00:01:54,798 INFO [CRASH COMPLEXION_p010]       SlotsRetriever.java:436  | 
wide:false
    
2026-03-14 00:01:54,798 INFO [CRASH COMPLEXION_p010]       SlotsRetriever.java:436  | 
wide:true
    
2026-03-14 00:01:54,798 DEBUG [CRASH COMPLEXION_p010]                Voice.java:1096 | createMeasureRestVoice for RestChordInter#6423{(0.785/0.785) staff:1} in Measure{#1P1}
2026-03-14 00:01:54,799 DEBUG [CRASH COMPLEXION_p010]                Voice.java:175  | Created voice#1
2026-03-14 00:01:54,799 DEBUG [CRASH COMPLEXION_p010]        MeasureRhythm.java:543  | 
Measure{#1P2} pass 1
2026-03-14 00:01:54,800 INFO [CRASH COMPLEXION_p010]       SlotsRetriever.java:436  | 
wide:false
    
2026-03-14 00:01:54,800 INFO [CRASH COMPLEXION_p010]       SlotsRetriever.java:436  | 
wide:true
    
2026-03-14 00:01:54,800 DEBUG [CRASH COMPLEXION_p010]                Voice.java:1096 | createMeasureRestVoice for RestChordInter#6424{(0.768/0.768) staff:2} in Measure{#1P2}
2026-03-14 00:01:54,800 DEBUG [CRASH COMPLEXION_p010]                Voice.java:175  | Created voice#1
2026-03-14 00:01:54,800 DEBUG [CRASH COMPLEXION_p010]        MeasureRhythm.java:543  | 
Measure{#1P3} pass 1
2026-03-14 00:01:54,801 INFO [CRASH COMPLEXION_p010]       SlotsRetriever.java:436  | 
wide:false
    
2026-03-14 00:01:54,801 INFO [CRASH COMPLEXION_p010]       SlotsRetriever.java:436  | 
wide:true
    
2026-03-14 00:01:54,801 DEBUG [CRASH COMPLEXION_p010]        MeasureRhythm.java:543  | 
Measure{#1P4} pass 1
2026-03-14 00:01:54,802 INFO [CRASH COMPLEXION_p010]       SlotsRetriever.java:436  | 
wide:false
    
2026-03-14 00:01:54,802 INFO [CRASH COMPLEXION_p010]       SlotsRetriever.java:436  | 
wide:true
    
2026-03-14 00:01:54,802 DEBUG [CRASH COMPLEXION_p010]                Voice.java:1096 | createMeasureRestVoice for RestChordInter#6425{(0.796/0.796) staff:4} in Measure{#1P4}
2026-03-14 00:01:54,803 DEBUG [CRASH COMPLEXION_p010]                Voice.java:175  | Created voice#1
2026-03-14 00:01:54,803 DEBUG [CRASH COMPLEXION_p010]                Voice.java:1096 | createMeasureRestVoice for RestChordInter#6419{(0.797/0.797) staff:4} in Measure{#1P4}
2026-03-14 00:01:54,803 DEBUG [CRASH COMPLEXION_p010]                Voice.java:175  | Created voice#2
2026-03-14 00:01:54,803 DEBUG [CRASH COMPLEXION_p010]        MeasureRhythm.java:543  | 
Measure{#1P5} pass 1
2026-03-14 00:01:54,804 INFO [CRASH COMPLEXION_p010]       SlotsRetriever.java:436  | 
wide:false
    
2026-03-14 00:01:54,804 INFO [CRASH COMPLEXION_p010]       SlotsRetriever.java:436  | 
wide:true
    
2026-03-14 00:01:54,804 DEBUG [CRASH COMPLEXION_p010]        MeasureRhythm.java:543  | 
Measure{#1P6} pass 1
2026-03-14 00:01:54,804 INFO [CRASH COMPLEXION_p010]       SlotsRetriever.java:436  | 
wide:false
    
2026-03-14 00:01:54,805 INFO [CRASH COMPLEXION_p010]       SlotsRetriever.java:436  | 
wide:true
    
2026-03-14 00:01:54,805 DEBUG [CRASH COMPLEXION_p010]        MeasureRhythm.java:543  | 
Measure{#1P7} pass 1
2026-03-14 00:01:54,809 INFO [CRASH COMPLEXION_p010]       SlotsRetriever.java:436  | 
wide:false
    
2026-03-14 00:01:54,810 INFO [CRASH COMPLEXION_p010]       SlotsRetriever.java:436  | 
wide:true
    
2026-03-14 00:01:54,812 DEBUG [CRASH COMPLEXION_p010]        MeasureRhythm.java:543  | 
Measure{#1P8} pass 1
2026-03-14 00:01:54,818 INFO [CRASH COMPLEXION_p010]       SlotsRetriever.java:401  |   BeamGroupInter#1685{(1.000/0.954) beams[1620, 1624]}
2026-03-14 00:01:54,820 INFO [CRASH COMPLEXION_p010]       SlotsRetriever.java:436  | 
wide:false
      5316  5317  5318  5321  6421  5322  5323  5324  5325  5326  5327  5328  6426  5329
 5316    .     B     B     B     B     B     B     B     B     B     B     B     B     B   HeadChordInter#5316{(0.901/0.901) staff:8 dur:1/4}
 5317    A     .     B     B     B     B     B     B     B     B     B     B     B     B   HeadChordInter#5317{(0.922/0.922) staff:8 dur:1/4}
 5318    A     A     .     B     B     B     B     B     B     B     B     B     B     B   HeadChordInter#5318{(0.714/0.714) staff:8 dur:1/4}
 5321    A     A     A     .     B     B     B     B     B     B     B     B     B     B   HeadChordInter#5321{(0.949/0.949) staff:8 dur:1/4}
 6421    A     A     A     A     .     B     B     B     B     B     B     B     B     B   RestChordInter#6421{(0.597/0.597) staff:8 dur:1/8}
 5322    A     A     A     A     A     .     B     B     B     B     B     B     B     B   HeadChordInter#5322{(0.930/0.930) staff:8 dur:1/8}
 5323    A     A     A     A     A     A     .     B     B     B     B     B     B     B   HeadChordInter#5323{(0.599/0.610) staff:8 dur:1/4}
 5324    A     A     A     A     A     A     A     .     B     B     B     B     B     B   HeadChordInter#5324{(0.947/0.947) staff:8 dur:1/4}
 5325    A     A     A     A     A     A     A     A     .     B     B     B     B     B   HeadChordInter#5325{(0.950/0.950) staff:8 dur:1/16}
 5326    A     A     A     A     A     A     A     A     A     .     B     B     B     B   HeadChordInter#5326{(0.922/0.922) staff:8 dur:1/16}
 5327    A     A     A     A     A     A     A     A     A     A     .     B     B     B   HeadChordInter#5327{(0.949/0.949) staff:8 dur:1/16}
 5328    A     A     A     A     A     A     A     A     A     A     A     .     ~     B   HeadChordInter#5328{(0.948/0.948) staff:8 dur:1/4}
 6426    A     A     A     A     A     A     A     A     A     A     A     ~     .     B   RestChordInter#6426{(0.741/0.741) staff:8 dur:1/4}
 5329    A     A     A     A     A     A     A     A     A     A     A     A     A     .   HeadChordInter#5329{(0.936/0.936) staff:8 dur:1/8}
2026-03-14 00:01:54,825 INFO [CRASH COMPLEXION_p010]       SlotsRetriever.java:401  |   BeamGroupInter#1685{(1.000/0.954) beams[1620, 1624]}
2026-03-14 00:01:54,827 INFO [CRASH COMPLEXION_p010]       SlotsRetriever.java:436  | 
wide:true
      5316  5317  5318  5321  6421  5322  5323  5324  5325  5326  5327  5328  6426  5329
 5316    .     B     B     B     B     B     B     B     B     B     B     B     B     B   HeadChordInter#5316{(0.901/0.901) staff:8 slot#1 dur:1/4}
 5317    A     .     B     B     B     B     B     B     B     B     B     B     B     B   HeadChordInter#5317{(0.922/0.922) staff:8 slot#2 dur:1/4}
 5318    A     A     .     B     B     B     B     B     B     B     B     B     B     B   HeadChordInter#5318{(0.714/0.714) staff:8 slot#3 dur:1/4}
 5321    A     A     A     .     B     B     B     B     B     B     B     B     B     B   HeadChordInter#5321{(0.949/0.949) staff:8 slot#4 dur:1/4}
 6421    A     A     A     A     .     B     B     B     B     B     B     B     B     B   RestChordInter#6421{(0.597/0.597) staff:8 slot#5 dur:1/8}
 5322    A     A     A     A     A     .     B     B     B     B     B     B     B     B   HeadChordInter#5322{(0.930/0.930) staff:8 slot#6 dur:1/8}
 5323    A     A     A     A     A     A     .     B     B     B     B     B     B     B   HeadChordInter#5323{(0.599/0.610) staff:8 slot#7 dur:1/4}
 5324    A     A     A     A     A     A     A     .     B     B     B     B     B     B   HeadChordInter#5324{(0.947/0.947) staff:8 slot#8 dur:1/4}
 5325    A     A     A     A     A     A     A     A     .     B     B     B     B     B   HeadChordInter#5325{(0.950/0.950) staff:8 slot#9 dur:1/16}
 5326    A     A     A     A     A     A     A     A     A     .     B     B     B     B   HeadChordInter#5326{(0.922/0.922) staff:8 slot#10 dur:1/16}
 5327    A     A     A     A     A     A     A     A     A     A     .     B     B     B   HeadChordInter#5327{(0.949/0.949) staff:8 slot#11 dur:1/16}
 5328    A     A     A     A     A     A     A     A     A     A     A     .     ~     B   HeadChordInter#5328{(0.948/0.948) staff:8 slot#12 dur:1/4}
 6426    A     A     A     A     A     A     A     A     A     A     A     ~     .     B   RestChordInter#6426{(0.741/0.741) staff:8 slot#12 dur:1/4}
 5329    A     A     A     A     A     A     A     A     A     A     A     A     A     .   HeadChordInter#5329{(0.936/0.936) staff:8 slot#13 dur:1/8}
2026-03-14 00:01:54,829 DEBUG [CRASH COMPLEXION_p010]                Voice.java:175  | Created voice#1
2026-03-14 00:01:54,831 DEBUG [CRASH COMPLEXION_p010]                 Slot.java:470  | Stack#1 slot#1 setTimeOffset 0
2026-03-14 00:01:54,832 INFO [CRASH COMPLEXION_p010]        MeasureRhythm.java:1119 | Slot #2 rookieMap:
   rookie HeadChordInter#5317{(0.922/0.922) staff:8 slot#2 dur:1/4}:
      18  1/4   active HeadChordInter#5316{(0.901/0.901) staff:8 slot#1 off:0 dur:1/4} dStaff=0 dStem=6 nis=0 nar=8 dPitch=4
2026-03-14 00:01:54,835 DEBUG [CRASH COMPLEXION_p010]        MeasureRhythm.java:1351 | Mapping {18 [#5316--#5317]}
2026-03-14 00:01:54,845 DEBUG [CRASH COMPLEXION_p010]                 Slot.java:470  | Stack#1 slot#2 setTimeOffset 1/4
2026-03-14 00:01:54,845 INFO [CRASH COMPLEXION_p010]        MeasureRhythm.java:1119 | Slot #3 rookieMap:
   rookie HeadChordInter#5318{(0.714/0.714) staff:8 slot#3 dur:1/4}:
      19  1/2   active HeadChordInter#5317{(0.922/0.922) staff:8 slot#2 off:1/4 dur:1/4} dStaff=0 dStem=6 nis=0 nar=8 dPitch=5
2026-03-14 00:01:54,845 DEBUG [CRASH COMPLEXION_p010]        MeasureRhythm.java:1351 | Mapping {19 [#5317--#5318]}
2026-03-14 00:01:54,846 DEBUG [CRASH COMPLEXION_p010]                 Slot.java:470  | Stack#1 slot#3 setTimeOffset 1/2
2026-03-14 00:01:54,846 INFO [CRASH COMPLEXION_p010]        MeasureRhythm.java:1119 | Slot #4 rookieMap:
   rookie HeadChordInter#5321{(0.949/0.949) staff:8 slot#4 dur:1/4}:
      19  3/4   active HeadChordInter#5318{(0.714/0.714) staff:8 slot#3 off:1/2 dur:1/4} dStaff=0 dStem=6 nis=0 nar=8 dPitch=5
2026-03-14 00:01:54,846 DEBUG [CRASH COMPLEXION_p010]        MeasureRhythm.java:1351 | Mapping {19 [#5318--#5321]}
2026-03-14 00:01:54,846 DEBUG [CRASH COMPLEXION_p010]                 Slot.java:470  | Stack#1 slot#4 setTimeOffset 3/4
2026-03-14 00:01:54,847 INFO [CRASH COMPLEXION_p010]        MeasureRhythm.java:1119 | Slot #5 rookieMap:
   rookie RestChordInter#6421{(0.597/0.597) staff:8 slot#5 dur:1/8}:
       8    1   active HeadChordInter#5321{(0.949/0.949) staff:8 slot#4 off:3/4 dur:1/4} dStaff=0 dStem=0 nis=0 nar=4 dPitch=4
2026-03-14 00:01:54,847 DEBUG [CRASH COMPLEXION_p010]        MeasureRhythm.java:1351 | Mapping {8 [#5321--#6421]}
2026-03-14 00:01:54,847 DEBUG [CRASH COMPLEXION_p010]                 Slot.java:470  | Stack#1 slot#5 setTimeOffset 1
2026-03-14 00:01:54,848 INFO [CRASH COMPLEXION_p010]        MeasureRhythm.java:1119 | Slot #6 rookieMap:
   rookie HeadChordInter#5322{(0.930/0.930) staff:8 slot#6 dur:1/8}:
       5  9/8   active RestChordInter#6421{(0.597/0.597) staff:8 slot#5 off:1 dur:1/8} dStaff=0 dStem=0 nis=0 nar=4 dPitch=1
2026-03-14 00:01:54,848 DEBUG [CRASH COMPLEXION_p010]        MeasureRhythm.java:1351 | Mapping {5 [#6421--#5322]}
2026-03-14 00:01:54,848 DEBUG [CRASH COMPLEXION_p010]                 Slot.java:470  | Stack#1 slot#6 setTimeOffset 9/8
2026-03-14 00:01:54,849 INFO [CRASH COMPLEXION_p010]        MeasureRhythm.java:1119 | Slot #7 rookieMap:
   rookie HeadChordInter#5323{(0.599/0.610) staff:8 slot#7 dur:1/4}:
       9  5/4   active HeadChordInter#5322{(0.930/0.930) staff:8 slot#6 off:9/8 dur:1/8} dStaff=0 dStem=0 nis=0 nar=8 dPitch=1
2026-03-14 00:01:54,849 DEBUG [CRASH COMPLEXION_p010]        MeasureRhythm.java:1351 | Mapping {9 [#5322--#5323]}
2026-03-14 00:01:54,849 DEBUG [CRASH COMPLEXION_p010]                 Slot.java:470  | Stack#1 slot#7 setTimeOffset 5/4
2026-03-14 00:01:54,849 INFO [CRASH COMPLEXION_p010]        MeasureRhythm.java:1119 | Slot #8 rookieMap:
   rookie HeadChordInter#5324{(0.947/0.947) staff:8 slot#8 dur:1/4}:
      19  3/2   active HeadChordInter#5323{(0.599/0.610) staff:8 slot#7 off:5/4 dur:1/4} dStaff=0 dStem=6 nis=0 nar=8 dPitch=5
2026-03-14 00:01:54,850 DEBUG [CRASH COMPLEXION_p010]        MeasureRhythm.java:1351 | Mapping {19 [#5323--#5324]}
2026-03-14 00:01:54,850 DEBUG [CRASH COMPLEXION_p010]                 Slot.java:470  | Stack#1 slot#8 setTimeOffset 3/2
2026-03-14 00:01:54,850 INFO [CRASH COMPLEXION_p010]        MeasureRhythm.java:1119 | Slot #9 rookieMap:
   rookie HeadChordInter#5325{(0.950/0.950) staff:8 slot#9 dur:1/16}:
      18  7/4   active HeadChordInter#5324{(0.947/0.947) staff:8 slot#8 off:3/2 dur:1/4} dStaff=0 dStem=6 nis=0 nar=8 dPitch=4
2026-03-14 00:01:54,851 DEBUG [CRASH COMPLEXION_p010]        MeasureRhythm.java:1351 | Mapping {18 [#5324--#5325]}
2026-03-14 00:01:54,851 DEBUG [CRASH COMPLEXION_p010]                 Slot.java:470  | Stack#1 slot#9 setTimeOffset 7/4
2026-03-14 00:01:54,851 DEBUG [CRASH COMPLEXION_p010]                 Slot.java:470  | Stack#1 slot#10 setTimeOffset 29/16
2026-03-14 00:01:54,852 DEBUG [CRASH COMPLEXION_p010]                 Slot.java:470  | Stack#1 slot#11 setTimeOffset 15/8
2026-03-14 00:01:54,853 INFO [CRASH COMPLEXION_p010]        MeasureRhythm.java:1119 | Slot #12 rookieMap:
   rookie HeadChordInter#5328{(0.948/0.948) staff:8 slot#12 dur:1/4}:
      18 31/16   active HeadChordInter#5327{(0.949/0.949) staff:8 slot#11 off:15/8 dur:1/16} dStaff=0 dStem=6 nis=0 nar=8 dPitch=4
   rookie RestChordInter#6426{(0.741/0.741) staff:8 slot#12 dur:1/4}:
       5 31/16   active HeadChordInter#5327{(0.949/0.949) staff:8 slot#11 off:15/8 dur:1/16} dStaff=0 dStem=0 nis=0 nar=4 dPitch=1
2026-03-14 00:01:54,853 DEBUG [CRASH COMPLEXION_p010]        MeasureRhythm.java:1351 | Mapping {65 [#5327--#6426]}
2026-03-14 00:01:54,853 DEBUG [CRASH COMPLEXION_p010]                 Slot.java:470  | Stack#1 slot#12 setTimeOffset 31/16
2026-03-14 00:01:54,854 DEBUG [CRASH COMPLEXION_p010]                Voice.java:175  | Created voice#2
2026-03-14 00:01:54,857 INFO [CRASH COMPLEXION_p010]        MeasureRhythm.java:1119 | Slot #13 rookieMap:
   rookie HeadChordInter#5329{(0.936/0.936) staff:8 slot#13 dur:1/8}:
       5 35/16   active RestChordInter#6426{(0.741/0.741) staff:8 slot#12 off:31/16 dur:1/4} dStaff=0 dStem=0 nis=0 nar=4 dPitch=1
      18 35/16   active HeadChordInter#5328{(0.948/0.948) staff:8 slot#12 off:31/16 dur:1/4} dStaff=0 dStem=6 nis=0 nar=8 dPitch=4
2026-03-14 00:01:54,857 DEBUG [CRASH COMPLEXION_p010]        MeasureRhythm.java:1351 | Mapping {5 [#6426--#5329]}
2026-03-14 00:01:54,857 DEBUG [CRASH COMPLEXION_p010]                 Slot.java:470  | Stack#1 slot#13 setTimeOffset 35/16
2026-03-14 00:01:54,858 DEBUG [CRASH COMPLEXION_p010]                 Slot.java:470  | Stack#1 slot#1 setTimeOffset 0
2026-03-14 00:01:54,858 DEBUG [CRASH COMPLEXION_p010]                 Slot.java:470  | Stack#1 slot#2 setTimeOffset 1/4
2026-03-14 00:01:54,858 DEBUG [CRASH COMPLEXION_p010]                 Slot.java:470  | Stack#1 slot#3 setTimeOffset 1/2
2026-03-14 00:01:54,858 DEBUG [CRASH COMPLEXION_p010]                 Slot.java:470  | Stack#1 slot#4 setTimeOffset 3/4
2026-03-14 00:01:54,858 DEBUG [CRASH COMPLEXION_p010]                 Slot.java:470  | Stack#1 slot#5 setTimeOffset 1
2026-03-14 00:01:54,858 DEBUG [CRASH COMPLEXION_p010]                 Slot.java:470  | Stack#1 slot#6 setTimeOffset 9/8
2026-03-14 00:01:54,858 DEBUG [CRASH COMPLEXION_p010]                 Slot.java:470  | Stack#1 slot#7 setTimeOffset 5/4
2026-03-14 00:01:54,859 DEBUG [CRASH COMPLEXION_p010]                 Slot.java:470  | Stack#1 slot#8 setTimeOffset 3/2
2026-03-14 00:01:54,859 DEBUG [CRASH COMPLEXION_p010]                 Slot.java:470  | Stack#1 slot#9 setTimeOffset 7/4
2026-03-14 00:01:54,859 DEBUG [CRASH COMPLEXION_p010]                 Slot.java:470  | Stack#1 slot#10 setTimeOffset 29/16
2026-03-14 00:01:54,859 DEBUG [CRASH COMPLEXION_p010]                 Slot.java:470  | Stack#1 slot#11 setTimeOffset 15/8
2026-03-14 00:01:54,859 DEBUG [CRASH COMPLEXION_p010]                 Slot.java:470  | Stack#1 slot#12 setTimeOffset 31/16
2026-03-14 00:01:54,859 DEBUG [CRASH COMPLEXION_p010]                 Slot.java:470  | Stack#1 slot#13 setTimeOffset 35/16
2026-03-14 00:01:54,859 DEBUG [CRASH COMPLEXION_p010]                Voice.java:876  | putSlotInfo slot#1 Voice{#1}
2026-03-14 00:01:54,859 DEBUG [CRASH COMPLEXION_p010]                Voice.java:876  | putSlotInfo slot#2 Voice{#1}
2026-03-14 00:01:54,860 DEBUG [CRASH COMPLEXION_p010]                Voice.java:876  | putSlotInfo slot#3 Voice{#1}
2026-03-14 00:01:54,860 DEBUG [CRASH COMPLEXION_p010]                Voice.java:876  | putSlotInfo slot#4 Voice{#1}
2026-03-14 00:01:54,860 DEBUG [CRASH COMPLEXION_p010]                Voice.java:876  | putSlotInfo slot#5 Voice{#1}
2026-03-14 00:01:54,860 DEBUG [CRASH COMPLEXION_p010]                Voice.java:876  | putSlotInfo slot#6 Voice{#1}
2026-03-14 00:01:54,860 DEBUG [CRASH COMPLEXION_p010]                Voice.java:876  | putSlotInfo slot#7 Voice{#1}
2026-03-14 00:01:54,860 DEBUG [CRASH COMPLEXION_p010]                Voice.java:876  | putSlotInfo slot#8 Voice{#1}
2026-03-14 00:01:54,860 DEBUG [CRASH COMPLEXION_p010]                Voice.java:876  | putSlotInfo slot#9 Voice{#1}
2026-03-14 00:01:54,861 DEBUG [CRASH COMPLEXION_p010]                Voice.java:876  | putSlotInfo slot#10 Voice{#1}
2026-03-14 00:01:54,861 DEBUG [CRASH COMPLEXION_p010]                Voice.java:876  | putSlotInfo slot#11 Voice{#1}
2026-03-14 00:01:54,861 DEBUG [CRASH COMPLEXION_p010]                Voice.java:876  | putSlotInfo slot#12 Voice{#1}
2026-03-14 00:01:54,861 DEBUG [CRASH COMPLEXION_p010]                Voice.java:876  | putSlotInfo slot#13 Voice{#1}
2026-03-14 00:01:54,861 DEBUG [CRASH COMPLEXION_p010]                Voice.java:876  | putSlotInfo slot#12 Voice{#2}
2026-03-14 00:01:54,861 DEBUG [CRASH COMPLEXION_p010]           PageRhythm.java:273  | 
--- Processing 2 MeasureStack#2 expDur:null
2026-03-14 00:01:54,862 DEBUG [CRASH COMPLEXION_p010]        MeasureRhythm.java:543  | 
Measure{#2P1} pass 1
2026-03-14 00:01:54,862 INFO [CRASH COMPLEXION_p010]       SlotsRetriever.java:436  | 
wide:false
    
2026-03-14 00:01:54,863 INFO [CRASH COMPLEXION_p010]       SlotsRetriever.java:436  | 
wide:true
    
2026-03-14 00:01:54,863 DEBUG [CRASH COMPLEXION_p010]                Voice.java:1096 | createMeasureRestVoice for RestChordInter#6430{(0.797/0.797) staff:1} in Measure{#2P1}
2026-03-14 00:01:54,863 DEBUG [CRASH COMPLEXION_p010]                Voice.java:175  | Created voice#1
2026-03-14 00:01:54,863 DEBUG [CRASH COMPLEXION_p010]        MeasureRhythm.java:543  | 
Measure{#2P2} pass 1
2026-03-14 00:01:54,864 INFO [CRASH COMPLEXION_p010]       SlotsRetriever.java:436  | 
wide:false
    
2026-03-14 00:01:54,865 INFO [CRASH COMPLEXION_p010]       SlotsRetriever.java:436  | 
wide:true
    
2026-03-14 00:01:54,865 DEBUG [CRASH COMPLEXION_p010]                Voice.java:1096 | createMeasureRestVoice for RestChordInter#6429{(0.795/0.795) staff:2} in Measure{#2P2}
2026-03-14 00:01:54,865 DEBUG [CRASH COMPLEXION_p010]                Voice.java:175  | Created voice#1
2026-03-14 00:01:54,865 DEBUG [CRASH COMPLEXION_p010]        MeasureRhythm.java:543  | 
Measure{#2P3} pass 1
2026-03-14 00:01:54,866 INFO [CRASH COMPLEXION_p010]       SlotsRetriever.java:436  | 
wide:false
    
2026-03-14 00:01:54,866 INFO [CRASH COMPLEXION_p010]       SlotsRetriever.java:436  | 
wide:true
    
2026-03-14 00:01:54,867 DEBUG [CRASH COMPLEXION_p010]        MeasureRhythm.java:543  | 
Measure{#2P4} pass 1
2026-03-14 00:01:54,867 INFO [CRASH COMPLEXION_p010]       SlotsRetriever.java:436  | 
wide:false
    
2026-03-14 00:01:54,868 INFO [CRASH COMPLEXION_p010]       SlotsRetriever.java:436  | 
wide:true
    
2026-03-14 00:01:54,868 DEBUG [CRASH COMPLEXION_p010]                Voice.java:1096 | createMeasureRestVoice for RestChordInter#6431{(0.800/0.800) staff:4} in Measure{#2P4}
2026-03-14 00:01:54,868 DEBUG [CRASH COMPLEXION_p010]                Voice.java:175  | Created voice#1
2026-03-14 00:01:54,868 DEBUG [CRASH COMPLEXION_p010]        MeasureRhythm.java:543  | 
Measure{#2P5} pass 1
2026-03-14 00:01:54,872 INFO [CRASH COMPLEXION_p010]       SlotsRetriever.java:436  | 
wide:false
    
2026-03-14 00:01:54,873 INFO [CRASH COMPLEXION_p010]       SlotsRetriever.java:436  | 
wide:true
    
2026-03-14 00:01:54,874 DEBUG [CRASH COMPLEXION_p010]        MeasureRhythm.java:543  | 
Measure{#2P6} pass 1
2026-03-14 00:01:54,874 INFO [CRASH COMPLEXION_p010]       SlotsRetriever.java:436  | 
wide:false
    
2026-03-14 00:01:54,875 INFO [CRASH COMPLEXION_p010]       SlotsRetriever.java:436  | 
wide:true
    
2026-03-14 00:01:54,875 DEBUG [CRASH COMPLEXION_p010]        MeasureRhythm.java:543  | 
Measure{#2P7} pass 1
2026-03-14 00:01:54,877 INFO [CRASH COMPLEXION_p010]       SlotsRetriever.java:401  |   BeamGroupInter#1665{(1.000/0.968) beams[1547]}
2026-03-14 00:01:54,877 INFO [CRASH COMPLEXION_p010]       SlotsRetriever.java:401  |   BeamGroupInter#1661{(1.000/0.919) beams[1536, 1636]}
2026-03-14 00:01:54,878 INFO [CRASH COMPLEXION_p010]       SlotsRetriever.java:401  |   BeamGroupInter#1666{(1.000/0.933) beams[1549, 1551]}
2026-03-14 00:01:54,879 INFO [CRASH COMPLEXION_p010]       SlotsRetriever.java:436  | 
wide:false
      5298  5299  5300  5301  5302  5303  5304  5305  5306
 5298    .     B     B     B     B     B     B     B     B   HeadChordInter#5298{(0.931/0.931) staff:7 dur:1/8}
 5299    A     .     B     B     B     B     B     B     B   HeadChordInter#5299{(0.935/0.935) staff:7 dur:1/8}
 5300    A     A     .     B     B     B     B     B     B   HeadChordInter#5300{(0.917/0.917) staff:7 dur:1/8}
 5301    A     A     A     .     B     B     B     B     B   HeadChordInter#5301{(0.943/0.943) staff:7 dur:1/8}
 5302    A     A     A     A     .     B     B     B     B   HeadChordInter#5302{(0.939/0.939) staff:7 dur:1/16}
 5303    A     A     A     A     A     .     B     B     B   HeadChordInter#5303{(0.935/0.935) staff:7 dur:1/8}
 5304    A     A     A     A     A     A     .     B     B   HeadChordInter#5304{(0.931/0.931) staff:7 dur:1/16}
 5305    A     A     A     A     A     A     A     .     B   HeadChordInter#5305{(0.934/0.934) staff:7 dur:1/16}
 5306    A     A     A     A     A     A     A     A     .   HeadChordInter#5306{(0.940/0.940) staff:7 dur:1/16}
2026-03-14 00:01:54,881 INFO [CRASH COMPLEXION_p010]       SlotsRetriever.java:401  |   BeamGroupInter#1665{(1.000/0.968) beams[1547]}
2026-03-14 00:01:54,881 INFO [CRASH COMPLEXION_p010]       SlotsRetriever.java:401  |   BeamGroupInter#1661{(1.000/0.919) beams[1536, 1636]}
2026-03-14 00:01:54,881 INFO [CRASH COMPLEXION_p010]       SlotsRetriever.java:401  |   BeamGroupInter#1666{(1.000/0.933) beams[1549, 1551]}
2026-03-14 00:01:54,882 INFO [CRASH COMPLEXION_p010]       SlotsRetriever.java:436  | 
wide:true
      5298  5299  5300  5301  5302  5303  5304  5305  5306
 5298    .     B     B     B     B     B     B     B     B   HeadChordInter#5298{(0.931/0.931) staff:7 slot#1 dur:1/8}
 5299    A     .     B     B     B     B     B     B     B   HeadChordInter#5299{(0.935/0.935) staff:7 slot#2 dur:1/8}
 5300    A     A     .     B     B     B     B     B     B   HeadChordInter#5300{(0.917/0.917) staff:7 slot#3 dur:1/8}
 5301    A     A     A     .     B     B     B     B     B   HeadChordInter#5301{(0.943/0.943) staff:7 slot#4 dur:1/8}
 5302    A     A     A     A     .     B     B     B     B   HeadChordInter#5302{(0.939/0.939) staff:7 slot#5 dur:1/16}
 5303    A     A     A     A     A     .     B     B     B   HeadChordInter#5303{(0.935/0.935) staff:7 slot#6 dur:1/8}
 5304    A     A     A     A     A     A     .     B     B   HeadChordInter#5304{(0.931/0.931) staff:7 slot#7 dur:1/16}
 5305    A     A     A     A     A     A     A     .     B   HeadChordInter#5305{(0.934/0.934) staff:7 slot#8 dur:1/16}
 5306    A     A     A     A     A     A     A     A     .   HeadChordInter#5306{(0.940/0.940) staff:7 slot#9 dur:1/16}
2026-03-14 00:01:54,883 DEBUG [CRASH COMPLEXION_p010]                Voice.java:175  | Created voice#1
2026-03-14 00:01:54,883 DEBUG [CRASH COMPLEXION_p010]                 Slot.java:470  | Stack#2 slot#1 setTimeOffset 0
2026-03-14 00:01:54,884 DEBUG [CRASH COMPLEXION_p010]                 Slot.java:470  | Stack#2 slot#2 setTimeOffset 1/8
2026-03-14 00:01:54,884 DEBUG [CRASH COMPLEXION_p010]                 Slot.java:470  | Stack#2 slot#3 setTimeOffset 1/4
2026-03-14 00:01:54,884 DEBUG [CRASH COMPLEXION_p010]                 Slot.java:470  | Stack#2 slot#4 setTimeOffset 3/8
2026-03-14 00:01:54,884 INFO [CRASH COMPLEXION_p010]        MeasureRhythm.java:1119 | Slot #5 rookieMap:
   rookie HeadChordInter#5302{(0.939/0.939) staff:7 slot#5 dur:1/16}:
      10  1/2   active HeadChordInter#5301{(0.943/0.943) staff:7 slot#4 off:3/8 dur:1/8} dStaff=0 dStem=0 nis=0 nar=8 dPitch=2
2026-03-14 00:01:54,884 DEBUG [CRASH COMPLEXION_p010]        MeasureRhythm.java:1351 | Mapping {10 [#5301--#5302]}
2026-03-14 00:01:54,884 DEBUG [CRASH COMPLEXION_p010]                 Slot.java:470  | Stack#2 slot#5 setTimeOffset 1/2
2026-03-14 00:01:54,885 DEBUG [CRASH COMPLEXION_p010]                 Slot.java:470  | Stack#2 slot#6 setTimeOffset 9/16
2026-03-14 00:01:54,885 DEBUG [CRASH COMPLEXION_p010]                 Slot.java:470  | Stack#2 slot#7 setTimeOffset 11/16
2026-03-14 00:01:54,885 INFO [CRASH COMPLEXION_p010]        MeasureRhythm.java:1119 | Slot #8 rookieMap:
   rookie HeadChordInter#5305{(0.934/0.934) staff:7 slot#8 dur:1/16}:
      15  3/4   active HeadChordInter#5304{(0.931/0.931) staff:7 slot#7 off:11/16 dur:1/16} dStaff=0 dStem=0 nis=0 nar=8 dPitch=7
2026-03-14 00:01:54,885 DEBUG [CRASH COMPLEXION_p010]        MeasureRhythm.java:1351 | Mapping {15 [#5304--#5305]}
2026-03-14 00:01:54,886 DEBUG [CRASH COMPLEXION_p010]                 Slot.java:470  | Stack#2 slot#8 setTimeOffset 3/4
2026-03-14 00:01:54,886 DEBUG [CRASH COMPLEXION_p010]                 Slot.java:470  | Stack#2 slot#9 setTimeOffset 13/16
2026-03-14 00:01:54,886 DEBUG [CRASH COMPLEXION_p010]        MeasureRhythm.java:543  | 
Measure{#2P8} pass 1
2026-03-14 00:01:54,887 INFO [CRASH COMPLEXION_p010]       SlotsRetriever.java:401  |   BeamGroupInter#1684{(1.000/0.941) beams[1618, 1622]}
2026-03-14 00:01:54,888 INFO [CRASH COMPLEXION_p010]       SlotsRetriever.java:436  | 
wide:false
      5330  5331  5332  5333  5334  5335  5336
 5330    .     B     B     B     B     B     B   HeadChordInter#5330{(0.917/0.917) staff:8 dur:1/4}
 5331    A     .     ~     B     B     B     B   HeadChordInter#5331{(0.945/0.945) staff:8 dur:1/4}
 5332    A     ~     .     B     B     B     B   HeadChordInter#5332{(0.650/0.650) staff:8 dur:1/4}
 5333    A     A     A     .     B     B     B   HeadChordInter#5333{(0.742/0.742) staff:8 dur:1/4}
 5334    A     A     A     A     .     B     B   HeadChordInter#5334{(0.944/0.944) staff:8 dur:1/4}
 5335    A     A     A     A     A     .     B   HeadChordInter#5335{(0.940/0.940) staff:8 dur:1/16}
 5336    A     A     A     A     A     A     .   HeadChordInter#5336{(0.945/0.945) staff:8 dur:1/16}
2026-03-14 00:01:54,890 INFO [CRASH COMPLEXION_p010]       SlotsRetriever.java:401  |   BeamGroupInter#1684{(1.000/0.941) beams[1618, 1622]}
2026-03-14 00:01:54,891 INFO [CRASH COMPLEXION_p010]       SlotsRetriever.java:436  | 
wide:true
      5330  5331  5332  5333  5334  5335  5336
 5330    .     B     B     B     B     B     B   HeadChordInter#5330{(0.917/0.917) staff:8 slot#1 dur:1/4}
 5331    A     .     ~     B     B     B     B   HeadChordInter#5331{(0.945/0.945) staff:8 slot#2 dur:1/4}
 5332    A     ~     .     B     B     B     B   HeadChordInter#5332{(0.650/0.650) staff:8 slot#2 dur:1/4}
 5333    A     A     A     .     B     B     B   HeadChordInter#5333{(0.742/0.742) staff:8 slot#3 dur:1/4}
 5334    A     A     A     A     .     B     B   HeadChordInter#5334{(0.944/0.944) staff:8 slot#4 dur:1/4}
 5335    A     A     A     A     A     .     B   HeadChordInter#5335{(0.940/0.940) staff:8 slot#5 dur:1/16}
 5336    A     A     A     A     A     A     .   HeadChordInter#5336{(0.945/0.945) staff:8 slot#6 dur:1/16}
2026-03-14 00:01:54,891 DEBUG [CRASH COMPLEXION_p010]                Voice.java:175  | Created voice#1
2026-03-14 00:01:54,891 DEBUG [CRASH COMPLEXION_p010]                 Slot.java:470  | Stack#2 slot#1 setTimeOffset 0
2026-03-14 00:01:54,892 INFO [CRASH COMPLEXION_p010]        MeasureRhythm.java:1119 | Slot #2 rookieMap:
   rookie HeadChordInter#5331{(0.945/0.945) staff:8 slot#2 dur:1/4}:
      18  1/4   active HeadChordInter#5330{(0.917/0.917) staff:8 slot#1 off:0 dur:1/4} dStaff=0 dStem=6 nis=0 nar=8 dPitch=4
   rookie HeadChordInter#5332{(0.650/0.650) staff:8 slot#2 dur:1/4}:
       9  1/4   active HeadChordInter#5330{(0.917/0.917) staff:8 slot#1 off:0 dur:1/4} dStaff=0 dStem=0 nis=0 nar=8 dPitch=1
2026-03-14 00:01:54,893 DEBUG [CRASH COMPLEXION_p010]        MeasureRhythm.java:1351 | Mapping {69 [#5330--#5332]}
2026-03-14 00:01:54,893 DEBUG [CRASH COMPLEXION_p010]                 Slot.java:470  | Stack#2 slot#2 setTimeOffset 1/4
2026-03-14 00:01:54,893 DEBUG [CRASH COMPLEXION_p010]                Voice.java:175  | Created voice#2
2026-03-14 00:01:54,894 INFO [CRASH COMPLEXION_p010]        MeasureRhythm.java:1119 | Slot #3 rookieMap:
   rookie HeadChordInter#5333{(0.742/0.742) staff:8 slot#3 dur:1/4}:
       8  1/2   active HeadChordInter#5332{(0.650/0.650) staff:8 slot#2 off:1/4 dur:1/4} dStaff=0 dStem=0 nis=0 nar=8 dPitch=0
      19  1/2   active HeadChordInter#5331{(0.945/0.945) staff:8 slot#2 off:1/4 dur:1/4} dStaff=0 dStem=6 nis=0 nar=8 dPitch=5
2026-03-14 00:01:54,894 DEBUG [CRASH COMPLEXION_p010]        MeasureRhythm.java:1351 | Mapping {8 [#5332--#5333]}
2026-03-14 00:01:54,894 DEBUG [CRASH COMPLEXION_p010]                 Slot.java:470  | Stack#2 slot#3 setTimeOffset 1/2
2026-03-14 00:01:54,895 INFO [CRASH COMPLEXION_p010]        MeasureRhythm.java:1119 | Slot #4 rookieMap:
   rookie HeadChordInter#5334{(0.944/0.944) staff:8 slot#4 dur:1/4}:
      19  3/4   active HeadChordInter#5333{(0.742/0.742) staff:8 slot#3 off:1/2 dur:1/4} dStaff=0 dStem=6 nis=0 nar=8 dPitch=5
       8  1/2   active HeadChordInter#5331{(0.945/0.945) staff:8 slot#2 off:1/4 dur:1/4} dStaff=0 dStem=0 nis=0 nar=8 dPitch=0
2026-03-14 00:01:54,895 DEBUG [CRASH COMPLEXION_p010]        MeasureRhythm.java:1351 | Mapping {8 [#5331--#5334]}
2026-03-14 00:01:54,895 DEBUG [CRASH COMPLEXION_p010]                 Slot.java:470  | Stack#2 slot#4 setTimeOffset 1/2
2026-03-14 00:01:54,896 INFO [CRASH COMPLEXION_p010]        MeasureRhythm.java:1119 | Slot #5 rookieMap:
   rookie HeadChordInter#5335{(0.940/0.940) staff:8 slot#5 dur:1/16}:
       9  3/4   active HeadChordInter#5333{(0.742/0.742) staff:8 slot#3 off:1/2 dur:1/4} dStaff=0 dStem=0 nis=0 nar=8 dPitch=1
      18  3/4   active HeadChordInter#5334{(0.944/0.944) staff:8 slot#4 off:1/2 dur:1/4} dStaff=0 dStem=6 nis=0 nar=8 dPitch=4
2026-03-14 00:01:54,896 DEBUG [CRASH COMPLEXION_p010]        MeasureRhythm.java:1351 | Mapping {9 [#5333--#5335]}
2026-03-14 00:01:54,896 DEBUG [CRASH COMPLEXION_p010]                 Slot.java:470  | Stack#2 slot#5 setTimeOffset 3/4
2026-03-14 00:01:54,897 DEBUG [CRASH COMPLEXION_p010]                 Slot.java:470  | Stack#2 slot#6 setTimeOffset 13/16
2026-03-14 00:01:54,898 INFO [CRASH COMPLEXION_p010]        MeasureRhythm.java:690  | Voice{#2} [5331, 5334] extinct at 3/4 before slot#6 at 13/16
2026-03-14 00:01:54,898 DEBUG [CRASH COMPLEXION_p010]                 Slot.java:470  | Stack#2 slot#1 setTimeOffset 0
2026-03-14 00:01:54,898 DEBUG [CRASH COMPLEXION_p010]                 Slot.java:470  | Stack#2 slot#2 setTimeOffset 1/8
2026-03-14 00:01:54,898 DEBUG [CRASH COMPLEXION_p010]                 Slot.java:470  | Stack#2 slot#3 setTimeOffset 1/4
2026-03-14 00:01:54,898 DEBUG [CRASH COMPLEXION_p010]                 Slot.java:470  | Stack#2 slot#4 setTimeOffset 3/8
2026-03-14 00:01:54,899 DEBUG [CRASH COMPLEXION_p010]                 Slot.java:470  | Stack#2 slot#5 setTimeOffset 1/2
2026-03-14 00:01:54,899 DEBUG [CRASH COMPLEXION_p010]                 Slot.java:470  | Stack#2 slot#6 setTimeOffset 9/16
2026-03-14 00:01:54,899 DEBUG [CRASH COMPLEXION_p010]                 Slot.java:470  | Stack#2 slot#7 setTimeOffset 11/16
2026-03-14 00:01:54,899 DEBUG [CRASH COMPLEXION_p010]                 Slot.java:470  | Stack#2 slot#8 setTimeOffset 3/4
2026-03-14 00:01:54,899 DEBUG [CRASH COMPLEXION_p010]                 Slot.java:470  | Stack#2 slot#9 setTimeOffset 13/16
2026-03-14 00:01:54,899 DEBUG [CRASH COMPLEXION_p010]                Voice.java:876  | putSlotInfo slot#1 Voice{#1}
2026-03-14 00:01:54,899 DEBUG [CRASH COMPLEXION_p010]                Voice.java:876  | putSlotInfo slot#2 Voice{#1}
2026-03-14 00:01:54,899 DEBUG [CRASH COMPLEXION_p010]                Voice.java:876  | putSlotInfo slot#3 Voice{#1}
2026-03-14 00:01:54,899 DEBUG [CRASH COMPLEXION_p010]                Voice.java:876  | putSlotInfo slot#4 Voice{#1}
2026-03-14 00:01:54,900 DEBUG [CRASH COMPLEXION_p010]                Voice.java:876  | putSlotInfo slot#5 Voice{#1}
2026-03-14 00:01:54,902 DEBUG [CRASH COMPLEXION_p010]                Voice.java:876  | putSlotInfo slot#6 Voice{#1}
2026-03-14 00:01:54,902 DEBUG [CRASH COMPLEXION_p010]                Voice.java:876  | putSlotInfo slot#7 Voice{#1}
2026-03-14 00:01:54,903 DEBUG [CRASH COMPLEXION_p010]                Voice.java:876  | putSlotInfo slot#8 Voice{#1}
2026-03-14 00:01:54,903 DEBUG [CRASH COMPLEXION_p010]                Voice.java:876  | putSlotInfo slot#9 Voice{#1}
2026-03-14 00:01:54,903 DEBUG [CRASH COMPLEXION_p010]                Voice.java:876  | putSlotInfo slot#1 Voice{#1}
2026-03-14 00:01:54,903 DEBUG [CRASH COMPLEXION_p010]                Voice.java:876  | putSlotInfo slot#3 Voice{#1}
2026-03-14 00:01:54,903 DEBUG [CRASH COMPLEXION_p010]                Voice.java:876  | putSlotInfo slot#5 Voice{#1}
2026-03-14 00:01:54,903 DEBUG [CRASH COMPLEXION_p010]                Voice.java:876  | putSlotInfo slot#8 Voice{#1}
2026-03-14 00:01:54,903 DEBUG [CRASH COMPLEXION_p010]                Voice.java:876  | putSlotInfo slot#9 Voice{#1}
2026-03-14 00:01:54,903 DEBUG [CRASH COMPLEXION_p010]                Voice.java:876  | putSlotInfo slot#2 Voice{#1}
2026-03-14 00:01:54,903 DEBUG [CRASH COMPLEXION_p010]                Voice.java:876  | putSlotInfo slot#4 Voice{#1}
2026-03-14 00:01:54,904 DEBUG [CRASH COMPLEXION_p010]                Voice.java:876  | putSlotInfo slot#6 Voice{#1}
2026-03-14 00:01:54,904 DEBUG [CRASH COMPLEXION_p010]                Voice.java:876  | putSlotInfo slot#7 Voice{#1}
2026-03-14 00:01:54,904 DEBUG [CRASH COMPLEXION_p010]                Voice.java:876  | putSlotInfo slot#3 Voice{#2}
2026-03-14 00:01:54,904 DEBUG [CRASH COMPLEXION_p010]                Voice.java:876  | putSlotInfo slot#5 Voice{#2}
2026-03-14 00:01:54,904 DEBUG [CRASH COMPLEXION_p010]                Voice.java:876  | putSlotInfo slot#4 Voice{#2}
2026-03-14 00:01:54,904 DEBUG [CRASH COMPLEXION_p010]                Voice.java:876  | putSlotInfo slot#6 Voice{#2}
2026-03-14 00:01:54,904 DEBUG [CRASH COMPLEXION_p010]                Voice.java:876  | putSlotInfo slot#7 Voice{#2}
2026-03-14 00:01:54,905 DEBUG [CRASH COMPLEXION_p010]           PageRhythm.java:273  | 
--- Processing 3 MeasureStack#3 expDur:null
2026-03-14 00:01:54,906 DEBUG [CRASH COMPLEXION_p010]        MeasureRhythm.java:543  | 
Measure{#3P1} pass 1
2026-03-14 00:01:54,906 INFO [CRASH COMPLEXION_p010]       SlotsRetriever.java:436  | 
wide:false
      6435  5296
 6435    .     B   RestChordInter#6435{(0.732/0.732) staff:1 dur:1/2}
 5296    A     .   HeadChordInter#5296{(0.919/0.919) staff:1 dur:1/8}
2026-03-14 00:01:54,907 INFO [CRASH COMPLEXION_p010]       SlotsRetriever.java:436  | 
wide:true
      6435  5296
 6435    .     B   RestChordInter#6435{(0.732/0.732) staff:1 slot#1 dur:1/2}
 5296    A     .   HeadChordInter#5296{(0.919/0.919) staff:1 slot#2 dur:1/8}
2026-03-14 00:01:54,907 DEBUG [CRASH COMPLEXION_p010]                Voice.java:175  | Created voice#1
2026-03-14 00:01:54,908 DEBUG [CRASH COMPLEXION_p010]                 Slot.java:470  | Stack#3 slot#1 setTimeOffset 0
2026-03-14 00:01:54,908 INFO [CRASH COMPLEXION_p010]        MeasureRhythm.java:1119 | Slot #2 rookieMap:
   rookie HeadChordInter#5296{(0.919/0.919) staff:1 slot#2 dur:1/8}:
       4  1/2   active RestChordInter#6435{(0.732/0.732) staff:1 slot#1 off:0 dur:1/2} dStaff=0 dStem=0 nis=0 nar=4 dPitch=0
2026-03-14 00:01:54,908 DEBUG [CRASH COMPLEXION_p010]        MeasureRhythm.java:1351 | Mapping {4 [#6435--#5296]}
2026-03-14 00:01:54,908 DEBUG [CRASH COMPLEXION_p010]                 Slot.java:470  | Stack#3 slot#2 setTimeOffset 1/2
2026-03-14 00:01:54,908 DEBUG [CRASH COMPLEXION_p010]        MeasureRhythm.java:543  | 
Measure{#3P2} pass 1
2026-03-14 00:01:54,909 INFO [CRASH COMPLEXION_p010]       SlotsRetriever.java:436  | 
wide:false
    
2026-03-14 00:01:54,909 INFO [CRASH COMPLEXION_p010]       SlotsRetriever.java:436  | 
wide:true
    
2026-03-14 00:01:54,909 DEBUG [CRASH COMPLEXION_p010]                Voice.java:1096 | createMeasureRestVoice for RestChordInter#6438{(0.798/0.798) staff:2} in Measure{#3P2}
2026-03-14 00:01:54,909 DEBUG [CRASH COMPLEXION_p010]                Voice.java:175  | Created voice#1
2026-03-14 00:01:54,909 DEBUG [CRASH COMPLEXION_p010]        MeasureRhythm.java:543  | 
Measure{#3P3} pass 1
2026-03-14 00:01:54,909 INFO [CRASH COMPLEXION_p010]       SlotsRetriever.java:436  | 
wide:false
    
2026-03-14 00:01:54,910 INFO [CRASH COMPLEXION_p010]       SlotsRetriever.java:436  | 
wide:true
    
2026-03-14 00:01:54,910 DEBUG [CRASH COMPLEXION_p010]        MeasureRhythm.java:543  | 
Measure{#3P4} pass 1
2026-03-14 00:01:54,910 INFO [CRASH COMPLEXION_p010]       SlotsRetriever.java:436  | 
wide:false
      6437  5297
 6437    .     B   RestChordInter#6437{(0.777/0.777) staff:4 dur:1/2}
 5297    A     .   HeadChordInter#5297{(0.962/0.962) staff:4 dur:1/4}
2026-03-14 00:01:54,911 INFO [CRASH COMPLEXION_p010]       SlotsRetriever.java:436  | 
wide:true
      6437  5297
 6437    .     B   RestChordInter#6437{(0.777/0.777) staff:4 slot#1 dur:1/2}
 5297    A     .   HeadChordInter#5297{(0.962/0.962) staff:4 slot#2 dur:1/4}
2026-03-14 00:01:54,911 DEBUG [CRASH COMPLEXION_p010]                Voice.java:175  | Created voice#1
2026-03-14 00:01:54,911 DEBUG [CRASH COMPLEXION_p010]                 Slot.java:470  | Stack#3 slot#1 setTimeOffset 0
2026-03-14 00:01:54,911 INFO [CRASH COMPLEXION_p010]        MeasureRhythm.java:1119 | Slot #2 rookieMap:
   rookie HeadChordInter#5297{(0.962/0.962) staff:4 slot#2 dur:1/4}:
       7  1/2   active RestChordInter#6437{(0.777/0.777) staff:4 slot#1 off:0 dur:1/2} dStaff=0 dStem=0 nis=0 nar=4 dPitch=3
2026-03-14 00:01:54,912 DEBUG [CRASH COMPLEXION_p010]        MeasureRhythm.java:1351 | Mapping {7 [#6437--#5297]}
2026-03-14 00:01:54,912 DEBUG [CRASH COMPLEXION_p010]                 Slot.java:470  | Stack#3 slot#2 setTimeOffset 1/2
2026-03-14 00:01:54,912 DEBUG [CRASH COMPLEXION_p010]        MeasureRhythm.java:543  | 
Measure{#3P5} pass 1
2026-03-14 00:01:54,912 INFO [CRASH COMPLEXION_p010]       SlotsRetriever.java:436  | 
wide:false
    
2026-03-14 00:01:54,913 INFO [CRASH COMPLEXION_p010]       SlotsRetriever.java:436  | 
wide:true
    
2026-03-14 00:01:54,913 DEBUG [CRASH COMPLEXION_p010]        MeasureRhythm.java:543  | 
Measure{#3P6} pass 1
2026-03-14 00:01:54,913 INFO [CRASH COMPLEXION_p010]       SlotsRetriever.java:436  | 
wide:false
    
2026-03-14 00:01:54,914 INFO [CRASH COMPLEXION_p010]       SlotsRetriever.java:436  | 
wide:true
    
2026-03-14 00:01:54,914 DEBUG [CRASH COMPLEXION_p010]        MeasureRhythm.java:543  | 
Measure{#3P7} pass 1
2026-03-14 00:01:54,916 INFO [CRASH COMPLEXION_p010]       SlotsRetriever.java:401  |   BeamGroupInter#1664{(1.000/0.965) beams[1545]}
2026-03-14 00:01:54,916 INFO [CRASH COMPLEXION_p010]       SlotsRetriever.java:401  |   BeamGroupInter#1662{(1.000/0.951) beams[1538, 1540]}
2026-03-14 00:01:54,917 INFO [CRASH COMPLEXION_p010]       SlotsRetriever.java:436  | 
wide:false
      5307  5308  5309  5310  5311  5312  5313  5314  5315
 5307    .     B     B     B     B     B     B     B     B   HeadChordInter#5307{(0.930/0.930) staff:7 dur:1/8}
 5308    A     .     B     B     B     B     B     B     B   HeadChordInter#5308{(0.933/0.933) staff:7 dur:1/8}
 5309    A     A     .     B     B     B     B     B     B   HeadChordInter#5309{(0.923/0.923) staff:7 dur:1/8}
 5310    A     A     A     .     B     B     B     B     B   HeadChordInter#5310{(0.941/0.941) staff:7 dur:1/8}
 5311    A     A     A     A     .     B     B     B     B   HeadChordInter#5311{(0.946/0.946) staff:7 dur:1/16}
 5312    A     A     A     A     A     .     B     B     B   HeadChordInter#5312{(0.921/0.921) staff:7 dur:1/16}
 5313    A     A     A     A     A     A     .     B     B   HeadChordInter#5313{(0.944/0.944) staff:7 dur:1/16}
 5314    A     A     A     A     A     A     A     .     B   HeadChordInter#5314{(0.926/0.926) staff:7 dur:1/16}
 5315    A     A     A     A     A     A     A     A     .   HeadChordInter#5315{(0.909/0.909) staff:7 dur:1/8}
2026-03-14 00:01:54,919 INFO [CRASH COMPLEXION_p010]       SlotsRetriever.java:401  |   BeamGroupInter#1664{(1.000/0.965) beams[1545]}
2026-03-14 00:01:54,919 INFO [CRASH COMPLEXION_p010]       SlotsRetriever.java:401  |   BeamGroupInter#1662{(1.000/0.951) beams[1538, 1540]}
2026-03-14 00:01:54,920 INFO [CRASH COMPLEXION_p010]       SlotsRetriever.java:436  | 
wide:true
      5307  5308  5309  5310  5311  5312  5313  5314  5315
 5307    .     B     B     B     B     B     B     B     B   HeadChordInter#5307{(0.930/0.930) staff:7 slot#1 dur:1/8}
 5308    A     .     B     B     B     B     B     B     B   HeadChordInter#5308{(0.933/0.933) staff:7 slot#2 dur:1/8}
 5309    A     A     .     B     B     B     B     B     B   HeadChordInter#5309{(0.923/0.923) staff:7 slot#3 dur:1/8}
 5310    A     A     A     .     B     B     B     B     B   HeadChordInter#5310{(0.941/0.941) staff:7 slot#4 dur:1/8}
 5311    A     A     A     A     .     B     B     B     B   HeadChordInter#5311{(0.946/0.946) staff:7 slot#5 dur:1/16}
 5312    A     A     A     A     A     .     B     B     B   HeadChordInter#5312{(0.921/0.921) staff:7 slot#6 dur:1/16}
 5313    A     A     A     A     A     A     .     B     B   HeadChordInter#5313{(0.944/0.944) staff:7 slot#7 dur:1/16}
 5314    A     A     A     A     A     A     A     .     B   HeadChordInter#5314{(0.926/0.926) staff:7 slot#8 dur:1/16}
 5315    A     A     A     A     A     A     A     A     .   HeadChordInter#5315{(0.909/0.909) staff:7 slot#9 dur:1/8}
2026-03-14 00:01:54,920 DEBUG [CRASH COMPLEXION_p010]                Voice.java:175  | Created voice#1
2026-03-14 00:01:54,921 DEBUG [CRASH COMPLEXION_p010]                 Slot.java:470  | Stack#3 slot#1 setTimeOffset 0
2026-03-14 00:01:54,921 DEBUG [CRASH COMPLEXION_p010]                 Slot.java:470  | Stack#3 slot#2 setTimeOffset 1/8
2026-03-14 00:01:54,921 DEBUG [CRASH COMPLEXION_p010]                 Slot.java:470  | Stack#3 slot#3 setTimeOffset 1/4
2026-03-14 00:01:54,921 DEBUG [CRASH COMPLEXION_p010]                 Slot.java:470  | Stack#3 slot#4 setTimeOffset 3/8
2026-03-14 00:01:54,922 INFO [CRASH COMPLEXION_p010]        MeasureRhythm.java:1119 | Slot #5 rookieMap:
   rookie HeadChordInter#5311{(0.946/0.946) staff:7 slot#5 dur:1/16}:
      10  1/2   active HeadChordInter#5310{(0.941/0.941) staff:7 slot#4 off:3/8 dur:1/8} dStaff=0 dStem=0 nis=0 nar=8 dPitch=2
2026-03-14 00:01:54,922 DEBUG [CRASH COMPLEXION_p010]        MeasureRhythm.java:1351 | Mapping {10 [#5310--#5311]}
2026-03-14 00:01:54,922 DEBUG [CRASH COMPLEXION_p010]                 Slot.java:470  | Stack#3 slot#5 setTimeOffset 1/2
2026-03-14 00:01:54,922 DEBUG [CRASH COMPLEXION_p010]                 Slot.java:470  | Stack#3 slot#6 setTimeOffset 9/16
2026-03-14 00:01:54,922 DEBUG [CRASH COMPLEXION_p010]                 Slot.java:470  | Stack#3 slot#7 setTimeOffset 5/8
2026-03-14 00:01:54,923 DEBUG [CRASH COMPLEXION_p010]                 Slot.java:470  | Stack#3 slot#8 setTimeOffset 11/16
2026-03-14 00:01:54,923 INFO [CRASH COMPLEXION_p010]        MeasureRhythm.java:1119 | Slot #9 rookieMap:
   rookie HeadChordInter#5315{(0.909/0.909) staff:7 slot#9 dur:1/8}:
       9  3/4   active HeadChordInter#5314{(0.926/0.926) staff:7 slot#8 off:11/16 dur:1/16} dStaff=0 dStem=0 nis=0 nar=8 dPitch=1
2026-03-14 00:01:54,923 DEBUG [CRASH COMPLEXION_p010]        MeasureRhythm.java:1351 | Mapping {9 [#5314--#5315]}
2026-03-14 00:01:54,923 DEBUG [CRASH COMPLEXION_p010]                 Slot.java:470  | Stack#3 slot#9 setTimeOffset 3/4
2026-03-14 00:01:54,923 DEBUG [CRASH COMPLEXION_p010]        MeasureRhythm.java:543  | 
Measure{#3P8} pass 1
2026-03-14 00:01:54,925 INFO [CRASH COMPLEXION_p010]       SlotsRetriever.java:436  | 
wide:false
      5337  5338  5340  5341  5343  5344  5345
 5337    .     B     B     B     B     B     B   HeadChordInter#5337{(0.944/0.944) staff:8 dur:1/4}
 5338    A     .     =     B     B     B     B   HeadChordInter#5338{(0.929/0.929) staff:8 dur:1/4}
 5340    A     =     .     B     B     B     B   HeadChordInter#5340{(0.784/0.784) staff:8 dur:1/4}
 5341    A     A     A     .     =     B     B   HeadChordInter#5341{(0.930/0.930) staff:8 dur:1/4}
 5343    A     A     A     =     .     B     B   HeadChordInter#5343{(0.782/0.782) staff:8 dur:1/4}
 5344    A     A     A     A     A     .     B   HeadChordInter#5344{(0.946/0.946) staff:8 dur:1/4}
 5345    A     A     A     A     A     A     .   HeadChordInter#5345{(0.922/0.922) staff:8 dur:1/8}
2026-03-14 00:01:54,926 INFO [CRASH COMPLEXION_p010]       SlotsRetriever.java:436  | 
wide:true
      5337  5338  5340  5341  5343  5344  5345
 5337    .     B     B     B     B     B     B   HeadChordInter#5337{(0.944/0.944) staff:8 slot#1 dur:1/4}
 5338    A     .     =     B     B     B     B   HeadChordInter#5338{(0.929/0.929) staff:8 slot#2 dur:1/4}
 5340    A     =     .     B     B     B     B   HeadChordInter#5340{(0.784/0.784) staff:8 slot#2 dur:1/4}
 5341    A     A     A     .     =     B     B   HeadChordInter#5341{(0.930/0.930) staff:8 slot#3 dur:1/4}
 5343    A     A     A     =     .     B     B   HeadChordInter#5343{(0.782/0.782) staff:8 slot#3 dur:1/4}
 5344    A     A     A     A     A     .     B   HeadChordInter#5344{(0.946/0.946) staff:8 slot#4 dur:1/4}
 5345    A     A     A     A     A     A     .   HeadChordInter#5345{(0.922/0.922) staff:8 slot#5 dur:1/8}
2026-03-14 00:01:54,927 DEBUG [CRASH COMPLEXION_p010]                Voice.java:175  | Created voice#1
2026-03-14 00:01:54,927 DEBUG [CRASH COMPLEXION_p010]                 Slot.java:470  | Stack#3 slot#1 setTimeOffset 0
2026-03-14 00:01:54,927 INFO [CRASH COMPLEXION_p010]        MeasureRhythm.java:1119 | Slot #2 rookieMap:
   rookie HeadChordInter#5340{(0.784/0.784) staff:8 slot#2 dur:1/4}:
      12  1/4   active HeadChordInter#5337{(0.944/0.944) staff:8 slot#1 off:0 dur:1/4} dStaff=0 dStem=0 nis=0 nar=8 dPitch=4
   rookie HeadChordInter#5338{(0.929/0.929) staff:8 slot#2 dur:1/4}:
      18  1/4   active HeadChordInter#5337{(0.944/0.944) staff:8 slot#1 off:0 dur:1/4} dStaff=0 dStem=6 nis=0 nar=8 dPitch=4
2026-03-14 00:01:54,928 DEBUG [CRASH COMPLEXION_p010]        MeasureRhythm.java:1351 | Mapping {72 [#5337--#5340]}
2026-03-14 00:01:54,928 DEBUG [CRASH COMPLEXION_p010]                 Slot.java:470  | Stack#3 slot#2 setTimeOffset 1/4
2026-03-14 00:01:54,928 DEBUG [CRASH COMPLEXION_p010]                Voice.java:175  | Created voice#2
2026-03-14 00:01:54,929 INFO [CRASH COMPLEXION_p010]        MeasureRhythm.java:1119 | Slot #3 rookieMap:
   rookie HeadChordInter#5343{(0.782/0.782) staff:8 slot#3 dur:1/4}:
       8  1/2   active HeadChordInter#5340{(0.784/0.784) staff:8 slot#2 off:1/4 dur:1/4} dStaff=0 dStem=0 nis=0 nar=8 dPitch=0
      14  1/2   active HeadChordInter#5338{(0.929/0.929) staff:8 slot#2 off:1/4 dur:1/4} dStaff=0 dStem=6 nis=0 nar=8 dPitch=0
   rookie HeadChordInter#5341{(0.930/0.930) staff:8 slot#3 dur:1/4}:
      14  1/2   active HeadChordInter#5340{(0.784/0.784) staff:8 slot#2 off:1/4 dur:1/4} dStaff=0 dStem=6 nis=0 nar=8 dPitch=0
       8  1/2   active HeadChordInter#5338{(0.929/0.929) staff:8 slot#2 off:1/4 dur:1/4} dStaff=0 dStem=0 nis=0 nar=8 dPitch=0
2026-03-14 00:01:54,930 DEBUG [CRASH COMPLEXION_p010]        MeasureRhythm.java:1351 | Mapping {16 [#5340--#5343,#5338--#5341]}
2026-03-14 00:01:54,933 DEBUG [CRASH COMPLEXION_p010]                 Slot.java:470  | Stack#3 slot#3 setTimeOffset 1/2
2026-03-14 00:01:54,934 INFO [CRASH COMPLEXION_p010]        MeasureRhythm.java:1119 | Slot #4 rookieMap:
   rookie HeadChordInter#5344{(0.946/0.946) staff:8 slot#4 dur:1/4}:
      12  3/4   active HeadChordInter#5343{(0.782/0.782) staff:8 slot#3 off:1/2 dur:1/4} dStaff=0 dStem=0 nis=0 nar=8 dPitch=4
      18  3/4   active HeadChordInter#5341{(0.930/0.930) staff:8 slot#3 off:1/2 dur:1/4} dStaff=0 dStem=6 nis=0 nar=8 dPitch=4
2026-03-14 00:01:54,934 DEBUG [CRASH COMPLEXION_p010]        MeasureRhythm.java:1351 | Mapping {12 [#5343--#5344]}
2026-03-14 00:01:54,934 DEBUG [CRASH COMPLEXION_p010]                 Slot.java:470  | Stack#3 slot#4 setTimeOffset 3/4
2026-03-14 00:01:54,935 INFO [CRASH COMPLEXION_p010]        MeasureRhythm.java:1119 | Slot #5 rookieMap:
   rookie HeadChordInter#5345{(0.922/0.922) staff:8 slot#5 dur:1/8}:
      18    1   active HeadChordInter#5344{(0.946/0.946) staff:8 slot#4 off:3/4 dur:1/4} dStaff=0 dStem=6 nis=0 nar=8 dPitch=4
       8  3/4   active HeadChordInter#5341{(0.930/0.930) staff:8 slot#3 off:1/2 dur:1/4} dStaff=0 dStem=0 nis=0 nar=8 dPitch=0
2026-03-14 00:01:54,936 DEBUG [CRASH COMPLEXION_p010]        MeasureRhythm.java:1351 | Mapping {8 [#5341--#5345]}
2026-03-14 00:01:54,936 DEBUG [CRASH COMPLEXION_p010]                 Slot.java:470  | Stack#3 slot#5 setTimeOffset 3/4
2026-03-14 00:01:54,936 DEBUG [CRASH COMPLEXION_p010]                 Slot.java:470  | Stack#3 slot#1 setTimeOffset 0
2026-03-14 00:01:54,936 DEBUG [CRASH COMPLEXION_p010]                 Slot.java:470  | Stack#3 slot#2 setTimeOffset 1/8
2026-03-14 00:01:54,936 DEBUG [CRASH COMPLEXION_p010]                 Slot.java:470  | Stack#3 slot#3 setTimeOffset 1/4
2026-03-14 00:01:54,936 DEBUG [CRASH COMPLEXION_p010]                 Slot.java:470  | Stack#3 slot#4 setTimeOffset 3/8
2026-03-14 00:01:54,937 DEBUG [CRASH COMPLEXION_p010]                 Slot.java:470  | Stack#3 slot#5 setTimeOffset 1/2
2026-03-14 00:01:54,937 DEBUG [CRASH COMPLEXION_p010]                 Slot.java:470  | Stack#3 slot#6 setTimeOffset 9/16
2026-03-14 00:01:54,937 DEBUG [CRASH COMPLEXION_p010]                 Slot.java:470  | Stack#3 slot#7 setTimeOffset 5/8
2026-03-14 00:01:54,937 DEBUG [CRASH COMPLEXION_p010]                 Slot.java:470  | Stack#3 slot#8 setTimeOffset 11/16
2026-03-14 00:01:54,937 DEBUG [CRASH COMPLEXION_p010]                 Slot.java:470  | Stack#3 slot#9 setTimeOffset 3/4
2026-03-14 00:01:54,937 DEBUG [CRASH COMPLEXION_p010]                Voice.java:876  | putSlotInfo slot#1 Voice{#1}
2026-03-14 00:01:54,937 DEBUG [CRASH COMPLEXION_p010]                Voice.java:876  | putSlotInfo slot#5 Voice{#1}
2026-03-14 00:01:54,937 DEBUG [CRASH COMPLEXION_p010]                Voice.java:876  | putSlotInfo slot#2 Voice{#1}
2026-03-14 00:01:54,937 DEBUG [CRASH COMPLEXION_p010]                Voice.java:876  | putSlotInfo slot#3 Voice{#1}
2026-03-14 00:01:54,938 DEBUG [CRASH COMPLEXION_p010]                Voice.java:876  | putSlotInfo slot#4 Voice{#1}
2026-03-14 00:01:54,938 DEBUG [CRASH COMPLEXION_p010]                Voice.java:876  | putSlotInfo slot#6 Voice{#1}
2026-03-14 00:01:54,938 DEBUG [CRASH COMPLEXION_p010]                Voice.java:876  | putSlotInfo slot#1 Voice{#1}
2026-03-14 00:01:54,938 DEBUG [CRASH COMPLEXION_p010]                Voice.java:876  | putSlotInfo slot#5 Voice{#1}
2026-03-14 00:01:54,938 DEBUG [CRASH COMPLEXION_p010]                Voice.java:876  | putSlotInfo slot#2 Voice{#1}
2026-03-14 00:01:54,938 DEBUG [CRASH COMPLEXION_p010]                Voice.java:876  | putSlotInfo slot#3 Voice{#1}
2026-03-14 00:01:54,938 DEBUG [CRASH COMPLEXION_p010]                Voice.java:876  | putSlotInfo slot#4 Voice{#1}
2026-03-14 00:01:54,938 DEBUG [CRASH COMPLEXION_p010]                Voice.java:876  | putSlotInfo slot#6 Voice{#1}
2026-03-14 00:01:54,939 DEBUG [CRASH COMPLEXION_p010]                Voice.java:876  | putSlotInfo slot#7 Voice{#1}
2026-03-14 00:01:54,939 DEBUG [CRASH COMPLEXION_p010]                Voice.java:876  | putSlotInfo slot#8 Voice{#1}
2026-03-14 00:01:54,939 DEBUG [CRASH COMPLEXION_p010]                Voice.java:876  | putSlotInfo slot#1 Voice{#1}
2026-03-14 00:01:54,939 DEBUG [CRASH COMPLEXION_p010]                Voice.java:876  | putSlotInfo slot#2 Voice{#1}
2026-03-14 00:01:54,939 DEBUG [CRASH COMPLEXION_p010]                Voice.java:876  | putSlotInfo slot#3 Voice{#1}
2026-03-14 00:01:54,939 DEBUG [CRASH COMPLEXION_p010]                Voice.java:876  | putSlotInfo slot#4 Voice{#1}
2026-03-14 00:01:54,939 DEBUG [CRASH COMPLEXION_p010]                Voice.java:876  | putSlotInfo slot#5 Voice{#1}
2026-03-14 00:01:54,939 DEBUG [CRASH COMPLEXION_p010]                Voice.java:876  | putSlotInfo slot#6 Voice{#1}
2026-03-14 00:01:54,939 DEBUG [CRASH COMPLEXION_p010]                Voice.java:876  | putSlotInfo slot#7 Voice{#1}
2026-03-14 00:01:54,939 DEBUG [CRASH COMPLEXION_p010]                Voice.java:876  | putSlotInfo slot#8 Voice{#1}
2026-03-14 00:01:54,939 DEBUG [CRASH COMPLEXION_p010]                Voice.java:876  | putSlotInfo slot#9 Voice{#1}
2026-03-14 00:01:54,940 DEBUG [CRASH COMPLEXION_p010]                Voice.java:876  | putSlotInfo slot#1 Voice{#1}
2026-03-14 00:01:54,940 DEBUG [CRASH COMPLEXION_p010]                Voice.java:876  | putSlotInfo slot#3 Voice{#1}
2026-03-14 00:01:54,940 DEBUG [CRASH COMPLEXION_p010]                Voice.java:876  | putSlotInfo slot#5 Voice{#1}
2026-03-14 00:01:54,940 DEBUG [CRASH COMPLEXION_p010]                Voice.java:876  | putSlotInfo slot#9 Voice{#1}
2026-03-14 00:01:54,940 DEBUG [CRASH COMPLEXION_p010]                Voice.java:876  | putSlotInfo slot#2 Voice{#1}
2026-03-14 00:01:54,940 DEBUG [CRASH COMPLEXION_p010]                Voice.java:876  | putSlotInfo slot#4 Voice{#1}
2026-03-14 00:01:54,940 DEBUG [CRASH COMPLEXION_p010]                Voice.java:876  | putSlotInfo slot#6 Voice{#1}
2026-03-14 00:01:54,940 DEBUG [CRASH COMPLEXION_p010]                Voice.java:876  | putSlotInfo slot#7 Voice{#1}
2026-03-14 00:01:54,940 DEBUG [CRASH COMPLEXION_p010]                Voice.java:876  | putSlotInfo slot#8 Voice{#1}
2026-03-14 00:01:54,940 DEBUG [CRASH COMPLEXION_p010]                Voice.java:876  | putSlotInfo slot#3 Voice{#2}
2026-03-14 00:01:54,940 DEBUG [CRASH COMPLEXION_p010]                Voice.java:876  | putSlotInfo slot#5 Voice{#2}
2026-03-14 00:01:54,941 DEBUG [CRASH COMPLEXION_p010]                Voice.java:876  | putSlotInfo slot#9 Voice{#2}
2026-03-14 00:01:54,941 DEBUG [CRASH COMPLEXION_p010]                Voice.java:876  | putSlotInfo slot#4 Voice{#2}
2026-03-14 00:01:54,941 DEBUG [CRASH COMPLEXION_p010]                Voice.java:876  | putSlotInfo slot#6 Voice{#2}
2026-03-14 00:01:54,941 DEBUG [CRASH COMPLEXION_p010]                Voice.java:876  | putSlotInfo slot#7 Voice{#2}
2026-03-14 00:01:54,941 DEBUG [CRASH COMPLEXION_p010]                Voice.java:876  | putSlotInfo slot#8 Voice{#2}
2026-03-14 00:01:54,944 DEBUG [CRASH COMPLEXION_p010]           PageRhythm.java:273  | 
--- Processing 4 MeasureStack#4 expDur:null
2026-03-14 00:01:54,944 DEBUG [CRASH COMPLEXION_p010]        MeasureRhythm.java:543  | 
Measure{#4P1} pass 1
2026-03-14 00:01:54,945 INFO [CRASH COMPLEXION_p010]       SlotsRetriever.java:401  |   BeamGroupInter#1738{(1.000/0.954) beams[1696]}
2026-03-14 00:01:54,946 INFO [CRASH COMPLEXION_p010]       SlotsRetriever.java:436  | 
wide:false
      5346  5347  5348  5349  5350
 5346    .     B     B     B     B   HeadChordInter#5346{(0.628/0.628) staff:9 dur:1/4}
 5347    A     .     B     B     B   HeadChordInter#5347{(0.717/0.717) staff:9 dur:1/2}
 5348    A     A     .     B     B   HeadChordInter#5348{(0.752/0.752) staff:9 dur:1/8}
 5349    A     A     A     .     B   HeadChordInter#5349{(0.946/0.946) staff:9 dur:1/8}
 5350    A     A     A     A     .   HeadChordInter#5350{(0.783/0.783) staff:9 dur:1/8}
2026-03-14 00:01:54,947 INFO [CRASH COMPLEXION_p010]       SlotsRetriever.java:401  |   BeamGroupInter#1738{(1.000/0.954) beams[1696]}
2026-03-14 00:01:54,948 INFO [CRASH COMPLEXION_p010]       SlotsRetriever.java:436  | 
wide:true
      5346  5347  5348  5349  5350
 5346    .     B     B     B     B   HeadChordInter#5346{(0.628/0.628) staff:9 slot#1 dur:1/4}
 5347    A     .     B     B     B   HeadChordInter#5347{(0.717/0.717) staff:9 slot#2 dur:1/2}
 5348    A     A     .     B     B   HeadChordInter#5348{(0.752/0.752) staff:9 slot#3 dur:1/8}
 5349    A     A     A     .     B   HeadChordInter#5349{(0.946/0.946) staff:9 slot#4 dur:1/8}
 5350    A     A     A     A     .   HeadChordInter#5350{(0.783/0.783) staff:9 slot#5 dur:1/8}
2026-03-14 00:01:54,948 DEBUG [CRASH COMPLEXION_p010]                Voice.java:175  | Created voice#1
2026-03-14 00:01:54,948 DEBUG [CRASH COMPLEXION_p010]                 Slot.java:470  | Stack#4 slot#1 setTimeOffset 0
2026-03-14 00:01:54,949 INFO [CRASH COMPLEXION_p010]        MeasureRhythm.java:1119 | Slot #2 rookieMap:
   rookie HeadChordInter#5347{(0.717/0.717) staff:9 slot#2 dur:1/2}:
      10  1/4   active HeadChordInter#5346{(0.628/0.628) staff:9 slot#1 off:0 dur:1/4} dStaff=0 dStem=0 nis=0 nar=8 dPitch=2
2026-03-14 00:01:54,949 DEBUG [CRASH COMPLEXION_p010]        MeasureRhythm.java:1351 | Mapping {10 [#5346--#5347]}
2026-03-14 00:01:54,949 DEBUG [CRASH COMPLEXION_p010]                 Slot.java:470  | Stack#4 slot#2 setTimeOffset 1/4
2026-03-14 00:01:54,950 INFO [CRASH COMPLEXION_p010]        MeasureRhythm.java:1119 | Slot #3 rookieMap:
   rookie HeadChordInter#5348{(0.752/0.752) staff:9 slot#3 dur:1/8}:
       8  3/4   active HeadChordInter#5347{(0.717/0.717) staff:9 slot#2 off:1/4 dur:1/2} dStaff=0 dStem=0 nis=0 nar=8 dPitch=0
2026-03-14 00:01:54,950 DEBUG [CRASH COMPLEXION_p010]        MeasureRhythm.java:1351 | Mapping {8 [#5347--#5348]}
2026-03-14 00:01:54,950 DEBUG [CRASH COMPLEXION_p010]                 Slot.java:470  | Stack#4 slot#3 setTimeOffset 3/4
2026-03-14 00:01:54,951 DEBUG [CRASH COMPLEXION_p010]                 Slot.java:470  | Stack#4 slot#4 setTimeOffset 7/8
2026-03-14 00:01:54,951 DEBUG [CRASH COMPLEXION_p010]                 Slot.java:470  | Stack#4 slot#5 setTimeOffset 1
2026-03-14 00:01:54,951 DEBUG [CRASH COMPLEXION_p010]        MeasureRhythm.java:543  | 
Measure{#4P2} pass 1
2026-03-14 00:01:54,951 INFO [CRASH COMPLEXION_p010]       SlotsRetriever.java:436  | 
wide:false
    
2026-03-14 00:01:54,951 INFO [CRASH COMPLEXION_p010]       SlotsRetriever.java:436  | 
wide:true
    
2026-03-14 00:01:54,951 DEBUG [CRASH COMPLEXION_p010]                Voice.java:1096 | createMeasureRestVoice for RestChordInter#6731{(0.770/0.770) staff:10} in Measure{#4P2}
2026-03-14 00:01:54,952 DEBUG [CRASH COMPLEXION_p010]                Voice.java:175  | Created voice#1
2026-03-14 00:01:54,952 DEBUG [CRASH COMPLEXION_p010]        MeasureRhythm.java:543  | 
Measure{#4P3} pass 1
2026-03-14 00:01:54,952 INFO [CRASH COMPLEXION_p010]       SlotsRetriever.java:436  | 
wide:false
    
2026-03-14 00:01:54,952 INFO [CRASH COMPLEXION_p010]       SlotsRetriever.java:436  | 
wide:true
    
2026-03-14 00:01:54,953 DEBUG [CRASH COMPLEXION_p010]        MeasureRhythm.java:543  | 
Measure{#4P4} pass 1
2026-03-14 00:01:54,953 INFO [CRASH COMPLEXION_p010]       SlotsRetriever.java:401  |   BeamGroupInter#1744{(1.000/0.955) beams[1711]}
2026-03-14 00:01:54,954 INFO [CRASH COMPLEXION_p010]       SlotsRetriever.java:436  | 
wide:false
      5353  5354  6730  5355  5356
 5353    .     B     B     B     B   HeadChordInter#5353{(0.666/0.666) staff:12 dur:1/8}
 5354    A     .     B     B     B   HeadChordInter#5354{(0.636/0.636) staff:12 dur:1/8}
 6730    A     A     .     B     B   RestChordInter#6730{(0.601/0.601) staff:12 dur:1/8}
 5355    A     A     A     .     B   HeadChordInter#5355{(0.649/0.649) staff:12 dur:1/8}
 5356    A     A     A     A     .   HeadChordInter#5356{(0.695/0.695) staff:12 dur:1/2}
2026-03-14 00:01:54,955 INFO [CRASH COMPLEXION_p010]       SlotsRetriever.java:401  |   BeamGroupInter#1744{(1.000/0.955) beams[1711]}
2026-03-14 00:01:54,955 INFO [CRASH COMPLEXION_p010]       SlotsRetriever.java:436  | 
wide:true
      5353  5354  6730  5355  5356
 5353    .     B     B     B     B   HeadChordInter#5353{(0.666/0.666) staff:12 slot#1 dur:1/8}
 5354    A     .     B     B     B   HeadChordInter#5354{(0.636/0.636) staff:12 slot#2 dur:1/8}
 6730    A     A     .     B     B   RestChordInter#6730{(0.601/0.601) staff:12 slot#3 dur:1/8}
 5355    A     A     A     .     B   HeadChordInter#5355{(0.649/0.649) staff:12 slot#4 dur:1/8}
 5356    A     A     A     A     .   HeadChordInter#5356{(0.695/0.695) staff:12 slot#5 dur:1/2}
2026-03-14 00:01:54,956 DEBUG [CRASH COMPLEXION_p010]                Voice.java:175  | Created voice#1
2026-03-14 00:01:54,956 DEBUG [CRASH COMPLEXION_p010]                 Slot.java:470  | Stack#4 slot#1 setTimeOffset 0
2026-03-14 00:01:54,956 DEBUG [CRASH COMPLEXION_p010]                 Slot.java:470  | Stack#4 slot#2 setTimeOffset 1/8
2026-03-14 00:01:54,957 DEBUG [CRASH COMPLEXION_p010]                 Slot.java:470  | Stack#4 slot#3 setTimeOffset 1/4
2026-03-14 00:01:54,957 DEBUG [CRASH COMPLEXION_p010]                 Slot.java:470  | Stack#4 slot#4 setTimeOffset 3/8
2026-03-14 00:01:54,957 INFO [CRASH COMPLEXION_p010]        MeasureRhythm.java:1119 | Slot #5 rookieMap:
   rookie HeadChordInter#5356{(0.695/0.695) staff:12 slot#5 dur:1/2}:
       9  1/2   active HeadChordInter#5355{(0.649/0.649) staff:12 slot#4 off:3/8 dur:1/8} dStaff=0 dStem=0 nis=0 nar=8 dPitch=1
2026-03-14 00:01:54,957 DEBUG [CRASH COMPLEXION_p010]        MeasureRhythm.java:1351 | Mapping {9 [#5355--#5356]}
2026-03-14 00:01:54,958 DEBUG [CRASH COMPLEXION_p010]                 Slot.java:470  | Stack#4 slot#5 setTimeOffset 1/2
2026-03-14 00:01:54,961 DEBUG [CRASH COMPLEXION_p010]        MeasureRhythm.java:543  | 
Measure{#4P5} pass 1
2026-03-14 00:01:54,962 INFO [CRASH COMPLEXION_p010]       SlotsRetriever.java:436  | 
wide:false
    
2026-03-14 00:01:54,962 INFO [CRASH COMPLEXION_p010]       SlotsRetriever.java:436  | 
wide:true
    
2026-03-14 00:01:54,962 DEBUG [CRASH COMPLEXION_p010]        MeasureRhythm.java:543  | 
Measure{#4P6} pass 1
2026-03-14 00:01:54,962 INFO [CRASH COMPLEXION_p010]       SlotsRetriever.java:436  | 
wide:false
    
2026-03-14 00:01:54,962 INFO [CRASH COMPLEXION_p010]       SlotsRetriever.java:436  | 
wide:true
    
2026-03-14 00:01:54,962 DEBUG [CRASH COMPLEXION_p010]        MeasureRhythm.java:543  | 
Measure{#4P7} pass 1
2026-03-14 00:01:54,966 INFO [CRASH COMPLEXION_p010]       SlotsRetriever.java:436  | 
wide:false
      5364  5365
 5364    .     B   HeadChordInter#5364{(0.911/0.911) staff:15 dur:1/4}
 5365    A     .   HeadChordInter#5365{(0.926/0.926) staff:15 dur:1/4}
2026-03-14 00:01:54,968 INFO [CRASH COMPLEXION_p010]       SlotsRetriever.java:436  | 
wide:true
      5364  5365
 5364    .     B   HeadChordInter#5364{(0.911/0.911) staff:15 slot#1 dur:1/4}
 5365    A     .   HeadChordInter#5365{(0.926/0.926) staff:15 slot#2 dur:1/4}
2026-03-14 00:01:54,968 DEBUG [CRASH COMPLEXION_p010]                Voice.java:175  | Created voice#1
2026-03-14 00:01:54,968 DEBUG [CRASH COMPLEXION_p010]                 Slot.java:470  | Stack#4 slot#1 setTimeOffset 0
2026-03-14 00:01:54,969 INFO [CRASH COMPLEXION_p010]        MeasureRhythm.java:1119 | Slot #2 rookieMap:
   rookie HeadChordInter#5365{(0.926/0.926) staff:15 slot#2 dur:1/4}:
       8  1/4   active HeadChordInter#5364{(0.911/0.911) staff:15 slot#1 off:0 dur:1/4} dStaff=0 dStem=0 nis=0 nar=8 dPitch=0
2026-03-14 00:01:54,969 DEBUG [CRASH COMPLEXION_p010]        MeasureRhythm.java:1351 | Mapping {8 [#5364--#5365]}
2026-03-14 00:01:54,969 DEBUG [CRASH COMPLEXION_p010]                 Slot.java:470  | Stack#4 slot#2 setTimeOffset 1/4
2026-03-14 00:01:54,969 DEBUG [CRASH COMPLEXION_p010]        MeasureRhythm.java:543  | 
Measure{#4P8} pass 1
2026-03-14 00:01:54,970 INFO [CRASH COMPLEXION_p010]       SlotsRetriever.java:401  |   BeamGroupInter#1755{(1.000/0.946) beams[1733]}
2026-03-14 00:01:54,971 INFO [CRASH COMPLEXION_p010]       SlotsRetriever.java:436  | 
wide:false
      5366  5368  5369  5370  5371  5372
 5366    .     =     B     B     B     B   HeadChordInter#5366{(0.926/0.926) staff:16 dur:1/4}
 5368    =     .     B     B     B     B   HeadChordInter#5368{(0.780/0.780) staff:16 dur:1/4}
 5369    A     A     .     B     B     B   HeadChordInter#5369{(0.942/0.942) staff:16 dur:1/4}
 5370    A     A     A     .     B     B   HeadChordInter#5370{(0.932/0.932) staff:16 dur:1/8}
 5371    A     A     A     A     .     B   HeadChordInter#5371{(0.932/0.932) staff:16 dur:1/8}
 5372    A     A     A     A     A     .   HeadChordInter#5372{(0.942/0.942) staff:16 dur:1/4}
2026-03-14 00:01:54,972 INFO [CRASH COMPLEXION_p010]       SlotsRetriever.java:401  |   BeamGroupInter#1755{(1.000/0.946) beams[1733]}
2026-03-14 00:01:54,972 INFO [CRASH COMPLEXION_p010]       SlotsRetriever.java:436  | 
wide:true
      5366  5368  5369  5370  5371  5372
 5366    .     =     B     B     B     B   HeadChordInter#5366{(0.926/0.926) staff:16 slot#1 dur:1/4}
 5368    =     .     B     B     B     B   HeadChordInter#5368{(0.780/0.780) staff:16 slot#1 dur:1/4}
 5369    A     A     .     B     B     B   HeadChordInter#5369{(0.942/0.942) staff:16 slot#2 dur:1/4}
 5370    A     A     A     .     B     B   HeadChordInter#5370{(0.932/0.932) staff:16 slot#3 dur:1/8}
 5371    A     A     A     A     .     B   HeadChordInter#5371{(0.932/0.932) staff:16 slot#4 dur:1/8}
 5372    A     A     A     A     A     .   HeadChordInter#5372{(0.942/0.942) staff:16 slot#5 dur:1/4}
2026-03-14 00:01:54,973 DEBUG [CRASH COMPLEXION_p010]                Voice.java:175  | Created voice#1
2026-03-14 00:01:54,973 DEBUG [CRASH COMPLEXION_p010]                Voice.java:175  | Created voice#2
2026-03-14 00:01:54,973 DEBUG [CRASH COMPLEXION_p010]                 Slot.java:470  | Stack#4 slot#1 setTimeOffset 0
2026-03-14 00:01:54,973 INFO [CRASH COMPLEXION_p010]        MeasureRhythm.java:1119 | Slot #2 rookieMap:
   rookie HeadChordInter#5369{(0.942/0.942) staff:16 slot#2 dur:1/4}:
      12  1/4   active HeadChordInter#5368{(0.780/0.780) staff:16 slot#1 off:0 dur:1/4} dStaff=0 dStem=0 nis=0 nar=8 dPitch=4
      18  1/4   active HeadChordInter#5366{(0.926/0.926) staff:16 slot#1 off:0 dur:1/4} dStaff=0 dStem=6 nis=0 nar=8 dPitch=4
2026-03-14 00:01:54,974 DEBUG [CRASH COMPLEXION_p010]        MeasureRhythm.java:1351 | Mapping {12 [#5368--#5369]}
2026-03-14 00:01:54,974 DEBUG [CRASH COMPLEXION_p010]                 Slot.java:470  | Stack#4 slot#2 setTimeOffset 1/4
2026-03-14 00:01:54,974 INFO [CRASH COMPLEXION_p010]        MeasureRhythm.java:1119 | Slot #3 rookieMap:
   rookie HeadChordInter#5370{(0.932/0.932) staff:16 slot#3 dur:1/8}:
      18  1/2   active HeadChordInter#5369{(0.942/0.942) staff:16 slot#2 off:1/4 dur:1/4} dStaff=0 dStem=6 nis=0 nar=8 dPitch=4
       8  1/4   active HeadChordInter#5366{(0.926/0.926) staff:16 slot#1 off:0 dur:1/4} dStaff=0 dStem=0 nis=0 nar=8 dPitch=0
2026-03-14 00:01:54,974 DEBUG [CRASH COMPLEXION_p010]        MeasureRhythm.java:1351 | Mapping {8 [#5366--#5370]}
2026-03-14 00:01:54,974 DEBUG [CRASH COMPLEXION_p010]                 Slot.java:470  | Stack#4 slot#3 setTimeOffset 1/4
2026-03-14 00:01:54,975 DEBUG [CRASH COMPLEXION_p010]                 Slot.java:470  | Stack#4 slot#4 setTimeOffset 3/8
2026-03-14 00:01:54,975 INFO [CRASH COMPLEXION_p010]        MeasureRhythm.java:1119 | Slot #5 rookieMap:
   rookie HeadChordInter#5372{(0.942/0.942) staff:16 slot#5 dur:1/4}:
       8  1/2   active HeadChordInter#5369{(0.942/0.942) staff:16 slot#2 off:1/4 dur:1/4} dStaff=0 dStem=0 nis=0 nar=8 dPitch=0
      18  1/2   active HeadChordInter#5371{(0.932/0.932) staff:16 slot#4 off:3/8 dur:1/8} dStaff=0 dStem=6 nis=0 nar=8 dPitch=4
2026-03-14 00:01:54,975 DEBUG [CRASH COMPLEXION_p010]        MeasureRhythm.java:1351 | Mapping {8 [#5369--#5372]}
2026-03-14 00:01:54,975 DEBUG [CRASH COMPLEXION_p010]                 Slot.java:470  | Stack#4 slot#5 setTimeOffset 1/2
2026-03-14 00:01:54,976 DEBUG [CRASH COMPLEXION_p010]                 Slot.java:470  | Stack#4 slot#1 setTimeOffset 0
2026-03-14 00:01:54,976 DEBUG [CRASH COMPLEXION_p010]                 Slot.java:470  | Stack#4 slot#2 setTimeOffset 1/8
2026-03-14 00:01:54,976 DEBUG [CRASH COMPLEXION_p010]                 Slot.java:470  | Stack#4 slot#3 setTimeOffset 1/4
2026-03-14 00:01:54,976 DEBUG [CRASH COMPLEXION_p010]                 Slot.java:470  | Stack#4 slot#4 setTimeOffset 3/8
2026-03-14 00:01:54,976 DEBUG [CRASH COMPLEXION_p010]                 Slot.java:470  | Stack#4 slot#5 setTimeOffset 1/2
2026-03-14 00:01:54,976 DEBUG [CRASH COMPLEXION_p010]                 Slot.java:470  | Stack#4 slot#6 setTimeOffset 3/4
2026-03-14 00:01:54,976 DEBUG [CRASH COMPLEXION_p010]                 Slot.java:470  | Stack#4 slot#7 setTimeOffset 7/8
2026-03-14 00:01:54,976 DEBUG [CRASH COMPLEXION_p010]                 Slot.java:470  | Stack#4 slot#8 setTimeOffset 1
2026-03-14 00:01:54,977 DEBUG [CRASH COMPLEXION_p010]                Voice.java:876  | putSlotInfo slot#1 Voice{#1}
2026-03-14 00:01:54,977 DEBUG [CRASH COMPLEXION_p010]                Voice.java:876  | putSlotInfo slot#3 Voice{#1}
2026-03-14 00:01:54,977 DEBUG [CRASH COMPLEXION_p010]                Voice.java:876  | putSlotInfo slot#6 Voice{#1}
2026-03-14 00:01:54,977 DEBUG [CRASH COMPLEXION_p010]                Voice.java:876  | putSlotInfo slot#7 Voice{#1}
2026-03-14 00:01:54,977 DEBUG [CRASH COMPLEXION_p010]                Voice.java:876  | putSlotInfo slot#8 Voice{#1}
2026-03-14 00:01:54,977 DEBUG [CRASH COMPLEXION_p010]                Voice.java:876  | putSlotInfo slot#2 Voice{#1}
2026-03-14 00:01:54,977 DEBUG [CRASH COMPLEXION_p010]                Voice.java:876  | putSlotInfo slot#4 Voice{#1}
2026-03-14 00:01:54,977 DEBUG [CRASH COMPLEXION_p010]                Voice.java:876  | putSlotInfo slot#5 Voice{#1}
2026-03-14 00:01:54,977 DEBUG [CRASH COMPLEXION_p010]                Voice.java:876  | putSlotInfo slot#1 Voice{#1}
2026-03-14 00:01:54,977 DEBUG [CRASH COMPLEXION_p010]                Voice.java:876  | putSlotInfo slot#2 Voice{#1}
2026-03-14 00:01:54,978 DEBUG [CRASH COMPLEXION_p010]                Voice.java:876  | putSlotInfo slot#3 Voice{#1}
2026-03-14 00:01:54,978 DEBUG [CRASH COMPLEXION_p010]                Voice.java:876  | putSlotInfo slot#4 Voice{#1}
2026-03-14 00:01:54,978 DEBUG [CRASH COMPLEXION_p010]                Voice.java:876  | putSlotInfo slot#5 Voice{#1}
2026-03-14 00:01:54,978 DEBUG [CRASH COMPLEXION_p010]                Voice.java:876  | putSlotInfo slot#6 Voice{#1}
2026-03-14 00:01:54,978 DEBUG [CRASH COMPLEXION_p010]                Voice.java:876  | putSlotInfo slot#7 Voice{#1}
2026-03-14 00:01:54,978 DEBUG [CRASH COMPLEXION_p010]                Voice.java:876  | putSlotInfo slot#1 Voice{#1}
2026-03-14 00:01:54,978 DEBUG [CRASH COMPLEXION_p010]                Voice.java:876  | putSlotInfo slot#3 Voice{#1}
2026-03-14 00:01:54,978 DEBUG [CRASH COMPLEXION_p010]                Voice.java:876  | putSlotInfo slot#2 Voice{#1}
2026-03-14 00:01:54,978 DEBUG [CRASH COMPLEXION_p010]                Voice.java:876  | putSlotInfo slot#4 Voice{#1}
2026-03-14 00:01:54,978 DEBUG [CRASH COMPLEXION_p010]                Voice.java:876  | putSlotInfo slot#1 Voice{#1}
2026-03-14 00:01:54,978 DEBUG [CRASH COMPLEXION_p010]                Voice.java:876  | putSlotInfo slot#3 Voice{#1}
2026-03-14 00:01:54,978 DEBUG [CRASH COMPLEXION_p010]                Voice.java:876  | putSlotInfo slot#5 Voice{#1}
2026-03-14 00:01:54,979 DEBUG [CRASH COMPLEXION_p010]                Voice.java:876  | putSlotInfo slot#2 Voice{#1}
2026-03-14 00:01:54,979 DEBUG [CRASH COMPLEXION_p010]                Voice.java:876  | putSlotInfo slot#4 Voice{#1}
2026-03-14 00:01:54,979 DEBUG [CRASH COMPLEXION_p010]                Voice.java:876  | putSlotInfo slot#1 Voice{#2}
2026-03-14 00:01:54,979 DEBUG [CRASH COMPLEXION_p010]                Voice.java:876  | putSlotInfo slot#3 Voice{#2}
2026-03-14 00:01:54,979 DEBUG [CRASH COMPLEXION_p010]                Voice.java:876  | putSlotInfo slot#4 Voice{#2}
2026-03-14 00:01:54,979 DEBUG [CRASH COMPLEXION_p010]                Voice.java:876  | putSlotInfo slot#2 Voice{#2}
2026-03-14 00:01:54,979 DEBUG [CRASH COMPLEXION_p010]           PageRhythm.java:273  | 
--- Processing 5 MeasureStack#5 expDur:null
2026-03-14 00:01:54,980 DEBUG [CRASH COMPLEXION_p010]        MeasureRhythm.java:543  | 
Measure{#5P1} pass 1
2026-03-14 00:01:54,980 INFO [CRASH COMPLEXION_p010]       SlotsRetriever.java:436  | 
wide:false
      5351  5352
 5351    .     B   HeadChordInter#5351{(0.810/0.810) staff:9 dur:1/2}
 5352    A     .   HeadChordInter#5352{(0.924/0.924) staff:9 dur:1/2}
2026-03-14 00:01:54,981 INFO [CRASH COMPLEXION_p010]       SlotsRetriever.java:436  | 
wide:true
      5351  5352
 5351    .     B   HeadChordInter#5351{(0.810/0.810) staff:9 slot#1 dur:1/2}
 5352    A     .   HeadChordInter#5352{(0.924/0.924) staff:9 slot#2 dur:1/2}
2026-03-14 00:01:54,981 DEBUG [CRASH COMPLEXION_p010]                Voice.java:175  | Created voice#1
2026-03-14 00:01:54,981 DEBUG [CRASH COMPLEXION_p010]                 Slot.java:470  | Stack#5 slot#1 setTimeOffset 0
2026-03-14 00:01:54,981 INFO [CRASH COMPLEXION_p010]        MeasureRhythm.java:1119 | Slot #2 rookieMap:
   rookie HeadChordInter#5352{(0.924/0.924) staff:9 slot#2 dur:1/2}:
      15  1/2   active HeadChordInter#5351{(0.810/0.810) staff:9 slot#1 off:0 dur:1/2} dStaff=0 dStem=6 nis=0 nar=8 dPitch=1
2026-03-14 00:01:54,982 DEBUG [CRASH COMPLEXION_p010]        MeasureRhythm.java:1351 | Mapping {15 [#5351--#5352]}
2026-03-14 00:01:54,982 DEBUG [CRASH COMPLEXION_p010]                 Slot.java:470  | Stack#5 slot#2 setTimeOffset 1/2
2026-03-14 00:01:54,982 DEBUG [CRASH COMPLEXION_p010]        MeasureRhythm.java:543  | 
Measure{#5P2} pass 1
2026-03-14 00:01:54,982 INFO [CRASH COMPLEXION_p010]       SlotsRetriever.java:436  | 
wide:false
    
2026-03-14 00:01:54,982 INFO [CRASH COMPLEXION_p010]       SlotsRetriever.java:436  | 
wide:true
    
2026-03-14 00:01:54,983 DEBUG [CRASH COMPLEXION_p010]                Voice.java:1096 | createMeasureRestVoice for RestChordInter#6732{(0.533/0.533) staff:10} in Measure{#5P2}
2026-03-14 00:01:54,983 DEBUG [CRASH COMPLEXION_p010]                Voice.java:175  | Created voice#1
2026-03-14 00:01:54,983 DEBUG [CRASH COMPLEXION_p010]        MeasureRhythm.java:543  | 
Measure{#5P3} pass 1
2026-03-14 00:01:54,983 INFO [CRASH COMPLEXION_p010]       SlotsRetriever.java:436  | 
wide:false
    
2026-03-14 00:01:54,983 INFO [CRASH COMPLEXION_p010]       SlotsRetriever.java:436  | 
wide:true
    
2026-03-14 00:01:54,984 DEBUG [CRASH COMPLEXION_p010]        MeasureRhythm.java:543  | 
Measure{#5P4} pass 1
2026-03-14 00:01:54,984 INFO [CRASH COMPLEXION_p010]       SlotsRetriever.java:401  |   BeamGroupInter#1743{(1.000/0.951) beams[1709]}
2026-03-14 00:01:54,985 INFO [CRASH COMPLEXION_p010]       SlotsRetriever.java:436  | 
wide:false
      5357  5358  5359  5360  5361
 5357    .     B     B     B     B   HeadChordInter#5357{(0.695/0.695) staff:12 dur:1/8}
 5358    A     .     B     B     B   HeadChordInter#5358{(0.610/0.610) staff:12 dur:1/8}
 5359    A     A     .     B     B   HeadChordInter#5359{(0.665/0.665) staff:12 dur:1/8}
 5360    A     A     A     .     B   HeadChordInter#5360{(0.672/0.672) staff:12 dur:1/8}
 5361    A     A     A     A     .   HeadChordInter#5361{(0.643/0.643) staff:12 dur:1/4}
2026-03-14 00:01:54,985 INFO [CRASH COMPLEXION_p010]       SlotsRetriever.java:401  |   BeamGroupInter#1743{(1.000/0.951) beams[1709]}
2026-03-14 00:01:54,986 INFO [CRASH COMPLEXION_p010]       SlotsRetriever.java:436  | 
wide:true
      5357  5358  5359  5360  5361
 5357    .     B     B     B     B   HeadChordInter#5357{(0.695/0.695) staff:12 slot#1 dur:1/8}
 5358    A     .     B     B     B   HeadChordInter#5358{(0.610/0.610) staff:12 slot#2 dur:1/8}
 5359    A     A     .     B     B   HeadChordInter#5359{(0.665/0.665) staff:12 slot#3 dur:1/8}
 5360    A     A     A     .     B   HeadChordInter#5360{(0.672/0.672) staff:12 slot#4 dur:1/8}
 5361    A     A     A     A     .   HeadChordInter#5361{(0.643/0.643) staff:12 slot#5 dur:1/4}
2026-03-14 00:01:54,986 DEBUG [CRASH COMPLEXION_p010]                Voice.java:175  | Created voice#1
2026-03-14 00:01:54,986 DEBUG [CRASH COMPLEXION_p010]                 Slot.java:470  | Stack#5 slot#1 setTimeOffset 0
2026-03-14 00:01:54,987 DEBUG [CRASH COMPLEXION_p010]                 Slot.java:470  | Stack#5 slot#2 setTimeOffset 1/8
2026-03-14 00:01:54,987 DEBUG [CRASH COMPLEXION_p010]                 Slot.java:470  | Stack#5 slot#3 setTimeOffset 1/4
2026-03-14 00:01:54,987 INFO [CRASH COMPLEXION_p010]        MeasureRhythm.java:1119 | Slot #4 rookieMap:
   rookie HeadChordInter#5360{(0.672/0.672) staff:12 slot#4 dur:1/8}:
       9  3/8   active HeadChordInter#5359{(0.665/0.665) staff:12 slot#3 off:1/4 dur:1/8} dStaff=0 dStem=0 nis=0 nar=8 dPitch=1
2026-03-14 00:01:54,987 DEBUG [CRASH COMPLEXION_p010]        MeasureRhythm.java:1351 | Mapping {9 [#5359--#5360]}
2026-03-14 00:01:54,987 DEBUG [CRASH COMPLEXION_p010]                 Slot.java:470  | Stack#5 slot#4 setTimeOffset 3/8
2026-03-14 00:01:54,988 INFO [CRASH COMPLEXION_p010]        MeasureRhythm.java:1119 | Slot #5 rookieMap:
   rookie HeadChordInter#5361{(0.643/0.643) staff:12 slot#5 dur:1/4}:
       9  1/2   active HeadChordInter#5360{(0.672/0.672) staff:12 slot#4 off:3/8 dur:1/8} dStaff=0 dStem=0 nis=0 nar=8 dPitch=1
2026-03-14 00:01:54,988 DEBUG [CRASH COMPLEXION_p010]        MeasureRhythm.java:1351 | Mapping {9 [#5360--#5361]}
2026-03-14 00:01:54,988 DEBUG [CRASH COMPLEXION_p010]                 Slot.java:470  | Stack#5 slot#5 setTimeOffset 1/2
2026-03-14 00:01:54,989 DEBUG [CRASH COMPLEXION_p010]        MeasureRhythm.java:543  | 
Measure{#5P5} pass 1
2026-03-14 00:01:54,989 INFO [CRASH COMPLEXION_p010]       SlotsRetriever.java:436  | 
wide:false
    
2026-03-14 00:01:54,989 INFO [CRASH COMPLEXION_p010]       SlotsRetriever.java:436  | 
wide:true
    
2026-03-14 00:01:54,989 DEBUG [CRASH COMPLEXION_p010]        MeasureRhythm.java:543  | 
Measure{#5P6} pass 1
2026-03-14 00:01:54,989 INFO [CRASH COMPLEXION_p010]       SlotsRetriever.java:436  | 
wide:false
      5362  5363
 5362    .     B   HeadChordInter#5362{(0.899/0.899) staff:14 dur:1/4}
 5363    A     .   HeadChordInter#5363{(0.926/0.926) staff:14 dur:1/4}
2026-03-14 00:01:54,990 INFO [CRASH COMPLEXION_p010]       SlotsRetriever.java:436  | 
wide:true
      5362  5363
 5362    .     B   HeadChordInter#5362{(0.899/0.899) staff:14 slot#1 dur:1/4}
 5363    A     .   HeadChordInter#5363{(0.926/0.926) staff:14 slot#2 dur:1/4}
2026-03-14 00:01:54,990 DEBUG [CRASH COMPLEXION_p010]                Voice.java:175  | Created voice#1
2026-03-14 00:01:54,990 DEBUG [CRASH COMPLEXION_p010]                 Slot.java:470  | Stack#5 slot#1 setTimeOffset 0
2026-03-14 00:01:54,990 INFO [CRASH COMPLEXION_p010]        MeasureRhythm.java:1119 | Slot #2 rookieMap:
   rookie HeadChordInter#5363{(0.926/0.926) staff:14 slot#2 dur:1/4}:
       9  1/4   active HeadChordInter#5362{(0.899/0.899) staff:14 slot#1 off:0 dur:1/4} dStaff=0 dStem=0 nis=0 nar=8 dPitch=1
2026-03-14 00:01:54,991 DEBUG [CRASH COMPLEXION_p010]        MeasureRhythm.java:1351 | Mapping {9 [#5362--#5363]}
2026-03-14 00:01:54,991 DEBUG [CRASH COMPLEXION_p010]                 Slot.java:470  | Stack#5 slot#2 setTimeOffset 1/4
2026-03-14 00:01:54,991 DEBUG [CRASH COMPLEXION_p010]        MeasureRhythm.java:543  | 
Measure{#5P7} pass 1
2026-03-14 00:01:54,991 INFO [CRASH COMPLEXION_p010]       SlotsRetriever.java:436  | 
wide:false
    
2026-03-14 00:01:54,991 INFO [CRASH COMPLEXION_p010]       SlotsRetriever.java:436  | 
wide:true
    
2026-03-14 00:01:54,991 DEBUG [CRASH COMPLEXION_p010]        MeasureRhythm.java:543  | 
Measure{#5P8} pass 1
2026-03-14 00:01:54,992 INFO [CRASH COMPLEXION_p010]       SlotsRetriever.java:401  |   BeamGroupInter#1751{(1.000/0.965) beams[1727]}
2026-03-14 00:01:54,993 INFO [CRASH COMPLEXION_p010]       SlotsRetriever.java:436  | 
wide:false
      5373  5374  5375  5377  5378  5379  5380
 5373    .     B     B     B     B     B     B   HeadChordInter#5373{(0.624/0.624) staff:16 dur:1/4}
 5374    A     .     B     B     B     B     B   HeadChordInter#5374{(0.942/0.942) staff:16 dur:1/4}
 5375    A     A     .     =     B     B     B   HeadChordInter#5375{(0.914/0.914) staff:16 dur:1/4}
 5377    A     A     =     .     B     B     B   HeadChordInter#5377{(0.771/0.771) staff:16 dur:1/8}
 5378    A     A     A     A     .     B     B   HeadChordInter#5378{(0.940/0.940) staff:16 dur:1/8}
 5379    A     A     A     A     A     .     B   HeadChordInter#5379{(0.943/0.943) staff:16 dur:1/8}
 5380    A     A     A     A     A     A     .   HeadChordInter#5380{(0.948/0.948) staff:16 dur:1/8}
2026-03-14 00:01:54,997 INFO [CRASH COMPLEXION_p010]       SlotsRetriever.java:401  |   BeamGroupInter#1751{(1.000/0.965) beams[1727]}
2026-03-14 00:01:54,997 INFO [CRASH COMPLEXION_p010]       SlotsRetriever.java:436  | 
wide:true
      5373  5374  5375  5377  5378  5379  5380
 5373    .     B     B     B     B     B     B   HeadChordInter#5373{(0.624/0.624) staff:16 slot#1 dur:1/4}
 5374    A     .     B     B     B     B     B   HeadChordInter#5374{(0.942/0.942) staff:16 slot#2 dur:1/4}
 5375    A     A     .     =     B     B     B   HeadChordInter#5375{(0.914/0.914) staff:16 slot#3 dur:1/4}
 5377    A     A     =     .     B     B     B   HeadChordInter#5377{(0.771/0.771) staff:16 slot#3 dur:1/8}
 5378    A     A     A     A     .     B     B   HeadChordInter#5378{(0.940/0.940) staff:16 slot#4 dur:1/8}
 5379    A     A     A     A     A     .     B   HeadChordInter#5379{(0.943/0.943) staff:16 slot#5 dur:1/8}
 5380    A     A     A     A     A     A     .   HeadChordInter#5380{(0.948/0.948) staff:16 slot#6 dur:1/8}
2026-03-14 00:01:54,998 DEBUG [CRASH COMPLEXION_p010]                Voice.java:175  | Created voice#1
2026-03-14 00:01:54,998 DEBUG [CRASH COMPLEXION_p010]                 Slot.java:470  | Stack#5 slot#1 setTimeOffset 0
2026-03-14 00:01:54,998 INFO [CRASH COMPLEXION_p010]        MeasureRhythm.java:1119 | Slot #2 rookieMap:
   rookie HeadChordInter#5374{(0.942/0.942) staff:16 slot#2 dur:1/4}:
      19  1/4   active HeadChordInter#5373{(0.624/0.624) staff:16 slot#1 off:0 dur:1/4} dStaff=0 dStem=6 nis=0 nar=8 dPitch=5
2026-03-14 00:01:54,998 DEBUG [CRASH COMPLEXION_p010]        MeasureRhythm.java:1351 | Mapping {19 [#5373--#5374]}
2026-03-14 00:01:54,998 DEBUG [CRASH COMPLEXION_p010]                 Slot.java:470  | Stack#5 slot#2 setTimeOffset 1/4
2026-03-14 00:01:54,999 INFO [CRASH COMPLEXION_p010]        MeasureRhythm.java:1119 | Slot #3 rookieMap:
   rookie HeadChordInter#5377{(0.771/0.771) staff:16 slot#3 dur:1/8}:
      12  1/2   active HeadChordInter#5374{(0.942/0.942) staff:16 slot#2 off:1/4 dur:1/4} dStaff=0 dStem=0 nis=0 nar=8 dPitch=4
   rookie HeadChordInter#5375{(0.914/0.914) staff:16 slot#3 dur:1/4}:
      18  1/2   active HeadChordInter#5374{(0.942/0.942) staff:16 slot#2 off:1/4 dur:1/4} dStaff=0 dStem=6 nis=0 nar=8 dPitch=4
2026-03-14 00:01:54,999 DEBUG [CRASH COMPLEXION_p010]        MeasureRhythm.java:1351 | Mapping {72 [#5374--#5377]}
2026-03-14 00:01:54,999 DEBUG [CRASH COMPLEXION_p010]                 Slot.java:470  | Stack#5 slot#3 setTimeOffset 1/2
2026-03-14 00:01:55,000 DEBUG [CRASH COMPLEXION_p010]                Voice.java:175  | Created voice#2
2026-03-14 00:01:55,000 DEBUG [CRASH COMPLEXION_p010]                 Slot.java:470  | Stack#5 slot#4 setTimeOffset 5/8
2026-03-14 00:01:55,000 DEBUG [CRASH COMPLEXION_p010]                 Slot.java:470  | Stack#5 slot#5 setTimeOffset 3/4
2026-03-14 00:01:55,000 DEBUG [CRASH COMPLEXION_p010]                 Slot.java:470  | Stack#5 slot#6 setTimeOffset 7/8
2026-03-14 00:01:55,000 INFO [CRASH COMPLEXION_p010]        MeasureRhythm.java:690  | Voice{#2} [5375] extinct at 3/4 before slot#6 at 7/8
2026-03-14 00:01:55,000 DEBUG [CRASH COMPLEXION_p010]                 Slot.java:470  | Stack#5 slot#1 setTimeOffset 0
2026-03-14 00:01:55,001 DEBUG [CRASH COMPLEXION_p010]                 Slot.java:470  | Stack#5 slot#2 setTimeOffset 1/8
2026-03-14 00:01:55,001 DEBUG [CRASH COMPLEXION_p010]                 Slot.java:470  | Stack#5 slot#3 setTimeOffset 1/4
2026-03-14 00:01:55,001 DEBUG [CRASH COMPLEXION_p010]                 Slot.java:470  | Stack#5 slot#4 setTimeOffset 3/8
2026-03-14 00:01:55,001 DEBUG [CRASH COMPLEXION_p010]                 Slot.java:470  | Stack#5 slot#5 setTimeOffset 1/2
2026-03-14 00:01:55,001 DEBUG [CRASH COMPLEXION_p010]                 Slot.java:470  | Stack#5 slot#6 setTimeOffset 5/8
2026-03-14 00:01:55,001 DEBUG [CRASH COMPLEXION_p010]                 Slot.java:470  | Stack#5 slot#7 setTimeOffset 3/4
2026-03-14 00:01:55,001 DEBUG [CRASH COMPLEXION_p010]                 Slot.java:470  | Stack#5 slot#8 setTimeOffset 7/8
2026-03-14 00:01:55,001 DEBUG [CRASH COMPLEXION_p010]                Voice.java:876  | putSlotInfo slot#1 Voice{#1}
2026-03-14 00:01:55,001 DEBUG [CRASH COMPLEXION_p010]                Voice.java:876  | putSlotInfo slot#5 Voice{#1}
2026-03-14 00:01:55,001 DEBUG [CRASH COMPLEXION_p010]                Voice.java:876  | putSlotInfo slot#2 Voice{#1}
2026-03-14 00:01:55,001 DEBUG [CRASH COMPLEXION_p010]                Voice.java:876  | putSlotInfo slot#3 Voice{#1}
2026-03-14 00:01:55,002 DEBUG [CRASH COMPLEXION_p010]                Voice.java:876  | putSlotInfo slot#4 Voice{#1}
2026-03-14 00:01:55,002 DEBUG [CRASH COMPLEXION_p010]                Voice.java:876  | putSlotInfo slot#6 Voice{#1}
2026-03-14 00:01:55,002 DEBUG [CRASH COMPLEXION_p010]                Voice.java:876  | putSlotInfo slot#7 Voice{#1}
2026-03-14 00:01:55,002 DEBUG [CRASH COMPLEXION_p010]                Voice.java:876  | putSlotInfo slot#8 Voice{#1}
2026-03-14 00:01:55,002 DEBUG [CRASH COMPLEXION_p010]                Voice.java:876  | putSlotInfo slot#1 Voice{#1}
2026-03-14 00:01:55,002 DEBUG [CRASH COMPLEXION_p010]                Voice.java:876  | putSlotInfo slot#2 Voice{#1}
2026-03-14 00:01:55,002 DEBUG [CRASH COMPLEXION_p010]                Voice.java:876  | putSlotInfo slot#3 Voice{#1}
2026-03-14 00:01:55,002 DEBUG [CRASH COMPLEXION_p010]                Voice.java:876  | putSlotInfo slot#4 Voice{#1}
2026-03-14 00:01:55,002 DEBUG [CRASH COMPLEXION_p010]                Voice.java:876  | putSlotInfo slot#5 Voice{#1}
2026-03-14 00:01:55,002 DEBUG [CRASH COMPLEXION_p010]                Voice.java:876  | putSlotInfo slot#6 Voice{#1}
2026-03-14 00:01:55,002 DEBUG [CRASH COMPLEXION_p010]                Voice.java:876  | putSlotInfo slot#1 Voice{#1}
2026-03-14 00:01:55,002 DEBUG [CRASH COMPLEXION_p010]                Voice.java:876  | putSlotInfo slot#3 Voice{#1}
2026-03-14 00:01:55,003 DEBUG [CRASH COMPLEXION_p010]                Voice.java:876  | putSlotInfo slot#2 Voice{#1}
2026-03-14 00:01:55,003 DEBUG [CRASH COMPLEXION_p010]                Voice.java:876  | putSlotInfo slot#4 Voice{#1}
2026-03-14 00:01:55,003 DEBUG [CRASH COMPLEXION_p010]                Voice.java:876  | putSlotInfo slot#1 Voice{#1}
2026-03-14 00:01:55,003 DEBUG [CRASH COMPLEXION_p010]                Voice.java:876  | putSlotInfo slot#3 Voice{#1}
2026-03-14 00:01:55,003 DEBUG [CRASH COMPLEXION_p010]                Voice.java:876  | putSlotInfo slot#5 Voice{#1}
2026-03-14 00:01:55,003 DEBUG [CRASH COMPLEXION_p010]                Voice.java:876  | putSlotInfo slot#6 Voice{#1}
2026-03-14 00:01:55,003 DEBUG [CRASH COMPLEXION_p010]                Voice.java:876  | putSlotInfo slot#7 Voice{#1}
2026-03-14 00:01:55,003 DEBUG [CRASH COMPLEXION_p010]                Voice.java:876  | putSlotInfo slot#8 Voice{#1}
2026-03-14 00:01:55,003 DEBUG [CRASH COMPLEXION_p010]                Voice.java:876  | putSlotInfo slot#2 Voice{#1}
2026-03-14 00:01:55,003 DEBUG [CRASH COMPLEXION_p010]                Voice.java:876  | putSlotInfo slot#4 Voice{#1}
2026-03-14 00:01:55,003 DEBUG [CRASH COMPLEXION_p010]                Voice.java:876  | putSlotInfo slot#5 Voice{#2}
2026-03-14 00:01:55,003 DEBUG [CRASH COMPLEXION_p010]                Voice.java:876  | putSlotInfo slot#6 Voice{#2}
2026-03-14 00:01:55,004 DEBUG [CRASH COMPLEXION_p010]           PageRhythm.java:273  | 
--- Processing 6 MeasureStack#6 expDur:null
2026-03-14 00:01:55,004 DEBUG [CRASH COMPLEXION_p010]        MeasureRhythm.java:543  | 
Measure{#6P1} pass 1
2026-03-14 00:01:55,004 INFO [CRASH COMPLEXION_p010]       SlotsRetriever.java:436  | 
wide:false
    
2026-03-14 00:01:55,004 INFO [CRASH COMPLEXION_p010]       SlotsRetriever.java:436  | 
wide:true
    
2026-03-14 00:01:55,005 DEBUG [CRASH COMPLEXION_p010]                Voice.java:1096 | createMeasureRestVoice for RestChordInter#6841{(0.764/0.764) staff:17} in Measure{#6P1}
2026-03-14 00:01:55,005 DEBUG [CRASH COMPLEXION_p010]                Voice.java:175  | Created voice#1
2026-03-14 00:01:55,005 DEBUG [CRASH COMPLEXION_p010]        MeasureRhythm.java:543  | 
Measure{#6P2} pass 1
2026-03-14 00:01:55,005 INFO [CRASH COMPLEXION_p010]       SlotsRetriever.java:436  | 
wide:false
    
2026-03-14 00:01:55,005 INFO [CRASH COMPLEXION_p010]       SlotsRetriever.java:436  | 
wide:true
    
2026-03-14 00:01:55,006 DEBUG [CRASH COMPLEXION_p010]                Voice.java:1096 | createMeasureRestVoice for RestChordInter#6842{(0.796/0.796) staff:18} in Measure{#6P2}
2026-03-14 00:01:55,006 DEBUG [CRASH COMPLEXION_p010]                Voice.java:175  | Created voice#1
2026-03-14 00:01:55,006 DEBUG [CRASH COMPLEXION_p010]        MeasureRhythm.java:543  | 
Measure{#6P3} pass 1
2026-03-14 00:01:55,006 INFO [CRASH COMPLEXION_p010]       SlotsRetriever.java:436  | 
wide:false
    
2026-03-14 00:01:55,007 INFO [CRASH COMPLEXION_p010]       SlotsRetriever.java:436  | 
wide:true
    
2026-03-14 00:01:55,007 DEBUG [CRASH COMPLEXION_p010]        MeasureRhythm.java:543  | 
Measure{#6P4} pass 1
2026-03-14 00:01:55,012 INFO [CRASH COMPLEXION_p010]       SlotsRetriever.java:401  |   BeamGroupInter#1836{(1.000/0.933) beams[1780, 1782]}
2026-03-14 00:01:55,012 INFO [CRASH COMPLEXION_p010]       SlotsRetriever.java:401  |   BeamGroupInter#1835{(1.000/0.937) beams[1776, 1778]}
2026-03-14 00:01:55,013 INFO [CRASH COMPLEXION_p010]       SlotsRetriever.java:401  |   BeamGroupInter#1837{(1.000/0.965) beams[1784, 1786]}
2026-03-14 00:01:55,013 INFO [CRASH COMPLEXION_p010]       SlotsRetriever.java:436  | 
wide:false
      5381  5382  5383  5384  5385  5386  5387  5388  5389  5390  5391  5392  5393  5394  5395  5396  5397
 5381    .     B     B     B     B     B     B     B     B     B     B     B     B     B     B     B     B   HeadChordInter#5381{(0.951/0.951) staff:20 dur:1/16}
 5382    A     .     B     B     B     B     B     B     B     B     B     B     B     B     B     B     B   HeadChordInter#5382{(0.946/0.946) staff:20 dur:1/16}
 5383    A     A     .     B     B     B     B     B     B     B     B     B     B     B     B     B     B   HeadChordInter#5383{(0.952/0.952) staff:20 dur:1/16}
 5384    A     A     A     .     B     B     B     B     B     B     B     B     B     B     B     B     B   HeadChordInter#5384{(0.939/0.939) staff:20 dur:1/16}
 5385    A     A     A     A     .     B     B     B     B     B     B     B     B     B     B     B     B   HeadChordInter#5385{(0.940/0.940) staff:20 dur:1/16}
 5386    A     A     A     A     A     .     B     B     B     B     B     B     B     B     B     B     B   HeadChordInter#5386{(0.941/0.941) staff:20 dur:1/16}
 5387    A     A     A     A     A     A     .     B     B     B     B     B     B     B     B     B     B   HeadChordInter#5387{(0.941/0.941) staff:20 dur:1/16}
 5388    A     A     A     A     A     A     A     .     B     B     B     B     B     B     B     B     B   HeadChordInter#5388{(0.933/0.933) staff:20 dur:1/16}
 5389    A     A     A     A     A     A     A     A     .     B     B     B     B     B     B     B     B   HeadChordInter#5389{(0.938/0.938) staff:20 dur:1/16}
 5390    A     A     A     A     A     A     A     A     A     .     B     B     B     B     B     B     B   HeadChordInter#5390{(0.930/0.930) staff:20 dur:1/16}
 5391    A     A     A     A     A     A     A     A     A     A     .     B     B     B     B     B     B   HeadChordInter#5391{(0.946/0.946) staff:20 dur:1/16}
 5392    A     A     A     A     A     A     A     A     A     A     A     .     B     B     B     B     B   HeadChordInter#5392{(0.921/0.921) staff:20 dur:1/16}
 5393    A     A     A     A     A     A     A     A     A     A     A     A     .     B     B     B     B   HeadChordInter#5393{(0.885/0.885) staff:20 dur:1/16}
 5394    A     A     A     A     A     A     A     A     A     A     A     A     A     .     B     B     B   HeadChordInter#5394{(0.948/0.948) staff:20 dur:1/16}
 5395    A     A     A     A     A     A     A     A     A     A     A     A     A     A     .     ~     B   HeadChordInter#5395{(0.623/0.623) staff:20 dur:1/2}
 5396    A     A     A     A     A     A     A     A     A     A     A     A     A     A     ~     .     B   HeadChordInter#5396{(0.907/0.907) staff:20 dur:1/4}
 5397    A     A     A     A     A     A     A     A     A     A     A     A     A     A     A     A     .   HeadChordInter#5397{(0.930/0.930) staff:20 dur:1/4}
2026-03-14 00:01:55,016 INFO [CRASH COMPLEXION_p010]       SlotsRetriever.java:401  |   BeamGroupInter#1836{(1.000/0.933) beams[1780, 1782]}
2026-03-14 00:01:55,016 INFO [CRASH COMPLEXION_p010]       SlotsRetriever.java:401  |   BeamGroupInter#1835{(1.000/0.937) beams[1776, 1778]}
2026-03-14 00:01:55,016 INFO [CRASH COMPLEXION_p010]       SlotsRetriever.java:401  |   BeamGroupInter#1837{(1.000/0.965) beams[1784, 1786]}
2026-03-14 00:01:55,017 INFO [CRASH COMPLEXION_p010]       SlotsRetriever.java:436  | 
wide:true
      5381  5382  5383  5384  5385  5386  5387  5388  5389  5390  5391  5392  5393  5394  5395  5396  5397
 5381    .     B     B     B     B     B     B     B     B     B     B     B     B     B     B     B     B   HeadChordInter#5381{(0.951/0.951) staff:20 slot#1 dur:1/16}
 5382    A     .     B     B     B     B     B     B     B     B     B     B     B     B     B     B     B   HeadChordInter#5382{(0.946/0.946) staff:20 slot#2 dur:1/16}
 5383    A     A     .     B     B     B     B     B     B     B     B     B     B     B     B     B     B   HeadChordInter#5383{(0.952/0.952) staff:20 slot#3 dur:1/16}
 5384    A     A     A     .     B     B     B     B     B     B     B     B     B     B     B     B     B   HeadChordInter#5384{(0.939/0.939) staff:20 slot#4 dur:1/16}
 5385    A     A     A     A     .     B     B     B     B     B     B     B     B     B     B     B     B   HeadChordInter#5385{(0.940/0.940) staff:20 slot#5 dur:1/16}
 5386    A     A     A     A     A     .     B     B     B     B     B     B     B     B     B     B     B   HeadChordInter#5386{(0.941/0.941) staff:20 slot#6 dur:1/16}
 5387    A     A     A     A     A     A     .     B     B     B     B     B     B     B     B     B     B   HeadChordInter#5387{(0.941/0.941) staff:20 slot#7 dur:1/16}
 5388    A     A     A     A     A     A     A     .     B     B     B     B     B     B     B     B     B   HeadChordInter#5388{(0.933/0.933) staff:20 slot#8 dur:1/16}
 5389    A     A     A     A     A     A     A     A     .     B     B     B     B     B     B     B     B   HeadChordInter#5389{(0.938/0.938) staff:20 slot#9 dur:1/16}
 5390    A     A     A     A     A     A     A     A     A     .     B     B     B     B     B     B     B   HeadChordInter#5390{(0.930/0.930) staff:20 slot#10 dur:1/16}
 5391    A     A     A     A     A     A     A     A     A     A     .     B     B     B     B     B     B   HeadChordInter#5391{(0.946/0.946) staff:20 slot#11 dur:1/16}
 5392    A     A     A     A     A     A     A     A     A     A     A     .     B     B     B     B     B   HeadChordInter#5392{(0.921/0.921) staff:20 slot#12 dur:1/16}
 5393    A     A     A     A     A     A     A     A     A     A     A     A     .     B     B     B     B   HeadChordInter#5393{(0.885/0.885) staff:20 slot#13 dur:1/16}
 5394    A     A     A     A     A     A     A     A     A     A     A     A     A     .     B     B     B   HeadChordInter#5394{(0.948/0.948) staff:20 slot#14 dur:1/16}
 5395    A     A     A     A     A     A     A     A     A     A     A     A     A     A     .     ~     ~   HeadChordInter#5395{(0.623/0.623) staff:20 slot#15 dur:1/2}
 5396    A     A     A     A     A     A     A     A     A     A     A     A     A     A     ~     .     ~   HeadChordInter#5396{(0.907/0.907) staff:20 slot#15 dur:1/4}
 5397    A     A     A     A     A     A     A     A     A     A     A     A     A     A     ~     ~     .   HeadChordInter#5397{(0.930/0.930) staff:20 slot#16 dur:1/4}
2026-03-14 00:01:55,018 DEBUG [CRASH COMPLEXION_p010]                Voice.java:175  | Created voice#1
2026-03-14 00:01:55,018 DEBUG [CRASH COMPLEXION_p010]                 Slot.java:470  | Stack#6 slot#1 setTimeOffset 0
2026-03-14 00:01:55,018 DEBUG [CRASH COMPLEXION_p010]                 Slot.java:470  | Stack#6 slot#2 setTimeOffset 1/16
2026-03-14 00:01:55,018 DEBUG [CRASH COMPLEXION_p010]                 Slot.java:470  | Stack#6 slot#3 setTimeOffset 1/8
2026-03-14 00:01:55,019 DEBUG [CRASH COMPLEXION_p010]                 Slot.java:470  | Stack#6 slot#4 setTimeOffset 3/16
2026-03-14 00:01:55,019 INFO [CRASH COMPLEXION_p010]        MeasureRhythm.java:1119 | Slot #5 rookieMap:
   rookie HeadChordInter#5385{(0.940/0.940) staff:20 slot#5 dur:1/16}:
      11  1/4   active HeadChordInter#5384{(0.939/0.939) staff:20 slot#4 off:3/16 dur:1/16} dStaff=0 dStem=0 nis=0 nar=8 dPitch=3
2026-03-14 00:01:55,019 DEBUG [CRASH COMPLEXION_p010]        MeasureRhythm.java:1351 | Mapping {11 [#5384--#5385]}
2026-03-14 00:01:55,019 DEBUG [CRASH COMPLEXION_p010]                 Slot.java:470  | Stack#6 slot#5 setTimeOffset 1/4
2026-03-14 00:01:55,019 DEBUG [CRASH COMPLEXION_p010]                 Slot.java:470  | Stack#6 slot#6 setTimeOffset 5/16
2026-03-14 00:01:55,020 DEBUG [CRASH COMPLEXION_p010]                 Slot.java:470  | Stack#6 slot#7 setTimeOffset 3/8
2026-03-14 00:01:55,020 DEBUG [CRASH COMPLEXION_p010]                 Slot.java:470  | Stack#6 slot#8 setTimeOffset 7/16
2026-03-14 00:01:55,020 INFO [CRASH COMPLEXION_p010]        MeasureRhythm.java:1119 | Slot #9 rookieMap:
   rookie HeadChordInter#5389{(0.938/0.938) staff:20 slot#9 dur:1/16}:
      30  1/2   active HeadChordInter#5388{(0.933/0.933) staff:20 slot#8 off:7/16 dur:1/16} dStaff=0 dStem=6 nis=0 nar=8 dPitch=16
2026-03-14 00:01:55,020 DEBUG [CRASH COMPLEXION_p010]        MeasureRhythm.java:1351 | Mapping {30 [#5388--#5389]}
2026-03-14 00:01:55,020 DEBUG [CRASH COMPLEXION_p010]                 Slot.java:470  | Stack#6 slot#9 setTimeOffset 1/2
2026-03-14 00:01:55,021 DEBUG [CRASH COMPLEXION_p010]                 Slot.java:470  | Stack#6 slot#10 setTimeOffset 9/16
2026-03-14 00:01:55,021 DEBUG [CRASH COMPLEXION_p010]                 Slot.java:470  | Stack#6 slot#11 setTimeOffset 5/8
2026-03-14 00:01:55,021 DEBUG [CRASH COMPLEXION_p010]                 Slot.java:470  | Stack#6 slot#12 setTimeOffset 11/16
2026-03-14 00:01:55,021 DEBUG [CRASH COMPLEXION_p010]                 Slot.java:470  | Stack#6 slot#13 setTimeOffset 3/4
2026-03-14 00:01:55,021 DEBUG [CRASH COMPLEXION_p010]                 Slot.java:470  | Stack#6 slot#14 setTimeOffset 13/16
2026-03-14 00:01:55,022 INFO [CRASH COMPLEXION_p010]        MeasureRhythm.java:1119 | Slot #15 rookieMap:
   rookie HeadChordInter#5396{(0.907/0.907) staff:20 slot#15 dur:1/4}:
      14  7/8   active HeadChordInter#5394{(0.948/0.948) staff:20 slot#14 off:13/16 dur:1/16} dStaff=0 dStem=6 nis=0 nar=8 dPitch=0
   rookie HeadChordInter#5397{(0.930/0.930) staff:20 slot#15 dur:1/4}:
      15  7/8   active HeadChordInter#5394{(0.948/0.948) staff:20 slot#14 off:13/16 dur:1/16} dStaff=0 dStem=6 nis=0 nar=8 dPitch=1
   rookie HeadChordInter#5395{(0.623/0.623) staff:20 slot#15 dur:1/2}:
      13  7/8   active HeadChordInter#5394{(0.948/0.948) staff:20 slot#14 off:13/16 dur:1/16} dStaff=0 dStem=0 nis=0 nar=8 dPitch=5
2026-03-14 00:01:55,022 DEBUG [CRASH COMPLEXION_p010]        MeasureRhythm.java:1351 | Mapping {133 [#5394--#5395]}
2026-03-14 00:01:55,022 DEBUG [CRASH COMPLEXION_p010]                 Slot.java:470  | Stack#6 slot#15 setTimeOffset 7/8
2026-03-14 00:01:55,022 DEBUG [CRASH COMPLEXION_p010]        MeasureRhythm.java:983  | No times for Slot{#16 xOffset=476 incomings=[#5397]}
2026-03-14 00:01:55,023 DEBUG [CRASH COMPLEXION_p010]                Voice.java:175  | Created voice#2
2026-03-14 00:01:55,023 DEBUG [CRASH COMPLEXION_p010]                Voice.java:175  | Created voice#3
2026-03-14 00:01:55,023 DEBUG [CRASH COMPLEXION_p010]        MeasureRhythm.java:543  | 
Measure{#6P5} pass 1
2026-03-14 00:01:55,023 INFO [CRASH COMPLEXION_p010]       SlotsRetriever.java:436  | 
wide:false
    
2026-03-14 00:01:55,024 INFO [CRASH COMPLEXION_p010]       SlotsRetriever.java:436  | 
wide:true
    
2026-03-14 00:01:55,024 DEBUG [CRASH COMPLEXION_p010]        MeasureRhythm.java:543  | 
Measure{#6P6} pass 1
2026-03-14 00:01:55,024 INFO [CRASH COMPLEXION_p010]       SlotsRetriever.java:436  | 
wide:false
    
2026-03-14 00:01:55,024 INFO [CRASH COMPLEXION_p010]       SlotsRetriever.java:436  | 
wide:true
    
2026-03-14 00:01:55,029 DEBUG [CRASH COMPLEXION_p010]        MeasureRhythm.java:543  | 
Measure{#6P7} pass 1
2026-03-14 00:01:55,030 INFO [CRASH COMPLEXION_p010]       SlotsRetriever.java:401  |   BeamGroupInter#1843{(1.000/0.963) beams[1808]}
2026-03-14 00:01:55,031 INFO [CRASH COMPLEXION_p010]       SlotsRetriever.java:401  |   BeamGroupInter#1842{(1.000/0.954) beams[1804, 1806]}
2026-03-14 00:01:55,031 INFO [CRASH COMPLEXION_p010]       SlotsRetriever.java:436  | 
wide:false
      5398  5399  5400  5401  5402  5403  5404  5405  5406
 5398    .     B     B     B     B     B     B     B     B   HeadChordInter#5398{(0.885/0.885) staff:23 dur:1/8}
 5399    A     .     B     B     B     B     B     B     B   HeadChordInter#5399{(0.903/0.903) staff:23 dur:1/8}
 5400    A     A     .     B     B     B     B     B     B   HeadChordInter#5400{(0.912/0.912) staff:23 dur:1/8}
 5401    A     A     A     .     B     B     B     B     B   HeadChordInter#5401{(0.951/0.951) staff:23 dur:1/8}
 5402    A     A     A     A     .     B     B     B     B   HeadChordInter#5402{(0.941/0.941) staff:23 dur:1/16}
 5403    A     A     A     A     A     .     B     B     B   HeadChordInter#5403{(0.925/0.925) staff:23 dur:1/16}
 5404    A     A     A     A     A     A     .     B     B   HeadChordInter#5404{(0.944/0.944) staff:23 dur:1/16}
 5405    A     A     A     A     A     A     A     .     B   HeadChordInter#5405{(0.945/0.945) staff:23 dur:1/16}
 5406    A     A     A     A     A     A     A     A     .   HeadChordInter#5406{(0.905/0.905) staff:23 dur:1/4}
2026-03-14 00:01:55,033 INFO [CRASH COMPLEXION_p010]       SlotsRetriever.java:401  |   BeamGroupInter#1843{(1.000/0.963) beams[1808]}
2026-03-14 00:01:55,033 INFO [CRASH COMPLEXION_p010]       SlotsRetriever.java:401  |   BeamGroupInter#1842{(1.000/0.954) beams[1804, 1806]}
2026-03-14 00:01:55,034 INFO [CRASH COMPLEXION_p010]       SlotsRetriever.java:436  | 
wide:true
      5398  5399  5400  5401  5402  5403  5404  5405  5406
 5398    .     B     B     B     B     B     B     B     B   HeadChordInter#5398{(0.885/0.885) staff:23 slot#1 dur:1/8}
 5399    A     .     B     B     B     B     B     B     B   HeadChordInter#5399{(0.903/0.903) staff:23 slot#2 dur:1/8}
 5400    A     A     .     B     B     B     B     B     B   HeadChordInter#5400{(0.912/0.912) staff:23 slot#3 dur:1/8}
 5401    A     A     A     .     B     B     B     B     B   HeadChordInter#5401{(0.951/0.951) staff:23 slot#4 dur:1/8}
 5402    A     A     A     A     .     B     B     B     B   HeadChordInter#5402{(0.941/0.941) staff:23 slot#5 dur:1/16}
 5403    A     A     A     A     A     .     B     B     B   HeadChordInter#5403{(0.925/0.925) staff:23 slot#6 dur:1/16}
 5404    A     A     A     A     A     A     .     B     B   HeadChordInter#5404{(0.944/0.944) staff:23 slot#7 dur:1/16}
 5405    A     A     A     A     A     A     A     .     B   HeadChordInter#5405{(0.945/0.945) staff:23 slot#8 dur:1/16}
 5406    A     A     A     A     A     A     A     A     .   HeadChordInter#5406{(0.905/0.905) staff:23 slot#9 dur:1/4}
2026-03-14 00:01:55,034 DEBUG [CRASH COMPLEXION_p010]                Voice.java:175  | Created voice#1
2026-03-14 00:01:55,035 DEBUG [CRASH COMPLEXION_p010]                 Slot.java:470  | Stack#6 slot#1 setTimeOffset 0
2026-03-14 00:01:55,035 DEBUG [CRASH COMPLEXION_p010]                 Slot.java:470  | Stack#6 slot#2 setTimeOffset 1/8
2026-03-14 00:01:55,035 DEBUG [CRASH COMPLEXION_p010]                 Slot.java:470  | Stack#6 slot#3 setTimeOffset 1/4
2026-03-14 00:01:55,035 DEBUG [CRASH COMPLEXION_p010]                 Slot.java:470  | Stack#6 slot#4 setTimeOffset 3/8
2026-03-14 00:01:55,035 INFO [CRASH COMPLEXION_p010]        MeasureRhythm.java:1119 | Slot #5 rookieMap:
   rookie HeadChordInter#5402{(0.941/0.941) staff:23 slot#5 dur:1/16}:
      10  1/2   active HeadChordInter#5401{(0.951/0.951) staff:23 slot#4 off:3/8 dur:1/8} dStaff=0 dStem=0 nis=0 nar=8 dPitch=2
2026-03-14 00:01:55,036 DEBUG [CRASH COMPLEXION_p010]        MeasureRhythm.java:1351 | Mapping {10 [#5401--#5402]}
2026-03-14 00:01:55,036 DEBUG [CRASH COMPLEXION_p010]                 Slot.java:470  | Stack#6 slot#5 setTimeOffset 1/2
2026-03-14 00:01:55,036 DEBUG [CRASH COMPLEXION_p010]                 Slot.java:470  | Stack#6 slot#6 setTimeOffset 9/16
2026-03-14 00:01:55,036 DEBUG [CRASH COMPLEXION_p010]                 Slot.java:470  | Stack#6 slot#7 setTimeOffset 5/8
2026-03-14 00:01:55,037 DEBUG [CRASH COMPLEXION_p010]                 Slot.java:470  | Stack#6 slot#8 setTimeOffset 11/16
2026-03-14 00:01:55,037 INFO [CRASH COMPLEXION_p010]        MeasureRhythm.java:1119 | Slot #9 rookieMap:
   rookie HeadChordInter#5406{(0.905/0.905) staff:23 slot#9 dur:1/4}:
      12  3/4   active HeadChordInter#5405{(0.945/0.945) staff:23 slot#8 off:11/16 dur:1/16} dStaff=0 dStem=0 nis=0 nar=8 dPitch=4
2026-03-14 00:01:55,037 DEBUG [CRASH COMPLEXION_p010]        MeasureRhythm.java:1351 | Mapping {12 [#5405--#5406]}
2026-03-14 00:01:55,037 DEBUG [CRASH COMPLEXION_p010]                 Slot.java:470  | Stack#6 slot#9 setTimeOffset 3/4
2026-03-14 00:01:55,038 DEBUG [CRASH COMPLEXION_p010]        MeasureRhythm.java:543  | 
Measure{#6P8} pass 1
2026-03-14 00:01:55,040 INFO [CRASH COMPLEXION_p010]       SlotsRetriever.java:401  |   BeamGroupInter#1847{(1.000/0.951) beams[1818, 1822]}
2026-03-14 00:01:55,040 INFO [CRASH COMPLEXION_p010]       SlotsRetriever.java:401  |   BeamGroupInter#1848{(1.000/0.939) beams[1820, 1826]}
2026-03-14 00:01:55,041 INFO [CRASH COMPLEXION_p010]       SlotsRetriever.java:436  | 
wide:false
      5407  5409  5410  5411  5413  5414  5415  5416  5418  5419  5420
 5407    .     =     B     B     B     B     B     B     B     B     B   HeadChordInter#5407{(0.929/0.929) staff:24 dur:1/4}
 5409    =     .     B     B     B     B     B     B     B     B     B   HeadChordInter#5409{(0.774/0.774) staff:24 dur:1/4}
 5410    A     A     .     B     B     B     B     B     B     B     B   HeadChordInter#5410{(0.929/0.929) staff:24 dur:1/4}
 5411    A     A     A     .     =     B     B     B     B     B     B   HeadChordInter#5411{(0.927/0.927) staff:24 dur:1/4}
 5413    A     A     A     =     .     B     B     B     B     B     B   HeadChordInter#5413{(0.722/0.722) staff:24 dur:1/16}
 5414    A     A     A     A     A     .     B     B     B     B     B   HeadChordInter#5414{(0.948/0.948) staff:24 dur:1/16}
 5415    A     A     A     A     A     A     .     B     B     B     B   HeadChordInter#5415{(0.945/0.945) staff:24 dur:1/16}
 5416    A     A     A     A     A     A     A     .     =     B     B   HeadChordInter#5416{(0.939/0.939) staff:24 dur:1/4}
 5418    A     A     A     A     A     A     A     =     .     B     B   HeadChordInter#5418{(0.767/0.767) staff:24 dur:1/16}
 5419    A     A     A     A     A     A     A     A     A     .     B   HeadChordInter#5419{(0.957/0.957) staff:24 dur:1/16}
 5420    A     A     A     A     A     A     A     A     A     A     .   HeadChordInter#5420{(0.947/0.947) staff:24 dur:1/8}
2026-03-14 00:01:55,043 INFO [CRASH COMPLEXION_p010]       SlotsRetriever.java:401  |   BeamGroupInter#1847{(1.000/0.951) beams[1818, 1822]}
2026-03-14 00:01:55,043 INFO [CRASH COMPLEXION_p010]       SlotsRetriever.java:401  |   BeamGroupInter#1848{(1.000/0.939) beams[1820, 1826]}
2026-03-14 00:01:55,044 INFO [CRASH COMPLEXION_p010]       SlotsRetriever.java:436  | 
wide:true
      5407  5409  5410  5411  5413  5414  5415  5416  5418  5419  5420
 5407    .     =     B     B     B     B     B     B     B     B     B   HeadChordInter#5407{(0.929/0.929) staff:24 slot#1 dur:1/4}
 5409    =     .     B     B     B     B     B     B     B     B     B   HeadChordInter#5409{(0.774/0.774) staff:24 slot#1 dur:1/4}
 5410    A     A     .     B     B     B     B     B     B     B     B   HeadChordInter#5410{(0.929/0.929) staff:24 slot#2 dur:1/4}
 5411    A     A     A     .     =     B     B     B     B     B     B   HeadChordInter#5411{(0.927/0.927) staff:24 slot#3 dur:1/4}
 5413    A     A     A     =     .     B     B     B     B     B     B   HeadChordInter#5413{(0.722/0.722) staff:24 slot#3 dur:1/16}
 5414    A     A     A     A     A     .     B     B     B     B     B   HeadChordInter#5414{(0.948/0.948) staff:24 slot#4 dur:1/16}
 5415    A     A     A     A     A     A     .     B     B     B     B   HeadChordInter#5415{(0.945/0.945) staff:24 slot#5 dur:1/16}
 5416    A     A     A     A     A     A     A     .     =     B     B   HeadChordInter#5416{(0.939/0.939) staff:24 slot#6 dur:1/4}
 5418    A     A     A     A     A     A     A     =     .     B     B   HeadChordInter#5418{(0.767/0.767) staff:24 slot#6 dur:1/16}
 5419    A     A     A     A     A     A     A     A     A     .     B   HeadChordInter#5419{(0.957/0.957) staff:24 slot#7 dur:1/16}
 5420    A     A     A     A     A     A     A     A     A     A     .   HeadChordInter#5420{(0.947/0.947) staff:24 slot#8 dur:1/8}
2026-03-14 00:01:55,044 DEBUG [CRASH COMPLEXION_p010]                Voice.java:175  | Created voice#1
2026-03-14 00:01:55,045 DEBUG [CRASH COMPLEXION_p010]                Voice.java:175  | Created voice#2
2026-03-14 00:01:55,045 DEBUG [CRASH COMPLEXION_p010]                 Slot.java:470  | Stack#6 slot#1 setTimeOffset 0
2026-03-14 00:01:55,045 INFO [CRASH COMPLEXION_p010]        MeasureRhythm.java:1119 | Slot #2 rookieMap:
   rookie HeadChordInter#5410{(0.929/0.929) staff:24 slot#2 dur:1/4}:
      12  1/4   active HeadChordInter#5409{(0.774/0.774) staff:24 slot#1 off:0 dur:1/4} dStaff=0 dStem=0 nis=0 nar=8 dPitch=4
      18  1/4   active HeadChordInter#5407{(0.929/0.929) staff:24 slot#1 off:0 dur:1/4} dStaff=0 dStem=6 nis=0 nar=8 dPitch=4
2026-03-14 00:01:55,045 DEBUG [CRASH COMPLEXION_p010]        MeasureRhythm.java:1351 | Mapping {12 [#5409--#5410]}
2026-03-14 00:01:55,046 DEBUG [CRASH COMPLEXION_p010]                 Slot.java:470  | Stack#6 slot#2 setTimeOffset 1/4
2026-03-14 00:01:55,046 INFO [CRASH COMPLEXION_p010]        MeasureRhythm.java:1119 | Slot #3 rookieMap:
   rookie HeadChordInter#5413{(0.722/0.722) staff:24 slot#3 dur:1/16}:
      12  1/2   active HeadChordInter#5410{(0.929/0.929) staff:24 slot#2 off:1/4 dur:1/4} dStaff=0 dStem=0 nis=0 nar=8 dPitch=4
      14  1/4   active HeadChordInter#5407{(0.929/0.929) staff:24 slot#1 off:0 dur:1/4} dStaff=0 dStem=6 nis=0 nar=8 dPitch=0
   rookie HeadChordInter#5411{(0.927/0.927) staff:24 slot#3 dur:1/4}:
      18  1/2   active HeadChordInter#5410{(0.929/0.929) staff:24 slot#2 off:1/4 dur:1/4} dStaff=0 dStem=6 nis=0 nar=8 dPitch=4
       8  1/4   active HeadChordInter#5407{(0.929/0.929) staff:24 slot#1 off:0 dur:1/4} dStaff=0 dStem=0 nis=0 nar=8 dPitch=0
2026-03-14 00:01:55,046 DEBUG [CRASH COMPLEXION_p010]        MeasureRhythm.java:1351 | Mapping {20 [#5410--#5413,#5407--#5411]}
2026-03-14 00:01:55,047 DEBUG [CRASH COMPLEXION_p010]        MeasureRhythm.java:990  | Times {1/4=[HeadChordInter#5411{(0.927/0.927) staff:24 slot#3 dur:1/4}], 1/2=[HeadChordInter#5413{(0.722/0.722) staff:24 slot#3 dur:1/16}]}
2026-03-14 00:01:55,047 DEBUG [CRASH COMPLEXION_p010]        MeasureRhythm.java:898  | Blacklisting #5410--#5413
2026-03-14 00:01:55,047 DEBUG [CRASH COMPLEXION_p010]                 Slot.java:470  | Stack#6 slot#3 setTimeOffset 1/4
2026-03-14 00:01:55,047 DEBUG [CRASH COMPLEXION_p010]        MeasureRhythm.java:1351 | Mapping {32 [#5407--#5413,#5410--#5411]}
2026-03-14 00:01:55,048 DEBUG [CRASH COMPLEXION_p010]        MeasureRhythm.java:1390 | Slot{#3 xOffset=349 incomings=[#5413#5411]} slotTime:1/4 end:1/2
2026-03-14 00:01:55,048 DEBUG [CRASH COMPLEXION_p010]        MeasureRhythm.java:1351 | Mapping {68 [#5407--#5411]}
2026-03-14 00:01:55,048 DEBUG [CRASH COMPLEXION_p010]                Voice.java:175  | Created voice#3
2026-03-14 00:01:55,049 DEBUG [CRASH COMPLEXION_p010]                 Slot.java:470  | Stack#6 slot#4 setTimeOffset 5/16
2026-03-14 00:01:55,049 DEBUG [CRASH COMPLEXION_p010]                 Slot.java:470  | Stack#6 slot#5 setTimeOffset 3/8
2026-03-14 00:01:55,049 INFO [CRASH COMPLEXION_p010]        MeasureRhythm.java:1119 | Slot #6 rookieMap:
   rookie HeadChordInter#5418{(0.767/0.767) staff:24 slot#6 dur:1/16}:
      12  1/2   active HeadChordInter#5410{(0.929/0.929) staff:24 slot#2 off:1/4 dur:1/4} dStaff=0 dStem=0 nis=0 nar=8 dPitch=4
      14  1/2   active HeadChordInter#5411{(0.927/0.927) staff:24 slot#3 off:1/4 dur:1/4} dStaff=0 dStem=6 nis=0 nar=8 dPitch=0
      12 7/16   active HeadChordInter#5415{(0.945/0.945) staff:24 slot#5 off:3/8 dur:1/16} dStaff=0 dStem=0 nis=0 nar=8 dPitch=4
   rookie HeadChordInter#5416{(0.939/0.939) staff:24 slot#6 dur:1/4}:
      18  1/2   active HeadChordInter#5410{(0.929/0.929) staff:24 slot#2 off:1/4 dur:1/4} dStaff=0 dStem=6 nis=0 nar=8 dPitch=4
       8  1/2   active HeadChordInter#5411{(0.927/0.927) staff:24 slot#3 off:1/4 dur:1/4} dStaff=0 dStem=0 nis=0 nar=8 dPitch=0
      18 7/16   active HeadChordInter#5415{(0.945/0.945) staff:24 slot#5 off:3/8 dur:1/16} dStaff=0 dStem=6 nis=0 nar=8 dPitch=4
2026-03-14 00:01:55,050 DEBUG [CRASH COMPLEXION_p010]        MeasureRhythm.java:1351 | Mapping {20 [#5410--#5418,#5411--#5416]}
2026-03-14 00:01:55,050 DEBUG [CRASH COMPLEXION_p010]                 Slot.java:470  | Stack#6 slot#6 setTimeOffset 1/2
2026-03-14 00:01:55,050 INFO [CRASH COMPLEXION_p010]        MeasureRhythm.java:690  | Voice{#3} [5413, 5414, 5415] extinct at 7/16 before slot#6 at 1/2
2026-03-14 00:01:55,050 DEBUG [CRASH COMPLEXION_p010]                 Slot.java:470  | Stack#6 slot#7 setTimeOffset 9/16
2026-03-14 00:01:55,050 DEBUG [CRASH COMPLEXION_p010]                 Slot.java:470  | Stack#6 slot#8 setTimeOffset 5/8
2026-03-14 00:01:55,051 DEBUG [CRASH COMPLEXION_p010]                 Slot.java:470  | Stack#6 slot#1 setTimeOffset 0
2026-03-14 00:01:55,051 DEBUG [CRASH COMPLEXION_p010]                 Slot.java:470  | Stack#6 slot#2 setTimeOffset 1/16
2026-03-14 00:01:55,051 DEBUG [CRASH COMPLEXION_p010]                 Slot.java:470  | Stack#6 slot#3 setTimeOffset 1/8
2026-03-14 00:01:55,051 DEBUG [CRASH COMPLEXION_p010]                 Slot.java:470  | Stack#6 slot#4 setTimeOffset 3/16
2026-03-14 00:01:55,051 DEBUG [CRASH COMPLEXION_p010]                 Slot.java:470  | Stack#6 slot#5 setTimeOffset 1/4
2026-03-14 00:01:55,051 DEBUG [CRASH COMPLEXION_p010]                 Slot.java:470  | Stack#6 slot#6 setTimeOffset 5/16
2026-03-14 00:01:55,051 DEBUG [CRASH COMPLEXION_p010]                 Slot.java:470  | Stack#6 slot#7 setTimeOffset 3/8
2026-03-14 00:01:55,051 DEBUG [CRASH COMPLEXION_p010]                 Slot.java:470  | Stack#6 slot#8 setTimeOffset 7/16
2026-03-14 00:01:55,051 DEBUG [CRASH COMPLEXION_p010]                 Slot.java:470  | Stack#6 slot#9 setTimeOffset 1/2
2026-03-14 00:01:55,052 DEBUG [CRASH COMPLEXION_p010]                 Slot.java:470  | Stack#6 slot#10 setTimeOffset 9/16
2026-03-14 00:01:55,052 DEBUG [CRASH COMPLEXION_p010]                 Slot.java:470  | Stack#6 slot#11 setTimeOffset 5/8
2026-03-14 00:01:55,052 DEBUG [CRASH COMPLEXION_p010]                 Slot.java:470  | Stack#6 slot#12 setTimeOffset 11/16
2026-03-14 00:01:55,052 DEBUG [CRASH COMPLEXION_p010]                 Slot.java:470  | Stack#6 slot#13 setTimeOffset 3/4
2026-03-14 00:01:55,052 DEBUG [CRASH COMPLEXION_p010]                 Slot.java:470  | Stack#6 slot#14 setTimeOffset 13/16
2026-03-14 00:01:55,052 DEBUG [CRASH COMPLEXION_p010]                 Slot.java:470  | Stack#6 slot#15 setTimeOffset 7/8
2026-03-14 00:01:55,052 DEBUG [CRASH COMPLEXION_p010]                Voice.java:876  | putSlotInfo slot#1 Voice{#1}
2026-03-14 00:01:55,052 DEBUG [CRASH COMPLEXION_p010]                Voice.java:876  | putSlotInfo slot#2 Voice{#1}
2026-03-14 00:01:55,053 DEBUG [CRASH COMPLEXION_p010]                Voice.java:876  | putSlotInfo slot#3 Voice{#1}
2026-03-14 00:01:55,053 DEBUG [CRASH COMPLEXION_p010]                Voice.java:876  | putSlotInfo slot#4 Voice{#1}
2026-03-14 00:01:55,053 DEBUG [CRASH COMPLEXION_p010]                Voice.java:876  | putSlotInfo slot#5 Voice{#1}
2026-03-14 00:01:55,053 DEBUG [CRASH COMPLEXION_p010]                Voice.java:876  | putSlotInfo slot#6 Voice{#1}
2026-03-14 00:01:55,053 DEBUG [CRASH COMPLEXION_p010]                Voice.java:876  | putSlotInfo slot#7 Voice{#1}
2026-03-14 00:01:55,053 DEBUG [CRASH COMPLEXION_p010]                Voice.java:876  | putSlotInfo slot#8 Voice{#1}
2026-03-14 00:01:55,053 DEBUG [CRASH COMPLEXION_p010]                Voice.java:876  | putSlotInfo slot#9 Voice{#1}
2026-03-14 00:01:55,053 DEBUG [CRASH COMPLEXION_p010]                Voice.java:876  | putSlotInfo slot#10 Voice{#1}
2026-03-14 00:01:55,053 DEBUG [CRASH COMPLEXION_p010]                Voice.java:876  | putSlotInfo slot#11 Voice{#1}
2026-03-14 00:01:55,053 DEBUG [CRASH COMPLEXION_p010]                Voice.java:876  | putSlotInfo slot#12 Voice{#1}
2026-03-14 00:01:55,053 DEBUG [CRASH COMPLEXION_p010]                Voice.java:876  | putSlotInfo slot#13 Voice{#1}
2026-03-14 00:01:55,053 DEBUG [CRASH COMPLEXION_p010]                Voice.java:876  | putSlotInfo slot#14 Voice{#1}
2026-03-14 00:01:55,054 DEBUG [CRASH COMPLEXION_p010]                Voice.java:876  | putSlotInfo slot#15 Voice{#1}
2026-03-14 00:01:55,054 DEBUG [CRASH COMPLEXION_p010]                Voice.java:876  | putSlotInfo slot#15 Voice{#2}
2026-03-14 00:01:55,054 DEBUG [CRASH COMPLEXION_p010]                Voice.java:876  | putSlotInfo slot#15 Voice{#3}
2026-03-14 00:01:55,054 DEBUG [CRASH COMPLEXION_p010]                Voice.java:876  | putSlotInfo slot#1 Voice{#1}
2026-03-14 00:01:55,054 DEBUG [CRASH COMPLEXION_p010]                Voice.java:876  | putSlotInfo slot#3 Voice{#1}
2026-03-14 00:01:55,054 DEBUG [CRASH COMPLEXION_p010]                Voice.java:876  | putSlotInfo slot#5 Voice{#1}
2026-03-14 00:01:55,054 DEBUG [CRASH COMPLEXION_p010]                Voice.java:876  | putSlotInfo slot#7 Voice{#1}
2026-03-14 00:01:55,054 DEBUG [CRASH COMPLEXION_p010]                Voice.java:876  | putSlotInfo slot#9 Voice{#1}
2026-03-14 00:01:55,054 DEBUG [CRASH COMPLEXION_p010]                Voice.java:876  | putSlotInfo slot#10 Voice{#1}
2026-03-14 00:01:55,054 DEBUG [CRASH COMPLEXION_p010]                Voice.java:876  | putSlotInfo slot#11 Voice{#1}
2026-03-14 00:01:55,054 DEBUG [CRASH COMPLEXION_p010]                Voice.java:876  | putSlotInfo slot#12 Voice{#1}
2026-03-14 00:01:55,054 DEBUG [CRASH COMPLEXION_p010]                Voice.java:876  | putSlotInfo slot#13 Voice{#1}
2026-03-14 00:01:55,055 DEBUG [CRASH COMPLEXION_p010]                Voice.java:876  | putSlotInfo slot#2 Voice{#1}
2026-03-14 00:01:55,055 DEBUG [CRASH COMPLEXION_p010]                Voice.java:876  | putSlotInfo slot#4 Voice{#1}
2026-03-14 00:01:55,055 DEBUG [CRASH COMPLEXION_p010]                Voice.java:876  | putSlotInfo slot#6 Voice{#1}
2026-03-14 00:01:55,055 DEBUG [CRASH COMPLEXION_p010]                Voice.java:876  | putSlotInfo slot#8 Voice{#1}
2026-03-14 00:01:55,055 DEBUG [CRASH COMPLEXION_p010]                Voice.java:876  | putSlotInfo slot#14 Voice{#1}
2026-03-14 00:01:55,055 DEBUG [CRASH COMPLEXION_p010]                Voice.java:876  | putSlotInfo slot#15 Voice{#1}
2026-03-14 00:01:55,055 DEBUG [CRASH COMPLEXION_p010]                Voice.java:876  | putSlotInfo slot#1 Voice{#1}
2026-03-14 00:01:55,055 DEBUG [CRASH COMPLEXION_p010]                Voice.java:876  | putSlotInfo slot#5 Voice{#1}
2026-03-14 00:01:55,055 DEBUG [CRASH COMPLEXION_p010]                Voice.java:876  | putSlotInfo slot#9 Voice{#1}
2026-03-14 00:01:55,055 DEBUG [CRASH COMPLEXION_p010]                Voice.java:876  | putSlotInfo slot#10 Voice{#1}
2026-03-14 00:01:55,055 DEBUG [CRASH COMPLEXION_p010]                Voice.java:876  | putSlotInfo slot#11 Voice{#1}
2026-03-14 00:01:55,056 DEBUG [CRASH COMPLEXION_p010]                Voice.java:876  | putSlotInfo slot#2 Voice{#1}
2026-03-14 00:01:55,056 DEBUG [CRASH COMPLEXION_p010]                Voice.java:876  | putSlotInfo slot#3 Voice{#1}
2026-03-14 00:01:55,056 DEBUG [CRASH COMPLEXION_p010]                Voice.java:876  | putSlotInfo slot#4 Voice{#1}
2026-03-14 00:01:55,056 DEBUG [CRASH COMPLEXION_p010]                Voice.java:876  | putSlotInfo slot#6 Voice{#1}
2026-03-14 00:01:55,056 DEBUG [CRASH COMPLEXION_p010]                Voice.java:876  | putSlotInfo slot#7 Voice{#1}
2026-03-14 00:01:55,056 DEBUG [CRASH COMPLEXION_p010]                Voice.java:876  | putSlotInfo slot#8 Voice{#1}
2026-03-14 00:01:55,056 DEBUG [CRASH COMPLEXION_p010]                Voice.java:876  | putSlotInfo slot#12 Voice{#1}
2026-03-14 00:01:55,056 DEBUG [CRASH COMPLEXION_p010]                Voice.java:876  | putSlotInfo slot#1 Voice{#2}
2026-03-14 00:01:55,056 DEBUG [CRASH COMPLEXION_p010]                Voice.java:876  | putSlotInfo slot#5 Voice{#2}
2026-03-14 00:01:55,056 DEBUG [CRASH COMPLEXION_p010]                Voice.java:876  | putSlotInfo slot#9 Voice{#2}
2026-03-14 00:01:55,056 DEBUG [CRASH COMPLEXION_p010]                Voice.java:876  | putSlotInfo slot#2 Voice{#2}
2026-03-14 00:01:55,061 DEBUG [CRASH COMPLEXION_p010]                Voice.java:876  | putSlotInfo slot#3 Voice{#2}
2026-03-14 00:01:55,061 DEBUG [CRASH COMPLEXION_p010]                Voice.java:876  | putSlotInfo slot#4 Voice{#2}
2026-03-14 00:01:55,061 DEBUG [CRASH COMPLEXION_p010]                Voice.java:876  | putSlotInfo slot#6 Voice{#2}
2026-03-14 00:01:55,061 DEBUG [CRASH COMPLEXION_p010]                Voice.java:876  | putSlotInfo slot#7 Voice{#2}
2026-03-14 00:01:55,062 DEBUG [CRASH COMPLEXION_p010]                Voice.java:876  | putSlotInfo slot#8 Voice{#2}
2026-03-14 00:01:55,062 DEBUG [CRASH COMPLEXION_p010]                Voice.java:876  | putSlotInfo slot#10 Voice{#2}
2026-03-14 00:01:55,062 DEBUG [CRASH COMPLEXION_p010]                Voice.java:876  | putSlotInfo slot#11 Voice{#2}
2026-03-14 00:01:55,062 DEBUG [CRASH COMPLEXION_p010]                Voice.java:876  | putSlotInfo slot#12 Voice{#2}
2026-03-14 00:01:55,062 DEBUG [CRASH COMPLEXION_p010]                Voice.java:876  | putSlotInfo slot#5 Voice{#3}
2026-03-14 00:01:55,062 DEBUG [CRASH COMPLEXION_p010]                Voice.java:876  | putSlotInfo slot#6 Voice{#3}
2026-03-14 00:01:55,062 DEBUG [CRASH COMPLEXION_p010]                Voice.java:876  | putSlotInfo slot#7 Voice{#3}
2026-03-14 00:01:55,063 INFO [CRASH COMPLEXION_p010]       StepMonitoring.java:98   | PAGE
2026-03-14 00:01:55,063 DEBUG [CRASH COMPLEXION_p010]            SheetStub.java:1403 | reachStep PAGE towards PAGE
2026-03-14 00:01:55,063 DEBUG [CRASH COMPLEXION_p010]       SheetReduction.java:99   | --- checkGutter System#1/System#2
2026-03-14 00:01:55,064 DEBUG [CRASH COMPLEXION_p010]       SheetReduction.java:121  | checkInters
2026-03-14 00:01:55,064 DEBUG [CRASH COMPLEXION_p010]       SheetReduction.java:139  | StemInter#3968{(0.729/0.982) STEM} vs StemInter#4674{(0.477/0.914) staff:9 STEM}
2026-03-14 00:01:55,065 INFO [CRASH COMPLEXION_p010]       SheetReduction.java:154  | Gutter. Different glyphs 1/2 StemInter#3968{(0.729/0.982) STEM} vs StemInter#4674{(0.477/0.914) staff:9 STEM}
2026-03-14 00:01:55,065 DEBUG [CRASH COMPLEXION_p010]       SheetReduction.java:139  | BeamInter#1624{(0.630/0.951) BEAM} vs StemInter#4674{(0.477/0.914) staff:9 STEM}
2026-03-14 00:01:55,065 INFO [CRASH COMPLEXION_p010]       SheetReduction.java:154  | Gutter. Different glyphs 1/2 BeamInter#1624{(0.630/0.951) BEAM} vs StemInter#4674{(0.477/0.914) staff:9 STEM}
2026-03-14 00:01:55,065 DEBUG [CRASH COMPLEXION_p010]       SheetReduction.java:139  | BeamInter#1620{(0.662/0.957) BEAM} vs StemInter#4674{(0.477/0.914) staff:9 STEM}
2026-03-14 00:01:55,065 INFO [CRASH COMPLEXION_p010]       SheetReduction.java:154  | Gutter. Different glyphs 1/2 BeamInter#1620{(0.662/0.957) BEAM} vs StemInter#4674{(0.477/0.914) staff:9 STEM}
2026-03-14 00:01:55,065 DEBUG [CRASH COMPLEXION_p010]       SheetReduction.java:99   | --- checkGutter System#1/System#3
2026-03-14 00:01:55,065 DEBUG [CRASH COMPLEXION_p010]       SheetReduction.java:121  | checkInters
2026-03-14 00:01:55,070 WARN [CRASH COMPLEXION_p010]         MeasureFixer.java:343  | System#1 No target duration for measures local IDs [1, 2, 3], please check time signatures
2026-03-14 00:01:55,071 WARN [CRASH COMPLEXION_p010]         MeasureFixer.java:343  | System#2 No target duration for measures local IDs [4, 5], please check time signatures
2026-03-14 00:01:55,071 WARN [CRASH COMPLEXION_p010]         MeasureFixer.java:343  | System#3 No target duration for measures local IDs [6], please check time signatures
2026-03-14 00:01:55,073 DEBUG [CRASH COMPLEXION_p010]               Voices.java:271  | PageStep.refinePage
2026-03-14 00:01:55,074 DEBUG [CRASH COMPLEXION_p010]            SheetStub.java:1419 | reachStep releasing lock on Stub#1
2026-03-14 00:01:55,074 INFO [CRASH COMPLEXION_p010]                 Book.java:2584 | Book{CRASH COMPLEXION_p010} storing
2026-03-14 00:01:55,123 DEBUG [CRASH COMPLEXION_p010]                 Book.java:2464 | Storing book...
2026-03-14 00:01:55,169 INFO [CRASH COMPLEXION_p010]                 Book.java:2565 | Stored /book.xml
2026-03-14 00:01:56,163 INFO [CRASH COMPLEXION_p010]                Sheet.java:1583 | Stored /sheet#1/sheet#1.xml
2026-03-14 00:01:56,163 INFO [CRASH COMPLEXION_p010]                 Book.java:2525 | Book stored as C:\Users\ken\RockSmithTabConvertToMidi\.cache\page_010\omr_chords\CRASH COMPLEXION_p010.omr
2026-03-14 00:01:56,169 INFO [CRASH COMPLEXION_p010]            SheetStub.java:1654 | Sheet disposed
2026-03-14 00:01:56,198 INFO [CRASH COMPLEXION_p010]                 Book.java:2050 | End of Stub#1
2026-03-14 00:01:56,198 INFO [CRASH COMPLEXION_p010]                 Book.java:2057 | End of Book{CRASH COMPLEXION_p010}
2026-03-14 00:01:56,198 DEBUG [CRASH COMPLEXION_p010]                 Book.java:2066 | End of step set in 7746 ms.
2026-03-14 00:01:56,198 DEBUG [CRASH COMPLEXION_p010]                 Book.java:1917 | reachStep PAGE force:false stubs:[Stub#1] swap:true
2026-03-14 00:01:56,203 DEBUG [CRASH COMPLEXION_p010]              Picture.java:162  | Picture unmarshalled by JAXB
2026-03-14 00:01:56,577 DEBUG [CRASH COMPLEXION_p010]                Sheet.java:1657 | Sheet unmarshalled
2026-03-14 00:01:56,578 DEBUG [CRASH COMPLEXION_p010]                Sheet.java:1220 | Sheet#1 initTransients
2026-03-14 00:01:56,582 DEBUG [CRASH COMPLEXION_p010]           DataHolder.java:144  | path: /sheet#1/BINARY.png
2026-03-14 00:01:56,626 DEBUG [CRASH COMPLEXION_p010]           DataHolder.java:151  | Loaded /sheet#1/BINARY.png
2026-03-14 00:01:56,627 DEBUG [CRASH COMPLEXION_p010]           DataHolder.java:294  | ImageHolder{BINARY.png discarded:false hasNoData:false modified:false data:BufferedImage@5006a697: type = 10 ColorModel: #pixelBits = 8 numComponents = 1 color space = java.awt.color.ICC_ColorSpace@6d963d70 transparency = 1 has alpha = false isAlphaPre = false ByteInterleavedRaster: width = 2300 height = 3170 #numDataElements 1 dataOff[0] = 0} setModified:false
2026-03-14 00:01:56,628 DEBUG [CRASH COMPLEXION_p010]              Picture.java:692  | BINARY source built as ip[width=2300, height=3170, bits=8, min=0.0, max=255.0]
2026-03-14 00:01:56,648 DEBUG [CRASH COMPLEXION_p010]              Picture.java:692  | NO_STAFF source built as ip[width=2300, height=3170, bits=8, min=0.0, max=255.0]
2026-03-14 00:01:57,168 DEBUG [CRASH COMPLEXION_p010]                Staff.java:1975 | Staff#1 sideBars:{LEFT=BarlineInter#4{ FROZEN(0.775/0.933) staff:1 THIN_BARLINE}, RIGHT=BarlineInter#12{ FROZEN(0.753/0.753) staff:1 THIN_BARLINE}}
2026-03-14 00:01:57,168 DEBUG [CRASH COMPLEXION_p010]                Staff.java:1975 | Staff#2 sideBars:{LEFT=BarlineInter#14{ FROZEN(0.780/0.962) staff:2 THIN_BARLINE}, RIGHT=BarlineInter#22{ FROZEN(0.788/0.937) staff:2 THIN_BARLINE}}
2026-03-14 00:01:57,169 DEBUG [CRASH COMPLEXION_p010]                Staff.java:1975 | Staff#3 sideBars:{LEFT=BarlineInter#24{ FROZEN(0.796/0.965) staff:3 THIN_BARLINE}, RIGHT=BarlineInter#31{ FROZEN(0.788/0.937) staff:3 THIN_BARLINE}}
2026-03-14 00:01:57,169 DEBUG [CRASH COMPLEXION_p010]                Staff.java:1975 | Staff#4 sideBars:{LEFT=BarlineInter#35{ FROZEN(0.784/0.963) staff:4 THIN_BARLINE}, RIGHT=BarlineInter#43{ FROZEN(0.745/0.921) staff:4 THIN_BARLINE}}
2026-03-14 00:01:57,169 DEBUG [CRASH COMPLEXION_p010]                Staff.java:1975 | Staff#5 sideBars:{LEFT=BarlineInter#47{ FROZEN(0.792/0.964) staff:5 THIN_BARLINE}, RIGHT=BarlineInter#54{ FROZEN(0.784/0.933) staff:5 THIN_BARLINE}}
2026-03-14 00:01:57,169 DEBUG [CRASH COMPLEXION_p010]                Staff.java:1975 | Staff#6 sideBars:{LEFT=BarlineInter#58{ FROZEN(0.776/0.961) staff:6 THIN_BARLINE}, RIGHT=BarlineInter#66{ FROZEN(0.762/0.762) staff:6 THIN_BARLINE}}
2026-03-14 00:01:57,169 DEBUG [CRASH COMPLEXION_p010]                Staff.java:1975 | Staff#7 sideBars:{LEFT=BarlineInter#70{ FROZEN(0.792/0.964) staff:7 THIN_BARLINE}, RIGHT=BarlineInter#78{ FROZEN(0.778/0.778) staff:7 THIN_BARLINE}}
2026-03-14 00:01:57,169 DEBUG [CRASH COMPLEXION_p010]                Staff.java:1975 | Staff#8 sideBars:{LEFT=BarlineInter#82{ FROZEN(0.784/0.938) staff:8 THIN_BARLINE}, RIGHT=BarlineInter#90{ FROZEN(0.780/0.780) staff:8 THIN_BARLINE}}
2026-03-14 00:01:57,174 DEBUG [CRASH COMPLEXION_p010]                Staff.java:1975 | Staff#9 sideBars:{LEFT=BarlineInter#94{ FROZEN(0.783/0.935) staff:9 THIN_BARLINE}, RIGHT=BarlineInter#100{ FROZEN(0.770/0.770) staff:9 THIN_BARLINE}}
2026-03-14 00:01:57,174 DEBUG [CRASH COMPLEXION_p010]                Staff.java:1975 | Staff#10 sideBars:{LEFT=BarlineInter#103{ FROZEN(0.771/0.960) staff:10 THIN_BARLINE}, RIGHT=BarlineInter#109{ FROZEN(0.784/0.936) staff:10 THIN_BARLINE}}
2026-03-14 00:01:57,174 DEBUG [CRASH COMPLEXION_p010]                Staff.java:1975 | Staff#11 sideBars:{LEFT=BarlineInter#112{ FROZEN(0.792/0.964) staff:11 THIN_BARLINE}, RIGHT=BarlineInter#118{ FROZEN(0.796/0.940) staff:11 THIN_BARLINE}}
2026-03-14 00:01:57,175 DEBUG [CRASH COMPLEXION_p010]                Staff.java:1975 | Staff#12 sideBars:{LEFT=BarlineInter#122{ FROZEN(0.780/0.962) staff:12 THIN_BARLINE}, RIGHT=BarlineInter#128{ FROZEN(0.784/0.936) staff:12 THIN_BARLINE}}
2026-03-14 00:01:57,175 DEBUG [CRASH COMPLEXION_p010]                Staff.java:1975 | Staff#13 sideBars:{LEFT=BarlineInter#132{ FROZEN(0.792/0.964) staff:13 THIN_BARLINE}, RIGHT=BarlineInter#138{ FROZEN(0.796/0.939) staff:13 THIN_BARLINE}}
2026-03-14 00:01:57,175 DEBUG [CRASH COMPLEXION_p010]                Staff.java:1975 | Staff#14 sideBars:{LEFT=BarlineInter#142{ FROZEN(0.780/0.962) staff:14 THIN_BARLINE}, RIGHT=BarlineInter#148{ FROZEN(0.775/0.775) staff:14 THIN_BARLINE}}
2026-03-14 00:01:57,175 DEBUG [CRASH COMPLEXION_p010]                Staff.java:1975 | Staff#15 sideBars:{LEFT=BarlineInter#152{ FROZEN(0.792/0.964) staff:15 THIN_BARLINE}, RIGHT=BarlineInter#158{ FROZEN(0.783/0.783) staff:15 THIN_BARLINE}}
2026-03-14 00:01:57,175 DEBUG [CRASH COMPLEXION_p010]                Staff.java:1975 | Staff#16 sideBars:{LEFT=BarlineInter#162{ FROZEN(0.780/0.936) staff:16 THIN_BARLINE}, RIGHT=BarlineInter#168{ FROZEN(0.780/0.780) staff:16 THIN_BARLINE}}
2026-03-14 00:01:57,179 DEBUG [CRASH COMPLEXION_p010]                Staff.java:1975 | Staff#17 sideBars:{LEFT=BarlineInter#172{ FROZEN(0.769/0.930) staff:17 THIN_BARLINE}, RIGHT=BarlineInter#176{ FROZEN(0.792/0.792) staff:17 THIN_BARLINE}}
2026-03-14 00:01:57,180 DEBUG [CRASH COMPLEXION_p010]                Staff.java:1975 | Staff#18 sideBars:{LEFT=BarlineInter#180{ FROZEN(0.765/0.958) staff:18 THIN_BARLINE}, RIGHT=BarlineInter#184{ FROZEN(0.780/0.935) staff:18 THIN_BARLINE}}
2026-03-14 00:01:57,180 DEBUG [CRASH COMPLEXION_p010]                Staff.java:1975 | Staff#19 sideBars:{LEFT=BarlineInter#188{ FROZEN(0.792/0.963) staff:19 THIN_BARLINE}, RIGHT=BarlineInter#192{ FROZEN(0.796/0.939) staff:19 THIN_BARLINE}}
2026-03-14 00:01:57,180 DEBUG [CRASH COMPLEXION_p010]                Staff.java:1975 | Staff#20 sideBars:{LEFT=BarlineInter#196{ FROZEN(0.779/0.961) staff:20 THIN_BARLINE}, RIGHT=BarlineInter#200{ FROZEN(0.784/0.936) staff:20 THIN_BARLINE}}
2026-03-14 00:01:57,180 DEBUG [CRASH COMPLEXION_p010]                Staff.java:1975 | Staff#21 sideBars:{LEFT=BarlineInter#204{ FROZEN(0.796/0.965) staff:21 THIN_BARLINE}, RIGHT=BarlineInter#208{ FROZEN(0.796/0.940) staff:21 THIN_BARLINE}}
2026-03-14 00:01:57,180 DEBUG [CRASH COMPLEXION_p010]                Staff.java:1975 | Staff#22 sideBars:{LEFT=BarlineInter#210{ FROZEN(0.780/0.962) staff:22 THIN_BARLINE}, RIGHT=BarlineInter#214{ FROZEN(0.784/0.784) staff:22 THIN_BARLINE}}
2026-03-14 00:01:57,180 DEBUG [CRASH COMPLEXION_p010]                Staff.java:1975 | Staff#23 sideBars:{LEFT=BarlineInter#218{ FROZEN(0.787/0.963) staff:23 THIN_BARLINE}, RIGHT=BarlineInter#222{ FROZEN(0.784/0.784) staff:23 THIN_BARLINE}}
2026-03-14 00:01:57,183 DEBUG [CRASH COMPLEXION_p010]                Staff.java:1975 | Staff#24 sideBars:{LEFT=BarlineInter#226{ FROZEN(0.780/0.935) staff:24 THIN_BARLINE}, RIGHT=BarlineInter#230{ FROZEN(0.780/0.780) staff:24 THIN_BARLINE}}
2026-03-14 00:01:57,187 INFO [CRASH COMPLEXION_p010]            SheetStub.java:1000 | Loaded /sheet#1/sheet#1.xml
2026-03-14 00:01:57,187 DEBUG [CRASH COMPLEXION_p010]                 Book.java:1917 | reachStep PAGE force:false stubs:[Stub#1] swap:true
2026-03-14 00:01:57,852 INFO [CRASH COMPLEXION_p010]      PartwiseBuilder.java:2706 | Exporting sheet(s): [#1]
2026-03-14 00:01:58,021 INFO [CRASH COMPLEXION_p010]        ScoreExporter.java:164  | Score CRASH COMPLEXION_p010 exported to C:\Users\ken\RockSmithTabConvertToMidi\.cache\page_010\omr_chords\CRASH COMPLEXION_p010.mxl
2026-03-14 00:01:58,087 DEBUG [CRASH COMPLEXION_p010]                 Book.java:2464 | Storing book...
2026-03-14 00:01:58,096 INFO [CRASH COMPLEXION_p010]                Score.java:181  | Closing {Score 1}
2026-03-14 00:01:58,096 DEBUG [CRASH COMPLEXION_p010]          BookManager.java:308  | removeBook Book{CRASH COMPLEXION_p010}
2026-03-14 00:01:58,142 DEBUG [CRASH COMPLEXION_p010]                 Book.java:501  | Book closed.
