INFO  [main] org.audiveris.omr.Main:250 | Running in batch mode
WARN  [main] o.a.omr.text.tesseract.Languages:142 | *** No installed OCR languages ***
INFO  [main] o.audiveris.omr.sheet.AliasPatterns:146 | Alias patterns: [(IMSLP[0-9]*)-.*]
INFO  [main] org.audiveris.omr.Main:193 | Submitting 1 task(s) in sequence:
    Book "C:\Users\ken\RockSmithTabConvertToMidi\.cache\page_010\omr_chords\CRASH COMPLEXION_p010.omr"
INFO  [main] org.audiveris.omr.sheet.Book:2965 | Loading book C:\Users\ken\RockSmithTabConvertToMidi\.cache\page_010\omr_chords\CRASH COMPLEXION_p010.omr
DEBUG [main] org.audiveris.omr.sheet.BookManager:162 | addBook Book{CRASH COMPLEXION_p010}
DEBUG [main] org.audiveris.omr.sheet.Book:1917 | reachStep PAGE force:false stubs:[Stub#1] swap:true
INFO  [main] org.audiveris.omr.sheet.Book:1929 | Book reaching PAGE on sheets:[#1]
DEBUG [main] org.audiveris.omr.sheet.SheetStub:1370 | reachStep obtained lock on Stub#1
DEBUG [main] org.audiveris.omr.sheet.SheetStub:1389 | Sheet#1 scheduling [SYMBOLS, LINKS, RHYTHMS, PAGE]
INFO  [main] o.a.omr.step.ui.StepMonitoring:98 | SYMBOLS
DEBUG [main] org.audiveris.omr.sheet.SheetStub:1403 | reachStep SYMBOLS towards PAGE
DEBUG [main] org.audiveris.omr.sheet.Picture:162 | Picture unmarshalled by JAXB
DEBUG [main] org.audiveris.omr.sheet.Sheet:1657 | Sheet unmarshalled
DEBUG [main] org.audiveris.omr.sheet.Sheet:1220 | Sheet#1 initTransients
DEBUG [main] org.audiveris.omr.sheet.DataHolder:144 | path: /sheet#1/BINARY.png
DEBUG [main] org.audiveris.omr.sheet.DataHolder:151 | Loaded /sheet#1/BINARY.png
DEBUG [main] org.audiveris.omr.sheet.DataHolder:294 | ImageHolder{BINARY.png discarded:false hasNoData:false modified:false data:BufferedImage@bc09d57: type = 10 ColorModel: #pixelBits = 8 numComponents = 1 color space = java.awt.color.ICC_ColorSpace@6d963d70 transparency = 1 has alpha = false isAlphaPre = false ByteInterleavedRaster: width = 2300 height = 3170 #numDataElements 1 dataOff[0] = 0} setModified:false
DEBUG [main] org.audiveris.omr.sheet.Picture:692 | BINARY source built as ip[width=2300, height=3170, bits=8, min=0.0, max=255.0]
DEBUG [main] org.audiveris.omr.sheet.Picture:692 | NO_STAFF source built as ip[width=2300, height=3170, bits=8, min=0.0, max=255.0]
DEBUG [main] org.audiveris.omr.sheet.Staff:1975 | Staff#1 sideBars:{LEFT=BarlineInter#4{ FROZEN(0.775/0.933) staff:1 THIN_BARLINE}, RIGHT=BarlineInter#12{ FROZEN(0.753/0.753) staff:1 THIN_BARLINE}}
DEBUG [main] org.audiveris.omr.sheet.Staff:1975 | Staff#2 sideBars:{LEFT=BarlineInter#14{ FROZEN(0.780/0.962) staff:2 THIN_BARLINE}, RIGHT=BarlineInter#22{ FROZEN(0.788/0.937) staff:2 THIN_BARLINE}}
DEBUG [main] org.audiveris.omr.sheet.Staff:1975 | Staff#3 sideBars:{LEFT=BarlineInter#24{ FROZEN(0.796/0.965) staff:3 THIN_BARLINE}, RIGHT=BarlineInter#31{ FROZEN(0.788/0.937) staff:3 THIN_BARLINE}}
DEBUG [main] org.audiveris.omr.sheet.Staff:1975 | Staff#4 sideBars:{LEFT=BarlineInter#35{ FROZEN(0.784/0.963) staff:4 THIN_BARLINE}, RIGHT=BarlineInter#43{ FROZEN(0.745/0.921) staff:4 THIN_BARLINE}}
DEBUG [main] org.audiveris.omr.sheet.Staff:1975 | Staff#5 sideBars:{LEFT=BarlineInter#47{ FROZEN(0.792/0.964) staff:5 THIN_BARLINE}, RIGHT=BarlineInter#54{ FROZEN(0.784/0.933) staff:5 THIN_BARLINE}}
DEBUG [main] org.audiveris.omr.sheet.Staff:1975 | Staff#6 sideBars:{LEFT=BarlineInter#58{ FROZEN(0.776/0.961) staff:6 THIN_BARLINE}, RIGHT=BarlineInter#66{ FROZEN(0.762/0.762) staff:6 THIN_BARLINE}}
DEBUG [main] org.audiveris.omr.sheet.Staff:1975 | Staff#7 sideBars:{LEFT=BarlineInter#70{ FROZEN(0.792/0.964) staff:7 THIN_BARLINE}, RIGHT=BarlineInter#78{ FROZEN(0.778/0.778) staff:7 THIN_BARLINE}}
DEBUG [main] org.audiveris.omr.sheet.Staff:1975 | Staff#8 sideBars:{LEFT=BarlineInter#82{ FROZEN(0.784/0.938) staff:8 THIN_BARLINE}, RIGHT=BarlineInter#90{ FROZEN(0.780/0.780) staff:8 THIN_BARLINE}}
DEBUG [main] org.audiveris.omr.sheet.Staff:1975 | Staff#9 sideBars:{LEFT=BarlineInter#94{ FROZEN(0.783/0.935) staff:9 THIN_BARLINE}, RIGHT=BarlineInter#100{ FROZEN(0.770/0.770) staff:9 THIN_BARLINE}}
DEBUG [main] org.audiveris.omr.sheet.Staff:1975 | Staff#10 sideBars:{LEFT=BarlineInter#103{ FROZEN(0.771/0.960) staff:10 THIN_BARLINE}, RIGHT=BarlineInter#109{ FROZEN(0.784/0.936) staff:10 THIN_BARLINE}}
DEBUG [main] org.audiveris.omr.sheet.Staff:1975 | Staff#11 sideBars:{LEFT=BarlineInter#112{ FROZEN(0.792/0.964) staff:11 THIN_BARLINE}, RIGHT=BarlineInter#118{ FROZEN(0.796/0.940) staff:11 THIN_BARLINE}}
DEBUG [main] org.audiveris.omr.sheet.Staff:1975 | Staff#12 sideBars:{LEFT=BarlineInter#122{ FROZEN(0.780/0.962) staff:12 THIN_BARLINE}, RIGHT=BarlineInter#128{ FROZEN(0.784/0.936) staff:12 THIN_BARLINE}}
DEBUG [main] org.audiveris.omr.sheet.Staff:1975 | Staff#13 sideBars:{LEFT=BarlineInter#132{ FROZEN(0.792/0.964) staff:13 THIN_BARLINE}, RIGHT=BarlineInter#138{ FROZEN(0.796/0.939) staff:13 THIN_BARLINE}}
DEBUG [main] org.audiveris.omr.sheet.Staff:1975 | Staff#14 sideBars:{LEFT=BarlineInter#142{ FROZEN(0.780/0.962) staff:14 THIN_BARLINE}, RIGHT=BarlineInter#148{ FROZEN(0.775/0.775) staff:14 THIN_BARLINE}}
DEBUG [main] org.audiveris.omr.sheet.Staff:1975 | Staff#15 sideBars:{LEFT=BarlineInter#152{ FROZEN(0.792/0.964) staff:15 THIN_BARLINE}, RIGHT=BarlineInter#158{ FROZEN(0.783/0.783) staff:15 THIN_BARLINE}}
DEBUG [main] org.audiveris.omr.sheet.Staff:1975 | Staff#16 sideBars:{LEFT=BarlineInter#162{ FROZEN(0.780/0.936) staff:16 THIN_BARLINE}, RIGHT=BarlineInter#168{ FROZEN(0.780/0.780) staff:16 THIN_BARLINE}}
DEBUG [main] org.audiveris.omr.sheet.Staff:1975 | Staff#17 sideBars:{LEFT=BarlineInter#172{ FROZEN(0.769/0.930) staff:17 THIN_BARLINE}, RIGHT=BarlineInter#176{ FROZEN(0.792/0.792) staff:17 THIN_BARLINE}}
DEBUG [main] org.audiveris.omr.sheet.Staff:1975 | Staff#18 sideBars:{LEFT=BarlineInter#180{ FROZEN(0.765/0.958) staff:18 THIN_BARLINE}, RIGHT=BarlineInter#184{ FROZEN(0.780/0.935) staff:18 THIN_BARLINE}}
DEBUG [main] org.audiveris.omr.sheet.Staff:1975 | Staff#19 sideBars:{LEFT=BarlineInter#188{ FROZEN(0.792/0.963) staff:19 THIN_BARLINE}, RIGHT=BarlineInter#192{ FROZEN(0.796/0.939) staff:19 THIN_BARLINE}}
DEBUG [main] org.audiveris.omr.sheet.Staff:1975 | Staff#20 sideBars:{LEFT=BarlineInter#196{ FROZEN(0.779/0.961) staff:20 THIN_BARLINE}, RIGHT=BarlineInter#200{ FROZEN(0.784/0.936) staff:20 THIN_BARLINE}}
DEBUG [main] org.audiveris.omr.sheet.Staff:1975 | Staff#21 sideBars:{LEFT=BarlineInter#204{ FROZEN(0.796/0.965) staff:21 THIN_BARLINE}, RIGHT=BarlineInter#208{ FROZEN(0.796/0.940) staff:21 THIN_BARLINE}}
DEBUG [main] org.audiveris.omr.sheet.Staff:1975 | Staff#22 sideBars:{LEFT=BarlineInter#210{ FROZEN(0.780/0.962) staff:22 THIN_BARLINE}, RIGHT=BarlineInter#214{ FROZEN(0.784/0.784) staff:22 THIN_BARLINE}}
DEBUG [main] org.audiveris.omr.sheet.Staff:1975 | Staff#23 sideBars:{LEFT=BarlineInter#218{ FROZEN(0.787/0.963) staff:23 THIN_BARLINE}, RIGHT=BarlineInter#222{ FROZEN(0.784/0.784) staff:23 THIN_BARLINE}}
DEBUG [main] org.audiveris.omr.sheet.Staff:1975 | Staff#24 sideBars:{LEFT=BarlineInter#226{ FROZEN(0.780/0.935) staff:24 THIN_BARLINE}, RIGHT=BarlineInter#230{ FROZEN(0.780/0.780) staff:24 THIN_BARLINE}}
INFO  [main] org.audiveris.omr.sheet.SheetStub:1000 | Loaded /sheet#1/sheet#1.xml
DEBUG [cachedLow-thread-1] o.a.omr.sheet.symbol.SymbolsFilter:182 | SymbolsFilter running...
DEBUG [cachedLow-thread-1] org.audiveris.omr.sheet.Picture:692 | BINARY source built as ip[width=2300, height=3170, bits=8, min=0.0, max=255.0]
DEBUG [cachedLow-thread-1] org.audiveris.omr.sheet.Picture:692 | NO_STAFF source built as ip[width=2300, height=3170, bits=8, min=0.0, max=255.0]
DEBUG [cachedLow-thread-1] o.a.omr.sheet.symbol.SymbolsFilter:135 | Symbol glyphs: 765

org.audiveris.omr.sheet.symbol.SymbolsBuilder$Parameters :
   maxGap=13.600000000000001
   maxSymbolWidth=68
   maxSymbolHeight=170
   smallChordMargin=17
   minWeight=9
   minFineWeight=2
DEBUG [cachedLow-thread-1] o.a.omr.sheet.symbol.SymbolsBuilder:155 | System#1 buildSymbols
DEBUG [cachedLow-thread-1] o.a.omr.sheet.symbol.SymbolsBuilder:321 | symbols sets: 105
DEBUG [cachedLow-thread-1] o.a.omr.sheet.symbol.SymbolsBuilder:328 | set size: 5
DEBUG [cachedLow-thread-1] o.a.omr.sheet.symbol.SymbolsBuilder:194 | evaluateGlyph on Glyph{#5466 [SYMBOL]}
DEBUG [cachedLow-thread-1] o.a.omr.sheet.symbol.SymbolsBuilder:194 | evaluateGlyph on Glyph{#6186 [SYMBOL]}
DEBUG [cachedLow-thread-1] o.a.omr.sheet.symbol.SymbolsBuilder:194 | evaluateGlyph on Glyph{#6187 [SYMBOL]}
DEBUG [cachedLow-thread-1] o.a.omr.sheet.symbol.SymbolsBuilder:194 | evaluateGlyph on Glyph{#6188 [SYMBOL]}
DEBUG [cachedLow-thread-1] o.a.omr.sheet.symbol.SymbolsBuilder:194 | evaluateGlyph on Glyph{#6189 [SYMBOL]}
DEBUG [cachedLow-thread-1] o.a.omr.sheet.symbol.SymbolsBuilder:194 | evaluateGlyph on Glyph{#5452 [SYMBOL]}
DEBUG [cachedLow-thread-1] o.a.omr.sheet.symbol.SymbolsBuilder:194 | evaluateGlyph on Glyph{#5506 [SYMBOL]}
DEBUG [cachedLow-thread-1] o.a.omr.sheet.symbol.SymbolsBuilder:194 | evaluateGlyph on Glyph{#6190 [SYMBOL]}
DEBUG [cachedLow-thread-1] o.a.omr.sheet.symbol.SymbolsBuilder:194 | evaluateGlyph on Glyph{#6191 [SYMBOL]}
DEBUG [cachedLow-thread-1] o.a.omr.sheet.symbol.SymbolsBuilder:194 | evaluateGlyph on Glyph{#6192 [SYMBOL]}
DEBUG [cachedLow-thread-1] o.a.omr.sheet.symbol.SymbolsBuilder:194 | evaluateGlyph on Glyph{#5497 [SYMBOL]}
DEBUG [cachedLow-thread-1] o.a.omr.sheet.symbol.SymbolsBuilder:194 | evaluateGlyph on Glyph{#5520 [SYMBOL]}
DEBUG [cachedLow-thread-1] o.a.omr.sheet.symbol.SymbolsBuilder:328 | set size: 4
DEBUG [cachedLow-thread-1] o.a.omr.sheet.symbol.SymbolsBuilder:194 | evaluateGlyph on Glyph{#5465 [SYMBOL]}
DEBUG [cachedLow-thread-1] o.a.omr.sheet.symbol.SymbolsBuilder:194 | evaluateGlyph on Glyph{#6193 [SYMBOL]}
DEBUG [cachedLow-thread-1] o.a.omr.sheet.symbol.SymbolsBuilder:194 | evaluateGlyph on Glyph{#6194 [SYMBOL]}
DEBUG [cachedLow-thread-1] o.a.omr.sheet.symbol.SymbolsBuilder:194 | evaluateGlyph on Glyph{#5496 [SYMBOL]}
DEBUG [cachedLow-thread-1] o.a.omr.sheet.symbol.SymbolsBuilder:194 | evaluateGlyph on Glyph{#6195 [SYMBOL]}
DEBUG [cachedLow-thread-1] o.a.omr.sheet.symbol.SymbolsBuilder:194 | evaluateGlyph on Glyph{#5451 [SYMBOL]}
DEBUG [cachedLow-thread-1] o.a.omr.sheet.symbol.SymbolsBuilder:194 | evaluateGlyph on Glyph{#5519 [SYMBOL]}
DEBUG [cachedLow-thread-1] o.a.omr.sheet.symbol.SymbolsBuilder:328 | set size: 4
DEBUG [cachedLow-thread-1] o.a.omr.sheet.symbol.SymbolsBuilder:194 | evaluateGlyph on Glyph{#5470 [SYMBOL]}
DEBUG [cachedLow-thread-1] o.a.omr.sheet.symbol.SymbolsBuilder:194 | evaluateGlyph on Glyph{#6196 [SYMBOL]}
DEBUG [cachedLow-thread-1] o.a.omr.sheet.symbol.SymbolsBuilder:194 | evaluateGlyph on Glyph{#5513 [SYMBOL]}
DEBUG [cachedLow-thread-1] o.a.omr.sheet.symbol.SymbolsBuilder:194 | evaluateGlyph on Glyph{#5454 [SYMBOL]}
DEBUG [cachedLow-thread-1] o.a.omr.sheet.symbol.SymbolsBuilder:194 | evaluateGlyph on Glyph{#6197 [SYMBOL]}
DEBUG [cachedLow-thread-1] o.a.omr.sheet.symbol.SymbolsBuilder:194 | evaluateGlyph on Glyph{#5458 [SYMBOL]}
DEBUG [cachedLow-thread-1] o.a.omr.sheet.symbol.SymbolsBuilder:328 | set size: 5
DEBUG [cachedLow-thread-1] o.a.omr.sheet.symbol.SymbolsBuilder:194 | evaluateGlyph on Glyph{#5479 [SYMBOL]}
DEBUG [cachedLow-thread-1] o.a.omr.sheet.symbol.SymbolsBuilder:194 | evaluateGlyph on Glyph{#6198 [SYMBOL]}
DEBUG [cachedLow-thread-1] o.a.omr.sheet.symbol.SymbolsBuilder:194 | evaluateGlyph on Glyph{#6199 [SYMBOL]}
DEBUG [cachedLow-thread-1] o.a.omr.sheet.symbol.SymbolsBuilder:194 | evaluateGlyph on Glyph{#6200 [SYMBOL]}
DEBUG [cachedLow-thread-1] o.a.omr.sheet.symbol.SymbolsBuilder:194 | evaluateGlyph on Glyph{#6201 [SYMBOL]}
DEBUG [cachedLow-thread-1] o.a.omr.sheet.symbol.SymbolsBuilder:194 | evaluateGlyph on Glyph{#6202 [SYMBOL]}
DEBUG [cachedLow-thread-1] o.a.omr.sheet.symbol.SymbolsBuilder:194 | evaluateGlyph on Glyph{#6203 [SYMBOL]}
DEBUG [cachedLow-thread-1] o.a.omr.sheet.symbol.SymbolsBuilder:194 | evaluateGlyph on Glyph{#5460 [SYMBOL]}
DEBUG [cachedLow-thread-1] o.a.omr.sheet.symbol.SymbolsBuilder:194 | evaluateGlyph on Glyph{#5494 [SYMBOL]}
DEBUG [cachedLow-thread-1] o.a.omr.sheet.symbol.SymbolsBuilder:194 | evaluateGlyph on Glyph{#6204 [SYMBOL]}
DEBUG [cachedLow-thread-1] o.a.omr.sheet.symbol.SymbolsBuilder:194 | evaluateGlyph on Glyph{#6205 [SYMBOL]}
DEBUG [cachedLow-thread-1] o.a.omr.sheet.symbol.SymbolsBuilder:194 | evaluateGlyph on Glyph{#5522 [SYMBOL]}
DEBUG [cachedLow-thread-1] o.a.omr.sheet.symbol.SymbolsBuilder:194 | evaluateGlyph on Glyph{#6206 [SYMBOL]}
DEBUG [cachedLow-thread-1] o.a.omr.sheet.symbol.SymbolsBuilder:194 | evaluateGlyph on Glyph{#5508 [SYMBOL]}
DEBUG [cachedLow-thread-1] o.a.omr.sheet.symbol.SymbolsBuilder:328 | set size: 4
DEBUG [cachedLow-thread-1] o.a.omr.sheet.symbol.SymbolsBuilder:194 | evaluateGlyph on Glyph{#5485 [SYMBOL]}
DEBUG [cachedLow-thread-1] o.a.omr.sheet.symbol.SymbolsBuilder:194 | evaluateGlyph on Glyph{#6207 [SYMBOL]}
DEBUG [cachedLow-thread-1] o.a.omr.sheet.symbol.SymbolsBuilder:194 | evaluateGlyph on Glyph{#6208 [SYMBOL]}
DEBUG [cachedLow-thread-1] o.a.omr.sheet.symbol.SymbolsBuilder:194 | evaluateGlyph on Glyph{#6209 [SYMBOL]}
DEBUG [cachedLow-thread-1] o.a.omr.sheet.symbol.SymbolsBuilder:194 | evaluateGlyph on Glyph{#6210 [SYMBOL]}
DEBUG [cachedLow-thread-1] o.a.omr.sheet.symbol.SymbolsBuilder:194 | evaluateGlyph on Glyph{#6211 [SYMBOL]}
DEBUG [cachedLow-thread-1] o.a.omr.sheet.symbol.SymbolsBuilder:194 | evaluateGlyph on Glyph{#5468 [SYMBOL]}
DEBUG [cachedLow-thread-1] o.a.omr.sheet.symbol.SymbolsBuilder:194 | evaluateGlyph on Glyph{#6212 [SYMBOL]}
DEBUG [cachedLow-thread-1] o.a.omr.sheet.symbol.SymbolsBuilder:194 | evaluateGlyph on Glyph{#5524 [SYMBOL]}
DEBUG [cachedLow-thread-1] o.a.omr.sheet.symbol.SymbolsBuilder:194 | evaluateGlyph on Glyph{#5480 [SYMBOL]}
DEBUG [cachedLow-thread-1] o.a.omr.sheet.symbol.SymbolsBuilder:328 | set size: 2
DEBUG [cachedLow-thread-1] o.a.omr.sheet.symbol.SymbolsBuilder:194 | evaluateGlyph on Glyph{#5483 [SYMBOL]}
DEBUG [cachedLow-thread-1] o.a.omr.sheet.symbol.SymbolsBuilder:194 | evaluateGlyph on Glyph{#6213 [SYMBOL]}
DEBUG [cachedLow-thread-1] o.a.omr.sheet.symbol.SymbolsBuilder:194 | evaluateGlyph on Glyph{#5473 [SYMBOL]}
DEBUG [cachedLow-thread-1] o.a.omr.sheet.symbol.SymbolsBuilder:328 | set size: 2
DEBUG [cachedLow-thread-1] o.a.omr.sheet.symbol.SymbolsBuilder:194 | evaluateGlyph on Glyph{#5502 [SYMBOL]}
DEBUG [cachedLow-thread-1] o.a.omr.sheet.symbol.SymbolsBuilder:194 | evaluateGlyph on Glyph{#6214 [SYMBOL]}
DEBUG [cachedLow-thread-1] o.a.omr.sheet.symbol.SymbolsBuilder:194 | evaluateGlyph on Glyph{#5489 [SYMBOL]}
DEBUG [cachedLow-thread-1] o.a.omr.sheet.symbol.SymbolsBuilder:328 | set size: 3
DEBUG [cachedLow-thread-1] o.a.omr.sheet.symbol.SymbolsBuilder:194 | evaluateGlyph on Glyph{#5521 [SYMBOL]}
DEBUG [cachedLow-thread-1] o.a.omr.sheet.symbol.SymbolsBuilder:194 | evaluateGlyph on Glyph{#6215 [SYMBOL]}
DEBUG [cachedLow-thread-1] o.a.omr.sheet.symbol.SymbolsBuilder:194 | evaluateGlyph on Glyph{#6216 [SYMBOL]}
DEBUG [cachedLow-thread-1] o.a.omr.sheet.symbol.SymbolsBuilder:194 | evaluateGlyph on Glyph{#5507 [SYMBOL]}
DEBUG [cachedLow-thread-1] o.a.omr.sheet.symbol.SymbolsBuilder:194 | evaluateGlyph on Glyph{#6217 [SYMBOL]}
DEBUG [cachedLow-thread-1] o.a.omr.sheet.symbol.SymbolsBuilder:194 | evaluateGlyph on Glyph{#5490 [SYMBOL]}
DEBUG [cachedLow-thread-1] o.a.omr.sheet.symbol.SymbolsBuilder:328 | set size: 3
DEBUG [cachedLow-thread-1] o.a.omr.sheet.symbol.SymbolsBuilder:194 | evaluateGlyph on Glyph{#5523 [SYMBOL]}
DEBUG [cachedLow-thread-1] o.a.omr.sheet.symbol.SymbolsBuilder:194 | evaluateGlyph on Glyph{#6218 [SYMBOL]}
DEBUG [cachedLow-thread-1] o.a.omr.sheet.symbol.SymbolsBuilder:194 | evaluateGlyph on Glyph{#6219 [SYMBOL]}
DEBUG [cachedLow-thread-1] o.a.omr.sheet.symbol.SymbolsBuilder:194 | evaluateGlyph on Glyph{#5509 [SYMBOL]}
DEBUG [cachedLow-thread-1] o.a.omr.sheet.symbol.SymbolsBuilder:194 | evaluateGlyph on Glyph{#6220 [SYMBOL]}
DEBUG [cachedLow-thread-1] o.a.omr.sheet.symbol.SymbolsBuilder:194 | evaluateGlyph on Glyph{#5491 [SYMBOL]}
DEBUG [cachedLow-thread-1] o.a.omr.sheet.symbol.SymbolsBuilder:328 | set size: 1
DEBUG [cachedLow-thread-1] o.a.omr.sheet.symbol.SymbolsBuilder:194 | evaluateGlyph on Glyph{#5528 [SYMBOL]}
DEBUG [cachedLow-thread-1] o.a.omr.sheet.symbol.SymbolsBuilder:328 | set size: 1
DEBUG [cachedLow-thread-1] o.a.omr.sheet.symbol.SymbolsBuilder:194 | evaluateGlyph on Glyph{#5529 [SYMBOL]}
DEBUG [cachedLow-thread-1] o.a.omr.sheet.symbol.SymbolsBuilder:328 | set size: 4
DEBUG [cachedLow-thread-1] o.a.omr.sheet.symbol.SymbolsBuilder:194 | evaluateGlyph on Glyph{#6167 [SYMBOL]}
DEBUG [cachedLow-thread-1] o.a.omr.sheet.symbol.SymbolsBuilder:194 | evaluateGlyph on Glyph{#5726 [SYMBOL]}
DEBUG [cachedLow-thread-1] o.a.omr.sheet.symbol.SymbolsBuilder:194 | evaluateGlyph on Glyph{#5738 [SYMBOL]}
DEBUG [cachedLow-thread-1] o.a.omr.sheet.symbol.SymbolsBuilder:328 | set size: 1
DEBUG [cachedLow-thread-1] o.a.omr.sheet.symbol.SymbolsBuilder:194 | evaluateGlyph on Glyph{#5533 [SYMBOL]}
DEBUG [cachedLow-thread-1] o.a.omr.sheet.symbol.SymbolsBuilder:328 | set size: 4
DEBUG [cachedLow-thread-1] o.a.omr.sheet.symbol.SymbolsBuilder:194 | evaluateGlyph on Glyph{#5534 [SYMBOL]}
DEBUG [cachedLow-thread-1] o.a.omr.sheet.symbol.SymbolsBuilder:194 | evaluateGlyph on Glyph{#6221 [SYMBOL]}
DEBUG [cachedLow-thread-1] o.a.omr.sheet.symbol.SymbolsBuilder:194 | evaluateGlyph on Glyph{#6222 [SYMBOL]}
DEBUG [cachedLow-thread-1] o.a.omr.sheet.symbol.SymbolsBuilder:194 | evaluateGlyph on Glyph{#6223 [SYMBOL]}
DEBUG [cachedLow-thread-1] o.a.omr.sheet.symbol.SymbolsBuilder:194 | evaluateGlyph on Glyph{#6224 [SYMBOL]}
DEBUG [cachedLow-thread-1] o.a.omr.sheet.symbol.SymbolsBuilder:194 | evaluateGlyph on Glyph{#6225 [SYMBOL]}
DEBUG [cachedLow-thread-1] o.a.omr.sheet.symbol.SymbolsBuilder:194 | evaluateGlyph on Glyph{#5535 [SYMBOL]}
DEBUG [cachedLow-thread-1] o.a.omr.sheet.symbol.SymbolsBuilder:194 | evaluateGlyph on Glyph{#6226 [SYMBOL]}
DEBUG [cachedLow-thread-1] o.a.omr.sheet.symbol.SymbolsBuilder:194 | evaluateGlyph on Glyph{#5546 [SYMBOL]}
DEBUG [cachedLow-thread-1] o.a.omr.sheet.symbol.SymbolsBuilder:194 | evaluateGlyph on Glyph{#5547 [SYMBOL]}
DEBUG [cachedLow-thread-1] o.a.omr.sheet.symbol.SymbolsBuilder:328 | set size: 1
DEBUG [cachedLow-thread-1] o.a.omr.sheet.symbol.SymbolsBuilder:194 | evaluateGlyph on Glyph{#5541 [SYMBOL]}
DEBUG [cachedLow-thread-1] o.a.omr.sheet.symbol.SymbolsBuilder:328 | set size: 1
DEBUG [cachedLow-thread-1] o.a.omr.sheet.symbol.SymbolsBuilder:194 | evaluateGlyph on Glyph{#5545 [SYMBOL]}
DEBUG [cachedLow-thread-1] o.a.omr.sheet.symbol.SymbolsBuilder:328 | set size: 5
DEBUG [cachedLow-thread-1] o.a.omr.sheet.symbol.SymbolsBuilder:194 | evaluateGlyph on Glyph{#5556 [SYMBOL]}
DEBUG [cachedLow-thread-1] o.a.omr.sheet.symbol.SymbolsBuilder:194 | evaluateGlyph on Glyph{#6227 [SYMBOL]}
DEBUG [cachedLow-thread-1] o.a.omr.sheet.symbol.SymbolsBuilder:194 | evaluateGlyph on Glyph{#6228 [SYMBOL]}
DEBUG [cachedLow-thread-1] o.a.omr.sheet.symbol.SymbolsBuilder:194 | evaluateGlyph on Glyph{#6229 [SYMBOL]}
DEBUG [cachedLow-thread-1] o.a.omr.sheet.symbol.SymbolsBuilder:194 | evaluateGlyph on Glyph{#5600 [SYMBOL]}
DEBUG [cachedLow-thread-1] o.a.omr.sheet.symbol.SymbolsBuilder:194 | evaluateGlyph on Glyph{#6230 [SYMBOL]}
DEBUG [cachedLow-thread-1] o.a.omr.sheet.symbol.SymbolsBuilder:194 | evaluateGlyph on Glyph{#6231 [SYMBOL]}
DEBUG [cachedLow-thread-1] o.a.omr.sheet.symbol.SymbolsBuilder:194 | evaluateGlyph on Glyph{#6232 [SYMBOL]}
DEBUG [cachedLow-thread-1] o.a.omr.sheet.symbol.SymbolsBuilder:194 | evaluateGlyph on Glyph{#5586 [SYMBOL]}
DEBUG [cachedLow-thread-1] o.a.omr.sheet.symbol.SymbolsBuilder:194 | evaluateGlyph on Glyph{#6233 [SYMBOL]}
DEBUG [cachedLow-thread-1] o.a.omr.sheet.symbol.SymbolsBuilder:194 | evaluateGlyph on Glyph{#6234 [SYMBOL]}
DEBUG [cachedLow-thread-1] o.a.omr.sheet.symbol.SymbolsBuilder:194 | evaluateGlyph on Glyph{#6235 [SYMBOL]}
DEBUG [cachedLow-thread-1] o.a.omr.sheet.symbol.SymbolsBuilder:194 | evaluateGlyph on Glyph{#5579 [SYMBOL]}
DEBUG [cachedLow-thread-1] o.a.omr.sheet.symbol.SymbolsBuilder:194 | evaluateGlyph on Glyph{#5593 [SYMBOL]}
DEBUG [cachedLow-thread-1] o.a.omr.sheet.symbol.SymbolsBuilder:328 | set size: 11
DEBUG [cachedLow-thread-1] o.a.omr.sheet.symbol.SymbolsBuilder:340 | Symbol parts shrunk from 11 to 7
DEBUG [cachedLow-thread-1] o.a.omr.sheet.symbol.SymbolsBuilder:194 | evaluateGlyph on Glyph{#5630 [SYMBOL]}
DEBUG [cachedLow-thread-1] o.a.omr.sheet.symbol.SymbolsBuilder:194 | evaluateGlyph on Glyph{#6236 [SYMBOL]}
DEBUG [cachedLow-thread-1] o.a.omr.sheet.symbol.SymbolsBuilder:194 | evaluateGlyph on Glyph{#6237 [SYMBOL]}
DEBUG [cachedLow-thread-1] o.a.omr.sheet.symbol.SymbolsBuilder:194 | evaluateGlyph on Glyph{#6238 [SYMBOL]}
DEBUG [cachedLow-thread-1] o.a.omr.sheet.symbol.SymbolsBuilder:194 | evaluateGlyph on Glyph{#5562 [SYMBOL]}
DEBUG [cachedLow-thread-1] o.a.omr.sheet.symbol.SymbolsBuilder:194 | evaluateGlyph on Glyph{#6239 [SYMBOL]}
DEBUG [cachedLow-thread-1] o.a.omr.sheet.symbol.SymbolsBuilder:194 | evaluateGlyph on Glyph{#6240 [SYMBOL]}
DEBUG [cachedLow-thread-1] o.a.omr.sheet.symbol.SymbolsBuilder:194 | evaluateGlyph on Glyph{#5598 [SYMBOL]}
DEBUG [cachedLow-thread-1] o.a.omr.sheet.symbol.SymbolsBuilder:194 | evaluateGlyph on Glyph{#6242 [SYMBOL]}
DEBUG [cachedLow-thread-1] o.a.omr.sheet.symbol.SymbolsBuilder:194 | evaluateGlyph on Glyph{#6244 [SYMBOL]}
DEBUG [cachedLow-thread-1] o.a.omr.sheet.symbol.SymbolsBuilder:194 | evaluateGlyph on Glyph{#5589 [SYMBOL]}
DEBUG [cachedLow-thread-1] o.a.omr.sheet.symbol.SymbolsBuilder:194 | evaluateGlyph on Glyph{#6245 [SYMBOL]}
DEBUG [cachedLow-thread-1] o.a.omr.sheet.symbol.SymbolsBuilder:194 | evaluateGlyph on Glyph{#5620 [SYMBOL]}
DEBUG [cachedLow-thread-1] o.a.omr.sheet.symbol.SymbolsBuilder:194 | evaluateGlyph on Glyph{#5633 [SYMBOL]}
DEBUG [cachedLow-thread-1] o.a.omr.sheet.symbol.SymbolsBuilder:194 | evaluateGlyph on Glyph{#5581 [SYMBOL]}
DEBUG [cachedLow-thread-1] o.a.omr.sheet.symbol.SymbolsBuilder:328 | set size: 3
DEBUG [cachedLow-thread-1] o.a.omr.sheet.symbol.SymbolsBuilder:194 | evaluateGlyph on Glyph{#5628 [SYMBOL]}
DEBUG [cachedLow-thread-1] o.a.omr.sheet.symbol.SymbolsBuilder:194 | evaluateGlyph on Glyph{#5566 [SYMBOL]}
DEBUG [cachedLow-thread-1] o.a.omr.sheet.symbol.SymbolsBuilder:328 | set size: 3
DEBUG [cachedLow-thread-1] o.a.omr.sheet.symbol.SymbolsBuilder:194 | evaluateGlyph on Glyph{#5567 [SYMBOL]}
DEBUG [cachedLow-thread-1] o.a.omr.sheet.symbol.SymbolsBuilder:194 | evaluateGlyph on Glyph{#6246 [SYMBOL]}
DEBUG [cachedLow-thread-1] o.a.omr.sheet.symbol.SymbolsBuilder:194 | evaluateGlyph on Glyph{#5591 [SYMBOL]}
DEBUG [cachedLow-thread-1] o.a.omr.sheet.symbol.SymbolsBuilder:194 | evaluateGlyph on Glyph{#6248 [SYMBOL]}
DEBUG [cachedLow-thread-1] o.a.omr.sheet.symbol.SymbolsBuilder:194 | evaluateGlyph on Glyph{#5585 [SYMBOL]}
DEBUG [cachedLow-thread-1] o.a.omr.sheet.symbol.SymbolsBuilder:328 | set size: 1
DEBUG [cachedLow-thread-1] o.a.omr.sheet.symbol.SymbolsBuilder:194 | evaluateGlyph on Glyph{#5616 [SYMBOL]}
DEBUG [cachedLow-thread-1] o.a.omr.sheet.symbol.SymbolsBuilder:328 | set size: 1
DEBUG [cachedLow-thread-1] o.a.omr.sheet.symbol.SymbolsBuilder:194 | evaluateGlyph on Glyph{#5623 [SYMBOL]}
DEBUG [cachedLow-thread-1] o.a.omr.sheet.symbol.SymbolsBuilder:328 | set size: 2
DEBUG [cachedLow-thread-1] o.a.omr.sheet.symbol.SymbolsBuilder:194 | evaluateGlyph on Glyph{#5624 [SYMBOL]}
DEBUG [cachedLow-thread-1] o.a.omr.sheet.symbol.SymbolsBuilder:194 | evaluateGlyph on Glyph{#6249 [SYMBOL]}
DEBUG [cachedLow-thread-1] o.a.omr.sheet.symbol.SymbolsBuilder:194 | evaluateGlyph on Glyph{#5629 [SYMBOL]}
DEBUG [cachedLow-thread-1] o.a.omr.sheet.symbol.SymbolsBuilder:328 | set size: 1
DEBUG [cachedLow-thread-1] o.a.omr.sheet.symbol.SymbolsBuilder:194 | evaluateGlyph on Glyph{#5640 [SYMBOL]}
DEBUG [cachedLow-thread-1] o.a.omr.sheet.symbol.SymbolsBuilder:328 | set size: 1
DEBUG [cachedLow-thread-1] o.a.omr.sheet.symbol.SymbolsBuilder:194 | evaluateGlyph on Glyph{#5652 [SYMBOL]}
DEBUG [cachedLow-thread-1] o.a.omr.sheet.symbol.SymbolsBuilder:328 | set size: 1
DEBUG [cachedLow-thread-1] o.a.omr.sheet.symbol.SymbolsBuilder:194 | evaluateGlyph on Glyph{#5653 [SYMBOL]}
DEBUG [cachedLow-thread-1] o.a.omr.sheet.symbol.SymbolsBuilder:328 | set size: 1
DEBUG [cachedLow-thread-1] o.a.omr.sheet.symbol.SymbolsBuilder:194 | evaluateGlyph on Glyph{#5654 [SYMBOL]}
DEBUG [cachedLow-thread-1] o.a.omr.sheet.symbol.SymbolsBuilder:328 | set size: 3
DEBUG [cachedLow-thread-1] o.a.omr.sheet.symbol.SymbolsBuilder:194 | evaluateGlyph on Glyph{#5671 [SYMBOL]}
DEBUG [cachedLow-thread-1] o.a.omr.sheet.symbol.SymbolsBuilder:194 | evaluateGlyph on Glyph{#6253 [SYMBOL]}
DEBUG [cachedLow-thread-1] o.a.omr.sheet.symbol.SymbolsBuilder:194 | evaluateGlyph on Glyph{#6254 [SYMBOL]}
DEBUG [cachedLow-thread-1] o.a.omr.sheet.symbol.SymbolsBuilder:194 | evaluateGlyph on Glyph{#6255 [SYMBOL]}
DEBUG [cachedLow-thread-1] o.a.omr.sheet.symbol.SymbolsBuilder:194 | evaluateGlyph on Glyph{#5666 [SYMBOL]}
DEBUG [cachedLow-thread-1] o.a.omr.sheet.symbol.SymbolsBuilder:194 | evaluateGlyph on Glyph{#6257 [SYMBOL]}
DEBUG [cachedLow-thread-1] o.a.omr.sheet.symbol.SymbolsBuilder:194 | evaluateGlyph on Glyph{#5670 [SYMBOL]}
DEBUG [cachedLow-thread-1] o.a.omr.sheet.symbol.SymbolsBuilder:328 | set size: 2
DEBUG [cachedLow-thread-1] o.a.omr.sheet.symbol.SymbolsBuilder:194 | evaluateGlyph on Glyph{#5667 [SYMBOL]}
DEBUG [cachedLow-thread-1] o.a.omr.sheet.symbol.SymbolsBuilder:194 | evaluateGlyph on Glyph{#6258 [SYMBOL]}
DEBUG [cachedLow-thread-1] o.a.omr.sheet.symbol.SymbolsBuilder:194 | evaluateGlyph on Glyph{#5674 [SYMBOL]}
DEBUG [cachedLow-thread-1] o.a.omr.sheet.symbol.SymbolsBuilder:328 | set size: 2
DEBUG [cachedLow-thread-1] o.a.omr.sheet.symbol.SymbolsBuilder:194 | evaluateGlyph on Glyph{#5682 [SYMBOL]}
DEBUG [cachedLow-thread-1] o.a.omr.sheet.symbol.SymbolsBuilder:194 | evaluateGlyph on Glyph{#6259 [SYMBOL]}
DEBUG [cachedLow-thread-1] o.a.omr.sheet.symbol.SymbolsBuilder:328 | set size: 2
DEBUG [cachedLow-thread-1] o.a.omr.sheet.symbol.SymbolsBuilder:194 | evaluateGlyph on Glyph{#5694 [SYMBOL]}
DEBUG [cachedLow-thread-1] o.a.omr.sheet.symbol.SymbolsBuilder:194 | evaluateGlyph on Glyph{#6260 [SYMBOL]}
DEBUG [cachedLow-thread-1] o.a.omr.sheet.symbol.SymbolsBuilder:328 | set size: 1
DEBUG [cachedLow-thread-1] o.a.omr.sheet.symbol.SymbolsBuilder:194 | evaluateGlyph on Glyph{#5699 [SYMBOL]}
DEBUG [cachedLow-thread-1] o.a.omr.sheet.symbol.SymbolsBuilder:328 | set size: 1
DEBUG [cachedLow-thread-1] o.a.omr.sheet.symbol.SymbolsBuilder:194 | evaluateGlyph on Glyph{#5703 [SYMBOL]}
DEBUG [cachedLow-thread-1] o.a.omr.sheet.symbol.SymbolsBuilder:328 | set size: 1
DEBUG [cachedLow-thread-1] o.a.omr.sheet.symbol.SymbolsBuilder:194 | evaluateGlyph on Glyph{#5704 [SYMBOL]}
DEBUG [cachedLow-thread-1] o.a.omr.sheet.symbol.SymbolsBuilder:328 | set size: 1
DEBUG [cachedLow-thread-1] o.a.omr.sheet.symbol.SymbolsBuilder:194 | evaluateGlyph on Glyph{#5717 [SYMBOL]}
DEBUG [cachedLow-thread-1] o.a.omr.sheet.symbol.SymbolsBuilder:328 | set size: 1
DEBUG [cachedLow-thread-1] o.a.omr.sheet.symbol.SymbolsBuilder:194 | evaluateGlyph on Glyph{#5718 [SYMBOL]}
DEBUG [cachedLow-thread-1] o.a.omr.sheet.rhythm.MeasureStack:256 | No part yet for FlagInter#6263{(0.798) FLAG_1_DOWN}
DEBUG [cachedLow-thread-1] o.a.omr.sheet.symbol.SymbolsBuilder:328 | set size: 2
DEBUG [cachedLow-thread-1] o.a.omr.sheet.symbol.SymbolsBuilder:194 | evaluateGlyph on Glyph{#5732 [SYMBOL]}
DEBUG [cachedLow-thread-1] o.a.omr.sheet.symbol.SymbolsBuilder:194 | evaluateGlyph on Glyph{#6264 [SYMBOL]}
DEBUG [cachedLow-thread-1] o.a.omr.sheet.symbol.SymbolsBuilder:194 | evaluateGlyph on Glyph{#5720 [SYMBOL]}
DEBUG [cachedLow-thread-1] o.a.omr.sheet.symbol.SymbolsBuilder:328 | set size: 1
DEBUG [cachedLow-thread-1] o.a.omr.sheet.symbol.SymbolsBuilder:194 | evaluateGlyph on Glyph{#5728 [SYMBOL]}
DEBUG [cachedLow-thread-1] o.a.omr.sheet.symbol.SymbolsBuilder:328 | set size: 1
DEBUG [cachedLow-thread-1] o.a.omr.sheet.symbol.SymbolsBuilder:194 | evaluateGlyph on Glyph{#5730 [SYMBOL]}
DEBUG [cachedLow-thread-1] o.a.omr.sheet.symbol.SymbolsBuilder:328 | set size: 1
DEBUG [cachedLow-thread-1] o.a.omr.sheet.symbol.SymbolsBuilder:194 | evaluateGlyph on Glyph{#5731 [SYMBOL]}
DEBUG [cachedLow-thread-1] o.a.omr.sheet.symbol.SymbolsBuilder:328 | set size: 1
DEBUG [cachedLow-thread-1] o.a.omr.sheet.symbol.SymbolsBuilder:194 | evaluateGlyph on Glyph{#5734 [SYMBOL]}
DEBUG [cachedLow-thread-1] o.a.omr.sheet.symbol.SymbolsBuilder:328 | set size: 8
DEBUG [cachedLow-thread-1] o.a.omr.sheet.symbol.SymbolsBuilder:340 | Symbol parts shrunk from 8 to 7
DEBUG [cachedLow-thread-1] o.a.omr.sheet.symbol.SymbolsBuilder:194 | evaluateGlyph on Glyph{#5742 [SYMBOL]}
DEBUG [cachedLow-thread-1] o.a.omr.sheet.symbol.SymbolsBuilder:194 | evaluateGlyph on Glyph{#6266 [SYMBOL]}
DEBUG [cachedLow-thread-1] o.a.omr.sheet.symbol.SymbolsBuilder:194 | evaluateGlyph on Glyph{#6267 [SYMBOL]}
DEBUG [cachedLow-thread-1] o.a.omr.sheet.symbol.SymbolsBuilder:194 | evaluateGlyph on Glyph{#6268 [SYMBOL]}
DEBUG [cachedLow-thread-1] o.a.omr.sheet.symbol.SymbolsBuilder:194 | evaluateGlyph on Glyph{#6269 [SYMBOL]}
DEBUG [cachedLow-thread-1] o.a.omr.sheet.symbol.SymbolsBuilder:194 | evaluateGlyph on Glyph{#6270 [SYMBOL]}
DEBUG [cachedLow-thread-1] o.a.omr.sheet.symbol.SymbolsBuilder:194 | evaluateGlyph on Glyph{#5743 [SYMBOL]}
DEBUG [cachedLow-thread-1] o.a.omr.sheet.symbol.SymbolsBuilder:194 | evaluateGlyph on Glyph{#5769 [SYMBOL]}
DEBUG [cachedLow-thread-1] o.a.omr.sheet.symbol.SymbolsBuilder:194 | evaluateGlyph on Glyph{#5758 [SYMBOL]}
DEBUG [cachedLow-thread-1] o.a.omr.sheet.symbol.SymbolsBuilder:194 | evaluateGlyph on Glyph{#6271 [SYMBOL]}
DEBUG [cachedLow-thread-1] o.a.omr.sheet.symbol.SymbolsBuilder:194 | evaluateGlyph on Glyph{#5759 [SYMBOL]}
DEBUG [cachedLow-thread-1] o.a.omr.sheet.symbol.SymbolsBuilder:328 | set size: 1
DEBUG [cachedLow-thread-1] o.a.omr.sheet.symbol.SymbolsBuilder:194 | evaluateGlyph on Glyph{#5737 [SYMBOL]}
DEBUG [cachedLow-thread-1] o.a.omr.sheet.symbol.SymbolsBuilder:328 | set size: 2
DEBUG [cachedLow-thread-1] o.a.omr.sheet.symbol.SymbolsBuilder:194 | evaluateGlyph on Glyph{#5782 [SYMBOL]}
DEBUG [cachedLow-thread-1] o.a.omr.sheet.symbol.SymbolsBuilder:328 | set size: 1
DEBUG [cachedLow-thread-1] o.a.omr.sheet.symbol.SymbolsBuilder:194 | evaluateGlyph on Glyph{#5753 [SYMBOL]}
DEBUG [cachedLow-thread-1] o.a.omr.sheet.symbol.SymbolsBuilder:328 | set size: 1
DEBUG [cachedLow-thread-1] o.a.omr.sheet.symbol.SymbolsBuilder:194 | evaluateGlyph on Glyph{#5774 [SYMBOL]}
DEBUG [cachedLow-thread-1] o.a.omr.sheet.symbol.SymbolsBuilder:328 | set size: 3
DEBUG [cachedLow-thread-1] o.a.omr.sheet.symbol.SymbolsBuilder:194 | evaluateGlyph on Glyph{#5777 [SYMBOL]}
DEBUG [cachedLow-thread-1] o.a.omr.sheet.symbol.SymbolsBuilder:194 | evaluateGlyph on Glyph{#6272 [SYMBOL]}
DEBUG [cachedLow-thread-1] o.a.omr.sheet.symbol.SymbolsBuilder:194 | evaluateGlyph on Glyph{#6274 [SYMBOL]}
DEBUG [cachedLow-thread-1] o.a.omr.sheet.symbol.SymbolsBuilder:194 | evaluateGlyph on Glyph{#6275 [SYMBOL]}
DEBUG [cachedLow-thread-1] o.a.omr.sheet.symbol.SymbolsBuilder:194 | evaluateGlyph on Glyph{#5783 [SYMBOL]}
DEBUG [cachedLow-thread-1] o.a.omr.sheet.symbol.SymbolsBuilder:194 | evaluateGlyph on Glyph{#6277 [SYMBOL]}
DEBUG [cachedLow-thread-1] o.a.omr.sheet.symbol.SymbolsBuilder:194 | evaluateGlyph on Glyph{#5784 [SYMBOL]}
DEBUG [cachedLow-thread-1] o.a.omr.sheet.symbol.SymbolsBuilder:328 | set size: 6
DEBUG [cachedLow-thread-1] o.a.omr.sheet.symbol.SymbolsBuilder:194 | evaluateGlyph on Glyph{#5820 [SYMBOL]}
DEBUG [cachedLow-thread-1] o.a.omr.sheet.symbol.SymbolsBuilder:194 | evaluateGlyph on Glyph{#6278 [SYMBOL]}
DEBUG [cachedLow-thread-1] o.a.omr.sheet.symbol.SymbolsBuilder:194 | evaluateGlyph on Glyph{#6280 [SYMBOL]}
DEBUG [cachedLow-thread-1] o.a.omr.sheet.symbol.SymbolsBuilder:194 | evaluateGlyph on Glyph{#6281 [SYMBOL]}
DEBUG [cachedLow-thread-1] o.a.omr.sheet.symbol.SymbolsBuilder:194 | evaluateGlyph on Glyph{#5790 [SYMBOL]}
DEBUG [cachedLow-thread-1] o.a.omr.sheet.symbol.SymbolsBuilder:194 | evaluateGlyph on Glyph{#6282 [SYMBOL]}
DEBUG [cachedLow-thread-1] o.a.omr.sheet.symbol.SymbolsBuilder:194 | evaluateGlyph on Glyph{#6283 [SYMBOL]}
DEBUG [cachedLow-thread-1] o.a.omr.sheet.symbol.SymbolsBuilder:194 | evaluateGlyph on Glyph{#6284 [SYMBOL]}
DEBUG [cachedLow-thread-1] o.a.omr.sheet.symbol.SymbolsBuilder:194 | evaluateGlyph on Glyph{#6285 [SYMBOL]}
DEBUG [cachedLow-thread-1] o.a.omr.sheet.symbol.SymbolsBuilder:194 | evaluateGlyph on Glyph{#6287 [SYMBOL]}
DEBUG [cachedLow-thread-1] o.a.omr.sheet.symbol.SymbolsBuilder:194 | evaluateGlyph on Glyph{#5815 [SYMBOL]}
DEBUG [cachedLow-thread-1] o.a.omr.sheet.symbol.SymbolsBuilder:194 | evaluateGlyph on Glyph{#6288 [SYMBOL]}
DEBUG [cachedLow-thread-1] o.a.omr.sheet.symbol.SymbolsBuilder:194 | evaluateGlyph on Glyph{#6289 [SYMBOL]}
DEBUG [cachedLow-thread-1] o.a.omr.sheet.symbol.SymbolsBuilder:194 | evaluateGlyph on Glyph{#5799 [SYMBOL]}
DEBUG [cachedLow-thread-1] o.a.omr.sheet.symbol.SymbolsBuilder:194 | evaluateGlyph on Glyph{#6290 [SYMBOL]}
DEBUG [cachedLow-thread-1] o.a.omr.sheet.symbol.SymbolsBuilder:194 | evaluateGlyph on Glyph{#5807 [SYMBOL]}
DEBUG [cachedLow-thread-1] o.a.omr.sheet.symbol.SymbolsBuilder:194 | evaluateGlyph on Glyph{#5786 [SYMBOL]}
DEBUG [cachedLow-thread-1] o.a.omr.sheet.symbol.SymbolsBuilder:328 | set size: 1
DEBUG [cachedLow-thread-1] o.a.omr.sheet.symbol.SymbolsBuilder:194 | evaluateGlyph on Glyph{#5810 [SYMBOL]}
DEBUG [cachedLow-thread-1] o.a.omr.sheet.symbol.SymbolsBuilder:328 | set size: 1
DEBUG [cachedLow-thread-1] o.a.omr.sheet.symbol.SymbolsBuilder:194 | evaluateGlyph on Glyph{#5812 [SYMBOL]}
DEBUG [cachedLow-thread-1] o.a.omr.sheet.symbol.SymbolsBuilder:328 | set size: 1
DEBUG [cachedLow-thread-1] o.a.omr.sheet.symbol.SymbolsBuilder:194 | evaluateGlyph on Glyph{#5813 [SYMBOL]}
DEBUG [cachedLow-thread-1] o.a.omr.sheet.symbol.SymbolsBuilder:328 | set size: 6
DEBUG [cachedLow-thread-1] o.a.omr.sheet.symbol.SymbolsBuilder:194 | evaluateGlyph on Glyph{#5866 [SYMBOL]}
DEBUG [cachedLow-thread-1] o.a.omr.sheet.symbol.SymbolsBuilder:194 | evaluateGlyph on Glyph{#6294 [SYMBOL]}
DEBUG [cachedLow-thread-1] o.a.omr.sheet.symbol.SymbolsBuilder:194 | evaluateGlyph on Glyph{#5870 [SYMBOL]}
DEBUG [cachedLow-thread-1] o.a.omr.sheet.symbol.SymbolsBuilder:194 | evaluateGlyph on Glyph{#5850 [SYMBOL]}
DEBUG [cachedLow-thread-1] o.a.omr.sheet.symbol.SymbolsBuilder:194 | evaluateGlyph on Glyph{#6295 [SYMBOL]}
DEBUG [cachedLow-thread-1] o.a.omr.sheet.symbol.SymbolsBuilder:194 | evaluateGlyph on Glyph{#5855 [SYMBOL]}
DEBUG [cachedLow-thread-1] o.a.omr.sheet.symbol.SymbolsBuilder:328 | set size: 1
DEBUG [cachedLow-thread-1] o.a.omr.sheet.symbol.SymbolsBuilder:194 | evaluateGlyph on Glyph{#5847 [SYMBOL]}
DEBUG [cachedLow-thread-1] o.a.omr.sheet.symbol.SymbolsBuilder:328 | set size: 1
DEBUG [cachedLow-thread-1] o.a.omr.sheet.symbol.SymbolsBuilder:194 | evaluateGlyph on Glyph{#5862 [SYMBOL]}
DEBUG [cachedLow-thread-1] o.a.omr.sheet.symbol.SymbolsBuilder:328 | set size: 1
DEBUG [cachedLow-thread-1] o.a.omr.sheet.symbol.SymbolsBuilder:194 | evaluateGlyph on Glyph{#5871 [SYMBOL]}
DEBUG [cachedLow-thread-1] o.a.omr.sheet.rhythm.MeasureStack:256 | No part yet for FlagInter#6298{(0.751) FLAG_1_DOWN}
DEBUG [cachedLow-thread-1] o.a.omr.sheet.symbol.SymbolsBuilder:328 | set size: 4
DEBUG [cachedLow-thread-1] o.a.omr.sheet.symbol.SymbolsBuilder:194 | evaluateGlyph on Glyph{#5891 [SYMBOL]}
DEBUG [cachedLow-thread-1] o.a.omr.sheet.symbol.SymbolsBuilder:194 | evaluateGlyph on Glyph{#6299 [SYMBOL]}
DEBUG [cachedLow-thread-1] o.a.omr.sheet.symbol.SymbolsBuilder:194 | evaluateGlyph on Glyph{#6300 [SYMBOL]}
DEBUG [cachedLow-thread-1] o.a.omr.sheet.symbol.SymbolsBuilder:194 | evaluateGlyph on Glyph{#6301 [SYMBOL]}
DEBUG [cachedLow-thread-1] o.a.omr.sheet.symbol.SymbolsBuilder:194 | evaluateGlyph on Glyph{#6302 [SYMBOL]}
DEBUG [cachedLow-thread-1] o.a.omr.sheet.symbol.SymbolsBuilder:194 | evaluateGlyph on Glyph{#6303 [SYMBOL]}
DEBUG [cachedLow-thread-1] o.a.omr.sheet.symbol.SymbolsBuilder:194 | evaluateGlyph on Glyph{#6304 [SYMBOL]}
DEBUG [cachedLow-thread-1] o.a.omr.sheet.symbol.SymbolsBuilder:194 | evaluateGlyph on Glyph{#6306 [SYMBOL]}
DEBUG [cachedLow-thread-1] o.a.omr.sheet.symbol.SymbolsBuilder:194 | evaluateGlyph on Glyph{#5885 [SYMBOL]}
DEBUG [cachedLow-thread-1] o.a.omr.sheet.symbol.SymbolsBuilder:194 | evaluateGlyph on Glyph{#6307 [SYMBOL]}
DEBUG [cachedLow-thread-1] o.a.omr.sheet.symbol.SymbolsBuilder:194 | evaluateGlyph on Glyph{#6308 [SYMBOL]}
DEBUG [cachedLow-thread-1] o.a.omr.sheet.symbol.SymbolsBuilder:194 | evaluateGlyph on Glyph{#6309 [SYMBOL]}
DEBUG [cachedLow-thread-1] o.a.omr.sheet.symbol.SymbolsBuilder:194 | evaluateGlyph on Glyph{#5889 [SYMBOL]}
DEBUG [cachedLow-thread-1] o.a.omr.sheet.symbol.SymbolsBuilder:194 | evaluateGlyph on Glyph{#6310 [SYMBOL]}
DEBUG [cachedLow-thread-1] o.a.omr.sheet.symbol.SymbolsBuilder:194 | evaluateGlyph on Glyph{#5890 [SYMBOL]}
DEBUG [cachedLow-thread-1] o.a.omr.sheet.symbol.SymbolsBuilder:328 | set size: 12
DEBUG [cachedLow-thread-1] o.a.omr.sheet.symbol.SymbolsBuilder:340 | Symbol parts shrunk from 12 to 7
DEBUG [cachedLow-thread-1] o.a.omr.sheet.symbol.SymbolsBuilder:194 | evaluateGlyph on Glyph{#5925 [SYMBOL]}
DEBUG [cachedLow-thread-1] o.a.omr.sheet.symbol.SymbolsBuilder:194 | evaluateGlyph on Glyph{#6311 [SYMBOL]}
DEBUG [cachedLow-thread-1] o.a.omr.sheet.symbol.SymbolsBuilder:194 | evaluateGlyph on Glyph{#6312 [SYMBOL]}
DEBUG [cachedLow-thread-1] o.a.omr.sheet.symbol.SymbolsBuilder:194 | evaluateGlyph on Glyph{#5886 [SYMBOL]}
DEBUG [cachedLow-thread-1] o.a.omr.sheet.symbol.SymbolsBuilder:194 | evaluateGlyph on Glyph{#6314 [SYMBOL]}
DEBUG [cachedLow-thread-1] o.a.omr.sheet.symbol.SymbolsBuilder:194 | evaluateGlyph on Glyph{#6315 [SYMBOL]}
DEBUG [cachedLow-thread-1] o.a.omr.sheet.symbol.SymbolsBuilder:194 | evaluateGlyph on Glyph{#5902 [SYMBOL]}
DEBUG [cachedLow-thread-1] o.a.omr.sheet.symbol.SymbolsBuilder:194 | evaluateGlyph on Glyph{#6317 [SYMBOL]}
DEBUG [cachedLow-thread-1] o.a.omr.sheet.symbol.SymbolsBuilder:194 | evaluateGlyph on Glyph{#6319 [SYMBOL]}
DEBUG [cachedLow-thread-1] o.a.omr.sheet.symbol.SymbolsBuilder:194 | evaluateGlyph on Glyph{#5915 [SYMBOL]}
DEBUG [cachedLow-thread-1] o.a.omr.sheet.symbol.SymbolsBuilder:194 | evaluateGlyph on Glyph{#6320 [SYMBOL]}
DEBUG [cachedLow-thread-1] o.a.omr.sheet.symbol.SymbolsBuilder:194 | evaluateGlyph on Glyph{#5899 [SYMBOL]}
DEBUG [cachedLow-thread-1] o.a.omr.sheet.symbol.SymbolsBuilder:194 | evaluateGlyph on Glyph{#6321 [SYMBOL]}
DEBUG [cachedLow-thread-1] o.a.omr.sheet.symbol.SymbolsBuilder:194 | evaluateGlyph on Glyph{#5892 [SYMBOL]}
DEBUG [cachedLow-thread-1] o.a.omr.sheet.symbol.SymbolsBuilder:194 | evaluateGlyph on Glyph{#5913 [SYMBOL]}
DEBUG [cachedLow-thread-1] o.a.omr.sheet.symbol.SymbolsBuilder:328 | set size: 2
DEBUG [cachedLow-thread-1] o.a.omr.sheet.symbol.SymbolsBuilder:194 | evaluateGlyph on Glyph{#5928 [SYMBOL]}
DEBUG [cachedLow-thread-1] o.a.omr.sheet.symbol.SymbolsBuilder:328 | set size: 1
DEBUG [cachedLow-thread-1] o.a.omr.sheet.symbol.SymbolsBuilder:328 | set size: 2
DEBUG [cachedLow-thread-1] o.a.omr.sheet.symbol.SymbolsBuilder:194 | evaluateGlyph on Glyph{#5919 [SYMBOL]}
DEBUG [cachedLow-thread-1] o.a.omr.sheet.symbol.SymbolsBuilder:194 | evaluateGlyph on Glyph{#6324 [SYMBOL]}
DEBUG [cachedLow-thread-1] o.a.omr.sheet.symbol.SymbolsBuilder:194 | evaluateGlyph on Glyph{#5929 [SYMBOL]}
DEBUG [cachedLow-thread-1] o.a.omr.sheet.symbol.SymbolsBuilder:328 | set size: 1
DEBUG [cachedLow-thread-1] o.a.omr.sheet.symbol.SymbolsBuilder:194 | evaluateGlyph on Glyph{#5920 [SYMBOL]}
DEBUG [cachedLow-thread-1] o.a.omr.sheet.symbol.SymbolsBuilder:328 | set size: 1
DEBUG [cachedLow-thread-1] o.a.omr.sheet.symbol.SymbolsBuilder:194 | evaluateGlyph on Glyph{#5937 [SYMBOL]}
DEBUG [cachedLow-thread-1] o.a.omr.sheet.symbol.SymbolsBuilder:328 | set size: 1
DEBUG [cachedLow-thread-1] o.a.omr.sheet.symbol.SymbolsBuilder:194 | evaluateGlyph on Glyph{#5938 [SYMBOL]}
DEBUG [cachedLow-thread-1] o.a.omr.sheet.symbol.SymbolsBuilder:328 | set size: 1
DEBUG [cachedLow-thread-1] o.a.omr.sheet.symbol.SymbolsBuilder:194 | evaluateGlyph on Glyph{#5939 [SYMBOL]}
DEBUG [cachedLow-thread-1] o.a.omr.sheet.symbol.SymbolsBuilder:328 | set size: 4
DEBUG [cachedLow-thread-1] o.a.omr.sheet.symbol.SymbolsBuilder:194 | evaluateGlyph on Glyph{#5947 [SYMBOL]}
DEBUG [cachedLow-thread-1] o.a.omr.sheet.symbol.SymbolsBuilder:194 | evaluateGlyph on Glyph{#6328 [SYMBOL]}
DEBUG [cachedLow-thread-1] o.a.omr.sheet.symbol.SymbolsBuilder:194 | evaluateGlyph on Glyph{#5948 [SYMBOL]}
DEBUG [cachedLow-thread-1] o.a.omr.sheet.symbol.SymbolsBuilder:328 | set size: 1
DEBUG [cachedLow-thread-1] o.a.omr.sheet.symbol.SymbolsBuilder:194 | evaluateGlyph on Glyph{#5941 [SYMBOL]}
DEBUG [cachedLow-thread-1] o.a.omr.sheet.symbol.SymbolsBuilder:328 | set size: 2
DEBUG [cachedLow-thread-1] o.a.omr.sheet.symbol.SymbolsBuilder:194 | evaluateGlyph on Glyph{#5942 [SYMBOL]}
DEBUG [cachedLow-thread-1] o.a.omr.sheet.symbol.SymbolsBuilder:194 | evaluateGlyph on Glyph{#6330 [SYMBOL]}
DEBUG [cachedLow-thread-1] o.a.omr.sheet.symbol.SymbolsBuilder:328 | set size: 1
DEBUG [cachedLow-thread-1] o.a.omr.sheet.symbol.SymbolsBuilder:194 | evaluateGlyph on Glyph{#5949 [SYMBOL]}
DEBUG [cachedLow-thread-1] o.a.omr.sheet.symbol.SymbolsBuilder:328 | set size: 1
DEBUG [cachedLow-thread-1] o.a.omr.sheet.symbol.SymbolsBuilder:194 | evaluateGlyph on Glyph{#5950 [SYMBOL]}
DEBUG [cachedLow-thread-1] o.a.omr.sheet.symbol.SymbolsBuilder:328 | set size: 1
DEBUG [cachedLow-thread-1] o.a.omr.sheet.symbol.SymbolsBuilder:194 | evaluateGlyph on Glyph{#5953 [SYMBOL]}
DEBUG [cachedLow-thread-1] o.a.omr.sheet.symbol.SymbolsBuilder:328 | set size: 5
DEBUG [cachedLow-thread-1] o.a.omr.sheet.symbol.SymbolsBuilder:194 | evaluateGlyph on Glyph{#5956 [SYMBOL]}
DEBUG [cachedLow-thread-1] o.a.omr.sheet.symbol.SymbolsBuilder:194 | evaluateGlyph on Glyph{#6333 [SYMBOL]}
DEBUG [cachedLow-thread-1] o.a.omr.sheet.symbol.SymbolsBuilder:194 | evaluateGlyph on Glyph{#6334 [SYMBOL]}
DEBUG [cachedLow-thread-1] o.a.omr.sheet.symbol.SymbolsBuilder:194 | evaluateGlyph on Glyph{#6336 [SYMBOL]}
DEBUG [cachedLow-thread-1] o.a.omr.sheet.symbol.SymbolsBuilder:194 | evaluateGlyph on Glyph{#6337 [SYMBOL]}
DEBUG [cachedLow-thread-1] o.a.omr.sheet.symbol.SymbolsBuilder:194 | evaluateGlyph on Glyph{#6338 [SYMBOL]}
DEBUG [cachedLow-thread-1] o.a.omr.sheet.symbol.SymbolsBuilder:194 | evaluateGlyph on Glyph{#6339 [SYMBOL]}
DEBUG [cachedLow-thread-1] o.a.omr.sheet.symbol.SymbolsBuilder:194 | evaluateGlyph on Glyph{#6340 [SYMBOL]}
DEBUG [cachedLow-thread-1] o.a.omr.sheet.symbol.SymbolsBuilder:194 | evaluateGlyph on Glyph{#5961 [SYMBOL]}
DEBUG [cachedLow-thread-1] o.a.omr.sheet.symbol.SymbolsBuilder:194 | evaluateGlyph on Glyph{#5957 [SYMBOL]}
DEBUG [cachedLow-thread-1] o.a.omr.sheet.symbol.SymbolsBuilder:194 | evaluateGlyph on Glyph{#6342 [SYMBOL]}
DEBUG [cachedLow-thread-1] o.a.omr.sheet.symbol.SymbolsBuilder:194 | evaluateGlyph on Glyph{#6343 [SYMBOL]}
DEBUG [cachedLow-thread-1] o.a.omr.sheet.symbol.SymbolsBuilder:194 | evaluateGlyph on Glyph{#5959 [SYMBOL]}
DEBUG [cachedLow-thread-1] o.a.omr.sheet.symbol.SymbolsBuilder:194 | evaluateGlyph on Glyph{#6344 [SYMBOL]}
DEBUG [cachedLow-thread-1] o.a.omr.sheet.symbol.SymbolsBuilder:194 | evaluateGlyph on Glyph{#5963 [SYMBOL]}
DEBUG [cachedLow-thread-1] o.a.omr.sheet.symbol.SymbolsBuilder:328 | set size: 1
DEBUG [cachedLow-thread-1] o.a.omr.sheet.symbol.SymbolsBuilder:194 | evaluateGlyph on Glyph{#5958 [SYMBOL]}
DEBUG [cachedLow-thread-1] o.a.omr.sheet.symbol.SymbolsBuilder:328 | set size: 1
DEBUG [cachedLow-thread-1] o.a.omr.sheet.symbol.SymbolsBuilder:194 | evaluateGlyph on Glyph{#5968 [SYMBOL]}
DEBUG [cachedLow-thread-1] o.a.omr.sheet.symbol.SymbolsBuilder:328 | set size: 1
DEBUG [cachedLow-thread-1] o.a.omr.sheet.symbol.SymbolsBuilder:194 | evaluateGlyph on Glyph{#5972 [SYMBOL]}
DEBUG [cachedLow-thread-1] o.a.omr.sheet.symbol.SymbolsBuilder:328 | set size: 11
DEBUG [cachedLow-thread-1] o.a.omr.sheet.symbol.SymbolsBuilder:340 | Symbol parts shrunk from 11 to 7
DEBUG [cachedLow-thread-1] o.a.omr.sheet.symbol.SymbolsBuilder:194 | evaluateGlyph on Glyph{#6038 [SYMBOL]}
DEBUG [cachedLow-thread-1] o.a.omr.sheet.symbol.SymbolsBuilder:194 | evaluateGlyph on Glyph{#6348 [SYMBOL]}
DEBUG [cachedLow-thread-1] o.a.omr.sheet.symbol.SymbolsBuilder:194 | evaluateGlyph on Glyph{#6349 [SYMBOL]}
DEBUG [cachedLow-thread-1] o.a.omr.sheet.symbol.SymbolsBuilder:194 | evaluateGlyph on Glyph{#6350 [SYMBOL]}
DEBUG [cachedLow-thread-1] o.a.omr.sheet.symbol.SymbolsBuilder:194 | evaluateGlyph on Glyph{#5977 [SYMBOL]}
DEBUG [cachedLow-thread-1] o.a.omr.sheet.symbol.SymbolsBuilder:194 | evaluateGlyph on Glyph{#6351 [SYMBOL]}
DEBUG [cachedLow-thread-1] o.a.omr.sheet.symbol.SymbolsBuilder:194 | evaluateGlyph on Glyph{#6352 [SYMBOL]}
DEBUG [cachedLow-thread-1] o.a.omr.sheet.symbol.SymbolsBuilder:194 | evaluateGlyph on Glyph{#6004 [SYMBOL]}
DEBUG [cachedLow-thread-1] o.a.omr.sheet.symbol.SymbolsBuilder:194 | evaluateGlyph on Glyph{#6354 [SYMBOL]}
DEBUG [cachedLow-thread-1] o.a.omr.sheet.symbol.SymbolsBuilder:194 | evaluateGlyph on Glyph{#6356 [SYMBOL]}
DEBUG [cachedLow-thread-1] o.a.omr.sheet.symbol.SymbolsBuilder:194 | evaluateGlyph on Glyph{#5996 [SYMBOL]}
DEBUG [cachedLow-thread-1] o.a.omr.sheet.symbol.SymbolsBuilder:194 | evaluateGlyph on Glyph{#6357 [SYMBOL]}
DEBUG [cachedLow-thread-1] o.a.omr.sheet.symbol.SymbolsBuilder:194 | evaluateGlyph on Glyph{#6032 [SYMBOL]}
DEBUG [cachedLow-thread-1] o.a.omr.sheet.symbol.SymbolsBuilder:194 | evaluateGlyph on Glyph{#6045 [SYMBOL]}
DEBUG [cachedLow-thread-1] o.a.omr.sheet.symbol.SymbolsBuilder:194 | evaluateGlyph on Glyph{#5993 [SYMBOL]}
DEBUG [cachedLow-thread-1] o.a.omr.sheet.symbol.SymbolsBuilder:328 | set size: 1
DEBUG [cachedLow-thread-1] o.a.omr.sheet.symbol.SymbolsBuilder:194 | evaluateGlyph on Glyph{#5976 [SYMBOL]}
DEBUG [cachedLow-thread-1] o.a.omr.sheet.symbol.SymbolsBuilder:328 | set size: 2
DEBUG [cachedLow-thread-1] o.a.omr.sheet.symbol.SymbolsBuilder:194 | evaluateGlyph on Glyph{#5978 [SYMBOL]}
DEBUG [cachedLow-thread-1] o.a.omr.sheet.symbol.SymbolsBuilder:194 | evaluateGlyph on Glyph{#6360 [SYMBOL]}
DEBUG [cachedLow-thread-1] o.a.omr.sheet.symbol.SymbolsBuilder:194 | evaluateGlyph on Glyph{#5990 [SYMBOL]}
DEBUG [cachedLow-thread-1] o.a.omr.sheet.symbol.SymbolsBuilder:328 | set size: 2
DEBUG [cachedLow-thread-1] o.a.omr.sheet.symbol.SymbolsBuilder:194 | evaluateGlyph on Glyph{#5981 [SYMBOL]}
DEBUG [cachedLow-thread-1] o.a.omr.sheet.symbol.SymbolsBuilder:194 | evaluateGlyph on Glyph{#5999 [SYMBOL]}
DEBUG [cachedLow-thread-1] o.a.omr.sheet.symbol.SymbolsBuilder:328 | set size: 1
DEBUG [cachedLow-thread-1] o.a.omr.sheet.symbol.SymbolsBuilder:194 | evaluateGlyph on Glyph{#5982 [SYMBOL]}
DEBUG [cachedLow-thread-1] o.a.omr.sheet.symbol.SymbolsBuilder:328 | set size: 1
DEBUG [cachedLow-thread-1] o.a.omr.sheet.symbol.SymbolsBuilder:194 | evaluateGlyph on Glyph{#6002 [SYMBOL]}
DEBUG [cachedLow-thread-1] o.a.omr.sheet.symbol.SymbolsBuilder:328 | set size: 3
DEBUG [cachedLow-thread-1] o.a.omr.sheet.symbol.SymbolsBuilder:194 | evaluateGlyph on Glyph{#6039 [SYMBOL]}
DEBUG [cachedLow-thread-1] o.a.omr.sheet.symbol.SymbolsBuilder:194 | evaluateGlyph on Glyph{#6362 [SYMBOL]}
DEBUG [cachedLow-thread-1] o.a.omr.sheet.symbol.SymbolsBuilder:194 | evaluateGlyph on Glyph{#6364 [SYMBOL]}
DEBUG [cachedLow-thread-1] o.a.omr.sheet.symbol.SymbolsBuilder:194 | evaluateGlyph on Glyph{#6365 [SYMBOL]}
DEBUG [cachedLow-thread-1] o.a.omr.sheet.symbol.SymbolsBuilder:194 | evaluateGlyph on Glyph{#6049 [SYMBOL]}
DEBUG [cachedLow-thread-1] o.a.omr.sheet.symbol.SymbolsBuilder:194 | evaluateGlyph on Glyph{#6367 [SYMBOL]}
DEBUG [cachedLow-thread-1] o.a.omr.sheet.symbol.SymbolsBuilder:328 | set size: 1
DEBUG [cachedLow-thread-1] o.a.omr.sheet.symbol.SymbolsBuilder:194 | evaluateGlyph on Glyph{#6046 [SYMBOL]}
DEBUG [cachedLow-thread-1] o.a.omr.sheet.symbol.SymbolsBuilder:328 | set size: 1
DEBUG [cachedLow-thread-1] o.a.omr.sheet.symbol.SymbolsBuilder:194 | evaluateGlyph on Glyph{#6065 [SYMBOL]}
DEBUG [cachedLow-thread-1] o.a.omr.sheet.symbol.SymbolsBuilder:328 | set size: 1
DEBUG [cachedLow-thread-1] o.a.omr.sheet.symbol.SymbolsBuilder:194 | evaluateGlyph on Glyph{#6073 [SYMBOL]}
DEBUG [cachedLow-thread-1] o.a.omr.sheet.symbol.SymbolsBuilder:328 | set size: 1
DEBUG [cachedLow-thread-1] o.a.omr.sheet.symbol.SymbolsBuilder:194 | evaluateGlyph on Glyph{#6076 [SYMBOL]}
DEBUG [cachedLow-thread-1] o.a.omr.sheet.symbol.SymbolsBuilder:328 | set size: 6
DEBUG [cachedLow-thread-1] o.a.omr.sheet.symbol.SymbolsBuilder:194 | evaluateGlyph on Glyph{#6100 [SYMBOL]}
DEBUG [cachedLow-thread-1] o.a.omr.sheet.symbol.SymbolsBuilder:194 | evaluateGlyph on Glyph{#6088 [SYMBOL]}
DEBUG [cachedLow-thread-1] o.a.omr.sheet.symbol.SymbolsBuilder:194 | evaluateGlyph on Glyph{#6369 [SYMBOL]}
DEBUG [cachedLow-thread-1] o.a.omr.sheet.symbol.SymbolsBuilder:194 | evaluateGlyph on Glyph{#6370 [SYMBOL]}
DEBUG [cachedLow-thread-1] o.a.omr.sheet.symbol.SymbolsBuilder:194 | evaluateGlyph on Glyph{#6372 [SYMBOL]}
DEBUG [cachedLow-thread-1] o.a.omr.sheet.symbol.SymbolsBuilder:194 | evaluateGlyph on Glyph{#6373 [SYMBOL]}
DEBUG [cachedLow-thread-1] o.a.omr.sheet.symbol.SymbolsBuilder:194 | evaluateGlyph on Glyph{#6374 [SYMBOL]}
DEBUG [cachedLow-thread-1] o.a.omr.sheet.symbol.SymbolsBuilder:194 | evaluateGlyph on Glyph{#6375 [SYMBOL]}
DEBUG [cachedLow-thread-1] o.a.omr.sheet.symbol.SymbolsBuilder:194 | evaluateGlyph on Glyph{#6376 [SYMBOL]}
DEBUG [cachedLow-thread-1] o.a.omr.sheet.symbol.SymbolsBuilder:194 | evaluateGlyph on Glyph{#6089 [SYMBOL]}
DEBUG [cachedLow-thread-1] o.a.omr.sheet.symbol.SymbolsBuilder:194 | evaluateGlyph on Glyph{#6377 [SYMBOL]}
DEBUG [cachedLow-thread-1] o.a.omr.sheet.symbol.SymbolsBuilder:194 | evaluateGlyph on Glyph{#6378 [SYMBOL]}
DEBUG [cachedLow-thread-1] o.a.omr.sheet.symbol.SymbolsBuilder:194 | evaluateGlyph on Glyph{#6379 [SYMBOL]}
DEBUG [cachedLow-thread-1] o.a.omr.sheet.symbol.SymbolsBuilder:194 | evaluateGlyph on Glyph{#6380 [SYMBOL]}
DEBUG [cachedLow-thread-1] o.a.omr.sheet.symbol.SymbolsBuilder:194 | evaluateGlyph on Glyph{#6381 [SYMBOL]}
DEBUG [cachedLow-thread-1] o.a.omr.sheet.symbol.SymbolsBuilder:194 | evaluateGlyph on Glyph{#6382 [SYMBOL]}
DEBUG [cachedLow-thread-1] o.a.omr.sheet.symbol.SymbolsBuilder:194 | evaluateGlyph on Glyph{#6084 [SYMBOL]}
DEBUG [cachedLow-thread-1] o.a.omr.sheet.symbol.SymbolsBuilder:194 | evaluateGlyph on Glyph{#6383 [SYMBOL]}
DEBUG [cachedLow-thread-1] o.a.omr.sheet.symbol.SymbolsBuilder:194 | evaluateGlyph on Glyph{#6384 [SYMBOL]}
DEBUG [cachedLow-thread-1] o.a.omr.sheet.symbol.SymbolsBuilder:194 | evaluateGlyph on Glyph{#6385 [SYMBOL]}
DEBUG [cachedLow-thread-1] o.a.omr.sheet.symbol.SymbolsBuilder:194 | evaluateGlyph on Glyph{#6090 [SYMBOL]}
DEBUG [cachedLow-thread-1] o.a.omr.sheet.symbol.SymbolsBuilder:194 | evaluateGlyph on Glyph{#6387 [SYMBOL]}
DEBUG [cachedLow-thread-1] o.a.omr.sheet.symbol.SymbolsBuilder:328 | set size: 4
DEBUG [cachedLow-thread-1] o.a.omr.sheet.symbol.SymbolsBuilder:194 | evaluateGlyph on Glyph{#6114 [SYMBOL]}
DEBUG [cachedLow-thread-1] o.a.omr.sheet.symbol.SymbolsBuilder:194 | evaluateGlyph on Glyph{#6389 [SYMBOL]}
DEBUG [cachedLow-thread-1] o.a.omr.sheet.symbol.SymbolsBuilder:194 | evaluateGlyph on Glyph{#6391 [SYMBOL]}
DEBUG [cachedLow-thread-1] o.a.omr.sheet.symbol.SymbolsBuilder:194 | evaluateGlyph on Glyph{#6393 [SYMBOL]}
DEBUG [cachedLow-thread-1] o.a.omr.sheet.symbol.SymbolsBuilder:194 | evaluateGlyph on Glyph{#6099 [SYMBOL]}
DEBUG [cachedLow-thread-1] o.a.omr.sheet.symbol.SymbolsBuilder:194 | evaluateGlyph on Glyph{#6394 [SYMBOL]}
DEBUG [cachedLow-thread-1] o.a.omr.sheet.symbol.SymbolsBuilder:194 | evaluateGlyph on Glyph{#6395 [SYMBOL]}
DEBUG [cachedLow-thread-1] o.a.omr.sheet.symbol.SymbolsBuilder:194 | evaluateGlyph on Glyph{#6396 [SYMBOL]}
DEBUG [cachedLow-thread-1] o.a.omr.sheet.symbol.SymbolsBuilder:194 | evaluateGlyph on Glyph{#6112 [SYMBOL]}
DEBUG [cachedLow-thread-1] o.a.omr.sheet.symbol.SymbolsBuilder:194 | evaluateGlyph on Glyph{#6105 [SYMBOL]}
DEBUG [cachedLow-thread-1] o.a.omr.sheet.symbol.SymbolsBuilder:328 | set size: 1
DEBUG [cachedLow-thread-1] o.a.omr.sheet.symbol.SymbolsBuilder:194 | evaluateGlyph on Glyph{#6121 [SYMBOL]}
DEBUG [cachedLow-thread-1] o.a.omr.sheet.symbol.SymbolsBuilder:328 | set size: 1
DEBUG [cachedLow-thread-1] o.a.omr.sheet.symbol.SymbolsBuilder:194 | evaluateGlyph on Glyph{#6124 [SYMBOL]}
DEBUG [cachedLow-thread-1] o.a.omr.sheet.symbol.SymbolsBuilder:328 | set size: 1
DEBUG [cachedLow-thread-1] o.a.omr.sheet.symbol.SymbolsBuilder:194 | evaluateGlyph on Glyph{#6126 [SYMBOL]}
DEBUG [cachedLow-thread-1] o.a.omr.sheet.symbol.SymbolsBuilder:328 | set size: 1
DEBUG [cachedLow-thread-1] o.a.omr.sheet.symbol.SymbolsBuilder:194 | evaluateGlyph on Glyph{#6128 [SYMBOL]}
DEBUG [cachedLow-thread-1] o.a.omr.sheet.symbol.SymbolsBuilder:328 | set size: 1
DEBUG [cachedLow-thread-1] o.a.omr.sheet.symbol.SymbolsBuilder:194 | evaluateGlyph on Glyph{#6131 [SYMBOL]}
DEBUG [cachedLow-thread-1] o.a.omr.sheet.symbol.SymbolsBuilder:328 | set size: 2
DEBUG [cachedLow-thread-1] o.a.omr.sheet.symbol.SymbolsBuilder:194 | evaluateGlyph on Glyph{#6135 [SYMBOL]}
DEBUG [cachedLow-thread-1] o.a.omr.sheet.symbol.SymbolsBuilder:194 | evaluateGlyph on Glyph{#6397 [SYMBOL]}
DEBUG [cachedLow-thread-1] o.a.omr.sheet.symbol.SymbolsBuilder:194 | evaluateGlyph on Glyph{#6142 [SYMBOL]}
DEBUG [cachedLow-thread-1] o.a.omr.sheet.symbol.SymbolsBuilder:328 | set size: 3
DEBUG [cachedLow-thread-1] o.a.omr.sheet.symbol.SymbolsBuilder:194 | evaluateGlyph on Glyph{#6146 [SYMBOL]}
DEBUG [cachedLow-thread-1] o.a.omr.sheet.symbol.SymbolsBuilder:194 | evaluateGlyph on Glyph{#6398 [SYMBOL]}
DEBUG [cachedLow-thread-1] o.a.omr.sheet.symbol.SymbolsBuilder:194 | evaluateGlyph on Glyph{#6399 [SYMBOL]}
DEBUG [cachedLow-thread-1] o.a.omr.sheet.symbol.SymbolsBuilder:194 | evaluateGlyph on Glyph{#6400 [SYMBOL]}
DEBUG [cachedLow-thread-1] o.a.omr.sheet.symbol.SymbolsBuilder:194 | evaluateGlyph on Glyph{#6157 [SYMBOL]}
DEBUG [cachedLow-thread-1] o.a.omr.sheet.symbol.SymbolsBuilder:194 | evaluateGlyph on Glyph{#6144 [SYMBOL]}
DEBUG [cachedLow-thread-1] o.a.omr.sheet.symbol.SymbolsBuilder:328 | set size: 3
DEBUG [cachedLow-thread-1] o.a.omr.sheet.symbol.SymbolsBuilder:194 | evaluateGlyph on Glyph{#6143 [SYMBOL]}
DEBUG [cachedLow-thread-1] o.a.omr.sheet.symbol.SymbolsBuilder:194 | evaluateGlyph on Glyph{#6401 [SYMBOL]}
DEBUG [cachedLow-thread-1] o.a.omr.sheet.symbol.SymbolsBuilder:194 | evaluateGlyph on Glyph{#6403 [SYMBOL]}
DEBUG [cachedLow-thread-1] o.a.omr.sheet.symbol.SymbolsBuilder:194 | evaluateGlyph on Glyph{#6404 [SYMBOL]}
DEBUG [cachedLow-thread-1] o.a.omr.sheet.symbol.SymbolsBuilder:194 | evaluateGlyph on Glyph{#6160 [SYMBOL]}
DEBUG [cachedLow-thread-1] o.a.omr.sheet.symbol.SymbolsBuilder:194 | evaluateGlyph on Glyph{#6405 [SYMBOL]}
DEBUG [cachedLow-thread-1] o.a.omr.sheet.symbol.SymbolsBuilder:194 | evaluateGlyph on Glyph{#6151 [SYMBOL]}
DEBUG [cachedLow-thread-1] o.a.omr.sheet.symbol.SymbolsBuilder:328 | set size: 2
DEBUG [cachedLow-thread-1] o.a.omr.sheet.symbol.SymbolsBuilder:194 | evaluateGlyph on Glyph{#6168 [SYMBOL]}
DEBUG [cachedLow-thread-1] o.a.omr.sheet.symbol.SymbolsBuilder:194 | evaluateGlyph on Glyph{#6408 [SYMBOL]}
DEBUG [cachedLow-thread-1] o.a.omr.sheet.symbol.SymbolsBuilder:194 | evaluateGlyph on Glyph{#6148 [SYMBOL]}
DEBUG [cachedLow-thread-1] o.a.omr.sheet.symbol.SymbolsBuilder:328 | set size: 1
DEBUG [cachedLow-thread-1] o.a.omr.sheet.symbol.SymbolsBuilder:194 | evaluateGlyph on Glyph{#6150 [SYMBOL]}
DEBUG [cachedLow-thread-1] o.a.omr.sheet.symbol.SymbolsBuilder:328 | set size: 3
DEBUG [cachedLow-thread-1] o.a.omr.sheet.symbol.SymbolsBuilder:194 | evaluateGlyph on Glyph{#6153 [SYMBOL]}
DEBUG [cachedLow-thread-1] o.a.omr.sheet.symbol.SymbolsBuilder:194 | evaluateGlyph on Glyph{#6410 [SYMBOL]}
DEBUG [cachedLow-thread-1] o.a.omr.sheet.symbol.SymbolsBuilder:194 | evaluateGlyph on Glyph{#6411 [SYMBOL]}
DEBUG [cachedLow-thread-1] o.a.omr.sheet.symbol.SymbolsBuilder:194 | evaluateGlyph on Glyph{#6412 [SYMBOL]}
DEBUG [cachedLow-thread-1] o.a.omr.sheet.symbol.SymbolsBuilder:194 | evaluateGlyph on Glyph{#6152 [SYMBOL]}
DEBUG [cachedLow-thread-1] o.a.omr.sheet.rhythm.MeasureStack:256 | No part yet for FlagInter#6413{(0.799) FLAG_1_DOWN}
DEBUG [cachedLow-thread-1] o.a.omr.sheet.symbol.SymbolsBuilder:194 | evaluateGlyph on Glyph{#6170 [SYMBOL]}
DEBUG [cachedLow-thread-1] o.a.omr.sheet.symbol.SymbolsBuilder:328 | set size: 1
DEBUG [cachedLow-thread-1] o.a.omr.sheet.symbol.SymbolsBuilder:194 | evaluateGlyph on Glyph{#6155 [SYMBOL]}
DEBUG [cachedLow-thread-1] o.a.omr.sheet.symbol.SymbolsBuilder:328 | set size: 1
DEBUG [cachedLow-thread-1] o.a.omr.sheet.symbol.SymbolsBuilder:194 | evaluateGlyph on Glyph{#6156 [SYMBOL]}
DEBUG [cachedLow-thread-1] o.a.omr.sheet.symbol.SymbolsBuilder:328 | set size: 1
DEBUG [cachedLow-thread-1] o.a.omr.sheet.symbol.SymbolsBuilder:194 | evaluateGlyph on Glyph{#6164 [SYMBOL]}
DEBUG [cachedLow-thread-1] o.a.omr.sheet.symbol.SymbolsBuilder:328 | set size: 2
DEBUG [cachedLow-thread-1] o.a.omr.sheet.symbol.SymbolsBuilder:194 | evaluateGlyph on Glyph{#6162 [SYMBOL]}
DEBUG [cachedLow-thread-1] o.a.omr.sheet.rhythm.MeasureStack:256 | No part yet for FlagInter#6414{(0.770) FLAG_1}
DEBUG [cachedLow-thread-1] o.a.omr.sheet.symbol.SymbolsBuilder:194 | evaluateGlyph on Glyph{#6415 [SYMBOL]}
DEBUG [cachedLow-thread-1] o.a.omr.sheet.symbol.SymbolsBuilder:194 | evaluateGlyph on Glyph{#6165 [SYMBOL]}
DEBUG [cachedLow-thread-1] o.a.omr.sheet.symbol.SymbolsBuilder:328 | set size: 1
DEBUG [cachedLow-thread-1] o.a.omr.sheet.symbol.SymbolsBuilder:194 | evaluateGlyph on Glyph{#6163 [SYMBOL]}
DEBUG [cachedLow-thread-1] o.a.omr.sheet.symbol.SymbolsBuilder:328 | set size: 1
DEBUG [cachedLow-thread-1] o.a.omr.sheet.symbol.SymbolsBuilder:194 | evaluateGlyph on Glyph{#6166 [SYMBOL]}
DEBUG [cachedLow-thread-1] o.a.omr.sheet.rhythm.MeasureStack:256 | No part yet for FlagInter#6416{(0.798) FLAG_1}
DEBUG [cachedLow-thread-1] o.a.omr.sheet.symbol.SymbolsBuilder:328 | set size: 1
DEBUG [cachedLow-thread-1] o.a.omr.sheet.symbol.SymbolsBuilder:194 | evaluateGlyph on Glyph{#6171 [SYMBOL]}

org.audiveris.omr.sheet.symbol.SymbolsBuilder$Parameters :
   maxGap=13.600000000000001
   maxSymbolWidth=68
   maxSymbolHeight=170
   smallChordMargin=17
   minWeight=9
   minFineWeight=2
DEBUG [cachedLow-thread-1] o.a.omr.sheet.symbol.SymbolsBuilder:155 | System#2 buildSymbols
DEBUG [cachedLow-thread-1] o.a.omr.sheet.symbol.SymbolsBuilder:321 | symbols sets: 118
DEBUG [cachedLow-thread-1] o.a.omr.sheet.symbol.SymbolsBuilder:328 | set size: 2
DEBUG [cachedLow-thread-1] o.a.omr.sheet.symbol.SymbolsBuilder:194 | evaluateGlyph on Glyph{#5421 [SYMBOL]}
DEBUG [cachedLow-thread-1] o.a.omr.sheet.symbol.SymbolsBuilder:194 | evaluateGlyph on Glyph{#6440 [SYMBOL]}
DEBUG [cachedLow-thread-1] o.a.omr.sheet.symbol.SymbolsBuilder:194 | evaluateGlyph on Glyph{#5422 [SYMBOL]}
DEBUG [cachedLow-thread-1] o.a.omr.sheet.symbol.SymbolsBuilder:328 | set size: 1
DEBUG [cachedLow-thread-1] o.a.omr.sheet.symbol.SymbolsBuilder:194 | evaluateGlyph on Glyph{#5423 [SYMBOL]}
DEBUG [cachedLow-thread-1] o.a.omr.sheet.symbol.SymbolsBuilder:328 | set size: 1
DEBUG [cachedLow-thread-1] o.a.omr.sheet.symbol.SymbolsBuilder:194 | evaluateGlyph on Glyph{#5424 [SYMBOL]}
DEBUG [cachedLow-thread-1] o.a.omr.sheet.symbol.SymbolsBuilder:328 | set size: 2
DEBUG [cachedLow-thread-1] o.a.omr.sheet.symbol.SymbolsBuilder:194 | evaluateGlyph on Glyph{#5425 [SYMBOL]}
DEBUG [cachedLow-thread-1] o.a.omr.sheet.symbol.SymbolsBuilder:194 | evaluateGlyph on Glyph{#6441 [SYMBOL]}
DEBUG [cachedLow-thread-1] o.a.omr.sheet.symbol.SymbolsBuilder:194 | evaluateGlyph on Glyph{#5426 [SYMBOL]}
DEBUG [cachedLow-thread-1] o.a.omr.sheet.symbol.SymbolsBuilder:328 | set size: 2
DEBUG [cachedLow-thread-1] o.a.omr.sheet.symbol.SymbolsBuilder:194 | evaluateGlyph on Glyph{#5446 [SYMBOL]}
DEBUG [cachedLow-thread-1] o.a.omr.sheet.symbol.SymbolsBuilder:194 | evaluateGlyph on Glyph{#6442 [SYMBOL]}
DEBUG [cachedLow-thread-1] o.a.omr.sheet.symbol.SymbolsBuilder:194 | evaluateGlyph on Glyph{#5445 [SYMBOL]}
DEBUG [cachedLow-thread-1] o.a.omr.sheet.symbol.SymbolsBuilder:328 | set size: 5
DEBUG [cachedLow-thread-1] o.a.omr.sheet.symbol.SymbolsBuilder:194 | evaluateGlyph on Glyph{#5463 [SYMBOL]}
DEBUG [cachedLow-thread-1] o.a.omr.sheet.symbol.SymbolsBuilder:194 | evaluateGlyph on Glyph{#6443 [SYMBOL]}
DEBUG [cachedLow-thread-1] o.a.omr.sheet.symbol.SymbolsBuilder:194 | evaluateGlyph on Glyph{#6444 [SYMBOL]}
DEBUG [cachedLow-thread-1] o.a.omr.sheet.symbol.SymbolsBuilder:194 | evaluateGlyph on Glyph{#6445 [SYMBOL]}
DEBUG [cachedLow-thread-1] o.a.omr.sheet.symbol.SymbolsBuilder:194 | evaluateGlyph on Glyph{#6446 [SYMBOL]}
DEBUG [cachedLow-thread-1] o.a.omr.sheet.symbol.SymbolsBuilder:194 | evaluateGlyph on Glyph{#5447 [SYMBOL]}
DEBUG [cachedLow-thread-1] o.a.omr.sheet.symbol.SymbolsBuilder:194 | evaluateGlyph on Glyph{#5498 [SYMBOL]}
DEBUG [cachedLow-thread-1] o.a.omr.sheet.symbol.SymbolsBuilder:194 | evaluateGlyph on Glyph{#6447 [SYMBOL]}
DEBUG [cachedLow-thread-1] o.a.omr.sheet.symbol.SymbolsBuilder:194 | evaluateGlyph on Glyph{#6448 [SYMBOL]}
DEBUG [cachedLow-thread-1] o.a.omr.sheet.symbol.SymbolsBuilder:194 | evaluateGlyph on Glyph{#6449 [SYMBOL]}
DEBUG [cachedLow-thread-1] o.a.omr.sheet.symbol.SymbolsBuilder:194 | evaluateGlyph on Glyph{#5493 [SYMBOL]}
DEBUG [cachedLow-thread-1] o.a.omr.sheet.symbol.SymbolsBuilder:194 | evaluateGlyph on Glyph{#5515 [SYMBOL]}
DEBUG [cachedLow-thread-1] o.a.omr.sheet.symbol.SymbolsBuilder:328 | set size: 4
DEBUG [cachedLow-thread-1] o.a.omr.sheet.symbol.SymbolsBuilder:194 | evaluateGlyph on Glyph{#5464 [SYMBOL]}
DEBUG [cachedLow-thread-1] o.a.omr.sheet.symbol.SymbolsBuilder:194 | evaluateGlyph on Glyph{#6450 [SYMBOL]}
DEBUG [cachedLow-thread-1] o.a.omr.sheet.symbol.SymbolsBuilder:194 | evaluateGlyph on Glyph{#6451 [SYMBOL]}
DEBUG [cachedLow-thread-1] o.a.omr.sheet.symbol.SymbolsBuilder:194 | evaluateGlyph on Glyph{#5495 [SYMBOL]}
DEBUG [cachedLow-thread-1] o.a.omr.sheet.symbol.SymbolsBuilder:194 | evaluateGlyph on Glyph{#6452 [SYMBOL]}
DEBUG [cachedLow-thread-1] o.a.omr.sheet.symbol.SymbolsBuilder:194 | evaluateGlyph on Glyph{#5448 [SYMBOL]}
DEBUG [cachedLow-thread-1] o.a.omr.sheet.symbol.SymbolsBuilder:194 | evaluateGlyph on Glyph{#5516 [SYMBOL]}
DEBUG [cachedLow-thread-1] o.a.omr.sheet.symbol.SymbolsBuilder:328 | set size: 4
DEBUG [cachedLow-thread-1] o.a.omr.sheet.symbol.SymbolsBuilder:194 | evaluateGlyph on Glyph{#5469 [SYMBOL]}
DEBUG [cachedLow-thread-1] o.a.omr.sheet.symbol.SymbolsBuilder:194 | evaluateGlyph on Glyph{#6453 [SYMBOL]}
DEBUG [cachedLow-thread-1] o.a.omr.sheet.symbol.SymbolsBuilder:194 | evaluateGlyph on Glyph{#5512 [SYMBOL]}
DEBUG [cachedLow-thread-1] o.a.omr.sheet.symbol.SymbolsBuilder:194 | evaluateGlyph on Glyph{#5453 [SYMBOL]}
DEBUG [cachedLow-thread-1] o.a.omr.sheet.symbol.SymbolsBuilder:194 | evaluateGlyph on Glyph{#6454 [SYMBOL]}
DEBUG [cachedLow-thread-1] o.a.omr.sheet.symbol.SymbolsBuilder:194 | evaluateGlyph on Glyph{#5456 [SYMBOL]}
DEBUG [cachedLow-thread-1] o.a.omr.sheet.symbol.SymbolsBuilder:328 | set size: 2
DEBUG [cachedLow-thread-1] o.a.omr.sheet.symbol.SymbolsBuilder:194 | evaluateGlyph on Glyph{#5457 [SYMBOL]}
DEBUG [cachedLow-thread-1] o.a.omr.sheet.symbol.SymbolsBuilder:194 | evaluateGlyph on Glyph{#6455 [SYMBOL]}
DEBUG [cachedLow-thread-1] o.a.omr.sheet.symbol.SymbolsBuilder:194 | evaluateGlyph on Glyph{#5455 [SYMBOL]}
DEBUG [cachedLow-thread-1] o.a.omr.sheet.symbol.SymbolsBuilder:328 | set size: 5
DEBUG [cachedLow-thread-1] o.a.omr.sheet.symbol.SymbolsBuilder:194 | evaluateGlyph on Glyph{#5478 [SYMBOL]}
DEBUG [cachedLow-thread-1] o.a.omr.sheet.symbol.SymbolsBuilder:194 | evaluateGlyph on Glyph{#6456 [SYMBOL]}
DEBUG [cachedLow-thread-1] o.a.omr.sheet.symbol.SymbolsBuilder:194 | evaluateGlyph on Glyph{#6457 [SYMBOL]}
DEBUG [cachedLow-thread-1] o.a.omr.sheet.symbol.SymbolsBuilder:194 | evaluateGlyph on Glyph{#6458 [SYMBOL]}
DEBUG [cachedLow-thread-1] o.a.omr.sheet.symbol.SymbolsBuilder:194 | evaluateGlyph on Glyph{#6459 [SYMBOL]}
DEBUG [cachedLow-thread-1] o.a.omr.sheet.symbol.SymbolsBuilder:194 | evaluateGlyph on Glyph{#6460 [SYMBOL]}
DEBUG [cachedLow-thread-1] o.a.omr.sheet.symbol.SymbolsBuilder:194 | evaluateGlyph on Glyph{#6461 [SYMBOL]}
DEBUG [cachedLow-thread-1] o.a.omr.sheet.symbol.SymbolsBuilder:194 | evaluateGlyph on Glyph{#5459 [SYMBOL]}
DEBUG [cachedLow-thread-1] o.a.omr.sheet.symbol.SymbolsBuilder:194 | evaluateGlyph on Glyph{#5492 [SYMBOL]}
DEBUG [cachedLow-thread-1] o.a.omr.sheet.symbol.SymbolsBuilder:194 | evaluateGlyph on Glyph{#6462 [SYMBOL]}
DEBUG [cachedLow-thread-1] o.a.omr.sheet.symbol.SymbolsBuilder:194 | evaluateGlyph on Glyph{#6463 [SYMBOL]}
DEBUG [cachedLow-thread-1] o.a.omr.sheet.symbol.SymbolsBuilder:194 | evaluateGlyph on Glyph{#5517 [SYMBOL]}
DEBUG [cachedLow-thread-1] o.a.omr.sheet.symbol.SymbolsBuilder:194 | evaluateGlyph on Glyph{#6464 [SYMBOL]}
DEBUG [cachedLow-thread-1] o.a.omr.sheet.symbol.SymbolsBuilder:194 | evaluateGlyph on Glyph{#5504 [SYMBOL]}
DEBUG [cachedLow-thread-1] o.a.omr.sheet.symbol.SymbolsBuilder:328 | set size: 3
DEBUG [cachedLow-thread-1] o.a.omr.sheet.symbol.SymbolsBuilder:194 | evaluateGlyph on Glyph{#5484 [SYMBOL]}
DEBUG [cachedLow-thread-1] o.a.omr.sheet.symbol.SymbolsBuilder:194 | evaluateGlyph on Glyph{#6465 [SYMBOL]}
DEBUG [cachedLow-thread-1] o.a.omr.sheet.symbol.SymbolsBuilder:194 | evaluateGlyph on Glyph{#5467 [SYMBOL]}
DEBUG [cachedLow-thread-1] o.a.omr.sheet.symbol.SymbolsBuilder:194 | evaluateGlyph on Glyph{#6466 [SYMBOL]}
DEBUG [cachedLow-thread-1] o.a.omr.sheet.symbol.SymbolsBuilder:194 | evaluateGlyph on Glyph{#5477 [SYMBOL]}
DEBUG [cachedLow-thread-1] o.a.omr.sheet.symbol.SymbolsBuilder:328 | set size: 2
DEBUG [cachedLow-thread-1] o.a.omr.sheet.symbol.SymbolsBuilder:194 | evaluateGlyph on Glyph{#5474 [SYMBOL]}
DEBUG [cachedLow-thread-1] o.a.omr.sheet.symbol.SymbolsBuilder:194 | evaluateGlyph on Glyph{#6467 [SYMBOL]}
DEBUG [cachedLow-thread-1] o.a.omr.sheet.symbol.SymbolsBuilder:194 | evaluateGlyph on Glyph{#5471 [SYMBOL]}
DEBUG [cachedLow-thread-1] o.a.omr.sheet.symbol.SymbolsBuilder:328 | set size: 2
DEBUG [cachedLow-thread-1] o.a.omr.sheet.symbol.SymbolsBuilder:194 | evaluateGlyph on Glyph{#5481 [SYMBOL]}
DEBUG [cachedLow-thread-1] o.a.omr.sheet.symbol.SymbolsBuilder:194 | evaluateGlyph on Glyph{#6468 [SYMBOL]}
DEBUG [cachedLow-thread-1] o.a.omr.sheet.symbol.SymbolsBuilder:194 | evaluateGlyph on Glyph{#5472 [SYMBOL]}
DEBUG [cachedLow-thread-1] o.a.omr.sheet.symbol.SymbolsBuilder:328 | set size: 3
DEBUG [cachedLow-thread-1] o.a.omr.sheet.symbol.SymbolsBuilder:194 | evaluateGlyph on Glyph{#5514 [SYMBOL]}
DEBUG [cachedLow-thread-1] o.a.omr.sheet.symbol.SymbolsBuilder:194 | evaluateGlyph on Glyph{#6469 [SYMBOL]}
DEBUG [cachedLow-thread-1] o.a.omr.sheet.symbol.SymbolsBuilder:194 | evaluateGlyph on Glyph{#6470 [SYMBOL]}
DEBUG [cachedLow-thread-1] o.a.omr.sheet.symbol.SymbolsBuilder:194 | evaluateGlyph on Glyph{#5499 [SYMBOL]}
DEBUG [cachedLow-thread-1] o.a.omr.sheet.symbol.SymbolsBuilder:194 | evaluateGlyph on Glyph{#6471 [SYMBOL]}
DEBUG [cachedLow-thread-1] o.a.omr.sheet.symbol.SymbolsBuilder:194 | evaluateGlyph on Glyph{#5486 [SYMBOL]}
DEBUG [cachedLow-thread-1] o.a.omr.sheet.symbol.SymbolsBuilder:328 | set size: 3
DEBUG [cachedLow-thread-1] o.a.omr.sheet.symbol.SymbolsBuilder:194 | evaluateGlyph on Glyph{#5518 [SYMBOL]}
DEBUG [cachedLow-thread-1] o.a.omr.sheet.symbol.SymbolsBuilder:194 | evaluateGlyph on Glyph{#6472 [SYMBOL]}
DEBUG [cachedLow-thread-1] o.a.omr.sheet.symbol.SymbolsBuilder:194 | evaluateGlyph on Glyph{#6473 [SYMBOL]}
DEBUG [cachedLow-thread-1] o.a.omr.sheet.symbol.SymbolsBuilder:194 | evaluateGlyph on Glyph{#5505 [SYMBOL]}
DEBUG [cachedLow-thread-1] o.a.omr.sheet.symbol.SymbolsBuilder:194 | evaluateGlyph on Glyph{#6474 [SYMBOL]}
DEBUG [cachedLow-thread-1] o.a.omr.sheet.symbol.SymbolsBuilder:194 | evaluateGlyph on Glyph{#5488 [SYMBOL]}
DEBUG [cachedLow-thread-1] o.a.omr.sheet.symbol.SymbolsBuilder:328 | set size: 2
DEBUG [cachedLow-thread-1] o.a.omr.sheet.symbol.SymbolsBuilder:194 | evaluateGlyph on Glyph{#5503 [SYMBOL]}
DEBUG [cachedLow-thread-1] o.a.omr.sheet.symbol.SymbolsBuilder:194 | evaluateGlyph on Glyph{#6475 [SYMBOL]}
DEBUG [cachedLow-thread-1] o.a.omr.sheet.symbol.SymbolsBuilder:194 | evaluateGlyph on Glyph{#5487 [SYMBOL]}
DEBUG [cachedLow-thread-1] o.a.omr.sheet.symbol.SymbolsBuilder:328 | set size: 2
DEBUG [cachedLow-thread-1] o.a.omr.sheet.symbol.SymbolsBuilder:194 | evaluateGlyph on Glyph{#5511 [SYMBOL]}
DEBUG [cachedLow-thread-1] o.a.omr.sheet.symbol.SymbolsBuilder:194 | evaluateGlyph on Glyph{#6476 [SYMBOL]}
DEBUG [cachedLow-thread-1] o.a.omr.sheet.symbol.SymbolsBuilder:194 | evaluateGlyph on Glyph{#5501 [SYMBOL]}
DEBUG [cachedLow-thread-1] o.a.omr.sheet.symbol.SymbolsBuilder:328 | set size: 1
DEBUG [cachedLow-thread-1] o.a.omr.sheet.symbol.SymbolsBuilder:194 | evaluateGlyph on Glyph{#5525 [SYMBOL]}
DEBUG [cachedLow-thread-1] o.a.omr.sheet.symbol.SymbolsBuilder:328 | set size: 1
DEBUG [cachedLow-thread-1] o.a.omr.sheet.symbol.SymbolsBuilder:194 | evaluateGlyph on Glyph{#5528 [SYMBOL]}
DEBUG [cachedLow-thread-1] o.a.omr.sheet.symbol.SymbolsBuilder:328 | set size: 1
DEBUG [cachedLow-thread-1] o.a.omr.sheet.symbol.SymbolsBuilder:194 | evaluateGlyph on Glyph{#5531 [SYMBOL]}
DEBUG [cachedLow-thread-1] o.a.omr.sheet.symbol.SymbolsBuilder:328 | set size: 1
DEBUG [cachedLow-thread-1] o.a.omr.sheet.symbol.SymbolsBuilder:194 | evaluateGlyph on Glyph{#5530 [SYMBOL]}
DEBUG [cachedLow-thread-1] o.a.omr.sheet.symbol.SymbolsBuilder:328 | set size: 1
DEBUG [cachedLow-thread-1] o.a.omr.sheet.symbol.SymbolsBuilder:194 | evaluateGlyph on Glyph{#5533 [SYMBOL]}
DEBUG [cachedLow-thread-1] o.a.omr.sheet.symbol.SymbolsBuilder:328 | set size: 4
DEBUG [cachedLow-thread-1] o.a.omr.sheet.symbol.SymbolsBuilder:194 | evaluateGlyph on Glyph{#5534 [SYMBOL]}
DEBUG [cachedLow-thread-1] o.a.omr.sheet.symbol.SymbolsBuilder:194 | evaluateGlyph on Glyph{#6221 [SYMBOL]}
DEBUG [cachedLow-thread-1] o.a.omr.sheet.symbol.SymbolsBuilder:194 | evaluateGlyph on Glyph{#6222 [SYMBOL]}
DEBUG [cachedLow-thread-1] o.a.omr.sheet.symbol.SymbolsBuilder:194 | evaluateGlyph on Glyph{#6223 [SYMBOL]}
DEBUG [cachedLow-thread-1] o.a.omr.sheet.symbol.SymbolsBuilder:194 | evaluateGlyph on Glyph{#6224 [SYMBOL]}
DEBUG [cachedLow-thread-1] o.a.omr.sheet.symbol.SymbolsBuilder:194 | evaluateGlyph on Glyph{#6225 [SYMBOL]}
DEBUG [cachedLow-thread-1] o.a.omr.sheet.symbol.SymbolsBuilder:194 | evaluateGlyph on Glyph{#5535 [SYMBOL]}
DEBUG [cachedLow-thread-1] o.a.omr.sheet.symbol.SymbolsBuilder:194 | evaluateGlyph on Glyph{#6226 [SYMBOL]}
DEBUG [cachedLow-thread-1] o.a.omr.sheet.symbol.SymbolsBuilder:194 | evaluateGlyph on Glyph{#5546 [SYMBOL]}
DEBUG [cachedLow-thread-1] o.a.omr.sheet.symbol.SymbolsBuilder:194 | evaluateGlyph on Glyph{#5547 [SYMBOL]}
DEBUG [cachedLow-thread-1] o.a.omr.sheet.symbol.SymbolsBuilder:328 | set size: 2
DEBUG [cachedLow-thread-1] o.a.omr.sheet.symbol.SymbolsBuilder:194 | evaluateGlyph on Glyph{#5536 [SYMBOL]}
DEBUG [cachedLow-thread-1] o.a.omr.sheet.symbol.SymbolsBuilder:194 | evaluateGlyph on Glyph{#6477 [SYMBOL]}
DEBUG [cachedLow-thread-1] o.a.omr.sheet.symbol.SymbolsBuilder:328 | set size: 1
DEBUG [cachedLow-thread-1] o.a.omr.sheet.symbol.SymbolsBuilder:194 | evaluateGlyph on Glyph{#5539 [SYMBOL]}
DEBUG [cachedLow-thread-1] o.a.omr.sheet.symbol.SymbolsBuilder:328 | set size: 1
DEBUG [cachedLow-thread-1] o.a.omr.sheet.symbol.SymbolsBuilder:194 | evaluateGlyph on Glyph{#5543 [SYMBOL]}
DEBUG [cachedLow-thread-1] o.a.omr.sheet.symbol.SymbolsBuilder:328 | set size: 3
DEBUG [cachedLow-thread-1] o.a.omr.sheet.symbol.SymbolsBuilder:194 | evaluateGlyph on Glyph{#5549 [SYMBOL]}
DEBUG [cachedLow-thread-1] o.a.omr.sheet.symbol.SymbolsBuilder:194 | evaluateGlyph on Glyph{#6479 [SYMBOL]}
DEBUG [cachedLow-thread-1] o.a.omr.sheet.symbol.SymbolsBuilder:194 | evaluateGlyph on Glyph{#6480 [SYMBOL]}
DEBUG [cachedLow-thread-1] o.a.omr.sheet.symbol.SymbolsBuilder:194 | evaluateGlyph on Glyph{#5552 [SYMBOL]}
DEBUG [cachedLow-thread-1] o.a.omr.sheet.symbol.SymbolsBuilder:194 | evaluateGlyph on Glyph{#6481 [SYMBOL]}
DEBUG [cachedLow-thread-1] o.a.omr.sheet.symbol.SymbolsBuilder:328 | set size: 1
DEBUG [cachedLow-thread-1] o.a.omr.sheet.symbol.SymbolsBuilder:194 | evaluateGlyph on Glyph{#5555 [SYMBOL]}
DEBUG [cachedLow-thread-1] o.a.omr.sheet.symbol.SymbolsBuilder:328 | set size: 5
DEBUG [cachedLow-thread-1] o.a.omr.sheet.symbol.SymbolsBuilder:194 | evaluateGlyph on Glyph{#5556 [SYMBOL]}
DEBUG [cachedLow-thread-1] o.a.omr.sheet.symbol.SymbolsBuilder:194 | evaluateGlyph on Glyph{#6227 [SYMBOL]}
DEBUG [cachedLow-thread-1] o.a.omr.sheet.symbol.SymbolsBuilder:194 | evaluateGlyph on Glyph{#6228 [SYMBOL]}
DEBUG [cachedLow-thread-1] o.a.omr.sheet.symbol.SymbolsBuilder:194 | evaluateGlyph on Glyph{#6229 [SYMBOL]}
DEBUG [cachedLow-thread-1] o.a.omr.sheet.symbol.SymbolsBuilder:194 | evaluateGlyph on Glyph{#5600 [SYMBOL]}
DEBUG [cachedLow-thread-1] o.a.omr.sheet.symbol.SymbolsBuilder:194 | evaluateGlyph on Glyph{#6230 [SYMBOL]}
DEBUG [cachedLow-thread-1] o.a.omr.sheet.symbol.SymbolsBuilder:194 | evaluateGlyph on Glyph{#6231 [SYMBOL]}
DEBUG [cachedLow-thread-1] o.a.omr.sheet.symbol.SymbolsBuilder:194 | evaluateGlyph on Glyph{#6232 [SYMBOL]}
DEBUG [cachedLow-thread-1] o.a.omr.sheet.symbol.SymbolsBuilder:194 | evaluateGlyph on Glyph{#5586 [SYMBOL]}
DEBUG [cachedLow-thread-1] o.a.omr.sheet.symbol.SymbolsBuilder:194 | evaluateGlyph on Glyph{#6233 [SYMBOL]}
DEBUG [cachedLow-thread-1] o.a.omr.sheet.symbol.SymbolsBuilder:194 | evaluateGlyph on Glyph{#6234 [SYMBOL]}
DEBUG [cachedLow-thread-1] o.a.omr.sheet.symbol.SymbolsBuilder:194 | evaluateGlyph on Glyph{#6235 [SYMBOL]}
DEBUG [cachedLow-thread-1] o.a.omr.sheet.symbol.SymbolsBuilder:194 | evaluateGlyph on Glyph{#5579 [SYMBOL]}
DEBUG [cachedLow-thread-1] o.a.omr.sheet.symbol.SymbolsBuilder:194 | evaluateGlyph on Glyph{#5593 [SYMBOL]}
DEBUG [cachedLow-thread-1] o.a.omr.sheet.symbol.SymbolsBuilder:328 | set size: 3
DEBUG [cachedLow-thread-1] o.a.omr.sheet.symbol.SymbolsBuilder:194 | evaluateGlyph on Glyph{#5557 [SYMBOL]}
DEBUG [cachedLow-thread-1] o.a.omr.sheet.symbol.SymbolsBuilder:194 | evaluateGlyph on Glyph{#6483 [SYMBOL]}
DEBUG [cachedLow-thread-1] o.a.omr.sheet.symbol.SymbolsBuilder:194 | evaluateGlyph on Glyph{#6484 [SYMBOL]}
DEBUG [cachedLow-thread-1] o.a.omr.sheet.symbol.SymbolsBuilder:194 | evaluateGlyph on Glyph{#6485 [SYMBOL]}
DEBUG [cachedLow-thread-1] o.a.omr.sheet.symbol.SymbolsBuilder:194 | evaluateGlyph on Glyph{#5568 [SYMBOL]}
DEBUG [cachedLow-thread-1] o.a.omr.sheet.symbol.SymbolsBuilder:194 | evaluateGlyph on Glyph{#6486 [SYMBOL]}
DEBUG [cachedLow-thread-1] o.a.omr.sheet.symbol.SymbolsBuilder:328 | set size: 2
DEBUG [cachedLow-thread-1] o.a.omr.sheet.symbol.SymbolsBuilder:194 | evaluateGlyph on Glyph{#5558 [SYMBOL]}
DEBUG [cachedLow-thread-1] o.a.omr.sheet.symbol.SymbolsBuilder:194 | evaluateGlyph on Glyph{#6487 [SYMBOL]}
DEBUG [cachedLow-thread-1] o.a.omr.sheet.symbol.SymbolsBuilder:194 | evaluateGlyph on Glyph{#5583 [SYMBOL]}
DEBUG [cachedLow-thread-1] o.a.omr.sheet.symbol.SymbolsBuilder:328 | set size: 1
DEBUG [cachedLow-thread-1] o.a.omr.sheet.symbol.SymbolsBuilder:194 | evaluateGlyph on Glyph{#5561 [SYMBOL]}
DEBUG [cachedLow-thread-1] o.a.omr.sheet.symbol.SymbolsBuilder:328 | set size: 2
DEBUG [cachedLow-thread-1] o.a.omr.sheet.symbol.SymbolsBuilder:194 | evaluateGlyph on Glyph{#5560 [SYMBOL]}
DEBUG [cachedLow-thread-1] o.a.omr.sheet.symbol.SymbolsBuilder:328 | set size: 2
DEBUG [cachedLow-thread-1] o.a.omr.sheet.symbol.SymbolsBuilder:194 | evaluateGlyph on Glyph{#5565 [SYMBOL]}
DEBUG [cachedLow-thread-1] o.a.omr.sheet.symbol.SymbolsBuilder:194 | evaluateGlyph on Glyph{#6488 [SYMBOL]}
DEBUG [cachedLow-thread-1] o.a.omr.sheet.symbol.SymbolsBuilder:194 | evaluateGlyph on Glyph{#5571 [SYMBOL]}
DEBUG [cachedLow-thread-1] o.a.omr.sheet.symbol.SymbolsBuilder:328 | set size: 1
DEBUG [cachedLow-thread-1] o.a.omr.sheet.symbol.SymbolsBuilder:194 | evaluateGlyph on Glyph{#5564 [SYMBOL]}
DEBUG [cachedLow-thread-1] o.a.omr.sheet.symbol.SymbolsBuilder:328 | set size: 2
DEBUG [cachedLow-thread-1] o.a.omr.sheet.symbol.SymbolsBuilder:194 | evaluateGlyph on Glyph{#5570 [SYMBOL]}
DEBUG [cachedLow-thread-1] o.a.omr.sheet.symbol.SymbolsBuilder:194 | evaluateGlyph on Glyph{#6490 [SYMBOL]}
DEBUG [cachedLow-thread-1] o.a.omr.sheet.symbol.SymbolsBuilder:328 | set size: 1
DEBUG [cachedLow-thread-1] o.a.omr.sheet.symbol.SymbolsBuilder:194 | evaluateGlyph on Glyph{#5573 [SYMBOL]}
DEBUG [cachedLow-thread-1] o.a.omr.sheet.symbol.SymbolsBuilder:328 | set size: 2
DEBUG [cachedLow-thread-1] o.a.omr.sheet.symbol.SymbolsBuilder:194 | evaluateGlyph on Glyph{#5625 [SYMBOL]}
DEBUG [cachedLow-thread-1] o.a.omr.sheet.symbol.SymbolsBuilder:328 | set size: 2
DEBUG [cachedLow-thread-1] o.a.omr.sheet.symbol.SymbolsBuilder:194 | evaluateGlyph on Glyph{#5576 [SYMBOL]}
DEBUG [cachedLow-thread-1] o.a.omr.sheet.rhythm.MeasureStack:256 | No part yet for FlagInter#6491{(0.796) FLAG_1}
DEBUG [cachedLow-thread-1] o.a.omr.sheet.symbol.SymbolsBuilder:194 | evaluateGlyph on Glyph{#6492 [SYMBOL]}
DEBUG [cachedLow-thread-1] o.a.omr.sheet.symbol.SymbolsBuilder:194 | evaluateGlyph on Glyph{#5577 [SYMBOL]}
DEBUG [cachedLow-thread-1] o.a.omr.sheet.symbol.SymbolsBuilder:328 | set size: 1
DEBUG [cachedLow-thread-1] o.a.omr.sheet.symbol.SymbolsBuilder:194 | evaluateGlyph on Glyph{#5578 [SYMBOL]}
DEBUG [cachedLow-thread-1] o.a.omr.sheet.symbol.SymbolsBuilder:328 | set size: 3
DEBUG [cachedLow-thread-1] o.a.omr.sheet.symbol.SymbolsBuilder:194 | evaluateGlyph on Glyph{#5595 [SYMBOL]}
DEBUG [cachedLow-thread-1] o.a.omr.sheet.symbol.SymbolsBuilder:194 | evaluateGlyph on Glyph{#6494 [SYMBOL]}
DEBUG [cachedLow-thread-1] o.a.omr.sheet.symbol.SymbolsBuilder:194 | evaluateGlyph on Glyph{#6495 [SYMBOL]}
DEBUG [cachedLow-thread-1] o.a.omr.sheet.symbol.SymbolsBuilder:194 | evaluateGlyph on Glyph{#5590 [SYMBOL]}
DEBUG [cachedLow-thread-1] o.a.omr.sheet.symbol.SymbolsBuilder:194 | evaluateGlyph on Glyph{#6496 [SYMBOL]}
DEBUG [cachedLow-thread-1] o.a.omr.sheet.symbol.SymbolsBuilder:194 | evaluateGlyph on Glyph{#5587 [SYMBOL]}
DEBUG [cachedLow-thread-1] o.a.omr.sheet.symbol.SymbolsBuilder:328 | set size: 1
DEBUG [cachedLow-thread-1] o.a.omr.sheet.symbol.SymbolsBuilder:194 | evaluateGlyph on Glyph{#5592 [SYMBOL]}
DEBUG [cachedLow-thread-1] o.a.omr.sheet.symbol.SymbolsBuilder:328 | set size: 1
DEBUG [cachedLow-thread-1] o.a.omr.sheet.symbol.SymbolsBuilder:194 | evaluateGlyph on Glyph{#5594 [SYMBOL]}
DEBUG [cachedLow-thread-1] o.a.omr.sheet.symbol.SymbolsBuilder:328 | set size: 1
DEBUG [cachedLow-thread-1] o.a.omr.sheet.symbol.SymbolsBuilder:194 | evaluateGlyph on Glyph{#5596 [SYMBOL]}
DEBUG [cachedLow-thread-1] o.a.omr.sheet.symbol.SymbolsBuilder:328 | set size: 1
DEBUG [cachedLow-thread-1] o.a.omr.sheet.symbol.SymbolsBuilder:194 | evaluateGlyph on Glyph{#5597 [SYMBOL]}
DEBUG [cachedLow-thread-1] o.a.omr.sheet.symbol.SymbolsBuilder:328 | set size: 2
DEBUG [cachedLow-thread-1] o.a.omr.sheet.symbol.SymbolsBuilder:194 | evaluateGlyph on Glyph{#5603 [SYMBOL]}
DEBUG [cachedLow-thread-1] o.a.omr.sheet.symbol.SymbolsBuilder:194 | evaluateGlyph on Glyph{#6497 [SYMBOL]}
DEBUG [cachedLow-thread-1] o.a.omr.sheet.symbol.SymbolsBuilder:328 | set size: 1
DEBUG [cachedLow-thread-1] o.a.omr.sheet.symbol.SymbolsBuilder:194 | evaluateGlyph on Glyph{#5601 [SYMBOL]}
DEBUG [cachedLow-thread-1] o.a.omr.sheet.symbol.SymbolsBuilder:328 | set size: 1
DEBUG [cachedLow-thread-1] o.a.omr.sheet.symbol.SymbolsBuilder:194 | evaluateGlyph on Glyph{#5617 [SYMBOL]}
DEBUG [cachedLow-thread-1] o.a.omr.sheet.symbol.SymbolsBuilder:328 | set size: 1
DEBUG [cachedLow-thread-1] o.a.omr.sheet.symbol.SymbolsBuilder:194 | evaluateGlyph on Glyph{#5618 [SYMBOL]}
DEBUG [cachedLow-thread-1] o.a.omr.sheet.symbol.SymbolsBuilder:328 | set size: 2
DEBUG [cachedLow-thread-1] o.a.omr.sheet.symbol.SymbolsBuilder:194 | evaluateGlyph on Glyph{#5622 [SYMBOL]}
DEBUG [cachedLow-thread-1] o.a.omr.sheet.symbol.SymbolsBuilder:194 | evaluateGlyph on Glyph{#6499 [SYMBOL]}
DEBUG [cachedLow-thread-1] o.a.omr.sheet.symbol.SymbolsBuilder:328 | set size: 1
DEBUG [cachedLow-thread-1] o.a.omr.sheet.symbol.SymbolsBuilder:194 | evaluateGlyph on Glyph{#5631 [SYMBOL]}
DEBUG [cachedLow-thread-1] o.a.omr.sheet.symbol.SymbolsBuilder:328 | set size: 2
DEBUG [cachedLow-thread-1] o.a.omr.sheet.symbol.SymbolsBuilder:194 | evaluateGlyph on Glyph{#5635 [SYMBOL]}
DEBUG [cachedLow-thread-1] o.a.omr.sheet.symbol.SymbolsBuilder:194 | evaluateGlyph on Glyph{#6500 [SYMBOL]}
DEBUG [cachedLow-thread-1] o.a.omr.sheet.symbol.SymbolsBuilder:194 | evaluateGlyph on Glyph{#5643 [SYMBOL]}
DEBUG [cachedLow-thread-1] o.a.omr.sheet.symbol.SymbolsBuilder:328 | set size: 5
DEBUG [cachedLow-thread-1] o.a.omr.sheet.symbol.SymbolsBuilder:194 | evaluateGlyph on Glyph{#5660 [SYMBOL]}
DEBUG [cachedLow-thread-1] o.a.omr.sheet.symbol.SymbolsBuilder:194 | evaluateGlyph on Glyph{#6501 [SYMBOL]}
DEBUG [cachedLow-thread-1] o.a.omr.sheet.symbol.SymbolsBuilder:194 | evaluateGlyph on Glyph{#6502 [SYMBOL]}
DEBUG [cachedLow-thread-1] o.a.omr.sheet.symbol.SymbolsBuilder:194 | evaluateGlyph on Glyph{#6504 [SYMBOL]}
DEBUG [cachedLow-thread-1] o.a.omr.sheet.symbol.SymbolsBuilder:194 | evaluateGlyph on Glyph{#6505 [SYMBOL]}
DEBUG [cachedLow-thread-1] o.a.omr.sheet.symbol.SymbolsBuilder:194 | evaluateGlyph on Glyph{#6506 [SYMBOL]}
DEBUG [cachedLow-thread-1] o.a.omr.sheet.symbol.SymbolsBuilder:194 | evaluateGlyph on Glyph{#5647 [SYMBOL]}
DEBUG [cachedLow-thread-1] o.a.omr.sheet.symbol.SymbolsBuilder:194 | evaluateGlyph on Glyph{#6507 [SYMBOL]}
DEBUG [cachedLow-thread-1] o.a.omr.sheet.symbol.SymbolsBuilder:194 | evaluateGlyph on Glyph{#5669 [SYMBOL]}
DEBUG [cachedLow-thread-1] o.a.omr.sheet.symbol.SymbolsBuilder:194 | evaluateGlyph on Glyph{#6509 [SYMBOL]}
DEBUG [cachedLow-thread-1] o.a.omr.sheet.symbol.SymbolsBuilder:194 | evaluateGlyph on Glyph{#5637 [SYMBOL]}
DEBUG [cachedLow-thread-1] o.a.omr.sheet.symbol.SymbolsBuilder:194 | evaluateGlyph on Glyph{#5680 [SYMBOL]}
DEBUG [cachedLow-thread-1] o.a.omr.sheet.symbol.SymbolsBuilder:328 | set size: 1
DEBUG [cachedLow-thread-1] o.a.omr.sheet.symbol.SymbolsBuilder:194 | evaluateGlyph on Glyph{#5636 [SYMBOL]}
DEBUG [cachedLow-thread-1] o.a.omr.sheet.symbol.SymbolsBuilder:328 | set size: 1
DEBUG [cachedLow-thread-1] o.a.omr.sheet.symbol.SymbolsBuilder:194 | evaluateGlyph on Glyph{#5640 [SYMBOL]}
DEBUG [cachedLow-thread-1] o.a.omr.sheet.symbol.SymbolsBuilder:328 | set size: 1
DEBUG [cachedLow-thread-1] o.a.omr.sheet.symbol.SymbolsBuilder:194 | evaluateGlyph on Glyph{#5641 [SYMBOL]}
DEBUG [cachedLow-thread-1] o.a.omr.sheet.symbol.SymbolsBuilder:328 | set size: 1
DEBUG [cachedLow-thread-1] o.a.omr.sheet.symbol.SymbolsBuilder:194 | evaluateGlyph on Glyph{#5648 [SYMBOL]}
DEBUG [cachedLow-thread-1] o.a.omr.sheet.symbol.SymbolsBuilder:328 | set size: 1
DEBUG [cachedLow-thread-1] o.a.omr.sheet.symbol.SymbolsBuilder:194 | evaluateGlyph on Glyph{#5649 [SYMBOL]}
DEBUG [cachedLow-thread-1] o.a.omr.sheet.symbol.SymbolsBuilder:328 | set size: 1
DEBUG [cachedLow-thread-1] o.a.omr.sheet.symbol.SymbolsBuilder:194 | evaluateGlyph on Glyph{#5651 [SYMBOL]}
DEBUG [cachedLow-thread-1] o.a.omr.sheet.symbol.SymbolsBuilder:328 | set size: 11
DEBUG [cachedLow-thread-1] o.a.omr.sheet.symbol.SymbolsBuilder:340 | Symbol parts shrunk from 11 to 7
DEBUG [cachedLow-thread-1] o.a.omr.sheet.symbol.SymbolsBuilder:194 | evaluateGlyph on Glyph{#5662 [SYMBOL]}
DEBUG [cachedLow-thread-1] o.a.omr.sheet.symbol.SymbolsBuilder:194 | evaluateGlyph on Glyph{#6511 [SYMBOL]}
DEBUG [cachedLow-thread-1] o.a.omr.sheet.symbol.SymbolsBuilder:194 | evaluateGlyph on Glyph{#6512 [SYMBOL]}
DEBUG [cachedLow-thread-1] o.a.omr.sheet.symbol.SymbolsBuilder:194 | evaluateGlyph on Glyph{#6513 [SYMBOL]}
DEBUG [cachedLow-thread-1] o.a.omr.sheet.symbol.SymbolsBuilder:194 | evaluateGlyph on Glyph{#6514 [SYMBOL]}
DEBUG [cachedLow-thread-1] o.a.omr.sheet.symbol.SymbolsBuilder:194 | evaluateGlyph on Glyph{#6515 [SYMBOL]}
DEBUG [cachedLow-thread-1] o.a.omr.sheet.symbol.SymbolsBuilder:194 | evaluateGlyph on Glyph{#6516 [SYMBOL]}
DEBUG [cachedLow-thread-1] o.a.omr.sheet.symbol.SymbolsBuilder:194 | evaluateGlyph on Glyph{#6517 [SYMBOL]}
DEBUG [cachedLow-thread-1] o.a.omr.sheet.symbol.SymbolsBuilder:194 | evaluateGlyph on Glyph{#5675 [SYMBOL]}
DEBUG [cachedLow-thread-1] o.a.omr.sheet.symbol.SymbolsBuilder:194 | evaluateGlyph on Glyph{#5690 [SYMBOL]}
DEBUG [cachedLow-thread-1] o.a.omr.sheet.symbol.SymbolsBuilder:194 | evaluateGlyph on Glyph{#6518 [SYMBOL]}
DEBUG [cachedLow-thread-1] o.a.omr.sheet.symbol.SymbolsBuilder:194 | evaluateGlyph on Glyph{#6519 [SYMBOL]}
DEBUG [cachedLow-thread-1] o.a.omr.sheet.symbol.SymbolsBuilder:194 | evaluateGlyph on Glyph{#6520 [SYMBOL]}
DEBUG [cachedLow-thread-1] o.a.omr.sheet.symbol.SymbolsBuilder:194 | evaluateGlyph on Glyph{#5687 [SYMBOL]}
DEBUG [cachedLow-thread-1] o.a.omr.sheet.symbol.SymbolsBuilder:194 | evaluateGlyph on Glyph{#6521 [SYMBOL]}
DEBUG [cachedLow-thread-1] o.a.omr.sheet.symbol.SymbolsBuilder:194 | evaluateGlyph on Glyph{#5659 [SYMBOL]}
DEBUG [cachedLow-thread-1] o.a.omr.sheet.symbol.SymbolsBuilder:194 | evaluateGlyph on Glyph{#6522 [SYMBOL]}
DEBUG [cachedLow-thread-1] o.a.omr.sheet.symbol.SymbolsBuilder:194 | evaluateGlyph on Glyph{#5684 [SYMBOL]}
DEBUG [cachedLow-thread-1] o.a.omr.sheet.symbol.SymbolsBuilder:194 | evaluateGlyph on Glyph{#5656 [SYMBOL]}
DEBUG [cachedLow-thread-1] o.a.omr.sheet.symbol.SymbolsBuilder:328 | set size: 1
DEBUG [cachedLow-thread-1] o.a.omr.sheet.symbol.SymbolsBuilder:194 | evaluateGlyph on Glyph{#5658 [SYMBOL]}
DEBUG [cachedLow-thread-1] o.a.omr.sheet.symbol.SymbolsBuilder:328 | set size: 1
DEBUG [cachedLow-thread-1] o.a.omr.sheet.symbol.SymbolsBuilder:194 | evaluateGlyph on Glyph{#5661 [SYMBOL]}
DEBUG [cachedLow-thread-1] o.a.omr.sheet.symbol.SymbolsBuilder:328 | set size: 1
DEBUG [cachedLow-thread-1] o.a.omr.sheet.symbol.SymbolsBuilder:194 | evaluateGlyph on Glyph{#5664 [SYMBOL]}
DEBUG [cachedLow-thread-1] o.a.omr.sheet.symbol.SymbolsBuilder:328 | set size: 2
DEBUG [cachedLow-thread-1] o.a.omr.sheet.symbol.SymbolsBuilder:194 | evaluateGlyph on Glyph{#5709 [SYMBOL]}
DEBUG [cachedLow-thread-1] o.a.omr.sheet.symbol.SymbolsBuilder:328 | set size: 1
DEBUG [cachedLow-thread-1] o.a.omr.sheet.symbol.SymbolsBuilder:194 | evaluateGlyph on Glyph{#5672 [SYMBOL]}
DEBUG [cachedLow-thread-1] o.a.omr.sheet.symbol.SymbolsBuilder:328 | set size: 1
DEBUG [cachedLow-thread-1] o.a.omr.sheet.symbol.SymbolsBuilder:194 | evaluateGlyph on Glyph{#5688 [SYMBOL]}
DEBUG [cachedLow-thread-1] o.a.omr.sheet.symbol.SymbolsBuilder:328 | set size: 1
DEBUG [cachedLow-thread-1] o.a.omr.sheet.symbol.SymbolsBuilder:194 | evaluateGlyph on Glyph{#5696 [SYMBOL]}
DEBUG [cachedLow-thread-1] o.a.omr.sheet.symbol.SymbolsBuilder:328 | set size: 1
DEBUG [cachedLow-thread-1] o.a.omr.sheet.symbol.SymbolsBuilder:194 | evaluateGlyph on Glyph{#5701 [SYMBOL]}
DEBUG [cachedLow-thread-1] o.a.omr.sheet.symbol.SymbolsBuilder:328 | set size: 1
DEBUG [cachedLow-thread-1] o.a.omr.sheet.symbol.SymbolsBuilder:194 | evaluateGlyph on Glyph{#5702 [SYMBOL]}
DEBUG [cachedLow-thread-1] o.a.omr.sheet.symbol.SymbolsBuilder:328 | set size: 1
DEBUG [cachedLow-thread-1] o.a.omr.sheet.symbol.SymbolsBuilder:194 | evaluateGlyph on Glyph{#5706 [SYMBOL]}
DEBUG [cachedLow-thread-1] o.a.omr.sheet.symbol.SymbolsBuilder:328 | set size: 2
DEBUG [cachedLow-thread-1] o.a.omr.sheet.symbol.SymbolsBuilder:194 | evaluateGlyph on Glyph{#5707 [SYMBOL]}
DEBUG [cachedLow-thread-1] o.a.omr.sheet.symbol.SymbolsBuilder:194 | evaluateGlyph on Glyph{#6525 [SYMBOL]}
DEBUG [cachedLow-thread-1] o.a.omr.sheet.symbol.SymbolsBuilder:194 | evaluateGlyph on Glyph{#5710 [SYMBOL]}
DEBUG [cachedLow-thread-1] o.a.omr.sheet.symbol.SymbolsBuilder:328 | set size: 11
DEBUG [cachedLow-thread-1] o.a.omr.sheet.symbol.SymbolsBuilder:340 | Symbol parts shrunk from 11 to 7
DEBUG [cachedLow-thread-1] o.a.omr.sheet.symbol.SymbolsBuilder:194 | evaluateGlyph on Glyph{#5736 [SYMBOL]}
DEBUG [cachedLow-thread-1] o.a.omr.sheet.symbol.SymbolsBuilder:194 | evaluateGlyph on Glyph{#6526 [SYMBOL]}
DEBUG [cachedLow-thread-1] o.a.omr.sheet.symbol.SymbolsBuilder:194 | evaluateGlyph on Glyph{#6527 [SYMBOL]}
DEBUG [cachedLow-thread-1] o.a.omr.sheet.symbol.SymbolsBuilder:194 | evaluateGlyph on Glyph{#5719 [SYMBOL]}
DEBUG [cachedLow-thread-1] o.a.omr.sheet.symbol.SymbolsBuilder:194 | evaluateGlyph on Glyph{#5711 [SYMBOL]}
DEBUG [cachedLow-thread-1] o.a.omr.sheet.symbol.SymbolsBuilder:194 | evaluateGlyph on Glyph{#6528 [SYMBOL]}
DEBUG [cachedLow-thread-1] o.a.omr.sheet.symbol.SymbolsBuilder:194 | evaluateGlyph on Glyph{#5733 [SYMBOL]}
DEBUG [cachedLow-thread-1] o.a.omr.sheet.symbol.SymbolsBuilder:194 | evaluateGlyph on Glyph{#6529 [SYMBOL]}
DEBUG [cachedLow-thread-1] o.a.omr.sheet.symbol.SymbolsBuilder:194 | evaluateGlyph on Glyph{#5727 [SYMBOL]}
DEBUG [cachedLow-thread-1] o.a.omr.sheet.symbol.SymbolsBuilder:194 | evaluateGlyph on Glyph{#5708 [SYMBOL]}
DEBUG [cachedLow-thread-1] o.a.omr.sheet.symbol.SymbolsBuilder:194 | evaluateGlyph on Glyph{#5714 [SYMBOL]}
DEBUG [cachedLow-thread-1] o.a.omr.sheet.symbol.SymbolsBuilder:328 | set size: 1
DEBUG [cachedLow-thread-1] o.a.omr.sheet.symbol.SymbolsBuilder:194 | evaluateGlyph on Glyph{#5716 [SYMBOL]}
DEBUG [cachedLow-thread-1] o.a.omr.sheet.symbol.SymbolsBuilder:328 | set size: 1
DEBUG [cachedLow-thread-1] o.a.omr.sheet.symbol.SymbolsBuilder:194 | evaluateGlyph on Glyph{#5718 [SYMBOL]}
DEBUG [cachedLow-thread-1] o.a.omr.sheet.symbol.SymbolsBuilder:328 | set size: 8
DEBUG [cachedLow-thread-1] o.a.omr.sheet.symbol.SymbolsBuilder:340 | Symbol parts shrunk from 8 to 7
DEBUG [cachedLow-thread-1] o.a.omr.sheet.symbol.SymbolsBuilder:194 | evaluateGlyph on Glyph{#5742 [SYMBOL]}
DEBUG [cachedLow-thread-1] o.a.omr.sheet.symbol.SymbolsBuilder:194 | evaluateGlyph on Glyph{#6266 [SYMBOL]}
DEBUG [cachedLow-thread-1] o.a.omr.sheet.symbol.SymbolsBuilder:194 | evaluateGlyph on Glyph{#6267 [SYMBOL]}
DEBUG [cachedLow-thread-1] o.a.omr.sheet.symbol.SymbolsBuilder:194 | evaluateGlyph on Glyph{#6268 [SYMBOL]}
DEBUG [cachedLow-thread-1] o.a.omr.sheet.symbol.SymbolsBuilder:194 | evaluateGlyph on Glyph{#6269 [SYMBOL]}
DEBUG [cachedLow-thread-1] o.a.omr.sheet.symbol.SymbolsBuilder:194 | evaluateGlyph on Glyph{#6270 [SYMBOL]}
DEBUG [cachedLow-thread-1] o.a.omr.sheet.symbol.SymbolsBuilder:194 | evaluateGlyph on Glyph{#5743 [SYMBOL]}
DEBUG [cachedLow-thread-1] o.a.omr.sheet.symbol.SymbolsBuilder:194 | evaluateGlyph on Glyph{#5769 [SYMBOL]}
DEBUG [cachedLow-thread-1] o.a.omr.sheet.symbol.SymbolsBuilder:194 | evaluateGlyph on Glyph{#5758 [SYMBOL]}
DEBUG [cachedLow-thread-1] o.a.omr.sheet.symbol.SymbolsBuilder:194 | evaluateGlyph on Glyph{#6271 [SYMBOL]}
DEBUG [cachedLow-thread-1] o.a.omr.sheet.symbol.SymbolsBuilder:194 | evaluateGlyph on Glyph{#5759 [SYMBOL]}
DEBUG [cachedLow-thread-1] o.a.omr.sheet.symbol.SymbolsBuilder:328 | set size: 2
DEBUG [cachedLow-thread-1] o.a.omr.sheet.symbol.SymbolsBuilder:194 | evaluateGlyph on Glyph{#5746 [SYMBOL]}
DEBUG [cachedLow-thread-1] o.a.omr.sheet.symbol.SymbolsBuilder:194 | evaluateGlyph on Glyph{#6531 [SYMBOL]}
DEBUG [cachedLow-thread-1] o.a.omr.sheet.symbol.SymbolsBuilder:194 | evaluateGlyph on Glyph{#5739 [SYMBOL]}
DEBUG [cachedLow-thread-1] o.a.omr.sheet.symbol.SymbolsBuilder:328 | set size: 1
DEBUG [cachedLow-thread-1] o.a.omr.sheet.symbol.SymbolsBuilder:194 | evaluateGlyph on Glyph{#5741 [SYMBOL]}
DEBUG [cachedLow-thread-1] o.a.omr.sheet.symbol.SymbolsBuilder:328 | set size: 8
DEBUG [cachedLow-thread-1] o.a.omr.sheet.symbol.SymbolsBuilder:340 | Symbol parts shrunk from 8 to 7
DEBUG [cachedLow-thread-1] o.a.omr.sheet.symbol.SymbolsBuilder:194 | evaluateGlyph on Glyph{#5744 [SYMBOL]}
DEBUG [cachedLow-thread-1] o.a.omr.sheet.symbol.SymbolsBuilder:194 | evaluateGlyph on Glyph{#6533 [SYMBOL]}
DEBUG [cachedLow-thread-1] o.a.omr.sheet.symbol.SymbolsBuilder:194 | evaluateGlyph on Glyph{#6534 [SYMBOL]}
DEBUG [cachedLow-thread-1] o.a.omr.sheet.symbol.SymbolsBuilder:194 | evaluateGlyph on Glyph{#6535 [SYMBOL]}
DEBUG [cachedLow-thread-1] o.a.omr.sheet.symbol.SymbolsBuilder:194 | evaluateGlyph on Glyph{#6536 [SYMBOL]}
DEBUG [cachedLow-thread-1] o.a.omr.sheet.symbol.SymbolsBuilder:194 | evaluateGlyph on Glyph{#6537 [SYMBOL]}
DEBUG [cachedLow-thread-1] o.a.omr.sheet.symbol.SymbolsBuilder:194 | evaluateGlyph on Glyph{#6538 [SYMBOL]}
DEBUG [cachedLow-thread-1] o.a.omr.sheet.symbol.SymbolsBuilder:194 | evaluateGlyph on Glyph{#6539 [SYMBOL]}
DEBUG [cachedLow-thread-1] o.a.omr.sheet.symbol.SymbolsBuilder:194 | evaluateGlyph on Glyph{#6540 [SYMBOL]}
DEBUG [cachedLow-thread-1] o.a.omr.sheet.symbol.SymbolsBuilder:194 | evaluateGlyph on Glyph{#6541 [SYMBOL]}
DEBUG [cachedLow-thread-1] o.a.omr.sheet.symbol.SymbolsBuilder:194 | evaluateGlyph on Glyph{#6542 [SYMBOL]}
DEBUG [cachedLow-thread-1] o.a.omr.sheet.symbol.SymbolsBuilder:194 | evaluateGlyph on Glyph{#6543 [SYMBOL]}
DEBUG [cachedLow-thread-1] o.a.omr.sheet.symbol.SymbolsBuilder:194 | evaluateGlyph on Glyph{#6544 [SYMBOL]}
DEBUG [cachedLow-thread-1] o.a.omr.sheet.symbol.SymbolsBuilder:194 | evaluateGlyph on Glyph{#6545 [SYMBOL]}
DEBUG [cachedLow-thread-1] o.a.omr.sheet.symbol.SymbolsBuilder:194 | evaluateGlyph on Glyph{#6546 [SYMBOL]}
DEBUG [cachedLow-thread-1] o.a.omr.sheet.symbol.SymbolsBuilder:194 | evaluateGlyph on Glyph{#5765 [SYMBOL]}
DEBUG [cachedLow-thread-1] o.a.omr.sheet.symbol.SymbolsBuilder:194 | evaluateGlyph on Glyph{#6547 [SYMBOL]}
DEBUG [cachedLow-thread-1] o.a.omr.sheet.symbol.SymbolsBuilder:194 | evaluateGlyph on Glyph{#6548 [SYMBOL]}
DEBUG [cachedLow-thread-1] o.a.omr.sheet.symbol.SymbolsBuilder:194 | evaluateGlyph on Glyph{#6549 [SYMBOL]}
DEBUG [cachedLow-thread-1] o.a.omr.sheet.symbol.SymbolsBuilder:194 | evaluateGlyph on Glyph{#6550 [SYMBOL]}
DEBUG [cachedLow-thread-1] o.a.omr.sheet.symbol.SymbolsBuilder:194 | evaluateGlyph on Glyph{#6551 [SYMBOL]}
DEBUG [cachedLow-thread-1] o.a.omr.sheet.symbol.SymbolsBuilder:194 | evaluateGlyph on Glyph{#6552 [SYMBOL]}
DEBUG [cachedLow-thread-1] o.a.omr.sheet.symbol.SymbolsBuilder:194 | evaluateGlyph on Glyph{#6553 [SYMBOL]}
DEBUG [cachedLow-thread-1] o.a.omr.sheet.symbol.SymbolsBuilder:194 | evaluateGlyph on Glyph{#6554 [SYMBOL]}
DEBUG [cachedLow-thread-1] o.a.omr.sheet.symbol.SymbolsBuilder:194 | evaluateGlyph on Glyph{#6555 [SYMBOL]}
DEBUG [cachedLow-thread-1] o.a.omr.sheet.symbol.SymbolsBuilder:194 | evaluateGlyph on Glyph{#6556 [SYMBOL]}
DEBUG [cachedLow-thread-1] o.a.omr.sheet.symbol.SymbolsBuilder:194 | evaluateGlyph on Glyph{#6557 [SYMBOL]}
DEBUG [cachedLow-thread-1] o.a.omr.sheet.symbol.SymbolsBuilder:194 | evaluateGlyph on Glyph{#6558 [SYMBOL]}
DEBUG [cachedLow-thread-1] o.a.omr.sheet.symbol.SymbolsBuilder:194 | evaluateGlyph on Glyph{#6559 [SYMBOL]}
DEBUG [cachedLow-thread-1] o.a.omr.sheet.symbol.SymbolsBuilder:194 | evaluateGlyph on Glyph{#5761 [SYMBOL]}
DEBUG [cachedLow-thread-1] o.a.omr.sheet.symbol.SymbolsBuilder:194 | evaluateGlyph on Glyph{#6560 [SYMBOL]}
DEBUG [cachedLow-thread-1] o.a.omr.sheet.symbol.SymbolsBuilder:194 | evaluateGlyph on Glyph{#6561 [SYMBOL]}
DEBUG [cachedLow-thread-1] o.a.omr.sheet.symbol.SymbolsBuilder:194 | evaluateGlyph on Glyph{#6562 [SYMBOL]}
DEBUG [cachedLow-thread-1] o.a.omr.sheet.symbol.SymbolsBuilder:194 | evaluateGlyph on Glyph{#5756 [SYMBOL]}
DEBUG [cachedLow-thread-1] o.a.omr.sheet.symbol.SymbolsBuilder:194 | evaluateGlyph on Glyph{#6563 [SYMBOL]}
DEBUG [cachedLow-thread-1] o.a.omr.sheet.symbol.SymbolsBuilder:194 | evaluateGlyph on Glyph{#6564 [SYMBOL]}
DEBUG [cachedLow-thread-1] o.a.omr.sheet.symbol.SymbolsBuilder:194 | evaluateGlyph on Glyph{#5760 [SYMBOL]}
DEBUG [cachedLow-thread-1] o.a.omr.sheet.symbol.SymbolsBuilder:194 | evaluateGlyph on Glyph{#6565 [SYMBOL]}
DEBUG [cachedLow-thread-1] o.a.omr.sheet.symbol.SymbolsBuilder:194 | evaluateGlyph on Glyph{#5755 [SYMBOL]}
DEBUG [cachedLow-thread-1] o.a.omr.sheet.symbol.SymbolsBuilder:328 | set size: 1
DEBUG [cachedLow-thread-1] o.a.omr.sheet.symbol.SymbolsBuilder:194 | evaluateGlyph on Glyph{#5745 [SYMBOL]}
DEBUG [cachedLow-thread-1] o.a.omr.sheet.symbol.SymbolsBuilder:328 | set size: 2
DEBUG [cachedLow-thread-1] o.a.omr.sheet.symbol.SymbolsBuilder:194 | evaluateGlyph on Glyph{#5778 [SYMBOL]}
DEBUG [cachedLow-thread-1] o.a.omr.sheet.symbol.SymbolsBuilder:328 | set size: 1
DEBUG [cachedLow-thread-1] o.a.omr.sheet.symbol.SymbolsBuilder:194 | evaluateGlyph on Glyph{#5750 [SYMBOL]}
DEBUG [cachedLow-thread-1] o.a.omr.sheet.symbol.SymbolsBuilder:328 | set size: 2
DEBUG [cachedLow-thread-1] o.a.omr.sheet.symbol.SymbolsBuilder:194 | evaluateGlyph on Glyph{#5754 [SYMBOL]}
DEBUG [cachedLow-thread-1] o.a.omr.sheet.symbol.SymbolsBuilder:194 | evaluateGlyph on Glyph{#6567 [SYMBOL]}
DEBUG [cachedLow-thread-1] o.a.omr.sheet.symbol.SymbolsBuilder:194 | evaluateGlyph on Glyph{#5751 [SYMBOL]}
DEBUG [cachedLow-thread-1] o.a.omr.sheet.symbol.SymbolsBuilder:328 | set size: 1
DEBUG [cachedLow-thread-1] o.a.omr.sheet.symbol.SymbolsBuilder:194 | evaluateGlyph on Glyph{#5757 [SYMBOL]}
DEBUG [cachedLow-thread-1] o.a.omr.sheet.symbol.SymbolsBuilder:328 | set size: 1
DEBUG [cachedLow-thread-1] o.a.omr.sheet.symbol.SymbolsBuilder:194 | evaluateGlyph on Glyph{#5763 [SYMBOL]}
DEBUG [cachedLow-thread-1] o.a.omr.sheet.symbol.SymbolsBuilder:328 | set size: 1
DEBUG [cachedLow-thread-1] o.a.omr.sheet.symbol.SymbolsBuilder:194 | evaluateGlyph on Glyph{#5771 [SYMBOL]}
DEBUG [cachedLow-thread-1] o.a.omr.sheet.symbol.SymbolsBuilder:328 | set size: 2
DEBUG [cachedLow-thread-1] o.a.omr.sheet.symbol.SymbolsBuilder:194 | evaluateGlyph on Glyph{#5773 [SYMBOL]}
DEBUG [cachedLow-thread-1] o.a.omr.sheet.symbol.SymbolsBuilder:194 | evaluateGlyph on Glyph{#6568 [SYMBOL]}
DEBUG [cachedLow-thread-1] o.a.omr.sheet.symbol.SymbolsBuilder:194 | evaluateGlyph on Glyph{#5772 [SYMBOL]}
DEBUG [cachedLow-thread-1] o.a.omr.sheet.symbol.SymbolsBuilder:328 | set size: 1
DEBUG [cachedLow-thread-1] o.a.omr.sheet.symbol.SymbolsBuilder:194 | evaluateGlyph on Glyph{#5775 [SYMBOL]}
DEBUG [cachedLow-thread-1] o.a.omr.sheet.symbol.SymbolsBuilder:328 | set size: 3
DEBUG [cachedLow-thread-1] o.a.omr.sheet.symbol.SymbolsBuilder:194 | evaluateGlyph on Glyph{#5776 [SYMBOL]}
DEBUG [cachedLow-thread-1] o.a.omr.sheet.symbol.SymbolsBuilder:194 | evaluateGlyph on Glyph{#6569 [SYMBOL]}
DEBUG [cachedLow-thread-1] o.a.omr.sheet.symbol.SymbolsBuilder:194 | evaluateGlyph on Glyph{#6570 [SYMBOL]}
DEBUG [cachedLow-thread-1] o.a.omr.sheet.symbol.SymbolsBuilder:194 | evaluateGlyph on Glyph{#6571 [SYMBOL]}
DEBUG [cachedLow-thread-1] o.a.omr.sheet.symbol.SymbolsBuilder:194 | evaluateGlyph on Glyph{#5780 [SYMBOL]}
DEBUG [cachedLow-thread-1] o.a.omr.sheet.symbol.SymbolsBuilder:194 | evaluateGlyph on Glyph{#6572 [SYMBOL]}
DEBUG [cachedLow-thread-1] o.a.omr.sheet.symbol.SymbolsBuilder:194 | evaluateGlyph on Glyph{#5779 [SYMBOL]}
DEBUG [cachedLow-thread-1] o.a.omr.sheet.symbol.SymbolsBuilder:328 | set size: 8
DEBUG [cachedLow-thread-1] o.a.omr.sheet.symbol.SymbolsBuilder:340 | Symbol parts shrunk from 8 to 7
DEBUG [cachedLow-thread-1] o.a.omr.sheet.symbol.SymbolsBuilder:194 | evaluateGlyph on Glyph{#5794 [SYMBOL]}
DEBUG [cachedLow-thread-1] o.a.omr.sheet.symbol.SymbolsBuilder:194 | evaluateGlyph on Glyph{#6573 [SYMBOL]}
DEBUG [cachedLow-thread-1] o.a.omr.sheet.symbol.SymbolsBuilder:194 | evaluateGlyph on Glyph{#6574 [SYMBOL]}
DEBUG [cachedLow-thread-1] o.a.omr.sheet.symbol.SymbolsBuilder:194 | evaluateGlyph on Glyph{#6575 [SYMBOL]}
DEBUG [cachedLow-thread-1] o.a.omr.sheet.symbol.SymbolsBuilder:194 | evaluateGlyph on Glyph{#6576 [SYMBOL]}
DEBUG [cachedLow-thread-1] o.a.omr.sheet.symbol.SymbolsBuilder:194 | evaluateGlyph on Glyph{#6577 [SYMBOL]}
DEBUG [cachedLow-thread-1] o.a.omr.sheet.symbol.SymbolsBuilder:194 | evaluateGlyph on Glyph{#6578 [SYMBOL]}
DEBUG [cachedLow-thread-1] o.a.omr.sheet.symbol.SymbolsBuilder:194 | evaluateGlyph on Glyph{#6579 [SYMBOL]}
DEBUG [cachedLow-thread-1] o.a.omr.sheet.symbol.SymbolsBuilder:194 | evaluateGlyph on Glyph{#6580 [SYMBOL]}
DEBUG [cachedLow-thread-1] o.a.omr.sheet.symbol.SymbolsBuilder:194 | evaluateGlyph on Glyph{#6581 [SYMBOL]}
DEBUG [cachedLow-thread-1] o.a.omr.sheet.symbol.SymbolsBuilder:194 | evaluateGlyph on Glyph{#6582 [SYMBOL]}
DEBUG [cachedLow-thread-1] o.a.omr.sheet.symbol.SymbolsBuilder:194 | evaluateGlyph on Glyph{#6583 [SYMBOL]}
DEBUG [cachedLow-thread-1] o.a.omr.sheet.symbol.SymbolsBuilder:194 | evaluateGlyph on Glyph{#6584 [SYMBOL]}
DEBUG [cachedLow-thread-1] o.a.omr.sheet.symbol.SymbolsBuilder:194 | evaluateGlyph on Glyph{#6585 [SYMBOL]}
DEBUG [cachedLow-thread-1] o.a.omr.sheet.symbol.SymbolsBuilder:194 | evaluateGlyph on Glyph{#6586 [SYMBOL]}
DEBUG [cachedLow-thread-1] o.a.omr.sheet.symbol.SymbolsBuilder:194 | evaluateGlyph on Glyph{#6587 [SYMBOL]}
DEBUG [cachedLow-thread-1] o.a.omr.sheet.symbol.SymbolsBuilder:194 | evaluateGlyph on Glyph{#6588 [SYMBOL]}
DEBUG [cachedLow-thread-1] o.a.omr.sheet.symbol.SymbolsBuilder:194 | evaluateGlyph on Glyph{#6589 [SYMBOL]}
DEBUG [cachedLow-thread-1] o.a.omr.sheet.symbol.SymbolsBuilder:194 | evaluateGlyph on Glyph{#6590 [SYMBOL]}
DEBUG [cachedLow-thread-1] o.a.omr.sheet.symbol.SymbolsBuilder:194 | evaluateGlyph on Glyph{#6591 [SYMBOL]}
DEBUG [cachedLow-thread-1] o.a.omr.sheet.symbol.SymbolsBuilder:194 | evaluateGlyph on Glyph{#6592 [SYMBOL]}
DEBUG [cachedLow-thread-1] o.a.omr.sheet.symbol.SymbolsBuilder:194 | evaluateGlyph on Glyph{#6593 [SYMBOL]}
DEBUG [cachedLow-thread-1] o.a.omr.sheet.symbol.SymbolsBuilder:194 | evaluateGlyph on Glyph{#6594 [SYMBOL]}
DEBUG [cachedLow-thread-1] o.a.omr.sheet.symbol.SymbolsBuilder:194 | evaluateGlyph on Glyph{#6595 [SYMBOL]}
DEBUG [cachedLow-thread-1] o.a.omr.sheet.symbol.SymbolsBuilder:194 | evaluateGlyph on Glyph{#6596 [SYMBOL]}
DEBUG [cachedLow-thread-1] o.a.omr.sheet.symbol.SymbolsBuilder:194 | evaluateGlyph on Glyph{#6597 [SYMBOL]}
DEBUG [cachedLow-thread-1] o.a.omr.sheet.symbol.SymbolsBuilder:194 | evaluateGlyph on Glyph{#6598 [SYMBOL]}
DEBUG [cachedLow-thread-1] o.a.omr.sheet.symbol.SymbolsBuilder:194 | evaluateGlyph on Glyph{#6599 [SYMBOL]}
DEBUG [cachedLow-thread-1] o.a.omr.sheet.symbol.SymbolsBuilder:194 | evaluateGlyph on Glyph{#6600 [SYMBOL]}
DEBUG [cachedLow-thread-1] o.a.omr.sheet.symbol.SymbolsBuilder:194 | evaluateGlyph on Glyph{#6601 [SYMBOL]}
DEBUG [cachedLow-thread-1] o.a.omr.sheet.symbol.SymbolsBuilder:194 | evaluateGlyph on Glyph{#6602 [SYMBOL]}
DEBUG [cachedLow-thread-1] o.a.omr.sheet.symbol.SymbolsBuilder:194 | evaluateGlyph on Glyph{#6603 [SYMBOL]}
DEBUG [cachedLow-thread-1] o.a.omr.sheet.symbol.SymbolsBuilder:194 | evaluateGlyph on Glyph{#6604 [SYMBOL]}
DEBUG [cachedLow-thread-1] o.a.omr.sheet.symbol.SymbolsBuilder:194 | evaluateGlyph on Glyph{#6605 [SYMBOL]}
DEBUG [cachedLow-thread-1] o.a.omr.sheet.symbol.SymbolsBuilder:194 | evaluateGlyph on Glyph{#6606 [SYMBOL]}
DEBUG [cachedLow-thread-1] o.a.omr.sheet.symbol.SymbolsBuilder:194 | evaluateGlyph on Glyph{#6607 [SYMBOL]}
DEBUG [cachedLow-thread-1] o.a.omr.sheet.symbol.SymbolsBuilder:194 | evaluateGlyph on Glyph{#5789 [SYMBOL]}
DEBUG [cachedLow-thread-1] o.a.omr.sheet.symbol.SymbolsBuilder:194 | evaluateGlyph on Glyph{#6608 [SYMBOL]}
DEBUG [cachedLow-thread-1] o.a.omr.sheet.symbol.SymbolsBuilder:194 | evaluateGlyph on Glyph{#6609 [SYMBOL]}
DEBUG [cachedLow-thread-1] o.a.omr.sheet.symbol.SymbolsBuilder:194 | evaluateGlyph on Glyph{#6610 [SYMBOL]}
DEBUG [cachedLow-thread-1] o.a.omr.sheet.symbol.SymbolsBuilder:194 | evaluateGlyph on Glyph{#6611 [SYMBOL]}
DEBUG [cachedLow-thread-1] o.a.omr.sheet.symbol.SymbolsBuilder:194 | evaluateGlyph on Glyph{#6612 [SYMBOL]}
DEBUG [cachedLow-thread-1] o.a.omr.sheet.symbol.SymbolsBuilder:194 | evaluateGlyph on Glyph{#6613 [SYMBOL]}
DEBUG [cachedLow-thread-1] o.a.omr.sheet.symbol.SymbolsBuilder:194 | evaluateGlyph on Glyph{#6614 [SYMBOL]}
DEBUG [cachedLow-thread-1] o.a.omr.sheet.symbol.SymbolsBuilder:194 | evaluateGlyph on Glyph{#5806 [SYMBOL]}
DEBUG [cachedLow-thread-1] o.a.omr.sheet.symbol.SymbolsBuilder:194 | evaluateGlyph on Glyph{#6615 [SYMBOL]}
DEBUG [cachedLow-thread-1] o.a.omr.sheet.symbol.SymbolsBuilder:194 | evaluateGlyph on Glyph{#5781 [SYMBOL]}
DEBUG [cachedLow-thread-1] o.a.omr.sheet.symbol.SymbolsBuilder:194 | evaluateGlyph on Glyph{#6617 [SYMBOL]}
DEBUG [cachedLow-thread-1] o.a.omr.sheet.symbol.SymbolsBuilder:194 | evaluateGlyph on Glyph{#6618 [SYMBOL]}
DEBUG [cachedLow-thread-1] o.a.omr.sheet.symbol.SymbolsBuilder:194 | evaluateGlyph on Glyph{#6619 [SYMBOL]}
DEBUG [cachedLow-thread-1] o.a.omr.sheet.symbol.SymbolsBuilder:194 | evaluateGlyph on Glyph{#5785 [SYMBOL]}
DEBUG [cachedLow-thread-1] o.a.omr.sheet.symbol.SymbolsBuilder:194 | evaluateGlyph on Glyph{#6620 [SYMBOL]}
DEBUG [cachedLow-thread-1] o.a.omr.sheet.symbol.SymbolsBuilder:194 | evaluateGlyph on Glyph{#5802 [SYMBOL]}
DEBUG [cachedLow-thread-1] o.a.omr.sheet.symbol.SymbolsBuilder:194 | evaluateGlyph on Glyph{#5788 [SYMBOL]}
DEBUG [cachedLow-thread-1] o.a.omr.sheet.symbol.SymbolsBuilder:328 | set size: 6
DEBUG [cachedLow-thread-1] o.a.omr.sheet.symbol.SymbolsBuilder:194 | evaluateGlyph on Glyph{#5820 [SYMBOL]}
DEBUG [cachedLow-thread-1] o.a.omr.sheet.symbol.SymbolsBuilder:194 | evaluateGlyph on Glyph{#6278 [SYMBOL]}
DEBUG [cachedLow-thread-1] o.a.omr.sheet.symbol.SymbolsBuilder:194 | evaluateGlyph on Glyph{#6280 [SYMBOL]}
DEBUG [cachedLow-thread-1] o.a.omr.sheet.symbol.SymbolsBuilder:194 | evaluateGlyph on Glyph{#6281 [SYMBOL]}
DEBUG [cachedLow-thread-1] o.a.omr.sheet.symbol.SymbolsBuilder:194 | evaluateGlyph on Glyph{#5790 [SYMBOL]}
DEBUG [cachedLow-thread-1] o.a.omr.sheet.symbol.SymbolsBuilder:194 | evaluateGlyph on Glyph{#6282 [SYMBOL]}
DEBUG [cachedLow-thread-1] o.a.omr.sheet.symbol.SymbolsBuilder:194 | evaluateGlyph on Glyph{#6283 [SYMBOL]}
DEBUG [cachedLow-thread-1] o.a.omr.sheet.symbol.SymbolsBuilder:194 | evaluateGlyph on Glyph{#6284 [SYMBOL]}
DEBUG [cachedLow-thread-1] o.a.omr.sheet.symbol.SymbolsBuilder:194 | evaluateGlyph on Glyph{#6285 [SYMBOL]}
DEBUG [cachedLow-thread-1] o.a.omr.sheet.symbol.SymbolsBuilder:194 | evaluateGlyph on Glyph{#6287 [SYMBOL]}
DEBUG [cachedLow-thread-1] o.a.omr.sheet.symbol.SymbolsBuilder:194 | evaluateGlyph on Glyph{#5815 [SYMBOL]}
DEBUG [cachedLow-thread-1] o.a.omr.sheet.symbol.SymbolsBuilder:194 | evaluateGlyph on Glyph{#6288 [SYMBOL]}
DEBUG [cachedLow-thread-1] o.a.omr.sheet.symbol.SymbolsBuilder:194 | evaluateGlyph on Glyph{#6289 [SYMBOL]}
DEBUG [cachedLow-thread-1] o.a.omr.sheet.symbol.SymbolsBuilder:194 | evaluateGlyph on Glyph{#5799 [SYMBOL]}
DEBUG [cachedLow-thread-1] o.a.omr.sheet.symbol.SymbolsBuilder:194 | evaluateGlyph on Glyph{#6290 [SYMBOL]}
DEBUG [cachedLow-thread-1] o.a.omr.sheet.symbol.SymbolsBuilder:194 | evaluateGlyph on Glyph{#5807 [SYMBOL]}
DEBUG [cachedLow-thread-1] o.a.omr.sheet.symbol.SymbolsBuilder:194 | evaluateGlyph on Glyph{#5786 [SYMBOL]}
DEBUG [cachedLow-thread-1] o.a.omr.sheet.symbol.SymbolsBuilder:328 | set size: 2
DEBUG [cachedLow-thread-1] o.a.omr.sheet.symbol.SymbolsBuilder:194 | evaluateGlyph on Glyph{#5795 [SYMBOL]}
DEBUG [cachedLow-thread-1] o.a.omr.sheet.symbol.SymbolsBuilder:194 | evaluateGlyph on Glyph{#6622 [SYMBOL]}
DEBUG [cachedLow-thread-1] o.a.omr.sheet.symbol.SymbolsBuilder:194 | evaluateGlyph on Glyph{#5817 [SYMBOL]}
DEBUG [cachedLow-thread-1] o.a.omr.sheet.symbol.SymbolsBuilder:328 | set size: 2
DEBUG [cachedLow-thread-1] o.a.omr.sheet.symbol.SymbolsBuilder:194 | evaluateGlyph on Glyph{#5797 [SYMBOL]}
DEBUG [cachedLow-thread-1] o.a.omr.sheet.symbol.SymbolsBuilder:194 | evaluateGlyph on Glyph{#6623 [SYMBOL]}
DEBUG [cachedLow-thread-1] o.a.omr.sheet.symbol.SymbolsBuilder:194 | evaluateGlyph on Glyph{#5796 [SYMBOL]}
DEBUG [cachedLow-thread-1] o.a.omr.sheet.symbol.SymbolsBuilder:328 | set size: 1
DEBUG [cachedLow-thread-1] o.a.omr.sheet.symbol.SymbolsBuilder:194 | evaluateGlyph on Glyph{#5808 [SYMBOL]}
DEBUG [cachedLow-thread-1] o.a.omr.sheet.symbol.SymbolsBuilder:328 | set size: 2
DEBUG [cachedLow-thread-1] o.a.omr.sheet.symbol.SymbolsBuilder:194 | evaluateGlyph on Glyph{#5825 [SYMBOL]}
DEBUG [cachedLow-thread-1] o.a.omr.sheet.symbol.SymbolsBuilder:194 | evaluateGlyph on Glyph{#6625 [SYMBOL]}
DEBUG [cachedLow-thread-1] o.a.omr.sheet.symbol.SymbolsBuilder:194 | evaluateGlyph on Glyph{#5809 [SYMBOL]}
DEBUG [cachedLow-thread-1] o.a.omr.sheet.symbol.SymbolsBuilder:328 | set size: 3
DEBUG [cachedLow-thread-1] o.a.omr.sheet.symbol.SymbolsBuilder:194 | evaluateGlyph on Glyph{#5814 [SYMBOL]}
DEBUG [cachedLow-thread-1] o.a.omr.sheet.symbol.SymbolsBuilder:194 | evaluateGlyph on Glyph{#6626 [SYMBOL]}
DEBUG [cachedLow-thread-1] o.a.omr.sheet.symbol.SymbolsBuilder:194 | evaluateGlyph on Glyph{#6628 [SYMBOL]}
DEBUG [cachedLow-thread-1] o.a.omr.sheet.symbol.SymbolsBuilder:194 | evaluateGlyph on Glyph{#6629 [SYMBOL]}
DEBUG [cachedLow-thread-1] o.a.omr.sheet.symbol.SymbolsBuilder:194 | evaluateGlyph on Glyph{#5830 [SYMBOL]}
DEBUG [cachedLow-thread-1] o.a.omr.sheet.symbol.SymbolsBuilder:194 | evaluateGlyph on Glyph{#5816 [SYMBOL]}
DEBUG [cachedLow-thread-1] o.a.omr.sheet.symbol.SymbolsBuilder:328 | set size: 1
DEBUG [cachedLow-thread-1] o.a.omr.sheet.symbol.SymbolsBuilder:194 | evaluateGlyph on Glyph{#5818 [SYMBOL]}
DEBUG [cachedLow-thread-1] o.a.omr.sheet.symbol.SymbolsBuilder:328 | set size: 1
DEBUG [cachedLow-thread-1] o.a.omr.sheet.symbol.SymbolsBuilder:194 | evaluateGlyph on Glyph{#5819 [SYMBOL]}
DEBUG [cachedLow-thread-1] o.a.omr.sheet.symbol.SymbolsBuilder:328 | set size: 3
DEBUG [cachedLow-thread-1] o.a.omr.sheet.symbol.SymbolsBuilder:194 | evaluateGlyph on Glyph{#5826 [SYMBOL]}
DEBUG [cachedLow-thread-1] o.a.omr.sheet.rhythm.MeasureStack:256 | No part yet for FlagInter#6630{(0.726) FLAG_1}
DEBUG [cachedLow-thread-1] o.a.omr.sheet.symbol.SymbolsBuilder:194 | evaluateGlyph on Glyph{#6631 [SYMBOL]}
DEBUG [cachedLow-thread-1] o.a.omr.sheet.symbol.SymbolsBuilder:194 | evaluateGlyph on Glyph{#6633 [SYMBOL]}
DEBUG [cachedLow-thread-1] o.a.omr.sheet.symbol.SymbolsBuilder:194 | evaluateGlyph on Glyph{#6635 [SYMBOL]}
DEBUG [cachedLow-thread-1] o.a.omr.sheet.symbol.SymbolsBuilder:194 | evaluateGlyph on Glyph{#5827 [SYMBOL]}
DEBUG [cachedLow-thread-1] o.a.omr.sheet.symbol.SymbolsBuilder:194 | evaluateGlyph on Glyph{#6636 [SYMBOL]}
DEBUG [cachedLow-thread-1] o.a.omr.sheet.symbol.SymbolsBuilder:328 | set size: 3
DEBUG [cachedLow-thread-1] o.a.omr.sheet.symbol.SymbolsBuilder:194 | evaluateGlyph on Glyph{#5829 [SYMBOL]}
DEBUG [cachedLow-thread-1] o.a.omr.sheet.symbol.SymbolsBuilder:194 | evaluateGlyph on Glyph{#6637 [SYMBOL]}
DEBUG [cachedLow-thread-1] o.a.omr.sheet.symbol.SymbolsBuilder:194 | evaluateGlyph on Glyph{#6638 [SYMBOL]}
DEBUG [cachedLow-thread-1] o.a.omr.sheet.symbol.SymbolsBuilder:194 | evaluateGlyph on Glyph{#6639 [SYMBOL]}
DEBUG [cachedLow-thread-1] o.a.omr.sheet.symbol.SymbolsBuilder:194 | evaluateGlyph on Glyph{#5822 [SYMBOL]}
DEBUG [cachedLow-thread-1] o.a.omr.sheet.symbol.SymbolsBuilder:194 | evaluateGlyph on Glyph{#6640 [SYMBOL]}
DEBUG [cachedLow-thread-1] o.a.omr.sheet.symbol.SymbolsBuilder:194 | evaluateGlyph on Glyph{#5824 [SYMBOL]}
DEBUG [cachedLow-thread-1] o.a.omr.sheet.symbol.SymbolsBuilder:328 | set size: 1
DEBUG [cachedLow-thread-1] o.a.omr.sheet.symbol.SymbolsBuilder:194 | evaluateGlyph on Glyph{#5833 [SYMBOL]}
DEBUG [cachedLow-thread-1] o.a.omr.sheet.symbol.SymbolsBuilder:328 | set size: 7
DEBUG [cachedLow-thread-1] o.a.omr.sheet.symbol.SymbolsBuilder:194 | evaluateGlyph on Glyph{#5843 [SYMBOL]}
DEBUG [cachedLow-thread-1] o.a.omr.sheet.symbol.SymbolsBuilder:194 | evaluateGlyph on Glyph{#6642 [SYMBOL]}
DEBUG [cachedLow-thread-1] o.a.omr.sheet.symbol.SymbolsBuilder:194 | evaluateGlyph on Glyph{#6643 [SYMBOL]}
DEBUG [cachedLow-thread-1] o.a.omr.sheet.symbol.SymbolsBuilder:194 | evaluateGlyph on Glyph{#6644 [SYMBOL]}
DEBUG [cachedLow-thread-1] o.a.omr.sheet.symbol.SymbolsBuilder:194 | evaluateGlyph on Glyph{#6645 [SYMBOL]}
DEBUG [cachedLow-thread-1] o.a.omr.sheet.symbol.SymbolsBuilder:194 | evaluateGlyph on Glyph{#6647 [SYMBOL]}
DEBUG [cachedLow-thread-1] o.a.omr.sheet.symbol.SymbolsBuilder:194 | evaluateGlyph on Glyph{#6648 [SYMBOL]}
DEBUG [cachedLow-thread-1] o.a.omr.sheet.symbol.SymbolsBuilder:194 | evaluateGlyph on Glyph{#6649 [SYMBOL]}
DEBUG [cachedLow-thread-1] o.a.omr.sheet.symbol.SymbolsBuilder:194 | evaluateGlyph on Glyph{#6650 [SYMBOL]}
DEBUG [cachedLow-thread-1] o.a.omr.sheet.symbol.SymbolsBuilder:194 | evaluateGlyph on Glyph{#6651 [SYMBOL]}
DEBUG [cachedLow-thread-1] o.a.omr.sheet.symbol.SymbolsBuilder:194 | evaluateGlyph on Glyph{#6652 [SYMBOL]}
DEBUG [cachedLow-thread-1] o.a.omr.sheet.symbol.SymbolsBuilder:194 | evaluateGlyph on Glyph{#6653 [SYMBOL]}
DEBUG [cachedLow-thread-1] o.a.omr.sheet.symbol.SymbolsBuilder:194 | evaluateGlyph on Glyph{#6654 [SYMBOL]}
DEBUG [cachedLow-thread-1] o.a.omr.sheet.symbol.SymbolsBuilder:194 | evaluateGlyph on Glyph{#6655 [SYMBOL]}
DEBUG [cachedLow-thread-1] o.a.omr.sheet.symbol.SymbolsBuilder:194 | evaluateGlyph on Glyph{#6656 [SYMBOL]}
DEBUG [cachedLow-thread-1] o.a.omr.sheet.symbol.SymbolsBuilder:194 | evaluateGlyph on Glyph{#6657 [SYMBOL]}
DEBUG [cachedLow-thread-1] o.a.omr.sheet.symbol.SymbolsBuilder:194 | evaluateGlyph on Glyph{#6658 [SYMBOL]}
DEBUG [cachedLow-thread-1] o.a.omr.sheet.symbol.SymbolsBuilder:194 | evaluateGlyph on Glyph{#6660 [SYMBOL]}
DEBUG [cachedLow-thread-1] o.a.omr.sheet.symbol.SymbolsBuilder:194 | evaluateGlyph on Glyph{#6661 [SYMBOL]}
DEBUG [cachedLow-thread-1] o.a.omr.sheet.symbol.SymbolsBuilder:194 | evaluateGlyph on Glyph{#6662 [SYMBOL]}
DEBUG [cachedLow-thread-1] o.a.omr.sheet.symbol.SymbolsBuilder:194 | evaluateGlyph on Glyph{#6663 [SYMBOL]}
DEBUG [cachedLow-thread-1] o.a.omr.sheet.symbol.SymbolsBuilder:194 | evaluateGlyph on Glyph{#6664 [SYMBOL]}
DEBUG [cachedLow-thread-1] o.a.omr.sheet.symbol.SymbolsBuilder:194 | evaluateGlyph on Glyph{#6665 [SYMBOL]}
DEBUG [cachedLow-thread-1] o.a.omr.sheet.symbol.SymbolsBuilder:194 | evaluateGlyph on Glyph{#6666 [SYMBOL]}
DEBUG [cachedLow-thread-1] o.a.omr.sheet.symbol.SymbolsBuilder:194 | evaluateGlyph on Glyph{#6667 [SYMBOL]}
DEBUG [cachedLow-thread-1] o.a.omr.sheet.symbol.SymbolsBuilder:194 | evaluateGlyph on Glyph{#6668 [SYMBOL]}
DEBUG [cachedLow-thread-1] o.a.omr.sheet.symbol.SymbolsBuilder:194 | evaluateGlyph on Glyph{#6670 [SYMBOL]}
DEBUG [cachedLow-thread-1] o.a.omr.sheet.symbol.SymbolsBuilder:194 | evaluateGlyph on Glyph{#6671 [SYMBOL]}
DEBUG [cachedLow-thread-1] o.a.omr.sheet.symbol.SymbolsBuilder:194 | evaluateGlyph on Glyph{#6672 [SYMBOL]}
DEBUG [cachedLow-thread-1] o.a.omr.sheet.symbol.SymbolsBuilder:194 | evaluateGlyph on Glyph{#6673 [SYMBOL]}
DEBUG [cachedLow-thread-1] o.a.omr.sheet.symbol.SymbolsBuilder:194 | evaluateGlyph on Glyph{#6674 [SYMBOL]}
DEBUG [cachedLow-thread-1] o.a.omr.sheet.symbol.SymbolsBuilder:194 | evaluateGlyph on Glyph{#6675 [SYMBOL]}
DEBUG [cachedLow-thread-1] o.a.omr.sheet.symbol.SymbolsBuilder:194 | evaluateGlyph on Glyph{#6676 [SYMBOL]}
DEBUG [cachedLow-thread-1] o.a.omr.sheet.symbol.SymbolsBuilder:194 | evaluateGlyph on Glyph{#6677 [SYMBOL]}
DEBUG [cachedLow-thread-1] o.a.omr.sheet.symbol.SymbolsBuilder:194 | evaluateGlyph on Glyph{#6678 [SYMBOL]}
DEBUG [cachedLow-thread-1] o.a.omr.sheet.symbol.SymbolsBuilder:194 | evaluateGlyph on Glyph{#6679 [SYMBOL]}
DEBUG [cachedLow-thread-1] o.a.omr.sheet.symbol.SymbolsBuilder:194 | evaluateGlyph on Glyph{#6680 [SYMBOL]}
DEBUG [cachedLow-thread-1] o.a.omr.sheet.symbol.SymbolsBuilder:194 | evaluateGlyph on Glyph{#6681 [SYMBOL]}
DEBUG [cachedLow-thread-1] o.a.omr.sheet.symbol.SymbolsBuilder:194 | evaluateGlyph on Glyph{#6682 [SYMBOL]}
DEBUG [cachedLow-thread-1] o.a.omr.sheet.symbol.SymbolsBuilder:194 | evaluateGlyph on Glyph{#6683 [SYMBOL]}
DEBUG [cachedLow-thread-1] o.a.omr.sheet.symbol.SymbolsBuilder:194 | evaluateGlyph on Glyph{#6684 [SYMBOL]}
DEBUG [cachedLow-thread-1] o.a.omr.sheet.symbol.SymbolsBuilder:194 | evaluateGlyph on Glyph{#6685 [SYMBOL]}
DEBUG [cachedLow-thread-1] o.a.omr.sheet.symbol.SymbolsBuilder:194 | evaluateGlyph on Glyph{#6686 [SYMBOL]}
DEBUG [cachedLow-thread-1] o.a.omr.sheet.symbol.SymbolsBuilder:194 | evaluateGlyph on Glyph{#6687 [SYMBOL]}
DEBUG [cachedLow-thread-1] o.a.omr.sheet.symbol.SymbolsBuilder:194 | evaluateGlyph on Glyph{#6688 [SYMBOL]}
DEBUG [cachedLow-thread-1] o.a.omr.sheet.symbol.SymbolsBuilder:194 | evaluateGlyph on Glyph{#6689 [SYMBOL]}
DEBUG [cachedLow-thread-1] o.a.omr.sheet.symbol.SymbolsBuilder:194 | evaluateGlyph on Glyph{#6690 [SYMBOL]}
DEBUG [cachedLow-thread-1] o.a.omr.sheet.symbol.SymbolsBuilder:194 | evaluateGlyph on Glyph{#6691 [SYMBOL]}
DEBUG [cachedLow-thread-1] o.a.omr.sheet.symbol.SymbolsBuilder:194 | evaluateGlyph on Glyph{#6692 [SYMBOL]}
DEBUG [cachedLow-thread-1] o.a.omr.sheet.symbol.SymbolsBuilder:194 | evaluateGlyph on Glyph{#5849 [SYMBOL]}
DEBUG [cachedLow-thread-1] o.a.omr.sheet.symbol.SymbolsBuilder:194 | evaluateGlyph on Glyph{#6693 [SYMBOL]}
DEBUG [cachedLow-thread-1] o.a.omr.sheet.symbol.SymbolsBuilder:194 | evaluateGlyph on Glyph{#6695 [SYMBOL]}
DEBUG [cachedLow-thread-1] o.a.omr.sheet.symbol.SymbolsBuilder:194 | evaluateGlyph on Glyph{#6696 [SYMBOL]}
DEBUG [cachedLow-thread-1] o.a.omr.sheet.symbol.SymbolsBuilder:194 | evaluateGlyph on Glyph{#5835 [SYMBOL]}
DEBUG [cachedLow-thread-1] o.a.omr.sheet.symbol.SymbolsBuilder:194 | evaluateGlyph on Glyph{#6697 [SYMBOL]}
DEBUG [cachedLow-thread-1] o.a.omr.sheet.symbol.SymbolsBuilder:194 | evaluateGlyph on Glyph{#6698 [SYMBOL]}
DEBUG [cachedLow-thread-1] o.a.omr.sheet.symbol.SymbolsBuilder:194 | evaluateGlyph on Glyph{#6699 [SYMBOL]}
DEBUG [cachedLow-thread-1] o.a.omr.sheet.symbol.SymbolsBuilder:194 | evaluateGlyph on Glyph{#5840 [SYMBOL]}
DEBUG [cachedLow-thread-1] o.a.omr.sheet.symbol.SymbolsBuilder:194 | evaluateGlyph on Glyph{#6701 [SYMBOL]}
DEBUG [cachedLow-thread-1] o.a.omr.sheet.symbol.SymbolsBuilder:194 | evaluateGlyph on Glyph{#5853 [SYMBOL]}
DEBUG [cachedLow-thread-1] o.a.omr.sheet.symbol.SymbolsBuilder:194 | evaluateGlyph on Glyph{#6702 [SYMBOL]}
DEBUG [cachedLow-thread-1] o.a.omr.sheet.symbol.SymbolsBuilder:328 | set size: 1
DEBUG [cachedLow-thread-1] o.a.omr.sheet.symbol.SymbolsBuilder:194 | evaluateGlyph on Glyph{#5837 [SYMBOL]}
DEBUG [cachedLow-thread-1] o.a.omr.sheet.symbol.SymbolsBuilder:328 | set size: 1
DEBUG [cachedLow-thread-1] o.a.omr.sheet.symbol.SymbolsBuilder:194 | evaluateGlyph on Glyph{#5842 [SYMBOL]}
DEBUG [cachedLow-thread-1] o.a.omr.sheet.symbol.SymbolsBuilder:328 | set size: 1
DEBUG [cachedLow-thread-1] o.a.omr.sheet.symbol.SymbolsBuilder:328 | set size: 1
DEBUG [cachedLow-thread-1] o.a.omr.sheet.symbol.SymbolsBuilder:194 | evaluateGlyph on Glyph{#5845 [SYMBOL]}
DEBUG [cachedLow-thread-1] o.a.omr.sheet.symbol.SymbolsBuilder:328 | set size: 2
DEBUG [cachedLow-thread-1] o.a.omr.sheet.symbol.SymbolsBuilder:194 | evaluateGlyph on Glyph{#5863 [SYMBOL]}
DEBUG [cachedLow-thread-1] o.a.omr.sheet.symbol.SymbolsBuilder:194 | evaluateGlyph on Glyph{#6704 [SYMBOL]}
DEBUG [cachedLow-thread-1] o.a.omr.sheet.symbol.SymbolsBuilder:194 | evaluateGlyph on Glyph{#5857 [SYMBOL]}
DEBUG [cachedLow-thread-1] o.a.omr.sheet.symbol.SymbolsBuilder:328 | set size: 1
DEBUG [cachedLow-thread-1] o.a.omr.sheet.symbol.SymbolsBuilder:194 | evaluateGlyph on Glyph{#5859 [SYMBOL]}
DEBUG [cachedLow-thread-1] o.a.omr.sheet.symbol.SymbolsBuilder:328 | set size: 1
DEBUG [cachedLow-thread-1] o.a.omr.sheet.symbol.SymbolsBuilder:194 | evaluateGlyph on Glyph{#5860 [SYMBOL]}
DEBUG [cachedLow-thread-1] o.a.omr.sheet.symbol.SymbolsBuilder:328 | set size: 2
DEBUG [cachedLow-thread-1] o.a.omr.sheet.symbol.SymbolsBuilder:194 | evaluateGlyph on Glyph{#5865 [SYMBOL]}
DEBUG [cachedLow-thread-1] o.a.omr.sheet.symbol.SymbolsBuilder:194 | evaluateGlyph on Glyph{#6705 [SYMBOL]}
DEBUG [cachedLow-thread-1] o.a.omr.sheet.symbol.SymbolsBuilder:194 | evaluateGlyph on Glyph{#5868 [SYMBOL]}
DEBUG [cachedLow-thread-1] o.a.omr.sheet.symbol.SymbolsBuilder:328 | set size: 3
DEBUG [cachedLow-thread-1] o.a.omr.sheet.symbol.SymbolsBuilder:194 | evaluateGlyph on Glyph{#5867 [SYMBOL]}
DEBUG [cachedLow-thread-1] o.a.omr.sheet.symbol.SymbolsBuilder:194 | evaluateGlyph on Glyph{#6706 [SYMBOL]}
DEBUG [cachedLow-thread-1] o.a.omr.sheet.symbol.SymbolsBuilder:194 | evaluateGlyph on Glyph{#6707 [SYMBOL]}
DEBUG [cachedLow-thread-1] o.a.omr.sheet.symbol.SymbolsBuilder:194 | evaluateGlyph on Glyph{#5869 [SYMBOL]}
DEBUG [cachedLow-thread-1] o.a.omr.sheet.symbol.SymbolsBuilder:194 | evaluateGlyph on Glyph{#6708 [SYMBOL]}
DEBUG [cachedLow-thread-1] o.a.omr.sheet.symbol.SymbolsBuilder:194 | evaluateGlyph on Glyph{#5872 [SYMBOL]}
DEBUG [cachedLow-thread-1] o.a.omr.sheet.symbol.SymbolsBuilder:328 | set size: 1
DEBUG [cachedLow-thread-1] o.a.omr.sheet.symbol.SymbolsBuilder:194 | evaluateGlyph on Glyph{#5871 [SYMBOL]}
DEBUG [cachedLow-thread-1] o.a.omr.sheet.symbol.SymbolsBuilder:328 | set size: 3
DEBUG [cachedLow-thread-1] o.a.omr.sheet.symbol.SymbolsBuilder:194 | evaluateGlyph on Glyph{#5879 [SYMBOL]}
DEBUG [cachedLow-thread-1] o.a.omr.sheet.symbol.SymbolsBuilder:194 | evaluateGlyph on Glyph{#6709 [SYMBOL]}
DEBUG [cachedLow-thread-1] o.a.omr.sheet.symbol.SymbolsBuilder:194 | evaluateGlyph on Glyph{#6710 [SYMBOL]}
DEBUG [cachedLow-thread-1] o.a.omr.sheet.symbol.SymbolsBuilder:194 | evaluateGlyph on Glyph{#5874 [SYMBOL]}
DEBUG [cachedLow-thread-1] o.a.omr.sheet.symbol.SymbolsBuilder:194 | evaluateGlyph on Glyph{#6711 [SYMBOL]}
DEBUG [cachedLow-thread-1] o.a.omr.sheet.symbol.SymbolsBuilder:194 | evaluateGlyph on Glyph{#5877 [SYMBOL]}
DEBUG [cachedLow-thread-1] o.a.omr.sheet.symbol.SymbolsBuilder:328 | set size: 1
DEBUG [cachedLow-thread-1] o.a.omr.sheet.symbol.SymbolsBuilder:328 | set size: 2
DEBUG [cachedLow-thread-1] o.a.omr.sheet.symbol.SymbolsBuilder:194 | evaluateGlyph on Glyph{#5878 [SYMBOL]}
DEBUG [cachedLow-thread-1] o.a.omr.sheet.symbol.SymbolsBuilder:194 | evaluateGlyph on Glyph{#6712 [SYMBOL]}
DEBUG [cachedLow-thread-1] o.a.omr.sheet.symbol.SymbolsBuilder:194 | evaluateGlyph on Glyph{#5881 [SYMBOL]}
DEBUG [cachedLow-thread-1] o.a.omr.sheet.symbol.SymbolsBuilder:328 | set size: 4
DEBUG [cachedLow-thread-1] o.a.omr.sheet.symbol.SymbolsBuilder:194 | evaluateGlyph on Glyph{#5887 [SYMBOL]}
DEBUG [cachedLow-thread-1] o.a.omr.sheet.symbol.SymbolsBuilder:194 | evaluateGlyph on Glyph{#6713 [SYMBOL]}
DEBUG [cachedLow-thread-1] o.a.omr.sheet.symbol.SymbolsBuilder:194 | evaluateGlyph on Glyph{#6714 [SYMBOL]}
DEBUG [cachedLow-thread-1] o.a.omr.sheet.symbol.SymbolsBuilder:194 | evaluateGlyph on Glyph{#6715 [SYMBOL]}
DEBUG [cachedLow-thread-1] o.a.omr.sheet.symbol.SymbolsBuilder:194 | evaluateGlyph on Glyph{#6716 [SYMBOL]}
DEBUG [cachedLow-thread-1] o.a.omr.sheet.symbol.SymbolsBuilder:194 | evaluateGlyph on Glyph{#6717 [SYMBOL]}
DEBUG [cachedLow-thread-1] o.a.omr.sheet.symbol.SymbolsBuilder:194 | evaluateGlyph on Glyph{#6718 [SYMBOL]}
DEBUG [cachedLow-thread-1] o.a.omr.sheet.symbol.SymbolsBuilder:194 | evaluateGlyph on Glyph{#5894 [SYMBOL]}
DEBUG [cachedLow-thread-1] o.a.omr.sheet.symbol.SymbolsBuilder:194 | evaluateGlyph on Glyph{#6719 [SYMBOL]}
DEBUG [cachedLow-thread-1] o.a.omr.sheet.symbol.SymbolsBuilder:194 | evaluateGlyph on Glyph{#6720 [SYMBOL]}
DEBUG [cachedLow-thread-1] o.a.omr.sheet.symbol.SymbolsBuilder:194 | evaluateGlyph on Glyph{#6721 [SYMBOL]}
DEBUG [cachedLow-thread-1] o.a.omr.sheet.symbol.SymbolsBuilder:194 | evaluateGlyph on Glyph{#5897 [SYMBOL]}
DEBUG [cachedLow-thread-1] o.a.omr.sheet.symbol.SymbolsBuilder:194 | evaluateGlyph on Glyph{#6722 [SYMBOL]}
DEBUG [cachedLow-thread-1] o.a.omr.sheet.symbol.SymbolsBuilder:328 | set size: 1
DEBUG [cachedLow-thread-1] o.a.omr.sheet.symbol.SymbolsBuilder:194 | evaluateGlyph on Glyph{#5904 [SYMBOL]}
DEBUG [cachedLow-thread-1] o.a.omr.sheet.symbol.SymbolsBuilder:328 | set size: 2
DEBUG [cachedLow-thread-1] o.a.omr.sheet.symbol.SymbolsBuilder:194 | evaluateGlyph on Glyph{#5912 [SYMBOL]}
DEBUG [cachedLow-thread-1] o.a.omr.sheet.symbol.SymbolsBuilder:194 | evaluateGlyph on Glyph{#6723 [SYMBOL]}
DEBUG [cachedLow-thread-1] o.a.omr.sheet.symbol.SymbolsBuilder:194 | evaluateGlyph on Glyph{#5908 [SYMBOL]}
DEBUG [cachedLow-thread-1] o.a.omr.sheet.symbol.SymbolsBuilder:328 | set size: 4
DEBUG [cachedLow-thread-1] o.a.omr.sheet.symbol.SymbolsBuilder:194 | evaluateGlyph on Glyph{#5927 [SYMBOL]}
DEBUG [cachedLow-thread-1] o.a.omr.sheet.symbol.SymbolsBuilder:194 | evaluateGlyph on Glyph{#6724 [SYMBOL]}
DEBUG [cachedLow-thread-1] o.a.omr.sheet.symbol.SymbolsBuilder:194 | evaluateGlyph on Glyph{#6725 [SYMBOL]}
DEBUG [cachedLow-thread-1] o.a.omr.sheet.symbol.SymbolsBuilder:194 | evaluateGlyph on Glyph{#6726 [SYMBOL]}
DEBUG [cachedLow-thread-1] o.a.omr.sheet.symbol.SymbolsBuilder:194 | evaluateGlyph on Glyph{#6727 [SYMBOL]}
DEBUG [cachedLow-thread-1] o.a.omr.sheet.symbol.SymbolsBuilder:194 | evaluateGlyph on Glyph{#6728 [SYMBOL]}
DEBUG [cachedLow-thread-1] o.a.omr.sheet.symbol.SymbolsBuilder:194 | evaluateGlyph on Glyph{#5934 [SYMBOL]}
DEBUG [cachedLow-thread-1] o.a.omr.sheet.symbol.SymbolsBuilder:194 | evaluateGlyph on Glyph{#6729 [SYMBOL]}

org.audiveris.omr.sheet.symbol.SymbolsBuilder$Parameters :
   maxGap=13.600000000000001
   maxSymbolWidth=68
   maxSymbolHeight=170
   smallChordMargin=17
   minWeight=9
   minFineWeight=2
DEBUG [cachedLow-thread-1] o.a.omr.sheet.symbol.SymbolsBuilder:155 | System#3 buildSymbols
DEBUG [cachedLow-thread-1] o.a.omr.sheet.symbol.SymbolsBuilder:321 | symbols sets: 44
DEBUG [cachedLow-thread-1] o.a.omr.sheet.symbol.SymbolsBuilder:328 | set size: 1
DEBUG [cachedLow-thread-1] o.a.omr.sheet.symbol.SymbolsBuilder:194 | evaluateGlyph on Glyph{#5953 [SYMBOL]}
DEBUG [cachedLow-thread-1] o.a.omr.sheet.symbol.SymbolsBuilder:328 | set size: 1
DEBUG [cachedLow-thread-1] o.a.omr.sheet.symbol.SymbolsBuilder:194 | evaluateGlyph on Glyph{#5954 [SYMBOL]}
DEBUG [cachedLow-thread-1] o.a.omr.sheet.symbol.SymbolsBuilder:328 | set size: 1
DEBUG [cachedLow-thread-1] o.a.omr.sheet.symbol.SymbolsBuilder:194 | evaluateGlyph on Glyph{#5955 [SYMBOL]}
DEBUG [cachedLow-thread-1] o.a.omr.sheet.symbol.SymbolsBuilder:328 | set size: 5
DEBUG [cachedLow-thread-1] o.a.omr.sheet.symbol.SymbolsBuilder:194 | evaluateGlyph on Glyph{#5956 [SYMBOL]}
DEBUG [cachedLow-thread-1] o.a.omr.sheet.symbol.SymbolsBuilder:194 | evaluateGlyph on Glyph{#6333 [SYMBOL]}
DEBUG [cachedLow-thread-1] o.a.omr.sheet.symbol.SymbolsBuilder:194 | evaluateGlyph on Glyph{#6334 [SYMBOL]}
DEBUG [cachedLow-thread-1] o.a.omr.sheet.symbol.SymbolsBuilder:194 | evaluateGlyph on Glyph{#6336 [SYMBOL]}
DEBUG [cachedLow-thread-1] o.a.omr.sheet.symbol.SymbolsBuilder:194 | evaluateGlyph on Glyph{#6337 [SYMBOL]}
DEBUG [cachedLow-thread-1] o.a.omr.sheet.symbol.SymbolsBuilder:194 | evaluateGlyph on Glyph{#6338 [SYMBOL]}
DEBUG [cachedLow-thread-1] o.a.omr.sheet.symbol.SymbolsBuilder:194 | evaluateGlyph on Glyph{#6339 [SYMBOL]}
DEBUG [cachedLow-thread-1] o.a.omr.sheet.symbol.SymbolsBuilder:194 | evaluateGlyph on Glyph{#6340 [SYMBOL]}
DEBUG [cachedLow-thread-1] o.a.omr.sheet.symbol.SymbolsBuilder:194 | evaluateGlyph on Glyph{#5961 [SYMBOL]}
DEBUG [cachedLow-thread-1] o.a.omr.sheet.symbol.SymbolsBuilder:194 | evaluateGlyph on Glyph{#5957 [SYMBOL]}
DEBUG [cachedLow-thread-1] o.a.omr.sheet.symbol.SymbolsBuilder:194 | evaluateGlyph on Glyph{#6342 [SYMBOL]}
DEBUG [cachedLow-thread-1] o.a.omr.sheet.symbol.SymbolsBuilder:194 | evaluateGlyph on Glyph{#6343 [SYMBOL]}
DEBUG [cachedLow-thread-1] o.a.omr.sheet.symbol.SymbolsBuilder:194 | evaluateGlyph on Glyph{#5959 [SYMBOL]}
DEBUG [cachedLow-thread-1] o.a.omr.sheet.symbol.SymbolsBuilder:194 | evaluateGlyph on Glyph{#6344 [SYMBOL]}
DEBUG [cachedLow-thread-1] o.a.omr.sheet.symbol.SymbolsBuilder:194 | evaluateGlyph on Glyph{#5963 [SYMBOL]}
DEBUG [cachedLow-thread-1] o.a.omr.sheet.symbol.SymbolsBuilder:328 | set size: 5
DEBUG [cachedLow-thread-1] o.a.omr.sheet.symbol.SymbolsBuilder:194 | evaluateGlyph on Glyph{#5967 [SYMBOL]}
DEBUG [cachedLow-thread-1] o.a.omr.sheet.symbol.SymbolsBuilder:194 | evaluateGlyph on Glyph{#6734 [SYMBOL]}
DEBUG [cachedLow-thread-1] o.a.omr.sheet.symbol.SymbolsBuilder:194 | evaluateGlyph on Glyph{#6736 [SYMBOL]}
DEBUG [cachedLow-thread-1] o.a.omr.sheet.symbol.SymbolsBuilder:194 | evaluateGlyph on Glyph{#5962 [SYMBOL]}
DEBUG [cachedLow-thread-1] o.a.omr.sheet.symbol.SymbolsBuilder:194 | evaluateGlyph on Glyph{#5966 [SYMBOL]}
DEBUG [cachedLow-thread-1] o.a.omr.sheet.symbol.SymbolsBuilder:194 | evaluateGlyph on Glyph{#6738 [SYMBOL]}
DEBUG [cachedLow-thread-1] o.a.omr.sheet.symbol.SymbolsBuilder:194 | evaluateGlyph on Glyph{#5969 [SYMBOL]}
DEBUG [cachedLow-thread-1] o.a.omr.sheet.symbol.SymbolsBuilder:328 | set size: 3
DEBUG [cachedLow-thread-1] o.a.omr.sheet.symbol.SymbolsBuilder:194 | evaluateGlyph on Glyph{#5965 [SYMBOL]}
DEBUG [cachedLow-thread-1] o.a.omr.sheet.symbol.SymbolsBuilder:194 | evaluateGlyph on Glyph{#6741 [SYMBOL]}
DEBUG [cachedLow-thread-1] o.a.omr.sheet.symbol.SymbolsBuilder:194 | evaluateGlyph on Glyph{#6742 [SYMBOL]}
DEBUG [cachedLow-thread-1] o.a.omr.sheet.symbol.SymbolsBuilder:194 | evaluateGlyph on Glyph{#5979 [SYMBOL]}
DEBUG [cachedLow-thread-1] o.a.omr.sheet.symbol.SymbolsBuilder:194 | evaluateGlyph on Glyph{#6743 [SYMBOL]}
DEBUG [cachedLow-thread-1] o.a.omr.sheet.symbol.SymbolsBuilder:194 | evaluateGlyph on Glyph{#5970 [SYMBOL]}
DEBUG [cachedLow-thread-1] o.a.omr.sheet.symbol.SymbolsBuilder:328 | set size: 1
DEBUG [cachedLow-thread-1] o.a.omr.sheet.symbol.SymbolsBuilder:194 | evaluateGlyph on Glyph{#5968 [SYMBOL]}
DEBUG [cachedLow-thread-1] o.a.omr.sheet.symbol.SymbolsBuilder:328 | set size: 4
DEBUG [cachedLow-thread-1] o.a.omr.sheet.symbol.SymbolsBuilder:194 | evaluateGlyph on Glyph{#5980 [SYMBOL]}
DEBUG [cachedLow-thread-1] o.a.omr.sheet.symbol.SymbolsBuilder:194 | evaluateGlyph on Glyph{#6746 [SYMBOL]}
DEBUG [cachedLow-thread-1] o.a.omr.sheet.symbol.SymbolsBuilder:194 | evaluateGlyph on Glyph{#6747 [SYMBOL]}
DEBUG [cachedLow-thread-1] o.a.omr.sheet.symbol.SymbolsBuilder:194 | evaluateGlyph on Glyph{#6748 [SYMBOL]}
DEBUG [cachedLow-thread-1] o.a.omr.sheet.symbol.SymbolsBuilder:194 | evaluateGlyph on Glyph{#6749 [SYMBOL]}
DEBUG [cachedLow-thread-1] o.a.omr.sheet.symbol.SymbolsBuilder:194 | evaluateGlyph on Glyph{#5974 [SYMBOL]}
DEBUG [cachedLow-thread-1] o.a.omr.sheet.symbol.SymbolsBuilder:194 | evaluateGlyph on Glyph{#6750 [SYMBOL]}
DEBUG [cachedLow-thread-1] o.a.omr.sheet.symbol.SymbolsBuilder:194 | evaluateGlyph on Glyph{#6751 [SYMBOL]}
DEBUG [cachedLow-thread-1] o.a.omr.sheet.symbol.SymbolsBuilder:194 | evaluateGlyph on Glyph{#6752 [SYMBOL]}
DEBUG [cachedLow-thread-1] o.a.omr.sheet.symbol.SymbolsBuilder:194 | evaluateGlyph on Glyph{#5971 [SYMBOL]}
DEBUG [cachedLow-thread-1] o.a.omr.sheet.symbol.SymbolsBuilder:194 | evaluateGlyph on Glyph{#5994 [SYMBOL]}
DEBUG [cachedLow-thread-1] o.a.omr.sheet.symbol.SymbolsBuilder:328 | set size: 1
DEBUG [cachedLow-thread-1] o.a.omr.sheet.symbol.SymbolsBuilder:194 | evaluateGlyph on Glyph{#5973 [SYMBOL]}
DEBUG [cachedLow-thread-1] o.a.omr.sheet.symbol.SymbolsBuilder:328 | set size: 3
DEBUG [cachedLow-thread-1] o.a.omr.sheet.symbol.SymbolsBuilder:194 | evaluateGlyph on Glyph{#5975 [SYMBOL]}
DEBUG [cachedLow-thread-1] o.a.omr.sheet.symbol.SymbolsBuilder:194 | evaluateGlyph on Glyph{#6753 [SYMBOL]}
DEBUG [cachedLow-thread-1] o.a.omr.sheet.symbol.SymbolsBuilder:194 | evaluateGlyph on Glyph{#6754 [SYMBOL]}
DEBUG [cachedLow-thread-1] o.a.omr.sheet.symbol.SymbolsBuilder:194 | evaluateGlyph on Glyph{#6755 [SYMBOL]}
DEBUG [cachedLow-thread-1] o.a.omr.sheet.symbol.SymbolsBuilder:194 | evaluateGlyph on Glyph{#5986 [SYMBOL]}
DEBUG [cachedLow-thread-1] o.a.omr.sheet.symbol.SymbolsBuilder:194 | evaluateGlyph on Glyph{#6758 [SYMBOL]}
DEBUG [cachedLow-thread-1] o.a.omr.sheet.symbol.SymbolsBuilder:194 | evaluateGlyph on Glyph{#5985 [SYMBOL]}
DEBUG [cachedLow-thread-1] o.a.omr.sheet.symbol.SymbolsBuilder:328 | set size: 2
DEBUG [cachedLow-thread-1] o.a.omr.sheet.symbol.SymbolsBuilder:194 | evaluateGlyph on Glyph{#6041 [SYMBOL]}
DEBUG [cachedLow-thread-1] o.a.omr.sheet.symbol.SymbolsBuilder:328 | set size: 1
DEBUG [cachedLow-thread-1] o.a.omr.sheet.symbol.SymbolsBuilder:328 | set size: 1
DEBUG [cachedLow-thread-1] o.a.omr.sheet.symbol.SymbolsBuilder:194 | evaluateGlyph on Glyph{#6001 [SYMBOL]}
DEBUG [cachedLow-thread-1] o.a.omr.sheet.symbol.SymbolsBuilder:328 | set size: 1
DEBUG [cachedLow-thread-1] o.a.omr.sheet.symbol.SymbolsBuilder:194 | evaluateGlyph on Glyph{#6013 [SYMBOL]}
DEBUG [cachedLow-thread-1] o.a.omr.sheet.symbol.SymbolsBuilder:328 | set size: 3
DEBUG [cachedLow-thread-1] o.a.omr.sheet.symbol.SymbolsBuilder:194 | evaluateGlyph on Glyph{#6014 [SYMBOL]}
DEBUG [cachedLow-thread-1] o.a.omr.sheet.symbol.SymbolsBuilder:194 | evaluateGlyph on Glyph{#6759 [SYMBOL]}
DEBUG [cachedLow-thread-1] o.a.omr.sheet.symbol.SymbolsBuilder:194 | evaluateGlyph on Glyph{#6760 [SYMBOL]}
DEBUG [cachedLow-thread-1] o.a.omr.sheet.symbol.SymbolsBuilder:194 | evaluateGlyph on Glyph{#6762 [SYMBOL]}
DEBUG [cachedLow-thread-1] o.a.omr.sheet.symbol.SymbolsBuilder:194 | evaluateGlyph on Glyph{#6022 [SYMBOL]}
DEBUG [cachedLow-thread-1] o.a.omr.sheet.symbol.SymbolsBuilder:328 | set size: 1
DEBUG [cachedLow-thread-1] o.a.omr.sheet.symbol.SymbolsBuilder:194 | evaluateGlyph on Glyph{#6031 [SYMBOL]}
DEBUG [cachedLow-thread-1] o.a.omr.sheet.symbol.SymbolsBuilder:328 | set size: 2
DEBUG [cachedLow-thread-1] o.a.omr.sheet.symbol.SymbolsBuilder:194 | evaluateGlyph on Glyph{#6033 [SYMBOL]}
DEBUG [cachedLow-thread-1] o.a.omr.sheet.symbol.SymbolsBuilder:194 | evaluateGlyph on Glyph{#6764 [SYMBOL]}
DEBUG [cachedLow-thread-1] o.a.omr.sheet.symbol.SymbolsBuilder:194 | evaluateGlyph on Glyph{#6044 [SYMBOL]}
DEBUG [cachedLow-thread-1] o.a.omr.sheet.symbol.SymbolsBuilder:328 | set size: 1
DEBUG [cachedLow-thread-1] o.a.omr.sheet.symbol.SymbolsBuilder:194 | evaluateGlyph on Glyph{#6034 [SYMBOL]}
DEBUG [cachedLow-thread-1] o.a.omr.sheet.symbol.SymbolsBuilder:328 | set size: 1
DEBUG [cachedLow-thread-1] o.a.omr.sheet.symbol.SymbolsBuilder:194 | evaluateGlyph on Glyph{#6035 [SYMBOL]}
DEBUG [cachedLow-thread-1] o.a.omr.sheet.symbol.SymbolsBuilder:328 | set size: 2
DEBUG [cachedLow-thread-1] o.a.omr.sheet.symbol.SymbolsBuilder:194 | evaluateGlyph on Glyph{#6036 [SYMBOL]}
DEBUG [cachedLow-thread-1] o.a.omr.sheet.symbol.SymbolsBuilder:194 | evaluateGlyph on Glyph{#6765 [SYMBOL]}
DEBUG [cachedLow-thread-1] o.a.omr.sheet.symbol.SymbolsBuilder:194 | evaluateGlyph on Glyph{#6042 [SYMBOL]}
DEBUG [cachedLow-thread-1] o.a.omr.sheet.symbol.SymbolsBuilder:328 | set size: 3
DEBUG [cachedLow-thread-1] o.a.omr.sheet.symbol.SymbolsBuilder:194 | evaluateGlyph on Glyph{#6050 [SYMBOL]}
DEBUG [cachedLow-thread-1] o.a.omr.sheet.symbol.SymbolsBuilder:194 | evaluateGlyph on Glyph{#6766 [SYMBOL]}
DEBUG [cachedLow-thread-1] o.a.omr.sheet.symbol.SymbolsBuilder:194 | evaluateGlyph on Glyph{#6767 [SYMBOL]}
DEBUG [cachedLow-thread-1] o.a.omr.sheet.symbol.SymbolsBuilder:194 | evaluateGlyph on Glyph{#6769 [SYMBOL]}
DEBUG [cachedLow-thread-1] o.a.omr.sheet.symbol.SymbolsBuilder:194 | evaluateGlyph on Glyph{#6048 [SYMBOL]}
DEBUG [cachedLow-thread-1] o.a.omr.sheet.symbol.SymbolsBuilder:328 | set size: 1
DEBUG [cachedLow-thread-1] o.a.omr.sheet.symbol.SymbolsBuilder:194 | evaluateGlyph on Glyph{#6055 [SYMBOL]}
DEBUG [cachedLow-thread-1] o.a.omr.sheet.symbol.SymbolsBuilder:328 | set size: 10
DEBUG [cachedLow-thread-1] o.a.omr.sheet.symbol.SymbolsBuilder:340 | Symbol parts shrunk from 10 to 7
DEBUG [cachedLow-thread-1] o.a.omr.sheet.symbol.SymbolsBuilder:194 | evaluateGlyph on Glyph{#6078 [SYMBOL]}
DEBUG [cachedLow-thread-1] o.a.omr.sheet.symbol.SymbolsBuilder:194 | evaluateGlyph on Glyph{#6771 [SYMBOL]}
DEBUG [cachedLow-thread-1] o.a.omr.sheet.symbol.SymbolsBuilder:194 | evaluateGlyph on Glyph{#6772 [SYMBOL]}
DEBUG [cachedLow-thread-1] o.a.omr.sheet.symbol.SymbolsBuilder:194 | evaluateGlyph on Glyph{#6773 [SYMBOL]}
DEBUG [cachedLow-thread-1] o.a.omr.sheet.symbol.SymbolsBuilder:194 | evaluateGlyph on Glyph{#6774 [SYMBOL]}
DEBUG [cachedLow-thread-1] o.a.omr.sheet.symbol.SymbolsBuilder:194 | evaluateGlyph on Glyph{#6775 [SYMBOL]}
DEBUG [cachedLow-thread-1] o.a.omr.sheet.symbol.SymbolsBuilder:194 | evaluateGlyph on Glyph{#6776 [SYMBOL]}
DEBUG [cachedLow-thread-1] o.a.omr.sheet.symbol.SymbolsBuilder:194 | evaluateGlyph on Glyph{#6777 [SYMBOL]}
DEBUG [cachedLow-thread-1] o.a.omr.sheet.symbol.SymbolsBuilder:194 | evaluateGlyph on Glyph{#6778 [SYMBOL]}
DEBUG [cachedLow-thread-1] o.a.omr.sheet.symbol.SymbolsBuilder:194 | evaluateGlyph on Glyph{#6779 [SYMBOL]}
DEBUG [cachedLow-thread-1] o.a.omr.sheet.symbol.SymbolsBuilder:194 | evaluateGlyph on Glyph{#6074 [SYMBOL]}
DEBUG [cachedLow-thread-1] o.a.omr.sheet.symbol.SymbolsBuilder:194 | evaluateGlyph on Glyph{#6780 [SYMBOL]}
DEBUG [cachedLow-thread-1] o.a.omr.sheet.symbol.SymbolsBuilder:194 | evaluateGlyph on Glyph{#6116 [SYMBOL]}
DEBUG [cachedLow-thread-1] o.a.omr.sheet.symbol.SymbolsBuilder:194 | evaluateGlyph on Glyph{#6781 [SYMBOL]}
DEBUG [cachedLow-thread-1] o.a.omr.sheet.symbol.SymbolsBuilder:194 | evaluateGlyph on Glyph{#6782 [SYMBOL]}
DEBUG [cachedLow-thread-1] o.a.omr.sheet.symbol.SymbolsBuilder:194 | evaluateGlyph on Glyph{#6104 [SYMBOL]}
DEBUG [cachedLow-thread-1] o.a.omr.sheet.symbol.SymbolsBuilder:194 | evaluateGlyph on Glyph{#6783 [SYMBOL]}
DEBUG [cachedLow-thread-1] o.a.omr.sheet.symbol.SymbolsBuilder:194 | evaluateGlyph on Glyph{#6785 [SYMBOL]}
DEBUG [cachedLow-thread-1] o.a.omr.sheet.symbol.SymbolsBuilder:194 | evaluateGlyph on Glyph{#1981}
DEBUG [cachedLow-thread-1] o.a.omr.sheet.symbol.SymbolsBuilder:194 | evaluateGlyph on Glyph{#6094 [SYMBOL]}
DEBUG [cachedLow-thread-1] o.a.omr.sheet.symbol.SymbolsBuilder:194 | evaluateGlyph on Glyph{#6787 [SYMBOL]}
DEBUG [cachedLow-thread-1] o.a.omr.sheet.symbol.SymbolsBuilder:194 | evaluateGlyph on Glyph{#6087 [SYMBOL]}
DEBUG [cachedLow-thread-1] o.a.omr.sheet.symbol.SymbolsBuilder:328 | set size: 1
DEBUG [cachedLow-thread-1] o.a.omr.sheet.symbol.SymbolsBuilder:194 | evaluateGlyph on Glyph{#6060 [SYMBOL]}
DEBUG [cachedLow-thread-1] o.a.omr.sheet.symbol.SymbolsBuilder:328 | set size: 1
DEBUG [cachedLow-thread-1] o.a.omr.sheet.symbol.SymbolsBuilder:194 | evaluateGlyph on Glyph{#6062 [SYMBOL]}
DEBUG [cachedLow-thread-1] o.a.omr.sheet.symbol.SymbolsBuilder:328 | set size: 1
DEBUG [cachedLow-thread-1] o.a.omr.sheet.symbol.SymbolsBuilder:194 | evaluateGlyph on Glyph{#6063 [SYMBOL]}
DEBUG [cachedLow-thread-1] o.a.omr.sheet.symbol.SymbolsBuilder:328 | set size: 2
DEBUG [cachedLow-thread-1] o.a.omr.sheet.symbol.SymbolsBuilder:194 | evaluateGlyph on Glyph{#6077 [SYMBOL]}
DEBUG [cachedLow-thread-1] o.a.omr.sheet.symbol.InterFactory:560 | No support yet for METRO_DOTTED_HALF glyph#6077
DEBUG [cachedLow-thread-1] o.a.omr.sheet.symbol.SymbolsBuilder:194 | evaluateGlyph on Glyph{#6793 [SYMBOL]}
DEBUG [cachedLow-thread-1] o.a.omr.sheet.symbol.SymbolsBuilder:194 | evaluateGlyph on Glyph{#6075 [SYMBOL]}
DEBUG [cachedLow-thread-1] o.a.omr.sheet.symbol.SymbolsBuilder:328 | set size: 3
DEBUG [cachedLow-thread-1] o.a.omr.sheet.symbol.SymbolsBuilder:194 | evaluateGlyph on Glyph{#6083 [SYMBOL]}
DEBUG [cachedLow-thread-1] o.a.omr.sheet.symbol.SymbolsBuilder:194 | evaluateGlyph on Glyph{#6794 [SYMBOL]}
DEBUG [cachedLow-thread-1] o.a.omr.sheet.symbol.SymbolsBuilder:194 | evaluateGlyph on Glyph{#6795 [SYMBOL]}
DEBUG [cachedLow-thread-1] o.a.omr.sheet.symbol.SymbolsBuilder:194 | evaluateGlyph on Glyph{#6796 [SYMBOL]}
DEBUG [cachedLow-thread-1] o.a.omr.sheet.symbol.SymbolsBuilder:194 | evaluateGlyph on Glyph{#6080 [SYMBOL]}
DEBUG [cachedLow-thread-1] o.a.omr.sheet.symbol.SymbolsBuilder:194 | evaluateGlyph on Glyph{#6797 [SYMBOL]}
DEBUG [cachedLow-thread-1] o.a.omr.sheet.symbol.SymbolsBuilder:194 | evaluateGlyph on Glyph{#6079 [SYMBOL]}
DEBUG [cachedLow-thread-1] o.a.omr.sheet.symbol.SymbolsBuilder:328 | set size: 2
DEBUG [cachedLow-thread-1] o.a.omr.sheet.symbol.SymbolsBuilder:194 | evaluateGlyph on Glyph{#6086 [SYMBOL]}
DEBUG [cachedLow-thread-1] o.a.omr.sheet.symbol.SymbolsBuilder:194 | evaluateGlyph on Glyph{#6799 [SYMBOL]}
DEBUG [cachedLow-thread-1] o.a.omr.sheet.symbol.SymbolsBuilder:194 | evaluateGlyph on Glyph{#6085 [SYMBOL]}
DEBUG [cachedLow-thread-1] o.a.omr.sheet.symbol.SymbolsBuilder:328 | set size: 1
DEBUG [cachedLow-thread-1] o.a.omr.sheet.symbol.SymbolsBuilder:194 | evaluateGlyph on Glyph{#6096 [SYMBOL]}
DEBUG [cachedLow-thread-1] o.a.omr.sheet.symbol.SymbolsBuilder:328 | set size: 2
DEBUG [cachedLow-thread-1] o.a.omr.sheet.symbol.SymbolsBuilder:194 | evaluateGlyph on Glyph{#6097 [SYMBOL]}
DEBUG [cachedLow-thread-1] o.a.omr.sheet.symbol.SymbolsBuilder:194 | evaluateGlyph on Glyph{#6800 [SYMBOL]}
DEBUG [cachedLow-thread-1] o.a.omr.sheet.symbol.SymbolsBuilder:194 | evaluateGlyph on Glyph{#6098 [SYMBOL]}
DEBUG [cachedLow-thread-1] o.a.omr.sheet.symbol.SymbolsBuilder:328 | set size: 2
DEBUG [cachedLow-thread-1] o.a.omr.sheet.symbol.SymbolsBuilder:194 | evaluateGlyph on Glyph{#6106 [SYMBOL]}
DEBUG [cachedLow-thread-1] o.a.omr.sheet.symbol.SymbolsBuilder:194 | evaluateGlyph on Glyph{#6801 [SYMBOL]}
DEBUG [cachedLow-thread-1] o.a.omr.sheet.symbol.SymbolsBuilder:194 | evaluateGlyph on Glyph{#6101 [SYMBOL]}
DEBUG [cachedLow-thread-1] o.a.omr.sheet.symbol.SymbolsBuilder:328 | set size: 6
DEBUG [cachedLow-thread-1] o.a.omr.sheet.symbol.SymbolsBuilder:194 | evaluateGlyph on Glyph{#6103 [SYMBOL]}
DEBUG [cachedLow-thread-1] o.a.omr.sheet.symbol.SymbolsBuilder:194 | evaluateGlyph on Glyph{#6804 [SYMBOL]}
DEBUG [cachedLow-thread-1] o.a.omr.sheet.symbol.SymbolsBuilder:194 | evaluateGlyph on Glyph{#6805 [SYMBOL]}
DEBUG [cachedLow-thread-1] o.a.omr.sheet.symbol.SymbolsBuilder:194 | evaluateGlyph on Glyph{#6806 [SYMBOL]}
DEBUG [cachedLow-thread-1] o.a.omr.sheet.symbol.SymbolsBuilder:194 | evaluateGlyph on Glyph{#6807 [SYMBOL]}
DEBUG [cachedLow-thread-1] o.a.omr.sheet.symbol.SymbolsBuilder:194 | evaluateGlyph on Glyph{#6809 [SYMBOL]}
DEBUG [cachedLow-thread-1] o.a.omr.sheet.symbol.SymbolsBuilder:194 | evaluateGlyph on Glyph{#6810 [SYMBOL]}
DEBUG [cachedLow-thread-1] o.a.omr.sheet.symbol.SymbolsBuilder:194 | evaluateGlyph on Glyph{#6813 [SYMBOL]}
DEBUG [cachedLow-thread-1] o.a.omr.sheet.symbol.SymbolsBuilder:194 | evaluateGlyph on Glyph{#6109 [SYMBOL]}
DEBUG [cachedLow-thread-1] o.a.omr.sheet.symbol.SymbolsBuilder:194 | evaluateGlyph on Glyph{#6815 [SYMBOL]}
DEBUG [cachedLow-thread-1] o.a.omr.sheet.symbol.SymbolsBuilder:194 | evaluateGlyph on Glyph{#6816 [SYMBOL]}
DEBUG [cachedLow-thread-1] o.a.omr.sheet.symbol.SymbolsBuilder:194 | evaluateGlyph on Glyph{#6818 [SYMBOL]}
DEBUG [cachedLow-thread-1] o.a.omr.sheet.symbol.SymbolsBuilder:194 | evaluateGlyph on Glyph{#6118 [SYMBOL]}
DEBUG [cachedLow-thread-1] o.a.omr.sheet.symbol.SymbolsBuilder:194 | evaluateGlyph on Glyph{#6821 [SYMBOL]}
DEBUG [cachedLow-thread-1] o.a.omr.sheet.symbol.SymbolsBuilder:194 | evaluateGlyph on Glyph{#6822 [SYMBOL]}
DEBUG [cachedLow-thread-1] o.a.omr.sheet.symbol.SymbolsBuilder:194 | evaluateGlyph on Glyph{#6823 [SYMBOL]}
DEBUG [cachedLow-thread-1] o.a.omr.sheet.symbol.SymbolsBuilder:194 | evaluateGlyph on Glyph{#6125 [SYMBOL]}
DEBUG [cachedLow-thread-1] o.a.omr.sheet.symbol.SymbolsBuilder:194 | evaluateGlyph on Glyph{#6117 [SYMBOL]}
DEBUG [cachedLow-thread-1] o.a.omr.sheet.symbol.SymbolsBuilder:328 | set size: 2
DEBUG [cachedLow-thread-1] o.a.omr.sheet.symbol.SymbolsBuilder:194 | evaluateGlyph on Glyph{#6107 [SYMBOL]}
DEBUG [cachedLow-thread-1] o.a.omr.sheet.symbol.SymbolsBuilder:194 | evaluateGlyph on Glyph{#6825 [SYMBOL]}
DEBUG [cachedLow-thread-1] o.a.omr.sheet.symbol.SymbolsBuilder:328 | set size: 1
DEBUG [cachedLow-thread-1] o.a.omr.sheet.symbol.SymbolsBuilder:194 | evaluateGlyph on Glyph{#6115 [SYMBOL]}
DEBUG [cachedLow-thread-1] o.a.omr.sheet.symbol.SymbolsBuilder:328 | set size: 2
DEBUG [cachedLow-thread-1] o.a.omr.sheet.symbol.SymbolsBuilder:194 | evaluateGlyph on Glyph{#6141 [SYMBOL]}
DEBUG [cachedLow-thread-1] o.a.omr.sheet.symbol.SymbolsBuilder:328 | set size: 2
DEBUG [cachedLow-thread-1] o.a.omr.sheet.symbol.SymbolsBuilder:194 | evaluateGlyph on Glyph{#6136 [SYMBOL]}
DEBUG [cachedLow-thread-1] o.a.omr.sheet.symbol.SymbolsBuilder:194 | evaluateGlyph on Glyph{#6829 [SYMBOL]}
DEBUG [cachedLow-thread-1] o.a.omr.sheet.symbol.SymbolsBuilder:194 | evaluateGlyph on Glyph{#6123 [SYMBOL]}
DEBUG [cachedLow-thread-1] o.a.omr.sheet.symbol.SymbolsBuilder:328 | set size: 3
DEBUG [cachedLow-thread-1] o.a.omr.sheet.symbol.SymbolsBuilder:194 | evaluateGlyph on Glyph{#6132 [SYMBOL]}
DEBUG [cachedLow-thread-1] o.a.omr.sheet.symbol.SymbolsBuilder:194 | evaluateGlyph on Glyph{#6832 [SYMBOL]}
DEBUG [cachedLow-thread-1] o.a.omr.sheet.symbol.SymbolsBuilder:194 | evaluateGlyph on Glyph{#6833 [SYMBOL]}
DEBUG [cachedLow-thread-1] o.a.omr.sheet.symbol.SymbolsBuilder:194 | evaluateGlyph on Glyph{#6834 [SYMBOL]}
DEBUG [cachedLow-thread-1] o.a.omr.sheet.symbol.SymbolsBuilder:194 | evaluateGlyph on Glyph{#6130 [SYMBOL]}
DEBUG [cachedLow-thread-1] o.a.omr.sheet.symbol.SymbolsBuilder:194 | evaluateGlyph on Glyph{#6836 [SYMBOL]}
DEBUG [cachedLow-thread-1] o.a.omr.sheet.symbol.SymbolsBuilder:194 | evaluateGlyph on Glyph{#6127 [SYMBOL]}
DEBUG [cachedLow-thread-1] o.a.omr.sheet.symbol.SymbolsBuilder:328 | set size: 1
DEBUG [cachedLow-thread-1] o.a.omr.sheet.symbol.SymbolsBuilder:194 | evaluateGlyph on Glyph{#6129 [SYMBOL]}
DEBUG [cachedLow-thread-1] o.a.omr.sheet.symbol.SymbolsBuilder:328 | set size: 7
DEBUG [cachedLow-thread-1] o.a.omr.sheet.symbol.SymbolsBuilder:194 | evaluateGlyph on Glyph{#6147 [SYMBOL]}
DEBUG [cachedLow-thread-1] o.a.omr.sheet.symbol.SymbolsBuilder:194 | evaluateGlyph on Glyph{#6837 [SYMBOL]}
DEBUG [cachedLow-thread-1] o.a.omr.sheet.symbol.SymbolsBuilder:194 | evaluateGlyph on Glyph{#6137 [SYMBOL]}
DEBUG [cachedLow-thread-1] o.a.omr.sheet.symbol.SymbolsBuilder:194 | evaluateGlyph on Glyph{#6169 [SYMBOL]}
DEBUG [cachedLow-thread-1] o.a.omr.sheet.symbol.SymbolsBuilder:194 | evaluateGlyph on Glyph{#6149 [SYMBOL]}
DEBUG [cachedLow-thread-1] o.a.omr.sheet.symbol.SymbolsBuilder:194 | evaluateGlyph on Glyph{#6133 [SYMBOL]}
DEBUG [cachedLow-thread-1] o.a.omr.sheet.symbol.SymbolsBuilder:194 | evaluateGlyph on Glyph{#6839 [SYMBOL]}
DEBUG [cachedLow-thread-1] o.a.omr.sheet.symbol.SymbolsBuilder:194 | evaluateGlyph on Glyph{#6134 [SYMBOL]}
DEBUG [cachedLow-thread-1] o.a.omr.sheet.symbol.SymbolsBuilder:328 | set size: 2
DEBUG [cachedLow-thread-1] o.a.omr.sheet.symbol.SymbolsBuilder:194 | evaluateGlyph on Glyph{#6135 [SYMBOL]}
DEBUG [cachedLow-thread-1] o.a.omr.sheet.symbol.SymbolsBuilder:194 | evaluateGlyph on Glyph{#6397 [SYMBOL]}
DEBUG [cachedLow-thread-1] o.a.omr.sheet.symbol.SymbolsBuilder:194 | evaluateGlyph on Glyph{#6142 [SYMBOL]}
DEBUG [cachedLow-thread-1] o.a.omr.sheet.symbol.SymbolsBuilder:328 | set size: 3
DEBUG [cachedLow-thread-1] o.a.omr.sheet.symbol.SymbolsBuilder:194 | evaluateGlyph on Glyph{#6153 [SYMBOL]}
DEBUG [cachedLow-thread-1] o.a.omr.sheet.symbol.SymbolsBuilder:194 | evaluateGlyph on Glyph{#6410 [SYMBOL]}
DEBUG [cachedLow-thread-1] o.a.omr.sheet.symbol.SymbolsBuilder:194 | evaluateGlyph on Glyph{#6411 [SYMBOL]}
DEBUG [cachedLow-thread-1] o.a.omr.sheet.symbol.SymbolsBuilder:194 | evaluateGlyph on Glyph{#6412 [SYMBOL]}
DEBUG [cachedLow-thread-1] o.a.omr.sheet.symbol.SymbolsBuilder:194 | evaluateGlyph on Glyph{#6152 [SYMBOL]}
DEBUG [cachedLow-thread-1] o.a.omr.sheet.symbol.SymbolsBuilder:194 | evaluateGlyph on Glyph{#6170 [SYMBOL]}
DEBUG [cachedLow-thread-1] o.a.omr.sheet.symbol.SymbolsBuilder:328 | set size: 2
DEBUG [cachedLow-thread-1] o.a.omr.sheet.symbol.SymbolsBuilder:194 | evaluateGlyph on Glyph{#6161 [SYMBOL]}
DEBUG [cachedLow-thread-1] o.a.omr.sheet.symbol.SymbolsBuilder:194 | evaluateGlyph on Glyph{#6840 [SYMBOL]}
DEBUG [cachedLow-thread-1] o.a.omr.sheet.symbol.SymbolsBuilder:194 | evaluateGlyph on Glyph{#6158 [SYMBOL]}
DEBUG [cachedLow-thread-1] o.a.omr.sheet.symbol.SymbolsBuilder:328 | set size: 1
DEBUG [cachedLow-thread-1] o.a.omr.sheet.symbol.SymbolsBuilder:194 | evaluateGlyph on Glyph{#6171 [SYMBOL]}
INFO  [main] o.a.omr.step.ui.StepMonitoring:98 | LINKS
DEBUG [main] org.audiveris.omr.sheet.SheetStub:1403 | reachStep LINKS towards PAGE
DEBUG [cachedLow-thread-1] o.a.omr.sheet.symbol.SymbolsLinker:288 | No chord above PedalInter#6286{(0.132) PEDAL_MARK}
DEBUG [cachedLow-thread-1] o.a.omr.sheet.rhythm.TupletsBuilder:304 | TupletInter#6406{(0.498) TUPLET_THREE} TOO_LONG sequence in TUPLET_THREE: 5/8 vs 3/8
DEBUG [cachedLow-thread-1] o.a.omr.sheet.rhythm.TupletsBuilder:304 | TupletInter#6503{(0.504) TUPLET_THREE} TOO_LONG sequence in TUPLET_THREE: 5/8 vs 3/8
INFO  [cachedLow-thread-1] o.a.omr.sheet.rhythm.TupletsBuilder:438 | TupletInter#6632{(0.131) TUPLET_THREE} OK Base:1/8 ExpectedTotal:3/8 Total:3/8
HeadChordInter#5360{(0.672) staff:12 dur:1/8}
HeadChordInter#5361{(0.643) staff:12 dur:1/4}
DEBUG [cachedLow-thread-1] o.a.omr.sheet.rhythm.TupletsBuilder:317 | TupletInter#6632{(0.131) TUPLET_THREE} null sequence in TUPLET_THREE: 1/8 vs 3/8
INFO  [cachedLow-thread-1] o.a.omr.sheet.rhythm.TupletsBuilder:438 | TupletInter#6632{(0.131) TUPLET_THREE} OK Base:1/8 ExpectedTotal:3/8 Total:3/8
HeadChordInter#5360{(0.672) staff:12 dur:1/12}
HeadChordInter#5361{(0.643) staff:12 dur:1/6}
INFO  [cachedLow-thread-1] o.a.omr.sheet.rhythm.TupletsBuilder:438 | TupletInter#6634{(0.122) TUPLET_THREE} OK Base:1/8 ExpectedTotal:3/8 Total:3/8
HeadChordInter#5360{(0.672) staff:12 dur:1/12}
HeadChordInter#5361{(0.643) staff:12 dur:1/6}
DEBUG [cachedLow-thread-1] o.a.omr.sheet.rhythm.TupletsBuilder:317 | TupletInter#6634{(0.122) TUPLET_THREE} null sequence in TUPLET_THREE: 1/8 vs 3/8
INFO  [cachedLow-thread-1] o.a.omr.sheet.rhythm.TupletsBuilder:438 | TupletInter#6634{(0.122) TUPLET_THREE} OK Base:1/8 ExpectedTotal:3/8 Total:3/8
HeadChordInter#5360{(0.672) staff:12 dur:1/12}
HeadChordInter#5361{(0.643) staff:12 dur:1/6}
DEBUG [cachedLow-thread-1] o.a.omr.sheet.rhythm.TupletsBuilder:304 | TupletInter#6802{(0.235) TUPLET_THREE} TOO_MANY sequence in TUPLET_THREE: 3/8 vs 3/16
DEBUG [cachedLow-thread-1] o.a.omr.sheet.rhythm.TupletsBuilder:317 | TupletInter#6827{(0.221) TUPLET_SIX} null sequence in TUPLET_SIX: 0
INFO  [cachedLow-thread-1] o.audiveris.omr.sig.inter.KeyInter:1322 | Key built KeyInter#6844{(0.161) staff:20 KEY_FLAT_1 pitch:0.1 fifths:-1}
INFO  [main] o.a.omr.step.ui.StepMonitoring:98 | RHYTHMS
DEBUG [main] org.audiveris.omr.sheet.SheetStub:1403 | reachStep RHYTHMS towards PAGE
DEBUG [cachedLow-thread-1] o.a.omr.sheet.rhythm.PageRhythm:120 | MeasureStack#1 frats: 8 [6419, 6421, 6263, 6423, 6424, 6425, 6426, 6298]
DEBUG [cachedLow-thread-1] o.a.omr.sheet.rhythm.PageRhythm:120 | MeasureStack#2 frats: 3 [6429, 6430, 6431]
DEBUG [cachedLow-thread-1] o.a.omr.sheet.rhythm.PageRhythm:120 | MeasureStack#3 frats: 6 [6435, 6437, 6438, 6413, 6414, 6416]
DEBUG [cachedLow-thread-1] o.a.omr.sheet.rhythm.PageRhythm:120 | MeasureStack#4 frats: 3 [6491, 6730, 6731]
DEBUG [cachedLow-thread-1] o.a.omr.sheet.rhythm.PageRhythm:120 | MeasureStack#5 frats: 2 [6732, 6630]
DEBUG [cachedLow-thread-1] o.a.omr.sheet.rhythm.PageRhythm:120 | MeasureStack#6 frats: 2 [6841, 6842]
DEBUG [cachedLow-thread-1] o.a.omr.sheet.rhythm.PageRhythm:269 | Starting Range{SN1-6}
DEBUG [cachedLow-thread-1] o.a.omr.sheet.rhythm.PageRhythm:273 | 
--- Processing 1 MeasureStack#1 expDur:null
DEBUG [cachedLow-thread-1] o.a.omr.sheet.rhythm.MeasureRhythm:543 | 
Measure{#1P1} pass 1
INFO  [cachedLow-thread-1] o.a.omr.sheet.rhythm.SlotsRetriever:436 | 
wide:false
    
INFO  [cachedLow-thread-1] o.a.omr.sheet.rhythm.SlotsRetriever:436 | 
wide:true
    
DEBUG [cachedLow-thread-1] o.audiveris.omr.sheet.rhythm.Voice:1096 | createMeasureRestVoice for RestChordInter#6423{(0.785/0.785) staff:1} in Measure{#1P1}
DEBUG [cachedLow-thread-1] o.audiveris.omr.sheet.rhythm.Voice:175 | Created voice#1
DEBUG [cachedLow-thread-1] o.a.omr.sheet.rhythm.MeasureRhythm:543 | 
Measure{#1P2} pass 1
INFO  [cachedLow-thread-1] o.a.omr.sheet.rhythm.SlotsRetriever:436 | 
wide:false
    
INFO  [cachedLow-thread-1] o.a.omr.sheet.rhythm.SlotsRetriever:436 | 
wide:true
    
DEBUG [cachedLow-thread-1] o.audiveris.omr.sheet.rhythm.Voice:1096 | createMeasureRestVoice for RestChordInter#6424{(0.768/0.768) staff:2} in Measure{#1P2}
DEBUG [cachedLow-thread-1] o.audiveris.omr.sheet.rhythm.Voice:175 | Created voice#1
DEBUG [cachedLow-thread-1] o.a.omr.sheet.rhythm.MeasureRhythm:543 | 
Measure{#1P3} pass 1
INFO  [cachedLow-thread-1] o.a.omr.sheet.rhythm.SlotsRetriever:436 | 
wide:false
    
INFO  [cachedLow-thread-1] o.a.omr.sheet.rhythm.SlotsRetriever:436 | 
wide:true
    
DEBUG [cachedLow-thread-1] o.a.omr.sheet.rhythm.MeasureRhythm:543 | 
Measure{#1P4} pass 1
INFO  [cachedLow-thread-1] o.a.omr.sheet.rhythm.SlotsRetriever:436 | 
wide:false
    
INFO  [cachedLow-thread-1] o.a.omr.sheet.rhythm.SlotsRetriever:436 | 
wide:true
    
DEBUG [cachedLow-thread-1] o.audiveris.omr.sheet.rhythm.Voice:1096 | createMeasureRestVoice for RestChordInter#6425{(0.796/0.796) staff:4} in Measure{#1P4}
DEBUG [cachedLow-thread-1] o.audiveris.omr.sheet.rhythm.Voice:175 | Created voice#1
DEBUG [cachedLow-thread-1] o.audiveris.omr.sheet.rhythm.Voice:1096 | createMeasureRestVoice for RestChordInter#6419{(0.797/0.797) staff:4} in Measure{#1P4}
DEBUG [cachedLow-thread-1] o.audiveris.omr.sheet.rhythm.Voice:175 | Created voice#2
DEBUG [cachedLow-thread-1] o.a.omr.sheet.rhythm.MeasureRhythm:543 | 
Measure{#1P5} pass 1
INFO  [cachedLow-thread-1] o.a.omr.sheet.rhythm.SlotsRetriever:436 | 
wide:false
    
INFO  [cachedLow-thread-1] o.a.omr.sheet.rhythm.SlotsRetriever:436 | 
wide:true
    
DEBUG [cachedLow-thread-1] o.a.omr.sheet.rhythm.MeasureRhythm:543 | 
Measure{#1P6} pass 1
INFO  [cachedLow-thread-1] o.a.omr.sheet.rhythm.SlotsRetriever:436 | 
wide:false
    
INFO  [cachedLow-thread-1] o.a.omr.sheet.rhythm.SlotsRetriever:436 | 
wide:true
    
DEBUG [cachedLow-thread-1] o.a.omr.sheet.rhythm.MeasureRhythm:543 | 
Measure{#1P7} pass 1
INFO  [cachedLow-thread-1] o.a.omr.sheet.rhythm.SlotsRetriever:436 | 
wide:false
    
INFO  [cachedLow-thread-1] o.a.omr.sheet.rhythm.SlotsRetriever:436 | 
wide:true
    
DEBUG [cachedLow-thread-1] o.a.omr.sheet.rhythm.MeasureRhythm:543 | 
Measure{#1P8} pass 1
INFO  [cachedLow-thread-1] o.a.omr.sheet.rhythm.SlotsRetriever:401 |   BeamGroupInter#1685{(1.000/0.954) beams[1620, 1624]}
INFO  [cachedLow-thread-1] o.a.omr.sheet.rhythm.SlotsRetriever:436 | 
wide:false
      5316  5317  5318  5321  6421  5322  5323  5324  5325  5326  5327  5328  6426  5329
 5316    .     B     B     B     B     B     B     B     B     B     B     B     B     B   HeadChordInter#5316{(0.901/0.901) staff:8 dur:1/4}
 5317    A     .     B     B     B     B     B     B     B     B     B     B     B     B   HeadChordInter#5317{(0.922/0.922) staff:8 dur:1/4}
 5318    A     A     .     B     B     B     B     B     B     B     B     B     B     B   HeadChordInter#5318{(0.714/0.714) staff:8 dur:1/4}
 5321    A     A     A     .     B     B     B     B     B     B     B     B     B     B   HeadChordInter#5321{(0.949/0.949) staff:8 dur:1/4}
 6421    A     A     A     A     .     B     B     B     B     B     B     B     B     B   RestChordInter#6421{(0.597/0.597) staff:8 dur:1/8}
 5322    A     A     A     A     A     .     B     B     B     B     B     B     B     B   HeadChordInter#5322{(0.930/0.930) staff:8 dur:1/8}
 5323    A     A     A     A     A     A     .     B     B     B     B     B     B     B   HeadChordInter#5323{(0.599/0.610) staff:8 dur:1/4}
 5324    A     A     A     A     A     A     A     .     B     B     B     B     B     B   HeadChordInter#5324{(0.947/0.947) staff:8 dur:1/4}
 5325    A     A     A     A     A     A     A     A     .     B     B     B     B     B   HeadChordInter#5325{(0.950/0.950) staff:8 dur:1/16}
 5326    A     A     A     A     A     A     A     A     A     .     B     B     B     B   HeadChordInter#5326{(0.922/0.922) staff:8 dur:1/16}
 5327    A     A     A     A     A     A     A     A     A     A     .     B     B     B   HeadChordInter#5327{(0.949/0.949) staff:8 dur:1/16}
 5328    A     A     A     A     A     A     A     A     A     A     A     .     ~     B   HeadChordInter#5328{(0.948/0.948) staff:8 dur:1/4}
 6426    A     A     A     A     A     A     A     A     A     A     A     ~     .     B   RestChordInter#6426{(0.741/0.741) staff:8 dur:1/4}
 5329    A     A     A     A     A     A     A     A     A     A     A     A     A     .   HeadChordInter#5329{(0.936/0.936) staff:8 dur:1/8}
INFO  [cachedLow-thread-1] o.a.omr.sheet.rhythm.SlotsRetriever:401 |   BeamGroupInter#1685{(1.000/0.954) beams[1620, 1624]}
INFO  [cachedLow-thread-1] o.a.omr.sheet.rhythm.SlotsRetriever:436 | 
wide:true
      5316  5317  5318  5321  6421  5322  5323  5324  5325  5326  5327  5328  6426  5329
 5316    .     B     B     B     B     B     B     B     B     B     B     B     B     B   HeadChordInter#5316{(0.901/0.901) staff:8 slot#1 dur:1/4}
 5317    A     .     B     B     B     B     B     B     B     B     B     B     B     B   HeadChordInter#5317{(0.922/0.922) staff:8 slot#2 dur:1/4}
 5318    A     A     .     B     B     B     B     B     B     B     B     B     B     B   HeadChordInter#5318{(0.714/0.714) staff:8 slot#3 dur:1/4}
 5321    A     A     A     .     B     B     B     B     B     B     B     B     B     B   HeadChordInter#5321{(0.949/0.949) staff:8 slot#4 dur:1/4}
 6421    A     A     A     A     .     B     B     B     B     B     B     B     B     B   RestChordInter#6421{(0.597/0.597) staff:8 slot#5 dur:1/8}
 5322    A     A     A     A     A     .     B     B     B     B     B     B     B     B   HeadChordInter#5322{(0.930/0.930) staff:8 slot#6 dur:1/8}
 5323    A     A     A     A     A     A     .     B     B     B     B     B     B     B   HeadChordInter#5323{(0.599/0.610) staff:8 slot#7 dur:1/4}
 5324    A     A     A     A     A     A     A     .     B     B     B     B     B     B   HeadChordInter#5324{(0.947/0.947) staff:8 slot#8 dur:1/4}
 5325    A     A     A     A     A     A     A     A     .     B     B     B     B     B   HeadChordInter#5325{(0.950/0.950) staff:8 slot#9 dur:1/16}
 5326    A     A     A     A     A     A     A     A     A     .     B     B     B     B   HeadChordInter#5326{(0.922/0.922) staff:8 slot#10 dur:1/16}
 5327    A     A     A     A     A     A     A     A     A     A     .     B     B     B   HeadChordInter#5327{(0.949/0.949) staff:8 slot#11 dur:1/16}
 5328    A     A     A     A     A     A     A     A     A     A     A     .     ~     B   HeadChordInter#5328{(0.948/0.948) staff:8 slot#12 dur:1/4}
 6426    A     A     A     A     A     A     A     A     A     A     A     ~     .     B   RestChordInter#6426{(0.741/0.741) staff:8 slot#12 dur:1/4}
 5329    A     A     A     A     A     A     A     A     A     A     A     A     A     .   HeadChordInter#5329{(0.936/0.936) staff:8 slot#13 dur:1/8}
DEBUG [cachedLow-thread-1] o.audiveris.omr.sheet.rhythm.Voice:175 | Created voice#1
DEBUG [cachedLow-thread-1] org.audiveris.omr.sheet.rhythm.Slot:470 | Stack#1 slot#1 setTimeOffset 0
INFO  [cachedLow-thread-1] o.a.omr.sheet.rhythm.MeasureRhythm:1119 | Slot #2 rookieMap:
   rookie HeadChordInter#5317{(0.922/0.922) staff:8 slot#2 dur:1/4}:
      18  1/4   active HeadChordInter#5316{(0.901/0.901) staff:8 slot#1 off:0 dur:1/4} dStaff=0 dStem=6 nis=0 nar=8 dPitch=4
DEBUG [cachedLow-thread-1] o.a.omr.sheet.rhythm.MeasureRhythm:1351 | Mapping {18 [#5316--#5317]}
DEBUG [cachedLow-thread-1] org.audiveris.omr.sheet.rhythm.Slot:470 | Stack#1 slot#2 setTimeOffset 1/4
INFO  [cachedLow-thread-1] o.a.omr.sheet.rhythm.MeasureRhythm:1119 | Slot #3 rookieMap:
   rookie HeadChordInter#5318{(0.714/0.714) staff:8 slot#3 dur:1/4}:
      19  1/2   active HeadChordInter#5317{(0.922/0.922) staff:8 slot#2 off:1/4 dur:1/4} dStaff=0 dStem=6 nis=0 nar=8 dPitch=5
DEBUG [cachedLow-thread-1] o.a.omr.sheet.rhythm.MeasureRhythm:1351 | Mapping {19 [#5317--#5318]}
DEBUG [cachedLow-thread-1] org.audiveris.omr.sheet.rhythm.Slot:470 | Stack#1 slot#3 setTimeOffset 1/2
INFO  [cachedLow-thread-1] o.a.omr.sheet.rhythm.MeasureRhythm:1119 | Slot #4 rookieMap:
   rookie HeadChordInter#5321{(0.949/0.949) staff:8 slot#4 dur:1/4}:
      19  3/4   active HeadChordInter#5318{(0.714/0.714) staff:8 slot#3 off:1/2 dur:1/4} dStaff=0 dStem=6 nis=0 nar=8 dPitch=5
DEBUG [cachedLow-thread-1] o.a.omr.sheet.rhythm.MeasureRhythm:1351 | Mapping {19 [#5318--#5321]}
DEBUG [cachedLow-thread-1] org.audiveris.omr.sheet.rhythm.Slot:470 | Stack#1 slot#4 setTimeOffset 3/4
INFO  [cachedLow-thread-1] o.a.omr.sheet.rhythm.MeasureRhythm:1119 | Slot #5 rookieMap:
   rookie RestChordInter#6421{(0.597/0.597) staff:8 slot#5 dur:1/8}:
       8    1   active HeadChordInter#5321{(0.949/0.949) staff:8 slot#4 off:3/4 dur:1/4} dStaff=0 dStem=0 nis=0 nar=4 dPitch=4
DEBUG [cachedLow-thread-1] o.a.omr.sheet.rhythm.MeasureRhythm:1351 | Mapping {8 [#5321--#6421]}
DEBUG [cachedLow-thread-1] org.audiveris.omr.sheet.rhythm.Slot:470 | Stack#1 slot#5 setTimeOffset 1
INFO  [cachedLow-thread-1] o.a.omr.sheet.rhythm.MeasureRhythm:1119 | Slot #6 rookieMap:
   rookie HeadChordInter#5322{(0.930/0.930) staff:8 slot#6 dur:1/8}:
       5  9/8   active RestChordInter#6421{(0.597/0.597) staff:8 slot#5 off:1 dur:1/8} dStaff=0 dStem=0 nis=0 nar=4 dPitch=1
DEBUG [cachedLow-thread-1] o.a.omr.sheet.rhythm.MeasureRhythm:1351 | Mapping {5 [#6421--#5322]}
DEBUG [cachedLow-thread-1] org.audiveris.omr.sheet.rhythm.Slot:470 | Stack#1 slot#6 setTimeOffset 9/8
INFO  [cachedLow-thread-1] o.a.omr.sheet.rhythm.MeasureRhythm:1119 | Slot #7 rookieMap:
   rookie HeadChordInter#5323{(0.599/0.610) staff:8 slot#7 dur:1/4}:
       9  5/4   active HeadChordInter#5322{(0.930/0.930) staff:8 slot#6 off:9/8 dur:1/8} dStaff=0 dStem=0 nis=0 nar=8 dPitch=1
DEBUG [cachedLow-thread-1] o.a.omr.sheet.rhythm.MeasureRhythm:1351 | Mapping {9 [#5322--#5323]}
DEBUG [cachedLow-thread-1] org.audiveris.omr.sheet.rhythm.Slot:470 | Stack#1 slot#7 setTimeOffset 5/4
INFO  [cachedLow-thread-1] o.a.omr.sheet.rhythm.MeasureRhythm:1119 | Slot #8 rookieMap:
   rookie HeadChordInter#5324{(0.947/0.947) staff:8 slot#8 dur:1/4}:
      19  3/2   active HeadChordInter#5323{(0.599/0.610) staff:8 slot#7 off:5/4 dur:1/4} dStaff=0 dStem=6 nis=0 nar=8 dPitch=5
DEBUG [cachedLow-thread-1] o.a.omr.sheet.rhythm.MeasureRhythm:1351 | Mapping {19 [#5323--#5324]}
DEBUG [cachedLow-thread-1] org.audiveris.omr.sheet.rhythm.Slot:470 | Stack#1 slot#8 setTimeOffset 3/2
INFO  [cachedLow-thread-1] o.a.omr.sheet.rhythm.MeasureRhythm:1119 | Slot #9 rookieMap:
   rookie HeadChordInter#5325{(0.950/0.950) staff:8 slot#9 dur:1/16}:
      18  7/4   active HeadChordInter#5324{(0.947/0.947) staff:8 slot#8 off:3/2 dur:1/4} dStaff=0 dStem=6 nis=0 nar=8 dPitch=4
DEBUG [cachedLow-thread-1] o.a.omr.sheet.rhythm.MeasureRhythm:1351 | Mapping {18 [#5324--#5325]}
DEBUG [cachedLow-thread-1] org.audiveris.omr.sheet.rhythm.Slot:470 | Stack#1 slot#9 setTimeOffset 7/4
DEBUG [cachedLow-thread-1] org.audiveris.omr.sheet.rhythm.Slot:470 | Stack#1 slot#10 setTimeOffset 29/16
DEBUG [cachedLow-thread-1] org.audiveris.omr.sheet.rhythm.Slot:470 | Stack#1 slot#11 setTimeOffset 15/8
INFO  [cachedLow-thread-1] o.a.omr.sheet.rhythm.MeasureRhythm:1119 | Slot #12 rookieMap:
   rookie HeadChordInter#5328{(0.948/0.948) staff:8 slot#12 dur:1/4}:
      18 31/16   active HeadChordInter#5327{(0.949/0.949) staff:8 slot#11 off:15/8 dur:1/16} dStaff=0 dStem=6 nis=0 nar=8 dPitch=4
   rookie RestChordInter#6426{(0.741/0.741) staff:8 slot#12 dur:1/4}:
       5 31/16   active HeadChordInter#5327{(0.949/0.949) staff:8 slot#11 off:15/8 dur:1/16} dStaff=0 dStem=0 nis=0 nar=4 dPitch=1
DEBUG [cachedLow-thread-1] o.a.omr.sheet.rhythm.MeasureRhythm:1351 | Mapping {65 [#5327--#6426]}
DEBUG [cachedLow-thread-1] org.audiveris.omr.sheet.rhythm.Slot:470 | Stack#1 slot#12 setTimeOffset 31/16
DEBUG [cachedLow-thread-1] o.audiveris.omr.sheet.rhythm.Voice:175 | Created voice#2
INFO  [cachedLow-thread-1] o.a.omr.sheet.rhythm.MeasureRhythm:1119 | Slot #13 rookieMap:
   rookie HeadChordInter#5329{(0.936/0.936) staff:8 slot#13 dur:1/8}:
       5 35/16   active RestChordInter#6426{(0.741/0.741) staff:8 slot#12 off:31/16 dur:1/4} dStaff=0 dStem=0 nis=0 nar=4 dPitch=1
      18 35/16   active HeadChordInter#5328{(0.948/0.948) staff:8 slot#12 off:31/16 dur:1/4} dStaff=0 dStem=6 nis=0 nar=8 dPitch=4
DEBUG [cachedLow-thread-1] o.a.omr.sheet.rhythm.MeasureRhythm:1351 | Mapping {5 [#6426--#5329]}
DEBUG [cachedLow-thread-1] org.audiveris.omr.sheet.rhythm.Slot:470 | Stack#1 slot#13 setTimeOffset 35/16
DEBUG [cachedLow-thread-1] org.audiveris.omr.sheet.rhythm.Slot:470 | Stack#1 slot#1 setTimeOffset 0
DEBUG [cachedLow-thread-1] org.audiveris.omr.sheet.rhythm.Slot:470 | Stack#1 slot#2 setTimeOffset 1/4
DEBUG [cachedLow-thread-1] org.audiveris.omr.sheet.rhythm.Slot:470 | Stack#1 slot#3 setTimeOffset 1/2
DEBUG [cachedLow-thread-1] org.audiveris.omr.sheet.rhythm.Slot:470 | Stack#1 slot#4 setTimeOffset 3/4
DEBUG [cachedLow-thread-1] org.audiveris.omr.sheet.rhythm.Slot:470 | Stack#1 slot#5 setTimeOffset 1
DEBUG [cachedLow-thread-1] org.audiveris.omr.sheet.rhythm.Slot:470 | Stack#1 slot#6 setTimeOffset 9/8
DEBUG [cachedLow-thread-1] org.audiveris.omr.sheet.rhythm.Slot:470 | Stack#1 slot#7 setTimeOffset 5/4
DEBUG [cachedLow-thread-1] org.audiveris.omr.sheet.rhythm.Slot:470 | Stack#1 slot#8 setTimeOffset 3/2
DEBUG [cachedLow-thread-1] org.audiveris.omr.sheet.rhythm.Slot:470 | Stack#1 slot#9 setTimeOffset 7/4
DEBUG [cachedLow-thread-1] org.audiveris.omr.sheet.rhythm.Slot:470 | Stack#1 slot#10 setTimeOffset 29/16
DEBUG [cachedLow-thread-1] org.audiveris.omr.sheet.rhythm.Slot:470 | Stack#1 slot#11 setTimeOffset 15/8
DEBUG [cachedLow-thread-1] org.audiveris.omr.sheet.rhythm.Slot:470 | Stack#1 slot#12 setTimeOffset 31/16
DEBUG [cachedLow-thread-1] org.audiveris.omr.sheet.rhythm.Slot:470 | Stack#1 slot#13 setTimeOffset 35/16
DEBUG [cachedLow-thread-1] o.audiveris.omr.sheet.rhythm.Voice:876 | putSlotInfo slot#1 Voice{#1}
DEBUG [cachedLow-thread-1] o.audiveris.omr.sheet.rhythm.Voice:876 | putSlotInfo slot#2 Voice{#1}
DEBUG [cachedLow-thread-1] o.audiveris.omr.sheet.rhythm.Voice:876 | putSlotInfo slot#3 Voice{#1}
DEBUG [cachedLow-thread-1] o.audiveris.omr.sheet.rhythm.Voice:876 | putSlotInfo slot#4 Voice{#1}
DEBUG [cachedLow-thread-1] o.audiveris.omr.sheet.rhythm.Voice:876 | putSlotInfo slot#5 Voice{#1}
DEBUG [cachedLow-thread-1] o.audiveris.omr.sheet.rhythm.Voice:876 | putSlotInfo slot#6 Voice{#1}
DEBUG [cachedLow-thread-1] o.audiveris.omr.sheet.rhythm.Voice:876 | putSlotInfo slot#7 Voice{#1}
DEBUG [cachedLow-thread-1] o.audiveris.omr.sheet.rhythm.Voice:876 | putSlotInfo slot#8 Voice{#1}
DEBUG [cachedLow-thread-1] o.audiveris.omr.sheet.rhythm.Voice:876 | putSlotInfo slot#9 Voice{#1}
DEBUG [cachedLow-thread-1] o.audiveris.omr.sheet.rhythm.Voice:876 | putSlotInfo slot#10 Voice{#1}
DEBUG [cachedLow-thread-1] o.audiveris.omr.sheet.rhythm.Voice:876 | putSlotInfo slot#11 Voice{#1}
DEBUG [cachedLow-thread-1] o.audiveris.omr.sheet.rhythm.Voice:876 | putSlotInfo slot#12 Voice{#1}
DEBUG [cachedLow-thread-1] o.audiveris.omr.sheet.rhythm.Voice:876 | putSlotInfo slot#13 Voice{#1}
DEBUG [cachedLow-thread-1] o.audiveris.omr.sheet.rhythm.Voice:876 | putSlotInfo slot#12 Voice{#2}
DEBUG [cachedLow-thread-1] o.a.omr.sheet.rhythm.PageRhythm:273 | 
--- Processing 2 MeasureStack#2 expDur:null
DEBUG [cachedLow-thread-1] o.a.omr.sheet.rhythm.MeasureRhythm:543 | 
Measure{#2P1} pass 1
INFO  [cachedLow-thread-1] o.a.omr.sheet.rhythm.SlotsRetriever:436 | 
wide:false
    
INFO  [cachedLow-thread-1] o.a.omr.sheet.rhythm.SlotsRetriever:436 | 
wide:true
    
DEBUG [cachedLow-thread-1] o.audiveris.omr.sheet.rhythm.Voice:1096 | createMeasureRestVoice for RestChordInter#6430{(0.797/0.797) staff:1} in Measure{#2P1}
DEBUG [cachedLow-thread-1] o.audiveris.omr.sheet.rhythm.Voice:175 | Created voice#1
DEBUG [cachedLow-thread-1] o.a.omr.sheet.rhythm.MeasureRhythm:543 | 
Measure{#2P2} pass 1
INFO  [cachedLow-thread-1] o.a.omr.sheet.rhythm.SlotsRetriever:436 | 
wide:false
    
INFO  [cachedLow-thread-1] o.a.omr.sheet.rhythm.SlotsRetriever:436 | 
wide:true
    
DEBUG [cachedLow-thread-1] o.audiveris.omr.sheet.rhythm.Voice:1096 | createMeasureRestVoice for RestChordInter#6429{(0.795/0.795) staff:2} in Measure{#2P2}
DEBUG [cachedLow-thread-1] o.audiveris.omr.sheet.rhythm.Voice:175 | Created voice#1
DEBUG [cachedLow-thread-1] o.a.omr.sheet.rhythm.MeasureRhythm:543 | 
Measure{#2P3} pass 1
INFO  [cachedLow-thread-1] o.a.omr.sheet.rhythm.SlotsRetriever:436 | 
wide:false
    
INFO  [cachedLow-thread-1] o.a.omr.sheet.rhythm.SlotsRetriever:436 | 
wide:true
    
DEBUG [cachedLow-thread-1] o.a.omr.sheet.rhythm.MeasureRhythm:543 | 
Measure{#2P4} pass 1
INFO  [cachedLow-thread-1] o.a.omr.sheet.rhythm.SlotsRetriever:436 | 
wide:false
    
INFO  [cachedLow-thread-1] o.a.omr.sheet.rhythm.SlotsRetriever:436 | 
wide:true
    
DEBUG [cachedLow-thread-1] o.audiveris.omr.sheet.rhythm.Voice:1096 | createMeasureRestVoice for RestChordInter#6431{(0.800/0.800) staff:4} in Measure{#2P4}
DEBUG [cachedLow-thread-1] o.audiveris.omr.sheet.rhythm.Voice:175 | Created voice#1
DEBUG [cachedLow-thread-1] o.a.omr.sheet.rhythm.MeasureRhythm:543 | 
Measure{#2P5} pass 1
INFO  [cachedLow-thread-1] o.a.omr.sheet.rhythm.SlotsRetriever:436 | 
wide:false
    
INFO  [cachedLow-thread-1] o.a.omr.sheet.rhythm.SlotsRetriever:436 | 
wide:true
    
DEBUG [cachedLow-thread-1] o.a.omr.sheet.rhythm.MeasureRhythm:543 | 
Measure{#2P6} pass 1
INFO  [cachedLow-thread-1] o.a.omr.sheet.rhythm.SlotsRetriever:436 | 
wide:false
    
INFO  [cachedLow-thread-1] o.a.omr.sheet.rhythm.SlotsRetriever:436 | 
wide:true
    
DEBUG [cachedLow-thread-1] o.a.omr.sheet.rhythm.MeasureRhythm:543 | 
Measure{#2P7} pass 1
INFO  [cachedLow-thread-1] o.a.omr.sheet.rhythm.SlotsRetriever:401 |   BeamGroupInter#1665{(1.000/0.968) beams[1547]}
INFO  [cachedLow-thread-1] o.a.omr.sheet.rhythm.SlotsRetriever:401 |   BeamGroupInter#1661{(1.000/0.919) beams[1536, 1636]}
INFO  [cachedLow-thread-1] o.a.omr.sheet.rhythm.SlotsRetriever:401 |   BeamGroupInter#1666{(1.000/0.933) beams[1549, 1551]}
INFO  [cachedLow-thread-1] o.a.omr.sheet.rhythm.SlotsRetriever:436 | 
wide:false
      5298  5299  5300  5301  5302  5303  5304  5305  5306
 5298    .     B     B     B     B     B     B     B     B   HeadChordInter#5298{(0.931/0.931) staff:7 dur:1/8}
 5299    A     .     B     B     B     B     B     B     B   HeadChordInter#5299{(0.935/0.935) staff:7 dur:1/8}
 5300    A     A     .     B     B     B     B     B     B   HeadChordInter#5300{(0.917/0.917) staff:7 dur:1/8}
 5301    A     A     A     .     B     B     B     B     B   HeadChordInter#5301{(0.943/0.943) staff:7 dur:1/8}
 5302    A     A     A     A     .     B     B     B     B   HeadChordInter#5302{(0.939/0.939) staff:7 dur:1/16}
 5303    A     A     A     A     A     .     B     B     B   HeadChordInter#5303{(0.935/0.935) staff:7 dur:1/8}
 5304    A     A     A     A     A     A     .     B     B   HeadChordInter#5304{(0.931/0.931) staff:7 dur:1/16}
 5305    A     A     A     A     A     A     A     .     B   HeadChordInter#5305{(0.934/0.934) staff:7 dur:1/16}
 5306    A     A     A     A     A     A     A     A     .   HeadChordInter#5306{(0.940/0.940) staff:7 dur:1/16}
INFO  [cachedLow-thread-1] o.a.omr.sheet.rhythm.SlotsRetriever:401 |   BeamGroupInter#1665{(1.000/0.968) beams[1547]}
INFO  [cachedLow-thread-1] o.a.omr.sheet.rhythm.SlotsRetriever:401 |   BeamGroupInter#1661{(1.000/0.919) beams[1536, 1636]}
INFO  [cachedLow-thread-1] o.a.omr.sheet.rhythm.SlotsRetriever:401 |   BeamGroupInter#1666{(1.000/0.933) beams[1549, 1551]}
INFO  [cachedLow-thread-1] o.a.omr.sheet.rhythm.SlotsRetriever:436 | 
wide:true
      5298  5299  5300  5301  5302  5303  5304  5305  5306
 5298    .     B     B     B     B     B     B     B     B   HeadChordInter#5298{(0.931/0.931) staff:7 slot#1 dur:1/8}
 5299    A     .     B     B     B     B     B     B     B   HeadChordInter#5299{(0.935/0.935) staff:7 slot#2 dur:1/8}
 5300    A     A     .     B     B     B     B     B     B   HeadChordInter#5300{(0.917/0.917) staff:7 slot#3 dur:1/8}
 5301    A     A     A     .     B     B     B     B     B   HeadChordInter#5301{(0.943/0.943) staff:7 slot#4 dur:1/8}
 5302    A     A     A     A     .     B     B     B     B   HeadChordInter#5302{(0.939/0.939) staff:7 slot#5 dur:1/16}
 5303    A     A     A     A     A     .     B     B     B   HeadChordInter#5303{(0.935/0.935) staff:7 slot#6 dur:1/8}
 5304    A     A     A     A     A     A     .     B     B   HeadChordInter#5304{(0.931/0.931) staff:7 slot#7 dur:1/16}
 5305    A     A     A     A     A     A     A     .     B   HeadChordInter#5305{(0.934/0.934) staff:7 slot#8 dur:1/16}
 5306    A     A     A     A     A     A     A     A     .   HeadChordInter#5306{(0.940/0.940) staff:7 slot#9 dur:1/16}
DEBUG [cachedLow-thread-1] o.audiveris.omr.sheet.rhythm.Voice:175 | Created voice#1
DEBUG [cachedLow-thread-1] org.audiveris.omr.sheet.rhythm.Slot:470 | Stack#2 slot#1 setTimeOffset 0
DEBUG [cachedLow-thread-1] org.audiveris.omr.sheet.rhythm.Slot:470 | Stack#2 slot#2 setTimeOffset 1/8
DEBUG [cachedLow-thread-1] org.audiveris.omr.sheet.rhythm.Slot:470 | Stack#2 slot#3 setTimeOffset 1/4
DEBUG [cachedLow-thread-1] org.audiveris.omr.sheet.rhythm.Slot:470 | Stack#2 slot#4 setTimeOffset 3/8
INFO  [cachedLow-thread-1] o.a.omr.sheet.rhythm.MeasureRhythm:1119 | Slot #5 rookieMap:
   rookie HeadChordInter#5302{(0.939/0.939) staff:7 slot#5 dur:1/16}:
      10  1/2   active HeadChordInter#5301{(0.943/0.943) staff:7 slot#4 off:3/8 dur:1/8} dStaff=0 dStem=0 nis=0 nar=8 dPitch=2
DEBUG [cachedLow-thread-1] o.a.omr.sheet.rhythm.MeasureRhythm:1351 | Mapping {10 [#5301--#5302]}
DEBUG [cachedLow-thread-1] org.audiveris.omr.sheet.rhythm.Slot:470 | Stack#2 slot#5 setTimeOffset 1/2
DEBUG [cachedLow-thread-1] org.audiveris.omr.sheet.rhythm.Slot:470 | Stack#2 slot#6 setTimeOffset 9/16
DEBUG [cachedLow-thread-1] org.audiveris.omr.sheet.rhythm.Slot:470 | Stack#2 slot#7 setTimeOffset 11/16
INFO  [cachedLow-thread-1] o.a.omr.sheet.rhythm.MeasureRhythm:1119 | Slot #8 rookieMap:
   rookie HeadChordInter#5305{(0.934/0.934) staff:7 slot#8 dur:1/16}:
      15  3/4   active HeadChordInter#5304{(0.931/0.931) staff:7 slot#7 off:11/16 dur:1/16} dStaff=0 dStem=0 nis=0 nar=8 dPitch=7
DEBUG [cachedLow-thread-1] o.a.omr.sheet.rhythm.MeasureRhythm:1351 | Mapping {15 [#5304--#5305]}
DEBUG [cachedLow-thread-1] org.audiveris.omr.sheet.rhythm.Slot:470 | Stack#2 slot#8 setTimeOffset 3/4
DEBUG [cachedLow-thread-1] org.audiveris.omr.sheet.rhythm.Slot:470 | Stack#2 slot#9 setTimeOffset 13/16
DEBUG [cachedLow-thread-1] o.a.omr.sheet.rhythm.MeasureRhythm:543 | 
Measure{#2P8} pass 1
INFO  [cachedLow-thread-1] o.a.omr.sheet.rhythm.SlotsRetriever:401 |   BeamGroupInter#1684{(1.000/0.941) beams[1618, 1622]}
INFO  [cachedLow-thread-1] o.a.omr.sheet.rhythm.SlotsRetriever:436 | 
wide:false
      5330  5331  5332  5333  5334  5335  5336
 5330    .     B     B     B     B     B     B   HeadChordInter#5330{(0.917/0.917) staff:8 dur:1/4}
 5331    A     .     ~     B     B     B     B   HeadChordInter#5331{(0.945/0.945) staff:8 dur:1/4}
 5332    A     ~     .     B     B     B     B   HeadChordInter#5332{(0.650/0.650) staff:8 dur:1/4}
 5333    A     A     A     .     B     B     B   HeadChordInter#5333{(0.742/0.742) staff:8 dur:1/4}
 5334    A     A     A     A     .     B     B   HeadChordInter#5334{(0.944/0.944) staff:8 dur:1/4}
 5335    A     A     A     A     A     .     B   HeadChordInter#5335{(0.940/0.940) staff:8 dur:1/16}
 5336    A     A     A     A     A     A     .   HeadChordInter#5336{(0.945/0.945) staff:8 dur:1/16}
INFO  [cachedLow-thread-1] o.a.omr.sheet.rhythm.SlotsRetriever:401 |   BeamGroupInter#1684{(1.000/0.941) beams[1618, 1622]}
INFO  [cachedLow-thread-1] o.a.omr.sheet.rhythm.SlotsRetriever:436 | 
wide:true
      5330  5331  5332  5333  5334  5335  5336
 5330    .     B     B     B     B     B     B   HeadChordInter#5330{(0.917/0.917) staff:8 slot#1 dur:1/4}
 5331    A     .     ~     B     B     B     B   HeadChordInter#5331{(0.945/0.945) staff:8 slot#2 dur:1/4}
 5332    A     ~     .     B     B     B     B   HeadChordInter#5332{(0.650/0.650) staff:8 slot#2 dur:1/4}
 5333    A     A     A     .     B     B     B   HeadChordInter#5333{(0.742/0.742) staff:8 slot#3 dur:1/4}
 5334    A     A     A     A     .     B     B   HeadChordInter#5334{(0.944/0.944) staff:8 slot#4 dur:1/4}
 5335    A     A     A     A     A     .     B   HeadChordInter#5335{(0.940/0.940) staff:8 slot#5 dur:1/16}
 5336    A     A     A     A     A     A     .   HeadChordInter#5336{(0.945/0.945) staff:8 slot#6 dur:1/16}
DEBUG [cachedLow-thread-1] o.audiveris.omr.sheet.rhythm.Voice:175 | Created voice#1
DEBUG [cachedLow-thread-1] org.audiveris.omr.sheet.rhythm.Slot:470 | Stack#2 slot#1 setTimeOffset 0
INFO  [cachedLow-thread-1] o.a.omr.sheet.rhythm.MeasureRhythm:1119 | Slot #2 rookieMap:
   rookie HeadChordInter#5331{(0.945/0.945) staff:8 slot#2 dur:1/4}:
      18  1/4   active HeadChordInter#5330{(0.917/0.917) staff:8 slot#1 off:0 dur:1/4} dStaff=0 dStem=6 nis=0 nar=8 dPitch=4
   rookie HeadChordInter#5332{(0.650/0.650) staff:8 slot#2 dur:1/4}:
       9  1/4   active HeadChordInter#5330{(0.917/0.917) staff:8 slot#1 off:0 dur:1/4} dStaff=0 dStem=0 nis=0 nar=8 dPitch=1
DEBUG [cachedLow-thread-1] o.a.omr.sheet.rhythm.MeasureRhythm:1351 | Mapping {69 [#5330--#5332]}
DEBUG [cachedLow-thread-1] org.audiveris.omr.sheet.rhythm.Slot:470 | Stack#2 slot#2 setTimeOffset 1/4
DEBUG [cachedLow-thread-1] o.audiveris.omr.sheet.rhythm.Voice:175 | Created voice#2
INFO  [cachedLow-thread-1] o.a.omr.sheet.rhythm.MeasureRhythm:1119 | Slot #3 rookieMap:
   rookie HeadChordInter#5333{(0.742/0.742) staff:8 slot#3 dur:1/4}:
       8  1/2   active HeadChordInter#5332{(0.650/0.650) staff:8 slot#2 off:1/4 dur:1/4} dStaff=0 dStem=0 nis=0 nar=8 dPitch=0
      19  1/2   active HeadChordInter#5331{(0.945/0.945) staff:8 slot#2 off:1/4 dur:1/4} dStaff=0 dStem=6 nis=0 nar=8 dPitch=5
DEBUG [cachedLow-thread-1] o.a.omr.sheet.rhythm.MeasureRhythm:1351 | Mapping {8 [#5332--#5333]}
DEBUG [cachedLow-thread-1] org.audiveris.omr.sheet.rhythm.Slot:470 | Stack#2 slot#3 setTimeOffset 1/2
INFO  [cachedLow-thread-1] o.a.omr.sheet.rhythm.MeasureRhythm:1119 | Slot #4 rookieMap:
   rookie HeadChordInter#5334{(0.944/0.944) staff:8 slot#4 dur:1/4}:
      19  3/4   active HeadChordInter#5333{(0.742/0.742) staff:8 slot#3 off:1/2 dur:1/4} dStaff=0 dStem=6 nis=0 nar=8 dPitch=5
       8  1/2   active HeadChordInter#5331{(0.945/0.945) staff:8 slot#2 off:1/4 dur:1/4} dStaff=0 dStem=0 nis=0 nar=8 dPitch=0
DEBUG [cachedLow-thread-1] o.a.omr.sheet.rhythm.MeasureRhythm:1351 | Mapping {8 [#5331--#5334]}
DEBUG [cachedLow-thread-1] org.audiveris.omr.sheet.rhythm.Slot:470 | Stack#2 slot#4 setTimeOffset 1/2
INFO  [cachedLow-thread-1] o.a.omr.sheet.rhythm.MeasureRhythm:1119 | Slot #5 rookieMap:
   rookie HeadChordInter#5335{(0.940/0.940) staff:8 slot#5 dur:1/16}:
       9  3/4   active HeadChordInter#5333{(0.742/0.742) staff:8 slot#3 off:1/2 dur:1/4} dStaff=0 dStem=0 nis=0 nar=8 dPitch=1
      18  3/4   active HeadChordInter#5334{(0.944/0.944) staff:8 slot#4 off:1/2 dur:1/4} dStaff=0 dStem=6 nis=0 nar=8 dPitch=4
DEBUG [cachedLow-thread-1] o.a.omr.sheet.rhythm.MeasureRhythm:1351 | Mapping {9 [#5333--#5335]}
DEBUG [cachedLow-thread-1] org.audiveris.omr.sheet.rhythm.Slot:470 | Stack#2 slot#5 setTimeOffset 3/4
DEBUG [cachedLow-thread-1] org.audiveris.omr.sheet.rhythm.Slot:470 | Stack#2 slot#6 setTimeOffset 13/16
INFO  [cachedLow-thread-1] o.a.omr.sheet.rhythm.MeasureRhythm:690 | Voice{#2} [5331, 5334] extinct at 3/4 before slot#6 at 13/16
DEBUG [cachedLow-thread-1] org.audiveris.omr.sheet.rhythm.Slot:470 | Stack#2 slot#1 setTimeOffset 0
DEBUG [cachedLow-thread-1] org.audiveris.omr.sheet.rhythm.Slot:470 | Stack#2 slot#2 setTimeOffset 1/8
DEBUG [cachedLow-thread-1] org.audiveris.omr.sheet.rhythm.Slot:470 | Stack#2 slot#3 setTimeOffset 1/4
DEBUG [cachedLow-thread-1] org.audiveris.omr.sheet.rhythm.Slot:470 | Stack#2 slot#4 setTimeOffset 3/8
DEBUG [cachedLow-thread-1] org.audiveris.omr.sheet.rhythm.Slot:470 | Stack#2 slot#5 setTimeOffset 1/2
DEBUG [cachedLow-thread-1] org.audiveris.omr.sheet.rhythm.Slot:470 | Stack#2 slot#6 setTimeOffset 9/16
DEBUG [cachedLow-thread-1] org.audiveris.omr.sheet.rhythm.Slot:470 | Stack#2 slot#7 setTimeOffset 11/16
DEBUG [cachedLow-thread-1] org.audiveris.omr.sheet.rhythm.Slot:470 | Stack#2 slot#8 setTimeOffset 3/4
DEBUG [cachedLow-thread-1] org.audiveris.omr.sheet.rhythm.Slot:470 | Stack#2 slot#9 setTimeOffset 13/16
DEBUG [cachedLow-thread-1] o.audiveris.omr.sheet.rhythm.Voice:876 | putSlotInfo slot#1 Voice{#1}
DEBUG [cachedLow-thread-1] o.audiveris.omr.sheet.rhythm.Voice:876 | putSlotInfo slot#2 Voice{#1}
DEBUG [cachedLow-thread-1] o.audiveris.omr.sheet.rhythm.Voice:876 | putSlotInfo slot#3 Voice{#1}
DEBUG [cachedLow-thread-1] o.audiveris.omr.sheet.rhythm.Voice:876 | putSlotInfo slot#4 Voice{#1}
DEBUG [cachedLow-thread-1] o.audiveris.omr.sheet.rhythm.Voice:876 | putSlotInfo slot#5 Voice{#1}
DEBUG [cachedLow-thread-1] o.audiveris.omr.sheet.rhythm.Voice:876 | putSlotInfo slot#6 Voice{#1}
DEBUG [cachedLow-thread-1] o.audiveris.omr.sheet.rhythm.Voice:876 | putSlotInfo slot#7 Voice{#1}
DEBUG [cachedLow-thread-1] o.audiveris.omr.sheet.rhythm.Voice:876 | putSlotInfo slot#8 Voice{#1}
DEBUG [cachedLow-thread-1] o.audiveris.omr.sheet.rhythm.Voice:876 | putSlotInfo slot#9 Voice{#1}
DEBUG [cachedLow-thread-1] o.audiveris.omr.sheet.rhythm.Voice:876 | putSlotInfo slot#1 Voice{#1}
DEBUG [cachedLow-thread-1] o.audiveris.omr.sheet.rhythm.Voice:876 | putSlotInfo slot#3 Voice{#1}
DEBUG [cachedLow-thread-1] o.audiveris.omr.sheet.rhythm.Voice:876 | putSlotInfo slot#5 Voice{#1}
DEBUG [cachedLow-thread-1] o.audiveris.omr.sheet.rhythm.Voice:876 | putSlotInfo slot#8 Voice{#1}
DEBUG [cachedLow-thread-1] o.audiveris.omr.sheet.rhythm.Voice:876 | putSlotInfo slot#9 Voice{#1}
DEBUG [cachedLow-thread-1] o.audiveris.omr.sheet.rhythm.Voice:876 | putSlotInfo slot#2 Voice{#1}
DEBUG [cachedLow-thread-1] o.audiveris.omr.sheet.rhythm.Voice:876 | putSlotInfo slot#4 Voice{#1}
DEBUG [cachedLow-thread-1] o.audiveris.omr.sheet.rhythm.Voice:876 | putSlotInfo slot#6 Voice{#1}
DEBUG [cachedLow-thread-1] o.audiveris.omr.sheet.rhythm.Voice:876 | putSlotInfo slot#7 Voice{#1}
DEBUG [cachedLow-thread-1] o.audiveris.omr.sheet.rhythm.Voice:876 | putSlotInfo slot#3 Voice{#2}
DEBUG [cachedLow-thread-1] o.audiveris.omr.sheet.rhythm.Voice:876 | putSlotInfo slot#5 Voice{#2}
DEBUG [cachedLow-thread-1] o.audiveris.omr.sheet.rhythm.Voice:876 | putSlotInfo slot#4 Voice{#2}
DEBUG [cachedLow-thread-1] o.audiveris.omr.sheet.rhythm.Voice:876 | putSlotInfo slot#6 Voice{#2}
DEBUG [cachedLow-thread-1] o.audiveris.omr.sheet.rhythm.Voice:876 | putSlotInfo slot#7 Voice{#2}
DEBUG [cachedLow-thread-1] o.a.omr.sheet.rhythm.PageRhythm:273 | 
--- Processing 3 MeasureStack#3 expDur:null
DEBUG [cachedLow-thread-1] o.a.omr.sheet.rhythm.MeasureRhythm:543 | 
Measure{#3P1} pass 1
INFO  [cachedLow-thread-1] o.a.omr.sheet.rhythm.SlotsRetriever:436 | 
wide:false
      6435  5296
 6435    .     B   RestChordInter#6435{(0.732/0.732) staff:1 dur:1/2}
 5296    A     .   HeadChordInter#5296{(0.919/0.919) staff:1 dur:1/8}
INFO  [cachedLow-thread-1] o.a.omr.sheet.rhythm.SlotsRetriever:436 | 
wide:true
      6435  5296
 6435    .     B   RestChordInter#6435{(0.732/0.732) staff:1 slot#1 dur:1/2}
 5296    A     .   HeadChordInter#5296{(0.919/0.919) staff:1 slot#2 dur:1/8}
DEBUG [cachedLow-thread-1] o.audiveris.omr.sheet.rhythm.Voice:175 | Created voice#1
DEBUG [cachedLow-thread-1] org.audiveris.omr.sheet.rhythm.Slot:470 | Stack#3 slot#1 setTimeOffset 0
INFO  [cachedLow-thread-1] o.a.omr.sheet.rhythm.MeasureRhythm:1119 | Slot #2 rookieMap:
   rookie HeadChordInter#5296{(0.919/0.919) staff:1 slot#2 dur:1/8}:
       4  1/2   active RestChordInter#6435{(0.732/0.732) staff:1 slot#1 off:0 dur:1/2} dStaff=0 dStem=0 nis=0 nar=4 dPitch=0
DEBUG [cachedLow-thread-1] o.a.omr.sheet.rhythm.MeasureRhythm:1351 | Mapping {4 [#6435--#5296]}
DEBUG [cachedLow-thread-1] org.audiveris.omr.sheet.rhythm.Slot:470 | Stack#3 slot#2 setTimeOffset 1/2
DEBUG [cachedLow-thread-1] o.a.omr.sheet.rhythm.MeasureRhythm:543 | 
Measure{#3P2} pass 1
INFO  [cachedLow-thread-1] o.a.omr.sheet.rhythm.SlotsRetriever:436 | 
wide:false
    
INFO  [cachedLow-thread-1] o.a.omr.sheet.rhythm.SlotsRetriever:436 | 
wide:true
    
DEBUG [cachedLow-thread-1] o.audiveris.omr.sheet.rhythm.Voice:1096 | createMeasureRestVoice for RestChordInter#6438{(0.798/0.798) staff:2} in Measure{#3P2}
DEBUG [cachedLow-thread-1] o.audiveris.omr.sheet.rhythm.Voice:175 | Created voice#1
DEBUG [cachedLow-thread-1] o.a.omr.sheet.rhythm.MeasureRhythm:543 | 
Measure{#3P3} pass 1
INFO  [cachedLow-thread-1] o.a.omr.sheet.rhythm.SlotsRetriever:436 | 
wide:false
    
INFO  [cachedLow-thread-1] o.a.omr.sheet.rhythm.SlotsRetriever:436 | 
wide:true
    
DEBUG [cachedLow-thread-1] o.a.omr.sheet.rhythm.MeasureRhythm:543 | 
Measure{#3P4} pass 1
INFO  [cachedLow-thread-1] o.a.omr.sheet.rhythm.SlotsRetriever:436 | 
wide:false
      6437  5297
 6437    .     B   RestChordInter#6437{(0.777/0.777) staff:4 dur:1/2}
 5297    A     .   HeadChordInter#5297{(0.962/0.962) staff:4 dur:1/4}
INFO  [cachedLow-thread-1] o.a.omr.sheet.rhythm.SlotsRetriever:436 | 
wide:true
      6437  5297
 6437    .     B   RestChordInter#6437{(0.777/0.777) staff:4 slot#1 dur:1/2}
 5297    A     .   HeadChordInter#5297{(0.962/0.962) staff:4 slot#2 dur:1/4}
DEBUG [cachedLow-thread-1] o.audiveris.omr.sheet.rhythm.Voice:175 | Created voice#1
DEBUG [cachedLow-thread-1] org.audiveris.omr.sheet.rhythm.Slot:470 | Stack#3 slot#1 setTimeOffset 0
INFO  [cachedLow-thread-1] o.a.omr.sheet.rhythm.MeasureRhythm:1119 | Slot #2 rookieMap:
   rookie HeadChordInter#5297{(0.962/0.962) staff:4 slot#2 dur:1/4}:
       7  1/2   active RestChordInter#6437{(0.777/0.777) staff:4 slot#1 off:0 dur:1/2} dStaff=0 dStem=0 nis=0 nar=4 dPitch=3
DEBUG [cachedLow-thread-1] o.a.omr.sheet.rhythm.MeasureRhythm:1351 | Mapping {7 [#6437--#5297]}
DEBUG [cachedLow-thread-1] org.audiveris.omr.sheet.rhythm.Slot:470 | Stack#3 slot#2 setTimeOffset 1/2
DEBUG [cachedLow-thread-1] o.a.omr.sheet.rhythm.MeasureRhythm:543 | 
Measure{#3P5} pass 1
INFO  [cachedLow-thread-1] o.a.omr.sheet.rhythm.SlotsRetriever:436 | 
wide:false
    
INFO  [cachedLow-thread-1] o.a.omr.sheet.rhythm.SlotsRetriever:436 | 
wide:true
    
DEBUG [cachedLow-thread-1] o.a.omr.sheet.rhythm.MeasureRhythm:543 | 
Measure{#3P6} pass 1
INFO  [cachedLow-thread-1] o.a.omr.sheet.rhythm.SlotsRetriever:436 | 
wide:false
    
INFO  [cachedLow-thread-1] o.a.omr.sheet.rhythm.SlotsRetriever:436 | 
wide:true
    
DEBUG [cachedLow-thread-1] o.a.omr.sheet.rhythm.MeasureRhythm:543 | 
Measure{#3P7} pass 1
INFO  [cachedLow-thread-1] o.a.omr.sheet.rhythm.SlotsRetriever:401 |   BeamGroupInter#1664{(1.000/0.965) beams[1545]}
INFO  [cachedLow-thread-1] o.a.omr.sheet.rhythm.SlotsRetriever:401 |   BeamGroupInter#1662{(1.000/0.951) beams[1538, 1540]}
INFO  [cachedLow-thread-1] o.a.omr.sheet.rhythm.SlotsRetriever:436 | 
wide:false
      5307  5308  5309  5310  5311  5312  5313  5314  5315
 5307    .     B     B     B     B     B     B     B     B   HeadChordInter#5307{(0.930/0.930) staff:7 dur:1/8}
 5308    A     .     B     B     B     B     B     B     B   HeadChordInter#5308{(0.933/0.933) staff:7 dur:1/8}
 5309    A     A     .     B     B     B     B     B     B   HeadChordInter#5309{(0.923/0.923) staff:7 dur:1/8}
 5310    A     A     A     .     B     B     B     B     B   HeadChordInter#5310{(0.941/0.941) staff:7 dur:1/8}
 5311    A     A     A     A     .     B     B     B     B   HeadChordInter#5311{(0.946/0.946) staff:7 dur:1/16}
 5312    A     A     A     A     A     .     B     B     B   HeadChordInter#5312{(0.921/0.921) staff:7 dur:1/16}
 5313    A     A     A     A     A     A     .     B     B   HeadChordInter#5313{(0.944/0.944) staff:7 dur:1/16}
 5314    A     A     A     A     A     A     A     .     B   HeadChordInter#5314{(0.926/0.926) staff:7 dur:1/16}
 5315    A     A     A     A     A     A     A     A     .   HeadChordInter#5315{(0.909/0.909) staff:7 dur:1/8}
INFO  [cachedLow-thread-1] o.a.omr.sheet.rhythm.SlotsRetriever:401 |   BeamGroupInter#1664{(1.000/0.965) beams[1545]}
INFO  [cachedLow-thread-1] o.a.omr.sheet.rhythm.SlotsRetriever:401 |   BeamGroupInter#1662{(1.000/0.951) beams[1538, 1540]}
INFO  [cachedLow-thread-1] o.a.omr.sheet.rhythm.SlotsRetriever:436 | 
wide:true
      5307  5308  5309  5310  5311  5312  5313  5314  5315
 5307    .     B     B     B     B     B     B     B     B   HeadChordInter#5307{(0.930/0.930) staff:7 slot#1 dur:1/8}
 5308    A     .     B     B     B     B     B     B     B   HeadChordInter#5308{(0.933/0.933) staff:7 slot#2 dur:1/8}
 5309    A     A     .     B     B     B     B     B     B   HeadChordInter#5309{(0.923/0.923) staff:7 slot#3 dur:1/8}
 5310    A     A     A     .     B     B     B     B     B   HeadChordInter#5310{(0.941/0.941) staff:7 slot#4 dur:1/8}
 5311    A     A     A     A     .     B     B     B     B   HeadChordInter#5311{(0.946/0.946) staff:7 slot#5 dur:1/16}
 5312    A     A     A     A     A     .     B     B     B   HeadChordInter#5312{(0.921/0.921) staff:7 slot#6 dur:1/16}
 5313    A     A     A     A     A     A     .     B     B   HeadChordInter#5313{(0.944/0.944) staff:7 slot#7 dur:1/16}
 5314    A     A     A     A     A     A     A     .     B   HeadChordInter#5314{(0.926/0.926) staff:7 slot#8 dur:1/16}
 5315    A     A     A     A     A     A     A     A     .   HeadChordInter#5315{(0.909/0.909) staff:7 slot#9 dur:1/8}
DEBUG [cachedLow-thread-1] o.audiveris.omr.sheet.rhythm.Voice:175 | Created voice#1
DEBUG [cachedLow-thread-1] org.audiveris.omr.sheet.rhythm.Slot:470 | Stack#3 slot#1 setTimeOffset 0
DEBUG [cachedLow-thread-1] org.audiveris.omr.sheet.rhythm.Slot:470 | Stack#3 slot#2 setTimeOffset 1/8
DEBUG [cachedLow-thread-1] org.audiveris.omr.sheet.rhythm.Slot:470 | Stack#3 slot#3 setTimeOffset 1/4
DEBUG [cachedLow-thread-1] org.audiveris.omr.sheet.rhythm.Slot:470 | Stack#3 slot#4 setTimeOffset 3/8
INFO  [cachedLow-thread-1] o.a.omr.sheet.rhythm.MeasureRhythm:1119 | Slot #5 rookieMap:
   rookie HeadChordInter#5311{(0.946/0.946) staff:7 slot#5 dur:1/16}:
      10  1/2   active HeadChordInter#5310{(0.941/0.941) staff:7 slot#4 off:3/8 dur:1/8} dStaff=0 dStem=0 nis=0 nar=8 dPitch=2
DEBUG [cachedLow-thread-1] o.a.omr.sheet.rhythm.MeasureRhythm:1351 | Mapping {10 [#5310--#5311]}
DEBUG [cachedLow-thread-1] org.audiveris.omr.sheet.rhythm.Slot:470 | Stack#3 slot#5 setTimeOffset 1/2
DEBUG [cachedLow-thread-1] org.audiveris.omr.sheet.rhythm.Slot:470 | Stack#3 slot#6 setTimeOffset 9/16
DEBUG [cachedLow-thread-1] org.audiveris.omr.sheet.rhythm.Slot:470 | Stack#3 slot#7 setTimeOffset 5/8
DEBUG [cachedLow-thread-1] org.audiveris.omr.sheet.rhythm.Slot:470 | Stack#3 slot#8 setTimeOffset 11/16
INFO  [cachedLow-thread-1] o.a.omr.sheet.rhythm.MeasureRhythm:1119 | Slot #9 rookieMap:
   rookie HeadChordInter#5315{(0.909/0.909) staff:7 slot#9 dur:1/8}:
       9  3/4   active HeadChordInter#5314{(0.926/0.926) staff:7 slot#8 off:11/16 dur:1/16} dStaff=0 dStem=0 nis=0 nar=8 dPitch=1
DEBUG [cachedLow-thread-1] o.a.omr.sheet.rhythm.MeasureRhythm:1351 | Mapping {9 [#5314--#5315]}
DEBUG [cachedLow-thread-1] org.audiveris.omr.sheet.rhythm.Slot:470 | Stack#3 slot#9 setTimeOffset 3/4
DEBUG [cachedLow-thread-1] o.a.omr.sheet.rhythm.MeasureRhythm:543 | 
Measure{#3P8} pass 1
INFO  [cachedLow-thread-1] o.a.omr.sheet.rhythm.SlotsRetriever:436 | 
wide:false
      5337  5338  5340  5341  5343  5344  5345
 5337    .     B     B     B     B     B     B   HeadChordInter#5337{(0.944/0.944) staff:8 dur:1/4}
 5338    A     .     =     B     B     B     B   HeadChordInter#5338{(0.929/0.929) staff:8 dur:1/4}
 5340    A     =     .     B     B     B     B   HeadChordInter#5340{(0.784/0.784) staff:8 dur:1/4}
 5341    A     A     A     .     =     B     B   HeadChordInter#5341{(0.930/0.930) staff:8 dur:1/4}
 5343    A     A     A     =     .     B     B   HeadChordInter#5343{(0.782/0.782) staff:8 dur:1/4}
 5344    A     A     A     A     A     .     B   HeadChordInter#5344{(0.946/0.946) staff:8 dur:1/4}
 5345    A     A     A     A     A     A     .   HeadChordInter#5345{(0.922/0.922) staff:8 dur:1/8}
INFO  [cachedLow-thread-1] o.a.omr.sheet.rhythm.SlotsRetriever:436 | 
wide:true
      5337  5338  5340  5341  5343  5344  5345
 5337    .     B     B     B     B     B     B   HeadChordInter#5337{(0.944/0.944) staff:8 slot#1 dur:1/4}
 5338    A     .     =     B     B     B     B   HeadChordInter#5338{(0.929/0.929) staff:8 slot#2 dur:1/4}
 5340    A     =     .     B     B     B     B   HeadChordInter#5340{(0.784/0.784) staff:8 slot#2 dur:1/4}
 5341    A     A     A     .     =     B     B   HeadChordInter#5341{(0.930/0.930) staff:8 slot#3 dur:1/4}
 5343    A     A     A     =     .     B     B   HeadChordInter#5343{(0.782/0.782) staff:8 slot#3 dur:1/4}
 5344    A     A     A     A     A     .     B   HeadChordInter#5344{(0.946/0.946) staff:8 slot#4 dur:1/4}
 5345    A     A     A     A     A     A     .   HeadChordInter#5345{(0.922/0.922) staff:8 slot#5 dur:1/8}
DEBUG [cachedLow-thread-1] o.audiveris.omr.sheet.rhythm.Voice:175 | Created voice#1
DEBUG [cachedLow-thread-1] org.audiveris.omr.sheet.rhythm.Slot:470 | Stack#3 slot#1 setTimeOffset 0
INFO  [cachedLow-thread-1] o.a.omr.sheet.rhythm.MeasureRhythm:1119 | Slot #2 rookieMap:
   rookie HeadChordInter#5340{(0.784/0.784) staff:8 slot#2 dur:1/4}:
      12  1/4   active HeadChordInter#5337{(0.944/0.944) staff:8 slot#1 off:0 dur:1/4} dStaff=0 dStem=0 nis=0 nar=8 dPitch=4
   rookie HeadChordInter#5338{(0.929/0.929) staff:8 slot#2 dur:1/4}:
      18  1/4   active HeadChordInter#5337{(0.944/0.944) staff:8 slot#1 off:0 dur:1/4} dStaff=0 dStem=6 nis=0 nar=8 dPitch=4
DEBUG [cachedLow-thread-1] o.a.omr.sheet.rhythm.MeasureRhythm:1351 | Mapping {72 [#5337--#5340]}
DEBUG [cachedLow-thread-1] org.audiveris.omr.sheet.rhythm.Slot:470 | Stack#3 slot#2 setTimeOffset 1/4
DEBUG [cachedLow-thread-1] o.audiveris.omr.sheet.rhythm.Voice:175 | Created voice#2
INFO  [cachedLow-thread-1] o.a.omr.sheet.rhythm.MeasureRhythm:1119 | Slot #3 rookieMap:
   rookie HeadChordInter#5343{(0.782/0.782) staff:8 slot#3 dur:1/4}:
       8  1/2   active HeadChordInter#5340{(0.784/0.784) staff:8 slot#2 off:1/4 dur:1/4} dStaff=0 dStem=0 nis=0 nar=8 dPitch=0
      14  1/2   active HeadChordInter#5338{(0.929/0.929) staff:8 slot#2 off:1/4 dur:1/4} dStaff=0 dStem=6 nis=0 nar=8 dPitch=0
   rookie HeadChordInter#5341{(0.930/0.930) staff:8 slot#3 dur:1/4}:
      14  1/2   active HeadChordInter#5340{(0.784/0.784) staff:8 slot#2 off:1/4 dur:1/4} dStaff=0 dStem=6 nis=0 nar=8 dPitch=0
       8  1/2   active HeadChordInter#5338{(0.929/0.929) staff:8 slot#2 off:1/4 dur:1/4} dStaff=0 dStem=0 nis=0 nar=8 dPitch=0
DEBUG [cachedLow-thread-1] o.a.omr.sheet.rhythm.MeasureRhythm:1351 | Mapping {16 [#5340--#5343,#5338--#5341]}
DEBUG [cachedLow-thread-1] org.audiveris.omr.sheet.rhythm.Slot:470 | Stack#3 slot#3 setTimeOffset 1/2
INFO  [cachedLow-thread-1] o.a.omr.sheet.rhythm.MeasureRhythm:1119 | Slot #4 rookieMap:
   rookie HeadChordInter#5344{(0.946/0.946) staff:8 slot#4 dur:1/4}:
      12  3/4   active HeadChordInter#5343{(0.782/0.782) staff:8 slot#3 off:1/2 dur:1/4} dStaff=0 dStem=0 nis=0 nar=8 dPitch=4
      18  3/4   active HeadChordInter#5341{(0.930/0.930) staff:8 slot#3 off:1/2 dur:1/4} dStaff=0 dStem=6 nis=0 nar=8 dPitch=4
DEBUG [cachedLow-thread-1] o.a.omr.sheet.rhythm.MeasureRhythm:1351 | Mapping {12 [#5343--#5344]}
DEBUG [cachedLow-thread-1] org.audiveris.omr.sheet.rhythm.Slot:470 | Stack#3 slot#4 setTimeOffset 3/4
INFO  [cachedLow-thread-1] o.a.omr.sheet.rhythm.MeasureRhythm:1119 | Slot #5 rookieMap:
   rookie HeadChordInter#5345{(0.922/0.922) staff:8 slot#5 dur:1/8}:
      18    1   active HeadChordInter#5344{(0.946/0.946) staff:8 slot#4 off:3/4 dur:1/4} dStaff=0 dStem=6 nis=0 nar=8 dPitch=4
       8  3/4   active HeadChordInter#5341{(0.930/0.930) staff:8 slot#3 off:1/2 dur:1/4} dStaff=0 dStem=0 nis=0 nar=8 dPitch=0
DEBUG [cachedLow-thread-1] o.a.omr.sheet.rhythm.MeasureRhythm:1351 | Mapping {8 [#5341--#5345]}
DEBUG [cachedLow-thread-1] org.audiveris.omr.sheet.rhythm.Slot:470 | Stack#3 slot#5 setTimeOffset 3/4
DEBUG [cachedLow-thread-1] org.audiveris.omr.sheet.rhythm.Slot:470 | Stack#3 slot#1 setTimeOffset 0
DEBUG [cachedLow-thread-1] org.audiveris.omr.sheet.rhythm.Slot:470 | Stack#3 slot#2 setTimeOffset 1/8
DEBUG [cachedLow-thread-1] org.audiveris.omr.sheet.rhythm.Slot:470 | Stack#3 slot#3 setTimeOffset 1/4
DEBUG [cachedLow-thread-1] org.audiveris.omr.sheet.rhythm.Slot:470 | Stack#3 slot#4 setTimeOffset 3/8
DEBUG [cachedLow-thread-1] org.audiveris.omr.sheet.rhythm.Slot:470 | Stack#3 slot#5 setTimeOffset 1/2
DEBUG [cachedLow-thread-1] org.audiveris.omr.sheet.rhythm.Slot:470 | Stack#3 slot#6 setTimeOffset 9/16
DEBUG [cachedLow-thread-1] org.audiveris.omr.sheet.rhythm.Slot:470 | Stack#3 slot#7 setTimeOffset 5/8
DEBUG [cachedLow-thread-1] org.audiveris.omr.sheet.rhythm.Slot:470 | Stack#3 slot#8 setTimeOffset 11/16
DEBUG [cachedLow-thread-1] org.audiveris.omr.sheet.rhythm.Slot:470 | Stack#3 slot#9 setTimeOffset 3/4
DEBUG [cachedLow-thread-1] o.audiveris.omr.sheet.rhythm.Voice:876 | putSlotInfo slot#1 Voice{#1}
DEBUG [cachedLow-thread-1] o.audiveris.omr.sheet.rhythm.Voice:876 | putSlotInfo slot#5 Voice{#1}
DEBUG [cachedLow-thread-1] o.audiveris.omr.sheet.rhythm.Voice:876 | putSlotInfo slot#2 Voice{#1}
DEBUG [cachedLow-thread-1] o.audiveris.omr.sheet.rhythm.Voice:876 | putSlotInfo slot#3 Voice{#1}
DEBUG [cachedLow-thread-1] o.audiveris.omr.sheet.rhythm.Voice:876 | putSlotInfo slot#4 Voice{#1}
DEBUG [cachedLow-thread-1] o.audiveris.omr.sheet.rhythm.Voice:876 | putSlotInfo slot#6 Voice{#1}
DEBUG [cachedLow-thread-1] o.audiveris.omr.sheet.rhythm.Voice:876 | putSlotInfo slot#1 Voice{#1}
DEBUG [cachedLow-thread-1] o.audiveris.omr.sheet.rhythm.Voice:876 | putSlotInfo slot#5 Voice{#1}
DEBUG [cachedLow-thread-1] o.audiveris.omr.sheet.rhythm.Voice:876 | putSlotInfo slot#2 Voice{#1}
DEBUG [cachedLow-thread-1] o.audiveris.omr.sheet.rhythm.Voice:876 | putSlotInfo slot#3 Voice{#1}
DEBUG [cachedLow-thread-1] o.audiveris.omr.sheet.rhythm.Voice:876 | putSlotInfo slot#4 Voice{#1}
DEBUG [cachedLow-thread-1] o.audiveris.omr.sheet.rhythm.Voice:876 | putSlotInfo slot#6 Voice{#1}
DEBUG [cachedLow-thread-1] o.audiveris.omr.sheet.rhythm.Voice:876 | putSlotInfo slot#7 Voice{#1}
DEBUG [cachedLow-thread-1] o.audiveris.omr.sheet.rhythm.Voice:876 | putSlotInfo slot#8 Voice{#1}
DEBUG [cachedLow-thread-1] o.audiveris.omr.sheet.rhythm.Voice:876 | putSlotInfo slot#1 Voice{#1}
DEBUG [cachedLow-thread-1] o.audiveris.omr.sheet.rhythm.Voice:876 | putSlotInfo slot#2 Voice{#1}
DEBUG [cachedLow-thread-1] o.audiveris.omr.sheet.rhythm.Voice:876 | putSlotInfo slot#3 Voice{#1}
DEBUG [cachedLow-thread-1] o.audiveris.omr.sheet.rhythm.Voice:876 | putSlotInfo slot#4 Voice{#1}
DEBUG [cachedLow-thread-1] o.audiveris.omr.sheet.rhythm.Voice:876 | putSlotInfo slot#5 Voice{#1}
DEBUG [cachedLow-thread-1] o.audiveris.omr.sheet.rhythm.Voice:876 | putSlotInfo slot#6 Voice{#1}
DEBUG [cachedLow-thread-1] o.audiveris.omr.sheet.rhythm.Voice:876 | putSlotInfo slot#7 Voice{#1}
DEBUG [cachedLow-thread-1] o.audiveris.omr.sheet.rhythm.Voice:876 | putSlotInfo slot#8 Voice{#1}
DEBUG [cachedLow-thread-1] o.audiveris.omr.sheet.rhythm.Voice:876 | putSlotInfo slot#9 Voice{#1}
DEBUG [cachedLow-thread-1] o.audiveris.omr.sheet.rhythm.Voice:876 | putSlotInfo slot#1 Voice{#1}
DEBUG [cachedLow-thread-1] o.audiveris.omr.sheet.rhythm.Voice:876 | putSlotInfo slot#3 Voice{#1}
DEBUG [cachedLow-thread-1] o.audiveris.omr.sheet.rhythm.Voice:876 | putSlotInfo slot#5 Voice{#1}
DEBUG [cachedLow-thread-1] o.audiveris.omr.sheet.rhythm.Voice:876 | putSlotInfo slot#9 Voice{#1}
DEBUG [cachedLow-thread-1] o.audiveris.omr.sheet.rhythm.Voice:876 | putSlotInfo slot#2 Voice{#1}
DEBUG [cachedLow-thread-1] o.audiveris.omr.sheet.rhythm.Voice:876 | putSlotInfo slot#4 Voice{#1}
DEBUG [cachedLow-thread-1] o.audiveris.omr.sheet.rhythm.Voice:876 | putSlotInfo slot#6 Voice{#1}
DEBUG [cachedLow-thread-1] o.audiveris.omr.sheet.rhythm.Voice:876 | putSlotInfo slot#7 Voice{#1}
DEBUG [cachedLow-thread-1] o.audiveris.omr.sheet.rhythm.Voice:876 | putSlotInfo slot#8 Voice{#1}
DEBUG [cachedLow-thread-1] o.audiveris.omr.sheet.rhythm.Voice:876 | putSlotInfo slot#3 Voice{#2}
DEBUG [cachedLow-thread-1] o.audiveris.omr.sheet.rhythm.Voice:876 | putSlotInfo slot#5 Voice{#2}
DEBUG [cachedLow-thread-1] o.audiveris.omr.sheet.rhythm.Voice:876 | putSlotInfo slot#9 Voice{#2}
DEBUG [cachedLow-thread-1] o.audiveris.omr.sheet.rhythm.Voice:876 | putSlotInfo slot#4 Voice{#2}
DEBUG [cachedLow-thread-1] o.audiveris.omr.sheet.rhythm.Voice:876 | putSlotInfo slot#6 Voice{#2}
DEBUG [cachedLow-thread-1] o.audiveris.omr.sheet.rhythm.Voice:876 | putSlotInfo slot#7 Voice{#2}
DEBUG [cachedLow-thread-1] o.audiveris.omr.sheet.rhythm.Voice:876 | putSlotInfo slot#8 Voice{#2}
DEBUG [cachedLow-thread-1] o.a.omr.sheet.rhythm.PageRhythm:273 | 
--- Processing 4 MeasureStack#4 expDur:null
DEBUG [cachedLow-thread-1] o.a.omr.sheet.rhythm.MeasureRhythm:543 | 
Measure{#4P1} pass 1
INFO  [cachedLow-thread-1] o.a.omr.sheet.rhythm.SlotsRetriever:401 |   BeamGroupInter#1738{(1.000/0.954) beams[1696]}
INFO  [cachedLow-thread-1] o.a.omr.sheet.rhythm.SlotsRetriever:436 | 
wide:false
      5346  5347  5348  5349  5350
 5346    .     B     B     B     B   HeadChordInter#5346{(0.628/0.628) staff:9 dur:1/4}
 5347    A     .     B     B     B   HeadChordInter#5347{(0.717/0.717) staff:9 dur:1/2}
 5348    A     A     .     B     B   HeadChordInter#5348{(0.752/0.752) staff:9 dur:1/8}
 5349    A     A     A     .     B   HeadChordInter#5349{(0.946/0.946) staff:9 dur:1/8}
 5350    A     A     A     A     .   HeadChordInter#5350{(0.783/0.783) staff:9 dur:1/8}
INFO  [cachedLow-thread-1] o.a.omr.sheet.rhythm.SlotsRetriever:401 |   BeamGroupInter#1738{(1.000/0.954) beams[1696]}
INFO  [cachedLow-thread-1] o.a.omr.sheet.rhythm.SlotsRetriever:436 | 
wide:true
      5346  5347  5348  5349  5350
 5346    .     B     B     B     B   HeadChordInter#5346{(0.628/0.628) staff:9 slot#1 dur:1/4}
 5347    A     .     B     B     B   HeadChordInter#5347{(0.717/0.717) staff:9 slot#2 dur:1/2}
 5348    A     A     .     B     B   HeadChordInter#5348{(0.752/0.752) staff:9 slot#3 dur:1/8}
 5349    A     A     A     .     B   HeadChordInter#5349{(0.946/0.946) staff:9 slot#4 dur:1/8}
 5350    A     A     A     A     .   HeadChordInter#5350{(0.783/0.783) staff:9 slot#5 dur:1/8}
DEBUG [cachedLow-thread-1] o.audiveris.omr.sheet.rhythm.Voice:175 | Created voice#1
DEBUG [cachedLow-thread-1] org.audiveris.omr.sheet.rhythm.Slot:470 | Stack#4 slot#1 setTimeOffset 0
INFO  [cachedLow-thread-1] o.a.omr.sheet.rhythm.MeasureRhythm:1119 | Slot #2 rookieMap:
   rookie HeadChordInter#5347{(0.717/0.717) staff:9 slot#2 dur:1/2}:
      10  1/4   active HeadChordInter#5346{(0.628/0.628) staff:9 slot#1 off:0 dur:1/4} dStaff=0 dStem=0 nis=0 nar=8 dPitch=2
DEBUG [cachedLow-thread-1] o.a.omr.sheet.rhythm.MeasureRhythm:1351 | Mapping {10 [#5346--#5347]}
DEBUG [cachedLow-thread-1] org.audiveris.omr.sheet.rhythm.Slot:470 | Stack#4 slot#2 setTimeOffset 1/4
INFO  [cachedLow-thread-1] o.a.omr.sheet.rhythm.MeasureRhythm:1119 | Slot #3 rookieMap:
   rookie HeadChordInter#5348{(0.752/0.752) staff:9 slot#3 dur:1/8}:
       8  3/4   active HeadChordInter#5347{(0.717/0.717) staff:9 slot#2 off:1/4 dur:1/2} dStaff=0 dStem=0 nis=0 nar=8 dPitch=0
DEBUG [cachedLow-thread-1] o.a.omr.sheet.rhythm.MeasureRhythm:1351 | Mapping {8 [#5347--#5348]}
DEBUG [cachedLow-thread-1] org.audiveris.omr.sheet.rhythm.Slot:470 | Stack#4 slot#3 setTimeOffset 3/4
DEBUG [cachedLow-thread-1] org.audiveris.omr.sheet.rhythm.Slot:470 | Stack#4 slot#4 setTimeOffset 7/8
DEBUG [cachedLow-thread-1] org.audiveris.omr.sheet.rhythm.Slot:470 | Stack#4 slot#5 setTimeOffset 1
DEBUG [cachedLow-thread-1] o.a.omr.sheet.rhythm.MeasureRhythm:543 | 
Measure{#4P2} pass 1
INFO  [cachedLow-thread-1] o.a.omr.sheet.rhythm.SlotsRetriever:436 | 
wide:false
    
INFO  [cachedLow-thread-1] o.a.omr.sheet.rhythm.SlotsRetriever:436 | 
wide:true
    
DEBUG [cachedLow-thread-1] o.audiveris.omr.sheet.rhythm.Voice:1096 | createMeasureRestVoice for RestChordInter#6731{(0.770/0.770) staff:10} in Measure{#4P2}
DEBUG [cachedLow-thread-1] o.audiveris.omr.sheet.rhythm.Voice:175 | Created voice#1
DEBUG [cachedLow-thread-1] o.a.omr.sheet.rhythm.MeasureRhythm:543 | 
Measure{#4P3} pass 1
INFO  [cachedLow-thread-1] o.a.omr.sheet.rhythm.SlotsRetriever:436 | 
wide:false
    
INFO  [cachedLow-thread-1] o.a.omr.sheet.rhythm.SlotsRetriever:436 | 
wide:true
    
DEBUG [cachedLow-thread-1] o.a.omr.sheet.rhythm.MeasureRhythm:543 | 
Measure{#4P4} pass 1
INFO  [cachedLow-thread-1] o.a.omr.sheet.rhythm.SlotsRetriever:401 |   BeamGroupInter#1744{(1.000/0.955) beams[1711]}
INFO  [cachedLow-thread-1] o.a.omr.sheet.rhythm.SlotsRetriever:436 | 
wide:false
      5353  5354  6730  5355  5356
 5353    .     B     B     B     B   HeadChordInter#5353{(0.666/0.666) staff:12 dur:1/8}
 5354    A     .     B     B     B   HeadChordInter#5354{(0.636/0.636) staff:12 dur:1/8}
 6730    A     A     .     B     B   RestChordInter#6730{(0.601/0.601) staff:12 dur:1/8}
 5355    A     A     A     .     B   HeadChordInter#5355{(0.649/0.649) staff:12 dur:1/8}
 5356    A     A     A     A     .   HeadChordInter#5356{(0.695/0.695) staff:12 dur:1/2}
INFO  [cachedLow-thread-1] o.a.omr.sheet.rhythm.SlotsRetriever:401 |   BeamGroupInter#1744{(1.000/0.955) beams[1711]}
INFO  [cachedLow-thread-1] o.a.omr.sheet.rhythm.SlotsRetriever:436 | 
wide:true
      5353  5354  6730  5355  5356
 5353    .     B     B     B     B   HeadChordInter#5353{(0.666/0.666) staff:12 slot#1 dur:1/8}
 5354    A     .     B     B     B   HeadChordInter#5354{(0.636/0.636) staff:12 slot#2 dur:1/8}
 6730    A     A     .     B     B   RestChordInter#6730{(0.601/0.601) staff:12 slot#3 dur:1/8}
 5355    A     A     A     .     B   HeadChordInter#5355{(0.649/0.649) staff:12 slot#4 dur:1/8}
 5356    A     A     A     A     .   HeadChordInter#5356{(0.695/0.695) staff:12 slot#5 dur:1/2}
DEBUG [cachedLow-thread-1] o.audiveris.omr.sheet.rhythm.Voice:175 | Created voice#1
DEBUG [cachedLow-thread-1] org.audiveris.omr.sheet.rhythm.Slot:470 | Stack#4 slot#1 setTimeOffset 0
DEBUG [cachedLow-thread-1] org.audiveris.omr.sheet.rhythm.Slot:470 | Stack#4 slot#2 setTimeOffset 1/8
DEBUG [cachedLow-thread-1] org.audiveris.omr.sheet.rhythm.Slot:470 | Stack#4 slot#3 setTimeOffset 1/4
DEBUG [cachedLow-thread-1] org.audiveris.omr.sheet.rhythm.Slot:470 | Stack#4 slot#4 setTimeOffset 3/8
INFO  [cachedLow-thread-1] o.a.omr.sheet.rhythm.MeasureRhythm:1119 | Slot #5 rookieMap:
   rookie HeadChordInter#5356{(0.695/0.695) staff:12 slot#5 dur:1/2}:
       9  1/2   active HeadChordInter#5355{(0.649/0.649) staff:12 slot#4 off:3/8 dur:1/8} dStaff=0 dStem=0 nis=0 nar=8 dPitch=1
DEBUG [cachedLow-thread-1] o.a.omr.sheet.rhythm.MeasureRhythm:1351 | Mapping {9 [#5355--#5356]}
DEBUG [cachedLow-thread-1] org.audiveris.omr.sheet.rhythm.Slot:470 | Stack#4 slot#5 setTimeOffset 1/2
DEBUG [cachedLow-thread-1] o.a.omr.sheet.rhythm.MeasureRhythm:543 | 
Measure{#4P5} pass 1
INFO  [cachedLow-thread-1] o.a.omr.sheet.rhythm.SlotsRetriever:436 | 
wide:false
    
INFO  [cachedLow-thread-1] o.a.omr.sheet.rhythm.SlotsRetriever:436 | 
wide:true
    
DEBUG [cachedLow-thread-1] o.a.omr.sheet.rhythm.MeasureRhythm:543 | 
Measure{#4P6} pass 1
INFO  [cachedLow-thread-1] o.a.omr.sheet.rhythm.SlotsRetriever:436 | 
wide:false
    
INFO  [cachedLow-thread-1] o.a.omr.sheet.rhythm.SlotsRetriever:436 | 
wide:true
    
DEBUG [cachedLow-thread-1] o.a.omr.sheet.rhythm.MeasureRhythm:543 | 
Measure{#4P7} pass 1
INFO  [cachedLow-thread-1] o.a.omr.sheet.rhythm.SlotsRetriever:436 | 
wide:false
      5364  5365
 5364    .     B   HeadChordInter#5364{(0.911/0.911) staff:15 dur:1/4}
 5365    A     .   HeadChordInter#5365{(0.926/0.926) staff:15 dur:1/4}
INFO  [cachedLow-thread-1] o.a.omr.sheet.rhythm.SlotsRetriever:436 | 
wide:true
      5364  5365
 5364    .     B   HeadChordInter#5364{(0.911/0.911) staff:15 slot#1 dur:1/4}
 5365    A     .   HeadChordInter#5365{(0.926/0.926) staff:15 slot#2 dur:1/4}
DEBUG [cachedLow-thread-1] o.audiveris.omr.sheet.rhythm.Voice:175 | Created voice#1
DEBUG [cachedLow-thread-1] org.audiveris.omr.sheet.rhythm.Slot:470 | Stack#4 slot#1 setTimeOffset 0
INFO  [cachedLow-thread-1] o.a.omr.sheet.rhythm.MeasureRhythm:1119 | Slot #2 rookieMap:
   rookie HeadChordInter#5365{(0.926/0.926) staff:15 slot#2 dur:1/4}:
       8  1/4   active HeadChordInter#5364{(0.911/0.911) staff:15 slot#1 off:0 dur:1/4} dStaff=0 dStem=0 nis=0 nar=8 dPitch=0
DEBUG [cachedLow-thread-1] o.a.omr.sheet.rhythm.MeasureRhythm:1351 | Mapping {8 [#5364--#5365]}
DEBUG [cachedLow-thread-1] org.audiveris.omr.sheet.rhythm.Slot:470 | Stack#4 slot#2 setTimeOffset 1/4
DEBUG [cachedLow-thread-1] o.a.omr.sheet.rhythm.MeasureRhythm:543 | 
Measure{#4P8} pass 1
INFO  [cachedLow-thread-1] o.a.omr.sheet.rhythm.SlotsRetriever:401 |   BeamGroupInter#1755{(1.000/0.946) beams[1733]}
INFO  [cachedLow-thread-1] o.a.omr.sheet.rhythm.SlotsRetriever:436 | 
wide:false
      5366  5368  5369  5370  5371  5372
 5366    .     =     B     B     B     B   HeadChordInter#5366{(0.926/0.926) staff:16 dur:1/4}
 5368    =     .     B     B     B     B   HeadChordInter#5368{(0.780/0.780) staff:16 dur:1/4}
 5369    A     A     .     B     B     B   HeadChordInter#5369{(0.942/0.942) staff:16 dur:1/4}
 5370    A     A     A     .     B     B   HeadChordInter#5370{(0.932/0.932) staff:16 dur:1/8}
 5371    A     A     A     A     .     B   HeadChordInter#5371{(0.932/0.932) staff:16 dur:1/8}
 5372    A     A     A     A     A     .   HeadChordInter#5372{(0.942/0.942) staff:16 dur:1/4}
INFO  [cachedLow-thread-1] o.a.omr.sheet.rhythm.SlotsRetriever:401 |   BeamGroupInter#1755{(1.000/0.946) beams[1733]}
INFO  [cachedLow-thread-1] o.a.omr.sheet.rhythm.SlotsRetriever:436 | 
wide:true
      5366  5368  5369  5370  5371  5372
 5366    .     =     B     B     B     B   HeadChordInter#5366{(0.926/0.926) staff:16 slot#1 dur:1/4}
 5368    =     .     B     B     B     B   HeadChordInter#5368{(0.780/0.780) staff:16 slot#1 dur:1/4}
 5369    A     A     .     B     B     B   HeadChordInter#5369{(0.942/0.942) staff:16 slot#2 dur:1/4}
 5370    A     A     A     .     B     B   HeadChordInter#5370{(0.932/0.932) staff:16 slot#3 dur:1/8}
 5371    A     A     A     A     .     B   HeadChordInter#5371{(0.932/0.932) staff:16 slot#4 dur:1/8}
 5372    A     A     A     A     A     .   HeadChordInter#5372{(0.942/0.942) staff:16 slot#5 dur:1/4}
DEBUG [cachedLow-thread-1] o.audiveris.omr.sheet.rhythm.Voice:175 | Created voice#1
DEBUG [cachedLow-thread-1] o.audiveris.omr.sheet.rhythm.Voice:175 | Created voice#2
DEBUG [cachedLow-thread-1] org.audiveris.omr.sheet.rhythm.Slot:470 | Stack#4 slot#1 setTimeOffset 0
INFO  [cachedLow-thread-1] o.a.omr.sheet.rhythm.MeasureRhythm:1119 | Slot #2 rookieMap:
   rookie HeadChordInter#5369{(0.942/0.942) staff:16 slot#2 dur:1/4}:
      12  1/4   active HeadChordInter#5368{(0.780/0.780) staff:16 slot#1 off:0 dur:1/4} dStaff=0 dStem=0 nis=0 nar=8 dPitch=4
      18  1/4   active HeadChordInter#5366{(0.926/0.926) staff:16 slot#1 off:0 dur:1/4} dStaff=0 dStem=6 nis=0 nar=8 dPitch=4
DEBUG [cachedLow-thread-1] o.a.omr.sheet.rhythm.MeasureRhythm:1351 | Mapping {12 [#5368--#5369]}
DEBUG [cachedLow-thread-1] org.audiveris.omr.sheet.rhythm.Slot:470 | Stack#4 slot#2 setTimeOffset 1/4
INFO  [cachedLow-thread-1] o.a.omr.sheet.rhythm.MeasureRhythm:1119 | Slot #3 rookieMap:
   rookie HeadChordInter#5370{(0.932/0.932) staff:16 slot#3 dur:1/8}:
      18  1/2   active HeadChordInter#5369{(0.942/0.942) staff:16 slot#2 off:1/4 dur:1/4} dStaff=0 dStem=6 nis=0 nar=8 dPitch=4
       8  1/4   active HeadChordInter#5366{(0.926/0.926) staff:16 slot#1 off:0 dur:1/4} dStaff=0 dStem=0 nis=0 nar=8 dPitch=0
DEBUG [cachedLow-thread-1] o.a.omr.sheet.rhythm.MeasureRhythm:1351 | Mapping {8 [#5366--#5370]}
DEBUG [cachedLow-thread-1] org.audiveris.omr.sheet.rhythm.Slot:470 | Stack#4 slot#3 setTimeOffset 1/4
DEBUG [cachedLow-thread-1] org.audiveris.omr.sheet.rhythm.Slot:470 | Stack#4 slot#4 setTimeOffset 3/8
INFO  [cachedLow-thread-1] o.a.omr.sheet.rhythm.MeasureRhythm:1119 | Slot #5 rookieMap:
   rookie HeadChordInter#5372{(0.942/0.942) staff:16 slot#5 dur:1/4}:
       8  1/2   active HeadChordInter#5369{(0.942/0.942) staff:16 slot#2 off:1/4 dur:1/4} dStaff=0 dStem=0 nis=0 nar=8 dPitch=0
      18  1/2   active HeadChordInter#5371{(0.932/0.932) staff:16 slot#4 off:3/8 dur:1/8} dStaff=0 dStem=6 nis=0 nar=8 dPitch=4
DEBUG [cachedLow-thread-1] o.a.omr.sheet.rhythm.MeasureRhythm:1351 | Mapping {8 [#5369--#5372]}
DEBUG [cachedLow-thread-1] org.audiveris.omr.sheet.rhythm.Slot:470 | Stack#4 slot#5 setTimeOffset 1/2
DEBUG [cachedLow-thread-1] org.audiveris.omr.sheet.rhythm.Slot:470 | Stack#4 slot#1 setTimeOffset 0
DEBUG [cachedLow-thread-1] org.audiveris.omr.sheet.rhythm.Slot:470 | Stack#4 slot#2 setTimeOffset 1/8
DEBUG [cachedLow-thread-1] org.audiveris.omr.sheet.rhythm.Slot:470 | Stack#4 slot#3 setTimeOffset 1/4
DEBUG [cachedLow-thread-1] org.audiveris.omr.sheet.rhythm.Slot:470 | Stack#4 slot#4 setTimeOffset 3/8
DEBUG [cachedLow-thread-1] org.audiveris.omr.sheet.rhythm.Slot:470 | Stack#4 slot#5 setTimeOffset 1/2
DEBUG [cachedLow-thread-1] org.audiveris.omr.sheet.rhythm.Slot:470 | Stack#4 slot#6 setTimeOffset 3/4
DEBUG [cachedLow-thread-1] org.audiveris.omr.sheet.rhythm.Slot:470 | Stack#4 slot#7 setTimeOffset 7/8
DEBUG [cachedLow-thread-1] org.audiveris.omr.sheet.rhythm.Slot:470 | Stack#4 slot#8 setTimeOffset 1
DEBUG [cachedLow-thread-1] o.audiveris.omr.sheet.rhythm.Voice:876 | putSlotInfo slot#1 Voice{#1}
DEBUG [cachedLow-thread-1] o.audiveris.omr.sheet.rhythm.Voice:876 | putSlotInfo slot#3 Voice{#1}
DEBUG [cachedLow-thread-1] o.audiveris.omr.sheet.rhythm.Voice:876 | putSlotInfo slot#6 Voice{#1}
DEBUG [cachedLow-thread-1] o.audiveris.omr.sheet.rhythm.Voice:876 | putSlotInfo slot#7 Voice{#1}
DEBUG [cachedLow-thread-1] o.audiveris.omr.sheet.rhythm.Voice:876 | putSlotInfo slot#8 Voice{#1}
DEBUG [cachedLow-thread-1] o.audiveris.omr.sheet.rhythm.Voice:876 | putSlotInfo slot#2 Voice{#1}
DEBUG [cachedLow-thread-1] o.audiveris.omr.sheet.rhythm.Voice:876 | putSlotInfo slot#4 Voice{#1}
DEBUG [cachedLow-thread-1] o.audiveris.omr.sheet.rhythm.Voice:876 | putSlotInfo slot#5 Voice{#1}
DEBUG [cachedLow-thread-1] o.audiveris.omr.sheet.rhythm.Voice:876 | putSlotInfo slot#1 Voice{#1}
DEBUG [cachedLow-thread-1] o.audiveris.omr.sheet.rhythm.Voice:876 | putSlotInfo slot#2 Voice{#1}
DEBUG [cachedLow-thread-1] o.audiveris.omr.sheet.rhythm.Voice:876 | putSlotInfo slot#3 Voice{#1}
DEBUG [cachedLow-thread-1] o.audiveris.omr.sheet.rhythm.Voice:876 | putSlotInfo slot#4 Voice{#1}
DEBUG [cachedLow-thread-1] o.audiveris.omr.sheet.rhythm.Voice:876 | putSlotInfo slot#5 Voice{#1}
DEBUG [cachedLow-thread-1] o.audiveris.omr.sheet.rhythm.Voice:876 | putSlotInfo slot#6 Voice{#1}
DEBUG [cachedLow-thread-1] o.audiveris.omr.sheet.rhythm.Voice:876 | putSlotInfo slot#7 Voice{#1}
DEBUG [cachedLow-thread-1] o.audiveris.omr.sheet.rhythm.Voice:876 | putSlotInfo slot#1 Voice{#1}
DEBUG [cachedLow-thread-1] o.audiveris.omr.sheet.rhythm.Voice:876 | putSlotInfo slot#3 Voice{#1}
DEBUG [cachedLow-thread-1] o.audiveris.omr.sheet.rhythm.Voice:876 | putSlotInfo slot#2 Voice{#1}
DEBUG [cachedLow-thread-1] o.audiveris.omr.sheet.rhythm.Voice:876 | putSlotInfo slot#4 Voice{#1}
DEBUG [cachedLow-thread-1] o.audiveris.omr.sheet.rhythm.Voice:876 | putSlotInfo slot#1 Voice{#1}
DEBUG [cachedLow-thread-1] o.audiveris.omr.sheet.rhythm.Voice:876 | putSlotInfo slot#3 Voice{#1}
DEBUG [cachedLow-thread-1] o.audiveris.omr.sheet.rhythm.Voice:876 | putSlotInfo slot#5 Voice{#1}
DEBUG [cachedLow-thread-1] o.audiveris.omr.sheet.rhythm.Voice:876 | putSlotInfo slot#2 Voice{#1}
DEBUG [cachedLow-thread-1] o.audiveris.omr.sheet.rhythm.Voice:876 | putSlotInfo slot#4 Voice{#1}
DEBUG [cachedLow-thread-1] o.audiveris.omr.sheet.rhythm.Voice:876 | putSlotInfo slot#1 Voice{#2}
DEBUG [cachedLow-thread-1] o.audiveris.omr.sheet.rhythm.Voice:876 | putSlotInfo slot#3 Voice{#2}
DEBUG [cachedLow-thread-1] o.audiveris.omr.sheet.rhythm.Voice:876 | putSlotInfo slot#4 Voice{#2}
DEBUG [cachedLow-thread-1] o.audiveris.omr.sheet.rhythm.Voice:876 | putSlotInfo slot#2 Voice{#2}
DEBUG [cachedLow-thread-1] o.a.omr.sheet.rhythm.PageRhythm:273 | 
--- Processing 5 MeasureStack#5 expDur:null
DEBUG [cachedLow-thread-1] o.a.omr.sheet.rhythm.MeasureRhythm:543 | 
Measure{#5P1} pass 1
INFO  [cachedLow-thread-1] o.a.omr.sheet.rhythm.SlotsRetriever:436 | 
wide:false
      5351  5352
 5351    .     B   HeadChordInter#5351{(0.810/0.810) staff:9 dur:1/2}
 5352    A     .   HeadChordInter#5352{(0.924/0.924) staff:9 dur:1/2}
INFO  [cachedLow-thread-1] o.a.omr.sheet.rhythm.SlotsRetriever:436 | 
wide:true
      5351  5352
 5351    .     B   HeadChordInter#5351{(0.810/0.810) staff:9 slot#1 dur:1/2}
 5352    A     .   HeadChordInter#5352{(0.924/0.924) staff:9 slot#2 dur:1/2}
DEBUG [cachedLow-thread-1] o.audiveris.omr.sheet.rhythm.Voice:175 | Created voice#1
DEBUG [cachedLow-thread-1] org.audiveris.omr.sheet.rhythm.Slot:470 | Stack#5 slot#1 setTimeOffset 0
INFO  [cachedLow-thread-1] o.a.omr.sheet.rhythm.MeasureRhythm:1119 | Slot #2 rookieMap:
   rookie HeadChordInter#5352{(0.924/0.924) staff:9 slot#2 dur:1/2}:
      15  1/2   active HeadChordInter#5351{(0.810/0.810) staff:9 slot#1 off:0 dur:1/2} dStaff=0 dStem=6 nis=0 nar=8 dPitch=1
DEBUG [cachedLow-thread-1] o.a.omr.sheet.rhythm.MeasureRhythm:1351 | Mapping {15 [#5351--#5352]}
DEBUG [cachedLow-thread-1] org.audiveris.omr.sheet.rhythm.Slot:470 | Stack#5 slot#2 setTimeOffset 1/2
DEBUG [cachedLow-thread-1] o.a.omr.sheet.rhythm.MeasureRhythm:543 | 
Measure{#5P2} pass 1
INFO  [cachedLow-thread-1] o.a.omr.sheet.rhythm.SlotsRetriever:436 | 
wide:false
    
INFO  [cachedLow-thread-1] o.a.omr.sheet.rhythm.SlotsRetriever:436 | 
wide:true
    
DEBUG [cachedLow-thread-1] o.audiveris.omr.sheet.rhythm.Voice:1096 | createMeasureRestVoice for RestChordInter#6732{(0.533/0.533) staff:10} in Measure{#5P2}
DEBUG [cachedLow-thread-1] o.audiveris.omr.sheet.rhythm.Voice:175 | Created voice#1
DEBUG [cachedLow-thread-1] o.a.omr.sheet.rhythm.MeasureRhythm:543 | 
Measure{#5P3} pass 1
INFO  [cachedLow-thread-1] o.a.omr.sheet.rhythm.SlotsRetriever:436 | 
wide:false
    
INFO  [cachedLow-thread-1] o.a.omr.sheet.rhythm.SlotsRetriever:436 | 
wide:true
    
DEBUG [cachedLow-thread-1] o.a.omr.sheet.rhythm.MeasureRhythm:543 | 
Measure{#5P4} pass 1
INFO  [cachedLow-thread-1] o.a.omr.sheet.rhythm.SlotsRetriever:401 |   BeamGroupInter#1743{(1.000/0.951) beams[1709]}
INFO  [cachedLow-thread-1] o.a.omr.sheet.rhythm.SlotsRetriever:436 | 
wide:false
      5357  5358  5359  5360  5361
 5357    .     B     B     B     B   HeadChordInter#5357{(0.695/0.695) staff:12 dur:1/8}
 5358    A     .     B     B     B   HeadChordInter#5358{(0.610/0.610) staff:12 dur:1/8}
 5359    A     A     .     B     B   HeadChordInter#5359{(0.665/0.665) staff:12 dur:1/8}
 5360    A     A     A     .     B   HeadChordInter#5360{(0.672/0.672) staff:12 dur:1/8}
 5361    A     A     A     A     .   HeadChordInter#5361{(0.643/0.643) staff:12 dur:1/4}
INFO  [cachedLow-thread-1] o.a.omr.sheet.rhythm.SlotsRetriever:401 |   BeamGroupInter#1743{(1.000/0.951) beams[1709]}
INFO  [cachedLow-thread-1] o.a.omr.sheet.rhythm.SlotsRetriever:436 | 
wide:true
      5357  5358  5359  5360  5361
 5357    .     B     B     B     B   HeadChordInter#5357{(0.695/0.695) staff:12 slot#1 dur:1/8}
 5358    A     .     B     B     B   HeadChordInter#5358{(0.610/0.610) staff:12 slot#2 dur:1/8}
 5359    A     A     .     B     B   HeadChordInter#5359{(0.665/0.665) staff:12 slot#3 dur:1/8}
 5360    A     A     A     .     B   HeadChordInter#5360{(0.672/0.672) staff:12 slot#4 dur:1/8}
 5361    A     A     A     A     .   HeadChordInter#5361{(0.643/0.643) staff:12 slot#5 dur:1/4}
DEBUG [cachedLow-thread-1] o.audiveris.omr.sheet.rhythm.Voice:175 | Created voice#1
DEBUG [cachedLow-thread-1] org.audiveris.omr.sheet.rhythm.Slot:470 | Stack#5 slot#1 setTimeOffset 0
DEBUG [cachedLow-thread-1] org.audiveris.omr.sheet.rhythm.Slot:470 | Stack#5 slot#2 setTimeOffset 1/8
DEBUG [cachedLow-thread-1] org.audiveris.omr.sheet.rhythm.Slot:470 | Stack#5 slot#3 setTimeOffset 1/4
INFO  [cachedLow-thread-1] o.a.omr.sheet.rhythm.MeasureRhythm:1119 | Slot #4 rookieMap:
   rookie HeadChordInter#5360{(0.672/0.672) staff:12 slot#4 dur:1/8}:
       9  3/8   active HeadChordInter#5359{(0.665/0.665) staff:12 slot#3 off:1/4 dur:1/8} dStaff=0 dStem=0 nis=0 nar=8 dPitch=1
DEBUG [cachedLow-thread-1] o.a.omr.sheet.rhythm.MeasureRhythm:1351 | Mapping {9 [#5359--#5360]}
DEBUG [cachedLow-thread-1] org.audiveris.omr.sheet.rhythm.Slot:470 | Stack#5 slot#4 setTimeOffset 3/8
INFO  [cachedLow-thread-1] o.a.omr.sheet.rhythm.MeasureRhythm:1119 | Slot #5 rookieMap:
   rookie HeadChordInter#5361{(0.643/0.643) staff:12 slot#5 dur:1/4}:
       9  1/2   active HeadChordInter#5360{(0.672/0.672) staff:12 slot#4 off:3/8 dur:1/8} dStaff=0 dStem=0 nis=0 nar=8 dPitch=1
DEBUG [cachedLow-thread-1] o.a.omr.sheet.rhythm.MeasureRhythm:1351 | Mapping {9 [#5360--#5361]}
DEBUG [cachedLow-thread-1] org.audiveris.omr.sheet.rhythm.Slot:470 | Stack#5 slot#5 setTimeOffset 1/2
DEBUG [cachedLow-thread-1] o.a.omr.sheet.rhythm.MeasureRhythm:543 | 
Measure{#5P5} pass 1
INFO  [cachedLow-thread-1] o.a.omr.sheet.rhythm.SlotsRetriever:436 | 
wide:false
    
INFO  [cachedLow-thread-1] o.a.omr.sheet.rhythm.SlotsRetriever:436 | 
wide:true
    
DEBUG [cachedLow-thread-1] o.a.omr.sheet.rhythm.MeasureRhythm:543 | 
Measure{#5P6} pass 1
INFO  [cachedLow-thread-1] o.a.omr.sheet.rhythm.SlotsRetriever:436 | 
wide:false
      5362  5363
 5362    .     B   HeadChordInter#5362{(0.899/0.899) staff:14 dur:1/4}
 5363    A     .   HeadChordInter#5363{(0.926/0.926) staff:14 dur:1/4}
INFO  [cachedLow-thread-1] o.a.omr.sheet.rhythm.SlotsRetriever:436 | 
wide:true
      5362  5363
 5362    .     B   HeadChordInter#5362{(0.899/0.899) staff:14 slot#1 dur:1/4}
 5363    A     .   HeadChordInter#5363{(0.926/0.926) staff:14 slot#2 dur:1/4}
DEBUG [cachedLow-thread-1] o.audiveris.omr.sheet.rhythm.Voice:175 | Created voice#1
DEBUG [cachedLow-thread-1] org.audiveris.omr.sheet.rhythm.Slot:470 | Stack#5 slot#1 setTimeOffset 0
INFO  [cachedLow-thread-1] o.a.omr.sheet.rhythm.MeasureRhythm:1119 | Slot #2 rookieMap:
   rookie HeadChordInter#5363{(0.926/0.926) staff:14 slot#2 dur:1/4}:
       9  1/4   active HeadChordInter#5362{(0.899/0.899) staff:14 slot#1 off:0 dur:1/4} dStaff=0 dStem=0 nis=0 nar=8 dPitch=1
DEBUG [cachedLow-thread-1] o.a.omr.sheet.rhythm.MeasureRhythm:1351 | Mapping {9 [#5362--#5363]}
DEBUG [cachedLow-thread-1] org.audiveris.omr.sheet.rhythm.Slot:470 | Stack#5 slot#2 setTimeOffset 1/4
DEBUG [cachedLow-thread-1] o.a.omr.sheet.rhythm.MeasureRhythm:543 | 
Measure{#5P7} pass 1
INFO  [cachedLow-thread-1] o.a.omr.sheet.rhythm.SlotsRetriever:436 | 
wide:false
    
INFO  [cachedLow-thread-1] o.a.omr.sheet.rhythm.SlotsRetriever:436 | 
wide:true
    
DEBUG [cachedLow-thread-1] o.a.omr.sheet.rhythm.MeasureRhythm:543 | 
Measure{#5P8} pass 1
INFO  [cachedLow-thread-1] o.a.omr.sheet.rhythm.SlotsRetriever:401 |   BeamGroupInter#1751{(1.000/0.965) beams[1727]}
INFO  [cachedLow-thread-1] o.a.omr.sheet.rhythm.SlotsRetriever:436 | 
wide:false
      5373  5374  5375  5377  5378  5379  5380
 5373    .     B     B     B     B     B     B   HeadChordInter#5373{(0.624/0.624) staff:16 dur:1/4}
 5374    A     .     B     B     B     B     B   HeadChordInter#5374{(0.942/0.942) staff:16 dur:1/4}
 5375    A     A     .     =     B     B     B   HeadChordInter#5375{(0.914/0.914) staff:16 dur:1/4}
 5377    A     A     =     .     B     B     B   HeadChordInter#5377{(0.771/0.771) staff:16 dur:1/8}
 5378    A     A     A     A     .     B     B   HeadChordInter#5378{(0.940/0.940) staff:16 dur:1/8}
 5379    A     A     A     A     A     .     B   HeadChordInter#5379{(0.943/0.943) staff:16 dur:1/8}
 5380    A     A     A     A     A     A     .   HeadChordInter#5380{(0.948/0.948) staff:16 dur:1/8}
INFO  [cachedLow-thread-1] o.a.omr.sheet.rhythm.SlotsRetriever:401 |   BeamGroupInter#1751{(1.000/0.965) beams[1727]}
INFO  [cachedLow-thread-1] o.a.omr.sheet.rhythm.SlotsRetriever:436 | 
wide:true
      5373  5374  5375  5377  5378  5379  5380
 5373    .     B     B     B     B     B     B   HeadChordInter#5373{(0.624/0.624) staff:16 slot#1 dur:1/4}
 5374    A     .     B     B     B     B     B   HeadChordInter#5374{(0.942/0.942) staff:16 slot#2 dur:1/4}
 5375    A     A     .     =     B     B     B   HeadChordInter#5375{(0.914/0.914) staff:16 slot#3 dur:1/4}
 5377    A     A     =     .     B     B     B   HeadChordInter#5377{(0.771/0.771) staff:16 slot#3 dur:1/8}
 5378    A     A     A     A     .     B     B   HeadChordInter#5378{(0.940/0.940) staff:16 slot#4 dur:1/8}
 5379    A     A     A     A     A     .     B   HeadChordInter#5379{(0.943/0.943) staff:16 slot#5 dur:1/8}
 5380    A     A     A     A     A     A     .   HeadChordInter#5380{(0.948/0.948) staff:16 slot#6 dur:1/8}
DEBUG [cachedLow-thread-1] o.audiveris.omr.sheet.rhythm.Voice:175 | Created voice#1
DEBUG [cachedLow-thread-1] org.audiveris.omr.sheet.rhythm.Slot:470 | Stack#5 slot#1 setTimeOffset 0
INFO  [cachedLow-thread-1] o.a.omr.sheet.rhythm.MeasureRhythm:1119 | Slot #2 rookieMap:
   rookie HeadChordInter#5374{(0.942/0.942) staff:16 slot#2 dur:1/4}:
      19  1/4   active HeadChordInter#5373{(0.624/0.624) staff:16 slot#1 off:0 dur:1/4} dStaff=0 dStem=6 nis=0 nar=8 dPitch=5
DEBUG [cachedLow-thread-1] o.a.omr.sheet.rhythm.MeasureRhythm:1351 | Mapping {19 [#5373--#5374]}
DEBUG [cachedLow-thread-1] org.audiveris.omr.sheet.rhythm.Slot:470 | Stack#5 slot#2 setTimeOffset 1/4
INFO  [cachedLow-thread-1] o.a.omr.sheet.rhythm.MeasureRhythm:1119 | Slot #3 rookieMap:
   rookie HeadChordInter#5377{(0.771/0.771) staff:16 slot#3 dur:1/8}:
      12  1/2   active HeadChordInter#5374{(0.942/0.942) staff:16 slot#2 off:1/4 dur:1/4} dStaff=0 dStem=0 nis=0 nar=8 dPitch=4
   rookie HeadChordInter#5375{(0.914/0.914) staff:16 slot#3 dur:1/4}:
      18  1/2   active HeadChordInter#5374{(0.942/0.942) staff:16 slot#2 off:1/4 dur:1/4} dStaff=0 dStem=6 nis=0 nar=8 dPitch=4
DEBUG [cachedLow-thread-1] o.a.omr.sheet.rhythm.MeasureRhythm:1351 | Mapping {72 [#5374--#5377]}
DEBUG [cachedLow-thread-1] org.audiveris.omr.sheet.rhythm.Slot:470 | Stack#5 slot#3 setTimeOffset 1/2
DEBUG [cachedLow-thread-1] o.audiveris.omr.sheet.rhythm.Voice:175 | Created voice#2
DEBUG [cachedLow-thread-1] org.audiveris.omr.sheet.rhythm.Slot:470 | Stack#5 slot#4 setTimeOffset 5/8
DEBUG [cachedLow-thread-1] org.audiveris.omr.sheet.rhythm.Slot:470 | Stack#5 slot#5 setTimeOffset 3/4
DEBUG [cachedLow-thread-1] org.audiveris.omr.sheet.rhythm.Slot:470 | Stack#5 slot#6 setTimeOffset 7/8
INFO  [cachedLow-thread-1] o.a.omr.sheet.rhythm.MeasureRhythm:690 | Voice{#2} [5375] extinct at 3/4 before slot#6 at 7/8
DEBUG [cachedLow-thread-1] org.audiveris.omr.sheet.rhythm.Slot:470 | Stack#5 slot#1 setTimeOffset 0
DEBUG [cachedLow-thread-1] org.audiveris.omr.sheet.rhythm.Slot:470 | Stack#5 slot#2 setTimeOffset 1/8
DEBUG [cachedLow-thread-1] org.audiveris.omr.sheet.rhythm.Slot:470 | Stack#5 slot#3 setTimeOffset 1/4
DEBUG [cachedLow-thread-1] org.audiveris.omr.sheet.rhythm.Slot:470 | Stack#5 slot#4 setTimeOffset 3/8
DEBUG [cachedLow-thread-1] org.audiveris.omr.sheet.rhythm.Slot:470 | Stack#5 slot#5 setTimeOffset 1/2
DEBUG [cachedLow-thread-1] org.audiveris.omr.sheet.rhythm.Slot:470 | Stack#5 slot#6 setTimeOffset 5/8
DEBUG [cachedLow-thread-1] org.audiveris.omr.sheet.rhythm.Slot:470 | Stack#5 slot#7 setTimeOffset 3/4
DEBUG [cachedLow-thread-1] org.audiveris.omr.sheet.rhythm.Slot:470 | Stack#5 slot#8 setTimeOffset 7/8
DEBUG [cachedLow-thread-1] o.audiveris.omr.sheet.rhythm.Voice:876 | putSlotInfo slot#1 Voice{#1}
DEBUG [cachedLow-thread-1] o.audiveris.omr.sheet.rhythm.Voice:876 | putSlotInfo slot#5 Voice{#1}
DEBUG [cachedLow-thread-1] o.audiveris.omr.sheet.rhythm.Voice:876 | putSlotInfo slot#2 Voice{#1}
DEBUG [cachedLow-thread-1] o.audiveris.omr.sheet.rhythm.Voice:876 | putSlotInfo slot#3 Voice{#1}
DEBUG [cachedLow-thread-1] o.audiveris.omr.sheet.rhythm.Voice:876 | putSlotInfo slot#4 Voice{#1}
DEBUG [cachedLow-thread-1] o.audiveris.omr.sheet.rhythm.Voice:876 | putSlotInfo slot#6 Voice{#1}
DEBUG [cachedLow-thread-1] o.audiveris.omr.sheet.rhythm.Voice:876 | putSlotInfo slot#7 Voice{#1}
DEBUG [cachedLow-thread-1] o.audiveris.omr.sheet.rhythm.Voice:876 | putSlotInfo slot#8 Voice{#1}
DEBUG [cachedLow-thread-1] o.audiveris.omr.sheet.rhythm.Voice:876 | putSlotInfo slot#1 Voice{#1}
DEBUG [cachedLow-thread-1] o.audiveris.omr.sheet.rhythm.Voice:876 | putSlotInfo slot#2 Voice{#1}
DEBUG [cachedLow-thread-1] o.audiveris.omr.sheet.rhythm.Voice:876 | putSlotInfo slot#3 Voice{#1}
DEBUG [cachedLow-thread-1] o.audiveris.omr.sheet.rhythm.Voice:876 | putSlotInfo slot#4 Voice{#1}
DEBUG [cachedLow-thread-1] o.audiveris.omr.sheet.rhythm.Voice:876 | putSlotInfo slot#5 Voice{#1}
DEBUG [cachedLow-thread-1] o.audiveris.omr.sheet.rhythm.Voice:876 | putSlotInfo slot#6 Voice{#1}
DEBUG [cachedLow-thread-1] o.audiveris.omr.sheet.rhythm.Voice:876 | putSlotInfo slot#1 Voice{#1}
DEBUG [cachedLow-thread-1] o.audiveris.omr.sheet.rhythm.Voice:876 | putSlotInfo slot#3 Voice{#1}
DEBUG [cachedLow-thread-1] o.audiveris.omr.sheet.rhythm.Voice:876 | putSlotInfo slot#2 Voice{#1}
DEBUG [cachedLow-thread-1] o.audiveris.omr.sheet.rhythm.Voice:876 | putSlotInfo slot#4 Voice{#1}
DEBUG [cachedLow-thread-1] o.audiveris.omr.sheet.rhythm.Voice:876 | putSlotInfo slot#1 Voice{#1}
DEBUG [cachedLow-thread-1] o.audiveris.omr.sheet.rhythm.Voice:876 | putSlotInfo slot#3 Voice{#1}
DEBUG [cachedLow-thread-1] o.audiveris.omr.sheet.rhythm.Voice:876 | putSlotInfo slot#5 Voice{#1}
DEBUG [cachedLow-thread-1] o.audiveris.omr.sheet.rhythm.Voice:876 | putSlotInfo slot#6 Voice{#1}
DEBUG [cachedLow-thread-1] o.audiveris.omr.sheet.rhythm.Voice:876 | putSlotInfo slot#7 Voice{#1}
DEBUG [cachedLow-thread-1] o.audiveris.omr.sheet.rhythm.Voice:876 | putSlotInfo slot#8 Voice{#1}
DEBUG [cachedLow-thread-1] o.audiveris.omr.sheet.rhythm.Voice:876 | putSlotInfo slot#2 Voice{#1}
DEBUG [cachedLow-thread-1] o.audiveris.omr.sheet.rhythm.Voice:876 | putSlotInfo slot#4 Voice{#1}
DEBUG [cachedLow-thread-1] o.audiveris.omr.sheet.rhythm.Voice:876 | putSlotInfo slot#5 Voice{#2}
DEBUG [cachedLow-thread-1] o.audiveris.omr.sheet.rhythm.Voice:876 | putSlotInfo slot#6 Voice{#2}
DEBUG [cachedLow-thread-1] o.a.omr.sheet.rhythm.PageRhythm:273 | 
--- Processing 6 MeasureStack#6 expDur:null
DEBUG [cachedLow-thread-1] o.a.omr.sheet.rhythm.MeasureRhythm:543 | 
Measure{#6P1} pass 1
INFO  [cachedLow-thread-1] o.a.omr.sheet.rhythm.SlotsRetriever:436 | 
wide:false
    
INFO  [cachedLow-thread-1] o.a.omr.sheet.rhythm.SlotsRetriever:436 | 
wide:true
    
DEBUG [cachedLow-thread-1] o.audiveris.omr.sheet.rhythm.Voice:1096 | createMeasureRestVoice for RestChordInter#6841{(0.764/0.764) staff:17} in Measure{#6P1}
DEBUG [cachedLow-thread-1] o.audiveris.omr.sheet.rhythm.Voice:175 | Created voice#1
DEBUG [cachedLow-thread-1] o.a.omr.sheet.rhythm.MeasureRhythm:543 | 
Measure{#6P2} pass 1
INFO  [cachedLow-thread-1] o.a.omr.sheet.rhythm.SlotsRetriever:436 | 
wide:false
    
INFO  [cachedLow-thread-1] o.a.omr.sheet.rhythm.SlotsRetriever:436 | 
wide:true
    
DEBUG [cachedLow-thread-1] o.audiveris.omr.sheet.rhythm.Voice:1096 | createMeasureRestVoice for RestChordInter#6842{(0.796/0.796) staff:18} in Measure{#6P2}
DEBUG [cachedLow-thread-1] o.audiveris.omr.sheet.rhythm.Voice:175 | Created voice#1
DEBUG [cachedLow-thread-1] o.a.omr.sheet.rhythm.MeasureRhythm:543 | 
Measure{#6P3} pass 1
INFO  [cachedLow-thread-1] o.a.omr.sheet.rhythm.SlotsRetriever:436 | 
wide:false
    
INFO  [cachedLow-thread-1] o.a.omr.sheet.rhythm.SlotsRetriever:436 | 
wide:true
    
DEBUG [cachedLow-thread-1] o.a.omr.sheet.rhythm.MeasureRhythm:543 | 
Measure{#6P4} pass 1
INFO  [cachedLow-thread-1] o.a.omr.sheet.rhythm.SlotsRetriever:401 |   BeamGroupInter#1836{(1.000/0.933) beams[1780, 1782]}
INFO  [cachedLow-thread-1] o.a.omr.sheet.rhythm.SlotsRetriever:401 |   BeamGroupInter#1835{(1.000/0.937) beams[1776, 1778]}
INFO  [cachedLow-thread-1] o.a.omr.sheet.rhythm.SlotsRetriever:401 |   BeamGroupInter#1837{(1.000/0.965) beams[1784, 1786]}
INFO  [cachedLow-thread-1] o.a.omr.sheet.rhythm.SlotsRetriever:436 | 
wide:false
      5381  5382  5383  5384  5385  5386  5387  5388  5389  5390  5391  5392  5393  5394  5395  5396  5397
 5381    .     B     B     B     B     B     B     B     B     B     B     B     B     B     B     B     B   HeadChordInter#5381{(0.951/0.951) staff:20 dur:1/16}
 5382    A     .     B     B     B     B     B     B     B     B     B     B     B     B     B     B     B   HeadChordInter#5382{(0.946/0.946) staff:20 dur:1/16}
 5383    A     A     .     B     B     B     B     B     B     B     B     B     B     B     B     B     B   HeadChordInter#5383{(0.952/0.952) staff:20 dur:1/16}
 5384    A     A     A     .     B     B     B     B     B     B     B     B     B     B     B     B     B   HeadChordInter#5384{(0.939/0.939) staff:20 dur:1/16}
 5385    A     A     A     A     .     B     B     B     B     B     B     B     B     B     B     B     B   HeadChordInter#5385{(0.940/0.940) staff:20 dur:1/16}
 5386    A     A     A     A     A     .     B     B     B     B     B     B     B     B     B     B     B   HeadChordInter#5386{(0.941/0.941) staff:20 dur:1/16}
 5387    A     A     A     A     A     A     .     B     B     B     B     B     B     B     B     B     B   HeadChordInter#5387{(0.941/0.941) staff:20 dur:1/16}
 5388    A     A     A     A     A     A     A     .     B     B     B     B     B     B     B     B     B   HeadChordInter#5388{(0.933/0.933) staff:20 dur:1/16}
 5389    A     A     A     A     A     A     A     A     .     B     B     B     B     B     B     B     B   HeadChordInter#5389{(0.938/0.938) staff:20 dur:1/16}
 5390    A     A     A     A     A     A     A     A     A     .     B     B     B     B     B     B     B   HeadChordInter#5390{(0.930/0.930) staff:20 dur:1/16}
 5391    A     A     A     A     A     A     A     A     A     A     .     B     B     B     B     B     B   HeadChordInter#5391{(0.946/0.946) staff:20 dur:1/16}
 5392    A     A     A     A     A     A     A     A     A     A     A     .     B     B     B     B     B   HeadChordInter#5392{(0.921/0.921) staff:20 dur:1/16}
 5393    A     A     A     A     A     A     A     A     A     A     A     A     .     B     B     B     B   HeadChordInter#5393{(0.885/0.885) staff:20 dur:1/16}
 5394    A     A     A     A     A     A     A     A     A     A     A     A     A     .     B     B     B   HeadChordInter#5394{(0.948/0.948) staff:20 dur:1/16}
 5395    A     A     A     A     A     A     A     A     A     A     A     A     A     A     .     ~     B   HeadChordInter#5395{(0.623/0.623) staff:20 dur:1/2}
 5396    A     A     A     A     A     A     A     A     A     A     A     A     A     A     ~     .     B   HeadChordInter#5396{(0.907/0.907) staff:20 dur:1/4}
 5397    A     A     A     A     A     A     A     A     A     A     A     A     A     A     A     A     .   HeadChordInter#5397{(0.930/0.930) staff:20 dur:1/4}
INFO  [cachedLow-thread-1] o.a.omr.sheet.rhythm.SlotsRetriever:401 |   BeamGroupInter#1836{(1.000/0.933) beams[1780, 1782]}
INFO  [cachedLow-thread-1] o.a.omr.sheet.rhythm.SlotsRetriever:401 |   BeamGroupInter#1835{(1.000/0.937) beams[1776, 1778]}
INFO  [cachedLow-thread-1] o.a.omr.sheet.rhythm.SlotsRetriever:401 |   BeamGroupInter#1837{(1.000/0.965) beams[1784, 1786]}
INFO  [cachedLow-thread-1] o.a.omr.sheet.rhythm.SlotsRetriever:436 | 
wide:true
      5381  5382  5383  5384  5385  5386  5387  5388  5389  5390  5391  5392  5393  5394  5395  5396  5397
 5381    .     B     B     B     B     B     B     B     B     B     B     B     B     B     B     B     B   HeadChordInter#5381{(0.951/0.951) staff:20 slot#1 dur:1/16}
 5382    A     .     B     B     B     B     B     B     B     B     B     B     B     B     B     B     B   HeadChordInter#5382{(0.946/0.946) staff:20 slot#2 dur:1/16}
 5383    A     A     .     B     B     B     B     B     B     B     B     B     B     B     B     B     B   HeadChordInter#5383{(0.952/0.952) staff:20 slot#3 dur:1/16}
 5384    A     A     A     .     B     B     B     B     B     B     B     B     B     B     B     B     B   HeadChordInter#5384{(0.939/0.939) staff:20 slot#4 dur:1/16}
 5385    A     A     A     A     .     B     B     B     B     B     B     B     B     B     B     B     B   HeadChordInter#5385{(0.940/0.940) staff:20 slot#5 dur:1/16}
 5386    A     A     A     A     A     .     B     B     B     B     B     B     B     B     B     B     B   HeadChordInter#5386{(0.941/0.941) staff:20 slot#6 dur:1/16}
 5387    A     A     A     A     A     A     .     B     B     B     B     B     B     B     B     B     B   HeadChordInter#5387{(0.941/0.941) staff:20 slot#7 dur:1/16}
 5388    A     A     A     A     A     A     A     .     B     B     B     B     B     B     B     B     B   HeadChordInter#5388{(0.933/0.933) staff:20 slot#8 dur:1/16}
 5389    A     A     A     A     A     A     A     A     .     B     B     B     B     B     B     B     B   HeadChordInter#5389{(0.938/0.938) staff:20 slot#9 dur:1/16}
 5390    A     A     A     A     A     A     A     A     A     .     B     B     B     B     B     B     B   HeadChordInter#5390{(0.930/0.930) staff:20 slot#10 dur:1/16}
 5391    A     A     A     A     A     A     A     A     A     A     .     B     B     B     B     B     B   HeadChordInter#5391{(0.946/0.946) staff:20 slot#11 dur:1/16}
 5392    A     A     A     A     A     A     A     A     A     A     A     .     B     B     B     B     B   HeadChordInter#5392{(0.921/0.921) staff:20 slot#12 dur:1/16}
 5393    A     A     A     A     A     A     A     A     A     A     A     A     .     B     B     B     B   HeadChordInter#5393{(0.885/0.885) staff:20 slot#13 dur:1/16}
 5394    A     A     A     A     A     A     A     A     A     A     A     A     A     .     B     B     B   HeadChordInter#5394{(0.948/0.948) staff:20 slot#14 dur:1/16}
 5395    A     A     A     A     A     A     A     A     A     A     A     A     A     A     .     ~     ~   HeadChordInter#5395{(0.623/0.623) staff:20 slot#15 dur:1/2}
 5396    A     A     A     A     A     A     A     A     A     A     A     A     A     A     ~     .     ~   HeadChordInter#5396{(0.907/0.907) staff:20 slot#15 dur:1/4}
 5397    A     A     A     A     A     A     A     A     A     A     A     A     A     A     ~     ~     .   HeadChordInter#5397{(0.930/0.930) staff:20 slot#16 dur:1/4}
DEBUG [cachedLow-thread-1] o.audiveris.omr.sheet.rhythm.Voice:175 | Created voice#1
DEBUG [cachedLow-thread-1] org.audiveris.omr.sheet.rhythm.Slot:470 | Stack#6 slot#1 setTimeOffset 0
DEBUG [cachedLow-thread-1] org.audiveris.omr.sheet.rhythm.Slot:470 | Stack#6 slot#2 setTimeOffset 1/16
DEBUG [cachedLow-thread-1] org.audiveris.omr.sheet.rhythm.Slot:470 | Stack#6 slot#3 setTimeOffset 1/8
DEBUG [cachedLow-thread-1] org.audiveris.omr.sheet.rhythm.Slot:470 | Stack#6 slot#4 setTimeOffset 3/16
INFO  [cachedLow-thread-1] o.a.omr.sheet.rhythm.MeasureRhythm:1119 | Slot #5 rookieMap:
   rookie HeadChordInter#5385{(0.940/0.940) staff:20 slot#5 dur:1/16}:
      11  1/4   active HeadChordInter#5384{(0.939/0.939) staff:20 slot#4 off:3/16 dur:1/16} dStaff=0 dStem=0 nis=0 nar=8 dPitch=3
DEBUG [cachedLow-thread-1] o.a.omr.sheet.rhythm.MeasureRhythm:1351 | Mapping {11 [#5384--#5385]}
DEBUG [cachedLow-thread-1] org.audiveris.omr.sheet.rhythm.Slot:470 | Stack#6 slot#5 setTimeOffset 1/4
DEBUG [cachedLow-thread-1] org.audiveris.omr.sheet.rhythm.Slot:470 | Stack#6 slot#6 setTimeOffset 5/16
DEBUG [cachedLow-thread-1] org.audiveris.omr.sheet.rhythm.Slot:470 | Stack#6 slot#7 setTimeOffset 3/8
DEBUG [cachedLow-thread-1] org.audiveris.omr.sheet.rhythm.Slot:470 | Stack#6 slot#8 setTimeOffset 7/16
INFO  [cachedLow-thread-1] o.a.omr.sheet.rhythm.MeasureRhythm:1119 | Slot #9 rookieMap:
   rookie HeadChordInter#5389{(0.938/0.938) staff:20 slot#9 dur:1/16}:
      30  1/2   active HeadChordInter#5388{(0.933/0.933) staff:20 slot#8 off:7/16 dur:1/16} dStaff=0 dStem=6 nis=0 nar=8 dPitch=16
DEBUG [cachedLow-thread-1] o.a.omr.sheet.rhythm.MeasureRhythm:1351 | Mapping {30 [#5388--#5389]}
DEBUG [cachedLow-thread-1] org.audiveris.omr.sheet.rhythm.Slot:470 | Stack#6 slot#9 setTimeOffset 1/2
DEBUG [cachedLow-thread-1] org.audiveris.omr.sheet.rhythm.Slot:470 | Stack#6 slot#10 setTimeOffset 9/16
DEBUG [cachedLow-thread-1] org.audiveris.omr.sheet.rhythm.Slot:470 | Stack#6 slot#11 setTimeOffset 5/8
DEBUG [cachedLow-thread-1] org.audiveris.omr.sheet.rhythm.Slot:470 | Stack#6 slot#12 setTimeOffset 11/16
DEBUG [cachedLow-thread-1] org.audiveris.omr.sheet.rhythm.Slot:470 | Stack#6 slot#13 setTimeOffset 3/4
DEBUG [cachedLow-thread-1] org.audiveris.omr.sheet.rhythm.Slot:470 | Stack#6 slot#14 setTimeOffset 13/16
INFO  [cachedLow-thread-1] o.a.omr.sheet.rhythm.MeasureRhythm:1119 | Slot #15 rookieMap:
   rookie HeadChordInter#5396{(0.907/0.907) staff:20 slot#15 dur:1/4}:
      14  7/8   active HeadChordInter#5394{(0.948/0.948) staff:20 slot#14 off:13/16 dur:1/16} dStaff=0 dStem=6 nis=0 nar=8 dPitch=0
   rookie HeadChordInter#5397{(0.930/0.930) staff:20 slot#15 dur:1/4}:
      15  7/8   active HeadChordInter#5394{(0.948/0.948) staff:20 slot#14 off:13/16 dur:1/16} dStaff=0 dStem=6 nis=0 nar=8 dPitch=1
   rookie HeadChordInter#5395{(0.623/0.623) staff:20 slot#15 dur:1/2}:
      13  7/8   active HeadChordInter#5394{(0.948/0.948) staff:20 slot#14 off:13/16 dur:1/16} dStaff=0 dStem=0 nis=0 nar=8 dPitch=5
DEBUG [cachedLow-thread-1] o.a.omr.sheet.rhythm.MeasureRhythm:1351 | Mapping {133 [#5394--#5395]}
DEBUG [cachedLow-thread-1] org.audiveris.omr.sheet.rhythm.Slot:470 | Stack#6 slot#15 setTimeOffset 7/8
DEBUG [cachedLow-thread-1] o.a.omr.sheet.rhythm.MeasureRhythm:983 | No times for Slot{#16 xOffset=476 incomings=[#5397]}
DEBUG [cachedLow-thread-1] o.audiveris.omr.sheet.rhythm.Voice:175 | Created voice#2
DEBUG [cachedLow-thread-1] o.audiveris.omr.sheet.rhythm.Voice:175 | Created voice#3
DEBUG [cachedLow-thread-1] o.a.omr.sheet.rhythm.MeasureRhythm:543 | 
Measure{#6P5} pass 1
INFO  [cachedLow-thread-1] o.a.omr.sheet.rhythm.SlotsRetriever:436 | 
wide:false
    
INFO  [cachedLow-thread-1] o.a.omr.sheet.rhythm.SlotsRetriever:436 | 
wide:true
    
DEBUG [cachedLow-thread-1] o.a.omr.sheet.rhythm.MeasureRhythm:543 | 
Measure{#6P6} pass 1
INFO  [cachedLow-thread-1] o.a.omr.sheet.rhythm.SlotsRetriever:436 | 
wide:false
    
INFO  [cachedLow-thread-1] o.a.omr.sheet.rhythm.SlotsRetriever:436 | 
wide:true
    
DEBUG [cachedLow-thread-1] o.a.omr.sheet.rhythm.MeasureRhythm:543 | 
Measure{#6P7} pass 1
INFO  [cachedLow-thread-1] o.a.omr.sheet.rhythm.SlotsRetriever:401 |   BeamGroupInter#1843{(1.000/0.963) beams[1808]}
INFO  [cachedLow-thread-1] o.a.omr.sheet.rhythm.SlotsRetriever:401 |   BeamGroupInter#1842{(1.000/0.954) beams[1804, 1806]}
INFO  [cachedLow-thread-1] o.a.omr.sheet.rhythm.SlotsRetriever:436 | 
wide:false
      5398  5399  5400  5401  5402  5403  5404  5405  5406
 5398    .     B     B     B     B     B     B     B     B   HeadChordInter#5398{(0.885/0.885) staff:23 dur:1/8}
 5399    A     .     B     B     B     B     B     B     B   HeadChordInter#5399{(0.903/0.903) staff:23 dur:1/8}
 5400    A     A     .     B     B     B     B     B     B   HeadChordInter#5400{(0.912/0.912) staff:23 dur:1/8}
 5401    A     A     A     .     B     B     B     B     B   HeadChordInter#5401{(0.951/0.951) staff:23 dur:1/8}
 5402    A     A     A     A     .     B     B     B     B   HeadChordInter#5402{(0.941/0.941) staff:23 dur:1/16}
 5403    A     A     A     A     A     .     B     B     B   HeadChordInter#5403{(0.925/0.925) staff:23 dur:1/16}
 5404    A     A     A     A     A     A     .     B     B   HeadChordInter#5404{(0.944/0.944) staff:23 dur:1/16}
 5405    A     A     A     A     A     A     A     .     B   HeadChordInter#5405{(0.945/0.945) staff:23 dur:1/16}
 5406    A     A     A     A     A     A     A     A     .   HeadChordInter#5406{(0.905/0.905) staff:23 dur:1/4}
INFO  [cachedLow-thread-1] o.a.omr.sheet.rhythm.SlotsRetriever:401 |   BeamGroupInter#1843{(1.000/0.963) beams[1808]}
INFO  [cachedLow-thread-1] o.a.omr.sheet.rhythm.SlotsRetriever:401 |   BeamGroupInter#1842{(1.000/0.954) beams[1804, 1806]}
INFO  [cachedLow-thread-1] o.a.omr.sheet.rhythm.SlotsRetriever:436 | 
wide:true
      5398  5399  5400  5401  5402  5403  5404  5405  5406
 5398    .     B     B     B     B     B     B     B     B   HeadChordInter#5398{(0.885/0.885) staff:23 slot#1 dur:1/8}
 5399    A     .     B     B     B     B     B     B     B   HeadChordInter#5399{(0.903/0.903) staff:23 slot#2 dur:1/8}
 5400    A     A     .     B     B     B     B     B     B   HeadChordInter#5400{(0.912/0.912) staff:23 slot#3 dur:1/8}
 5401    A     A     A     .     B     B     B     B     B   HeadChordInter#5401{(0.951/0.951) staff:23 slot#4 dur:1/8}
 5402    A     A     A     A     .     B     B     B     B   HeadChordInter#5402{(0.941/0.941) staff:23 slot#5 dur:1/16}
 5403    A     A     A     A     A     .     B     B     B   HeadChordInter#5403{(0.925/0.925) staff:23 slot#6 dur:1/16}
 5404    A     A     A     A     A     A     .     B     B   HeadChordInter#5404{(0.944/0.944) staff:23 slot#7 dur:1/16}
 5405    A     A     A     A     A     A     A     .     B   HeadChordInter#5405{(0.945/0.945) staff:23 slot#8 dur:1/16}
 5406    A     A     A     A     A     A     A     A     .   HeadChordInter#5406{(0.905/0.905) staff:23 slot#9 dur:1/4}
DEBUG [cachedLow-thread-1] o.audiveris.omr.sheet.rhythm.Voice:175 | Created voice#1
DEBUG [cachedLow-thread-1] org.audiveris.omr.sheet.rhythm.Slot:470 | Stack#6 slot#1 setTimeOffset 0
DEBUG [cachedLow-thread-1] org.audiveris.omr.sheet.rhythm.Slot:470 | Stack#6 slot#2 setTimeOffset 1/8
DEBUG [cachedLow-thread-1] org.audiveris.omr.sheet.rhythm.Slot:470 | Stack#6 slot#3 setTimeOffset 1/4
DEBUG [cachedLow-thread-1] org.audiveris.omr.sheet.rhythm.Slot:470 | Stack#6 slot#4 setTimeOffset 3/8
INFO  [cachedLow-thread-1] o.a.omr.sheet.rhythm.MeasureRhythm:1119 | Slot #5 rookieMap:
   rookie HeadChordInter#5402{(0.941/0.941) staff:23 slot#5 dur:1/16}:
      10  1/2   active HeadChordInter#5401{(0.951/0.951) staff:23 slot#4 off:3/8 dur:1/8} dStaff=0 dStem=0 nis=0 nar=8 dPitch=2
DEBUG [cachedLow-thread-1] o.a.omr.sheet.rhythm.MeasureRhythm:1351 | Mapping {10 [#5401--#5402]}
DEBUG [cachedLow-thread-1] org.audiveris.omr.sheet.rhythm.Slot:470 | Stack#6 slot#5 setTimeOffset 1/2
DEBUG [cachedLow-thread-1] org.audiveris.omr.sheet.rhythm.Slot:470 | Stack#6 slot#6 setTimeOffset 9/16
DEBUG [cachedLow-thread-1] org.audiveris.omr.sheet.rhythm.Slot:470 | Stack#6 slot#7 setTimeOffset 5/8
DEBUG [cachedLow-thread-1] org.audiveris.omr.sheet.rhythm.Slot:470 | Stack#6 slot#8 setTimeOffset 11/16
INFO  [cachedLow-thread-1] o.a.omr.sheet.rhythm.MeasureRhythm:1119 | Slot #9 rookieMap:
   rookie HeadChordInter#5406{(0.905/0.905) staff:23 slot#9 dur:1/4}:
      12  3/4   active HeadChordInter#5405{(0.945/0.945) staff:23 slot#8 off:11/16 dur:1/16} dStaff=0 dStem=0 nis=0 nar=8 dPitch=4
DEBUG [cachedLow-thread-1] o.a.omr.sheet.rhythm.MeasureRhythm:1351 | Mapping {12 [#5405--#5406]}
DEBUG [cachedLow-thread-1] org.audiveris.omr.sheet.rhythm.Slot:470 | Stack#6 slot#9 setTimeOffset 3/4
DEBUG [cachedLow-thread-1] o.a.omr.sheet.rhythm.MeasureRhythm:543 | 
Measure{#6P8} pass 1
INFO  [cachedLow-thread-1] o.a.omr.sheet.rhythm.SlotsRetriever:401 |   BeamGroupInter#1847{(1.000/0.951) beams[1818, 1822]}
INFO  [cachedLow-thread-1] o.a.omr.sheet.rhythm.SlotsRetriever:401 |   BeamGroupInter#1848{(1.000/0.939) beams[1820, 1826]}
INFO  [cachedLow-thread-1] o.a.omr.sheet.rhythm.SlotsRetriever:436 | 
wide:false
      5407  5409  5410  5411  5413  5414  5415  5416  5418  5419  5420
 5407    .     =     B     B     B     B     B     B     B     B     B   HeadChordInter#5407{(0.929/0.929) staff:24 dur:1/4}
 5409    =     .     B     B     B     B     B     B     B     B     B   HeadChordInter#5409{(0.774/0.774) staff:24 dur:1/4}
 5410    A     A     .     B     B     B     B     B     B     B     B   HeadChordInter#5410{(0.929/0.929) staff:24 dur:1/4}
 5411    A     A     A     .     =     B     B     B     B     B     B   HeadChordInter#5411{(0.927/0.927) staff:24 dur:1/4}
 5413    A     A     A     =     .     B     B     B     B     B     B   HeadChordInter#5413{(0.722/0.722) staff:24 dur:1/16}
 5414    A     A     A     A     A     .     B     B     B     B     B   HeadChordInter#5414{(0.948/0.948) staff:24 dur:1/16}
 5415    A     A     A     A     A     A     .     B     B     B     B   HeadChordInter#5415{(0.945/0.945) staff:24 dur:1/16}
 5416    A     A     A     A     A     A     A     .     =     B     B   HeadChordInter#5416{(0.939/0.939) staff:24 dur:1/4}
 5418    A     A     A     A     A     A     A     =     .     B     B   HeadChordInter#5418{(0.767/0.767) staff:24 dur:1/16}
 5419    A     A     A     A     A     A     A     A     A     .     B   HeadChordInter#5419{(0.957/0.957) staff:24 dur:1/16}
 5420    A     A     A     A     A     A     A     A     A     A     .   HeadChordInter#5420{(0.947/0.947) staff:24 dur:1/8}
INFO  [cachedLow-thread-1] o.a.omr.sheet.rhythm.SlotsRetriever:401 |   BeamGroupInter#1847{(1.000/0.951) beams[1818, 1822]}
INFO  [cachedLow-thread-1] o.a.omr.sheet.rhythm.SlotsRetriever:401 |   BeamGroupInter#1848{(1.000/0.939) beams[1820, 1826]}
INFO  [cachedLow-thread-1] o.a.omr.sheet.rhythm.SlotsRetriever:436 | 
wide:true
      5407  5409  5410  5411  5413  5414  5415  5416  5418  5419  5420
 5407    .     =     B     B     B     B     B     B     B     B     B   HeadChordInter#5407{(0.929/0.929) staff:24 slot#1 dur:1/4}
 5409    =     .     B     B     B     B     B     B     B     B     B   HeadChordInter#5409{(0.774/0.774) staff:24 slot#1 dur:1/4}
 5410    A     A     .     B     B     B     B     B     B     B     B   HeadChordInter#5410{(0.929/0.929) staff:24 slot#2 dur:1/4}
 5411    A     A     A     .     =     B     B     B     B     B     B   HeadChordInter#5411{(0.927/0.927) staff:24 slot#3 dur:1/4}
 5413    A     A     A     =     .     B     B     B     B     B     B   HeadChordInter#5413{(0.722/0.722) staff:24 slot#3 dur:1/16}
 5414    A     A     A     A     A     .     B     B     B     B     B   HeadChordInter#5414{(0.948/0.948) staff:24 slot#4 dur:1/16}
 5415    A     A     A     A     A     A     .     B     B     B     B   HeadChordInter#5415{(0.945/0.945) staff:24 slot#5 dur:1/16}
 5416    A     A     A     A     A     A     A     .     =     B     B   HeadChordInter#5416{(0.939/0.939) staff:24 slot#6 dur:1/4}
 5418    A     A     A     A     A     A     A     =     .     B     B   HeadChordInter#5418{(0.767/0.767) staff:24 slot#6 dur:1/16}
 5419    A     A     A     A     A     A     A     A     A     .     B   HeadChordInter#5419{(0.957/0.957) staff:24 slot#7 dur:1/16}
 5420    A     A     A     A     A     A     A     A     A     A     .   HeadChordInter#5420{(0.947/0.947) staff:24 slot#8 dur:1/8}
DEBUG [cachedLow-thread-1] o.audiveris.omr.sheet.rhythm.Voice:175 | Created voice#1
DEBUG [cachedLow-thread-1] o.audiveris.omr.sheet.rhythm.Voice:175 | Created voice#2
DEBUG [cachedLow-thread-1] org.audiveris.omr.sheet.rhythm.Slot:470 | Stack#6 slot#1 setTimeOffset 0
INFO  [cachedLow-thread-1] o.a.omr.sheet.rhythm.MeasureRhythm:1119 | Slot #2 rookieMap:
   rookie HeadChordInter#5410{(0.929/0.929) staff:24 slot#2 dur:1/4}:
      12  1/4   active HeadChordInter#5409{(0.774/0.774) staff:24 slot#1 off:0 dur:1/4} dStaff=0 dStem=0 nis=0 nar=8 dPitch=4
      18  1/4   active HeadChordInter#5407{(0.929/0.929) staff:24 slot#1 off:0 dur:1/4} dStaff=0 dStem=6 nis=0 nar=8 dPitch=4
DEBUG [cachedLow-thread-1] o.a.omr.sheet.rhythm.MeasureRhythm:1351 | Mapping {12 [#5409--#5410]}
DEBUG [cachedLow-thread-1] org.audiveris.omr.sheet.rhythm.Slot:470 | Stack#6 slot#2 setTimeOffset 1/4
INFO  [cachedLow-thread-1] o.a.omr.sheet.rhythm.MeasureRhythm:1119 | Slot #3 rookieMap:
   rookie HeadChordInter#5413{(0.722/0.722) staff:24 slot#3 dur:1/16}:
      12  1/2   active HeadChordInter#5410{(0.929/0.929) staff:24 slot#2 off:1/4 dur:1/4} dStaff=0 dStem=0 nis=0 nar=8 dPitch=4
      14  1/4   active HeadChordInter#5407{(0.929/0.929) staff:24 slot#1 off:0 dur:1/4} dStaff=0 dStem=6 nis=0 nar=8 dPitch=0
   rookie HeadChordInter#5411{(0.927/0.927) staff:24 slot#3 dur:1/4}:
      18  1/2   active HeadChordInter#5410{(0.929/0.929) staff:24 slot#2 off:1/4 dur:1/4} dStaff=0 dStem=6 nis=0 nar=8 dPitch=4
       8  1/4   active HeadChordInter#5407{(0.929/0.929) staff:24 slot#1 off:0 dur:1/4} dStaff=0 dStem=0 nis=0 nar=8 dPitch=0
DEBUG [cachedLow-thread-1] o.a.omr.sheet.rhythm.MeasureRhythm:1351 | Mapping {20 [#5410--#5413,#5407--#5411]}
DEBUG [cachedLow-thread-1] o.a.omr.sheet.rhythm.MeasureRhythm:990 | Times {1/4=[HeadChordInter#5411{(0.927/0.927) staff:24 slot#3 dur:1/4}], 1/2=[HeadChordInter#5413{(0.722/0.722) staff:24 slot#3 dur:1/16}]}
DEBUG [cachedLow-thread-1] o.a.omr.sheet.rhythm.MeasureRhythm:898 | Blacklisting #5410--#5413
DEBUG [cachedLow-thread-1] org.audiveris.omr.sheet.rhythm.Slot:470 | Stack#6 slot#3 setTimeOffset 1/4
DEBUG [cachedLow-thread-1] o.a.omr.sheet.rhythm.MeasureRhythm:1351 | Mapping {32 [#5407--#5413,#5410--#5411]}
DEBUG [cachedLow-thread-1] o.a.omr.sheet.rhythm.MeasureRhythm:1390 | Slot{#3 xOffset=349 incomings=[#5413#5411]} slotTime:1/4 end:1/2
DEBUG [cachedLow-thread-1] o.a.omr.sheet.rhythm.MeasureRhythm:1351 | Mapping {68 [#5407--#5411]}
DEBUG [cachedLow-thread-1] o.audiveris.omr.sheet.rhythm.Voice:175 | Created voice#3
DEBUG [cachedLow-thread-1] org.audiveris.omr.sheet.rhythm.Slot:470 | Stack#6 slot#4 setTimeOffset 5/16
DEBUG [cachedLow-thread-1] org.audiveris.omr.sheet.rhythm.Slot:470 | Stack#6 slot#5 setTimeOffset 3/8
INFO  [cachedLow-thread-1] o.a.omr.sheet.rhythm.MeasureRhythm:1119 | Slot #6 rookieMap:
   rookie HeadChordInter#5418{(0.767/0.767) staff:24 slot#6 dur:1/16}:
      12  1/2   active HeadChordInter#5410{(0.929/0.929) staff:24 slot#2 off:1/4 dur:1/4} dStaff=0 dStem=0 nis=0 nar=8 dPitch=4
      14  1/2   active HeadChordInter#5411{(0.927/0.927) staff:24 slot#3 off:1/4 dur:1/4} dStaff=0 dStem=6 nis=0 nar=8 dPitch=0
      12 7/16   active HeadChordInter#5415{(0.945/0.945) staff:24 slot#5 off:3/8 dur:1/16} dStaff=0 dStem=0 nis=0 nar=8 dPitch=4
   rookie HeadChordInter#5416{(0.939/0.939) staff:24 slot#6 dur:1/4}:
      18  1/2   active HeadChordInter#5410{(0.929/0.929) staff:24 slot#2 off:1/4 dur:1/4} dStaff=0 dStem=6 nis=0 nar=8 dPitch=4
       8  1/2   active HeadChordInter#5411{(0.927/0.927) staff:24 slot#3 off:1/4 dur:1/4} dStaff=0 dStem=0 nis=0 nar=8 dPitch=0
      18 7/16   active HeadChordInter#5415{(0.945/0.945) staff:24 slot#5 off:3/8 dur:1/16} dStaff=0 dStem=6 nis=0 nar=8 dPitch=4
DEBUG [cachedLow-thread-1] o.a.omr.sheet.rhythm.MeasureRhythm:1351 | Mapping {20 [#5410--#5418,#5411--#5416]}
DEBUG [cachedLow-thread-1] org.audiveris.omr.sheet.rhythm.Slot:470 | Stack#6 slot#6 setTimeOffset 1/2
INFO  [cachedLow-thread-1] o.a.omr.sheet.rhythm.MeasureRhythm:690 | Voice{#3} [5413, 5414, 5415] extinct at 7/16 before slot#6 at 1/2
DEBUG [cachedLow-thread-1] org.audiveris.omr.sheet.rhythm.Slot:470 | Stack#6 slot#7 setTimeOffset 9/16
DEBUG [cachedLow-thread-1] org.audiveris.omr.sheet.rhythm.Slot:470 | Stack#6 slot#8 setTimeOffset 5/8
DEBUG [cachedLow-thread-1] org.audiveris.omr.sheet.rhythm.Slot:470 | Stack#6 slot#1 setTimeOffset 0
DEBUG [cachedLow-thread-1] org.audiveris.omr.sheet.rhythm.Slot:470 | Stack#6 slot#2 setTimeOffset 1/16
DEBUG [cachedLow-thread-1] org.audiveris.omr.sheet.rhythm.Slot:470 | Stack#6 slot#3 setTimeOffset 1/8
DEBUG [cachedLow-thread-1] org.audiveris.omr.sheet.rhythm.Slot:470 | Stack#6 slot#4 setTimeOffset 3/16
DEBUG [cachedLow-thread-1] org.audiveris.omr.sheet.rhythm.Slot:470 | Stack#6 slot#5 setTimeOffset 1/4
DEBUG [cachedLow-thread-1] org.audiveris.omr.sheet.rhythm.Slot:470 | Stack#6 slot#6 setTimeOffset 5/16
DEBUG [cachedLow-thread-1] org.audiveris.omr.sheet.rhythm.Slot:470 | Stack#6 slot#7 setTimeOffset 3/8
DEBUG [cachedLow-thread-1] org.audiveris.omr.sheet.rhythm.Slot:470 | Stack#6 slot#8 setTimeOffset 7/16
DEBUG [cachedLow-thread-1] org.audiveris.omr.sheet.rhythm.Slot:470 | Stack#6 slot#9 setTimeOffset 1/2
DEBUG [cachedLow-thread-1] org.audiveris.omr.sheet.rhythm.Slot:470 | Stack#6 slot#10 setTimeOffset 9/16
DEBUG [cachedLow-thread-1] org.audiveris.omr.sheet.rhythm.Slot:470 | Stack#6 slot#11 setTimeOffset 5/8
DEBUG [cachedLow-thread-1] org.audiveris.omr.sheet.rhythm.Slot:470 | Stack#6 slot#12 setTimeOffset 11/16
DEBUG [cachedLow-thread-1] org.audiveris.omr.sheet.rhythm.Slot:470 | Stack#6 slot#13 setTimeOffset 3/4
DEBUG [cachedLow-thread-1] org.audiveris.omr.sheet.rhythm.Slot:470 | Stack#6 slot#14 setTimeOffset 13/16
DEBUG [cachedLow-thread-1] org.audiveris.omr.sheet.rhythm.Slot:470 | Stack#6 slot#15 setTimeOffset 7/8
DEBUG [cachedLow-thread-1] o.audiveris.omr.sheet.rhythm.Voice:876 | putSlotInfo slot#1 Voice{#1}
DEBUG [cachedLow-thread-1] o.audiveris.omr.sheet.rhythm.Voice:876 | putSlotInfo slot#2 Voice{#1}
DEBUG [cachedLow-thread-1] o.audiveris.omr.sheet.rhythm.Voice:876 | putSlotInfo slot#3 Voice{#1}
DEBUG [cachedLow-thread-1] o.audiveris.omr.sheet.rhythm.Voice:876 | putSlotInfo slot#4 Voice{#1}
DEBUG [cachedLow-thread-1] o.audiveris.omr.sheet.rhythm.Voice:876 | putSlotInfo slot#5 Voice{#1}
DEBUG [cachedLow-thread-1] o.audiveris.omr.sheet.rhythm.Voice:876 | putSlotInfo slot#6 Voice{#1}
DEBUG [cachedLow-thread-1] o.audiveris.omr.sheet.rhythm.Voice:876 | putSlotInfo slot#7 Voice{#1}
DEBUG [cachedLow-thread-1] o.audiveris.omr.sheet.rhythm.Voice:876 | putSlotInfo slot#8 Voice{#1}
DEBUG [cachedLow-thread-1] o.audiveris.omr.sheet.rhythm.Voice:876 | putSlotInfo slot#9 Voice{#1}
DEBUG [cachedLow-thread-1] o.audiveris.omr.sheet.rhythm.Voice:876 | putSlotInfo slot#10 Voice{#1}
DEBUG [cachedLow-thread-1] o.audiveris.omr.sheet.rhythm.Voice:876 | putSlotInfo slot#11 Voice{#1}
DEBUG [cachedLow-thread-1] o.audiveris.omr.sheet.rhythm.Voice:876 | putSlotInfo slot#12 Voice{#1}
DEBUG [cachedLow-thread-1] o.audiveris.omr.sheet.rhythm.Voice:876 | putSlotInfo slot#13 Voice{#1}
DEBUG [cachedLow-thread-1] o.audiveris.omr.sheet.rhythm.Voice:876 | putSlotInfo slot#14 Voice{#1}
DEBUG [cachedLow-thread-1] o.audiveris.omr.sheet.rhythm.Voice:876 | putSlotInfo slot#15 Voice{#1}
DEBUG [cachedLow-thread-1] o.audiveris.omr.sheet.rhythm.Voice:876 | putSlotInfo slot#15 Voice{#2}
DEBUG [cachedLow-thread-1] o.audiveris.omr.sheet.rhythm.Voice:876 | putSlotInfo slot#15 Voice{#3}
DEBUG [cachedLow-thread-1] o.audiveris.omr.sheet.rhythm.Voice:876 | putSlotInfo slot#1 Voice{#1}
DEBUG [cachedLow-thread-1] o.audiveris.omr.sheet.rhythm.Voice:876 | putSlotInfo slot#3 Voice{#1}
DEBUG [cachedLow-thread-1] o.audiveris.omr.sheet.rhythm.Voice:876 | putSlotInfo slot#5 Voice{#1}
DEBUG [cachedLow-thread-1] o.audiveris.omr.sheet.rhythm.Voice:876 | putSlotInfo slot#7 Voice{#1}
DEBUG [cachedLow-thread-1] o.audiveris.omr.sheet.rhythm.Voice:876 | putSlotInfo slot#9 Voice{#1}
DEBUG [cachedLow-thread-1] o.audiveris.omr.sheet.rhythm.Voice:876 | putSlotInfo slot#10 Voice{#1}
DEBUG [cachedLow-thread-1] o.audiveris.omr.sheet.rhythm.Voice:876 | putSlotInfo slot#11 Voice{#1}
DEBUG [cachedLow-thread-1] o.audiveris.omr.sheet.rhythm.Voice:876 | putSlotInfo slot#12 Voice{#1}
DEBUG [cachedLow-thread-1] o.audiveris.omr.sheet.rhythm.Voice:876 | putSlotInfo slot#13 Voice{#1}
DEBUG [cachedLow-thread-1] o.audiveris.omr.sheet.rhythm.Voice:876 | putSlotInfo slot#2 Voice{#1}
DEBUG [cachedLow-thread-1] o.audiveris.omr.sheet.rhythm.Voice:876 | putSlotInfo slot#4 Voice{#1}
DEBUG [cachedLow-thread-1] o.audiveris.omr.sheet.rhythm.Voice:876 | putSlotInfo slot#6 Voice{#1}
DEBUG [cachedLow-thread-1] o.audiveris.omr.sheet.rhythm.Voice:876 | putSlotInfo slot#8 Voice{#1}
DEBUG [cachedLow-thread-1] o.audiveris.omr.sheet.rhythm.Voice:876 | putSlotInfo slot#14 Voice{#1}
DEBUG [cachedLow-thread-1] o.audiveris.omr.sheet.rhythm.Voice:876 | putSlotInfo slot#15 Voice{#1}
DEBUG [cachedLow-thread-1] o.audiveris.omr.sheet.rhythm.Voice:876 | putSlotInfo slot#1 Voice{#1}
DEBUG [cachedLow-thread-1] o.audiveris.omr.sheet.rhythm.Voice:876 | putSlotInfo slot#5 Voice{#1}
DEBUG [cachedLow-thread-1] o.audiveris.omr.sheet.rhythm.Voice:876 | putSlotInfo slot#9 Voice{#1}
DEBUG [cachedLow-thread-1] o.audiveris.omr.sheet.rhythm.Voice:876 | putSlotInfo slot#10 Voice{#1}
DEBUG [cachedLow-thread-1] o.audiveris.omr.sheet.rhythm.Voice:876 | putSlotInfo slot#11 Voice{#1}
DEBUG [cachedLow-thread-1] o.audiveris.omr.sheet.rhythm.Voice:876 | putSlotInfo slot#2 Voice{#1}
DEBUG [cachedLow-thread-1] o.audiveris.omr.sheet.rhythm.Voice:876 | putSlotInfo slot#3 Voice{#1}
DEBUG [cachedLow-thread-1] o.audiveris.omr.sheet.rhythm.Voice:876 | putSlotInfo slot#4 Voice{#1}
DEBUG [cachedLow-thread-1] o.audiveris.omr.sheet.rhythm.Voice:876 | putSlotInfo slot#6 Voice{#1}
DEBUG [cachedLow-thread-1] o.audiveris.omr.sheet.rhythm.Voice:876 | putSlotInfo slot#7 Voice{#1}
DEBUG [cachedLow-thread-1] o.audiveris.omr.sheet.rhythm.Voice:876 | putSlotInfo slot#8 Voice{#1}
DEBUG [cachedLow-thread-1] o.audiveris.omr.sheet.rhythm.Voice:876 | putSlotInfo slot#12 Voice{#1}
DEBUG [cachedLow-thread-1] o.audiveris.omr.sheet.rhythm.Voice:876 | putSlotInfo slot#1 Voice{#2}
DEBUG [cachedLow-thread-1] o.audiveris.omr.sheet.rhythm.Voice:876 | putSlotInfo slot#5 Voice{#2}
DEBUG [cachedLow-thread-1] o.audiveris.omr.sheet.rhythm.Voice:876 | putSlotInfo slot#9 Voice{#2}
DEBUG [cachedLow-thread-1] o.audiveris.omr.sheet.rhythm.Voice:876 | putSlotInfo slot#2 Voice{#2}
DEBUG [cachedLow-thread-1] o.audiveris.omr.sheet.rhythm.Voice:876 | putSlotInfo slot#3 Voice{#2}
DEBUG [cachedLow-thread-1] o.audiveris.omr.sheet.rhythm.Voice:876 | putSlotInfo slot#4 Voice{#2}
DEBUG [cachedLow-thread-1] o.audiveris.omr.sheet.rhythm.Voice:876 | putSlotInfo slot#6 Voice{#2}
DEBUG [cachedLow-thread-1] o.audiveris.omr.sheet.rhythm.Voice:876 | putSlotInfo slot#7 Voice{#2}
DEBUG [cachedLow-thread-1] o.audiveris.omr.sheet.rhythm.Voice:876 | putSlotInfo slot#8 Voice{#2}
DEBUG [cachedLow-thread-1] o.audiveris.omr.sheet.rhythm.Voice:876 | putSlotInfo slot#10 Voice{#2}
DEBUG [cachedLow-thread-1] o.audiveris.omr.sheet.rhythm.Voice:876 | putSlotInfo slot#11 Voice{#2}
DEBUG [cachedLow-thread-1] o.audiveris.omr.sheet.rhythm.Voice:876 | putSlotInfo slot#12 Voice{#2}
DEBUG [cachedLow-thread-1] o.audiveris.omr.sheet.rhythm.Voice:876 | putSlotInfo slot#5 Voice{#3}
DEBUG [cachedLow-thread-1] o.audiveris.omr.sheet.rhythm.Voice:876 | putSlotInfo slot#6 Voice{#3}
DEBUG [cachedLow-thread-1] o.audiveris.omr.sheet.rhythm.Voice:876 | putSlotInfo slot#7 Voice{#3}
INFO  [main] o.a.omr.step.ui.StepMonitoring:98 | PAGE
DEBUG [main] org.audiveris.omr.sheet.SheetStub:1403 | reachStep PAGE towards PAGE
DEBUG [cachedLow-thread-1] o.audiveris.omr.sheet.SheetReduction:99 | --- checkGutter System#1/System#2
DEBUG [cachedLow-thread-1] o.audiveris.omr.sheet.SheetReduction:121 | checkInters
DEBUG [cachedLow-thread-1] o.audiveris.omr.sheet.SheetReduction:139 | StemInter#3968{(0.729/0.982) STEM} vs StemInter#4674{(0.477/0.914) staff:9 STEM}
INFO  [cachedLow-thread-1] o.audiveris.omr.sheet.SheetReduction:154 | Gutter. Different glyphs 1/2 StemInter#3968{(0.729/0.982) STEM} vs StemInter#4674{(0.477/0.914) staff:9 STEM}
DEBUG [cachedLow-thread-1] o.audiveris.omr.sheet.SheetReduction:139 | BeamInter#1624{(0.630/0.951) BEAM} vs StemInter#4674{(0.477/0.914) staff:9 STEM}
INFO  [cachedLow-thread-1] o.audiveris.omr.sheet.SheetReduction:154 | Gutter. Different glyphs 1/2 BeamInter#1624{(0.630/0.951) BEAM} vs StemInter#4674{(0.477/0.914) staff:9 STEM}
DEBUG [cachedLow-thread-1] o.audiveris.omr.sheet.SheetReduction:139 | BeamInter#1620{(0.662/0.957) BEAM} vs StemInter#4674{(0.477/0.914) staff:9 STEM}
INFO  [cachedLow-thread-1] o.audiveris.omr.sheet.SheetReduction:154 | Gutter. Different glyphs 1/2 BeamInter#1620{(0.662/0.957) BEAM} vs StemInter#4674{(0.477/0.914) staff:9 STEM}
DEBUG [cachedLow-thread-1] o.audiveris.omr.sheet.SheetReduction:99 | --- checkGutter System#1/System#3
DEBUG [cachedLow-thread-1] o.audiveris.omr.sheet.SheetReduction:121 | checkInters
WARN  [cachedLow-thread-1] o.audiveris.omr.score.MeasureFixer:343 | System#1 No target duration for measures local IDs [1, 2, 3], please check time signatures
WARN  [cachedLow-thread-1] o.audiveris.omr.score.MeasureFixer:343 | System#2 No target duration for measures local IDs [4, 5], please check time signatures
WARN  [cachedLow-thread-1] o.audiveris.omr.score.MeasureFixer:343 | System#3 No target duration for measures local IDs [6], please check time signatures
DEBUG [cachedLow-thread-1] o.audiveris.omr.sheet.rhythm.Voices:271 | PageStep.refinePage
DEBUG [main] org.audiveris.omr.sheet.SheetStub:1419 | reachStep releasing lock on Stub#1
INFO  [main] org.audiveris.omr.sheet.Book:2584 | Book{CRASH COMPLEXION_p010} storing
DEBUG [main] org.audiveris.omr.sheet.Book:2464 | Storing book...
INFO  [main] org.audiveris.omr.sheet.Book:2565 | Stored /book.xml
INFO  [main] org.audiveris.omr.sheet.Sheet:1583 | Stored /sheet#1/sheet#1.xml
INFO  [main] org.audiveris.omr.sheet.Book:2525 | Book stored as C:\Users\ken\RockSmithTabConvertToMidi\.cache\page_010\omr_chords\CRASH COMPLEXION_p010.omr
INFO  [main] org.audiveris.omr.sheet.SheetStub:1654 | Sheet disposed
INFO  [main] org.audiveris.omr.sheet.Book:2050 | End of Stub#1
INFO  [main] org.audiveris.omr.sheet.Book:2057 | End of Book{CRASH COMPLEXION_p010}
DEBUG [main] org.audiveris.omr.sheet.Book:2066 | End of step set in 7746 ms.
DEBUG [main] org.audiveris.omr.sheet.Book:1917 | reachStep PAGE force:false stubs:[Stub#1] swap:true
DEBUG [main] org.audiveris.omr.sheet.Picture:162 | Picture unmarshalled by JAXB
DEBUG [main] org.audiveris.omr.sheet.Sheet:1657 | Sheet unmarshalled
DEBUG [main] org.audiveris.omr.sheet.Sheet:1220 | Sheet#1 initTransients
DEBUG [main] org.audiveris.omr.sheet.DataHolder:144 | path: /sheet#1/BINARY.png
DEBUG [main] org.audiveris.omr.sheet.DataHolder:151 | Loaded /sheet#1/BINARY.png
DEBUG [main] org.audiveris.omr.sheet.DataHolder:294 | ImageHolder{BINARY.png discarded:false hasNoData:false modified:false data:BufferedImage@5006a697: type = 10 ColorModel: #pixelBits = 8 numComponents = 1 color space = java.awt.color.ICC_ColorSpace@6d963d70 transparency = 1 has alpha = false isAlphaPre = false ByteInterleavedRaster: width = 2300 height = 3170 #numDataElements 1 dataOff[0] = 0} setModified:false
DEBUG [main] org.audiveris.omr.sheet.Picture:692 | BINARY source built as ip[width=2300, height=3170, bits=8, min=0.0, max=255.0]
DEBUG [main] org.audiveris.omr.sheet.Picture:692 | NO_STAFF source built as ip[width=2300, height=3170, bits=8, min=0.0, max=255.0]
DEBUG [main] org.audiveris.omr.sheet.Staff:1975 | Staff#1 sideBars:{LEFT=BarlineInter#4{ FROZEN(0.775/0.933) staff:1 THIN_BARLINE}, RIGHT=BarlineInter#12{ FROZEN(0.753/0.753) staff:1 THIN_BARLINE}}
DEBUG [main] org.audiveris.omr.sheet.Staff:1975 | Staff#2 sideBars:{LEFT=BarlineInter#14{ FROZEN(0.780/0.962) staff:2 THIN_BARLINE}, RIGHT=BarlineInter#22{ FROZEN(0.788/0.937) staff:2 THIN_BARLINE}}
DEBUG [main] org.audiveris.omr.sheet.Staff:1975 | Staff#3 sideBars:{LEFT=BarlineInter#24{ FROZEN(0.796/0.965) staff:3 THIN_BARLINE}, RIGHT=BarlineInter#31{ FROZEN(0.788/0.937) staff:3 THIN_BARLINE}}
DEBUG [main] org.audiveris.omr.sheet.Staff:1975 | Staff#4 sideBars:{LEFT=BarlineInter#35{ FROZEN(0.784/0.963) staff:4 THIN_BARLINE}, RIGHT=BarlineInter#43{ FROZEN(0.745/0.921) staff:4 THIN_BARLINE}}
DEBUG [main] org.audiveris.omr.sheet.Staff:1975 | Staff#5 sideBars:{LEFT=BarlineInter#47{ FROZEN(0.792/0.964) staff:5 THIN_BARLINE}, RIGHT=BarlineInter#54{ FROZEN(0.784/0.933) staff:5 THIN_BARLINE}}
DEBUG [main] org.audiveris.omr.sheet.Staff:1975 | Staff#6 sideBars:{LEFT=BarlineInter#58{ FROZEN(0.776/0.961) staff:6 THIN_BARLINE}, RIGHT=BarlineInter#66{ FROZEN(0.762/0.762) staff:6 THIN_BARLINE}}
DEBUG [main] org.audiveris.omr.sheet.Staff:1975 | Staff#7 sideBars:{LEFT=BarlineInter#70{ FROZEN(0.792/0.964) staff:7 THIN_BARLINE}, RIGHT=BarlineInter#78{ FROZEN(0.778/0.778) staff:7 THIN_BARLINE}}
DEBUG [main] org.audiveris.omr.sheet.Staff:1975 | Staff#8 sideBars:{LEFT=BarlineInter#82{ FROZEN(0.784/0.938) staff:8 THIN_BARLINE}, RIGHT=BarlineInter#90{ FROZEN(0.780/0.780) staff:8 THIN_BARLINE}}
DEBUG [main] org.audiveris.omr.sheet.Staff:1975 | Staff#9 sideBars:{LEFT=BarlineInter#94{ FROZEN(0.783/0.935) staff:9 THIN_BARLINE}, RIGHT=BarlineInter#100{ FROZEN(0.770/0.770) staff:9 THIN_BARLINE}}
DEBUG [main] org.audiveris.omr.sheet.Staff:1975 | Staff#10 sideBars:{LEFT=BarlineInter#103{ FROZEN(0.771/0.960) staff:10 THIN_BARLINE}, RIGHT=BarlineInter#109{ FROZEN(0.784/0.936) staff:10 THIN_BARLINE}}
DEBUG [main] org.audiveris.omr.sheet.Staff:1975 | Staff#11 sideBars:{LEFT=BarlineInter#112{ FROZEN(0.792/0.964) staff:11 THIN_BARLINE}, RIGHT=BarlineInter#118{ FROZEN(0.796/0.940) staff:11 THIN_BARLINE}}
DEBUG [main] org.audiveris.omr.sheet.Staff:1975 | Staff#12 sideBars:{LEFT=BarlineInter#122{ FROZEN(0.780/0.962) staff:12 THIN_BARLINE}, RIGHT=BarlineInter#128{ FROZEN(0.784/0.936) staff:12 THIN_BARLINE}}
DEBUG [main] org.audiveris.omr.sheet.Staff:1975 | Staff#13 sideBars:{LEFT=BarlineInter#132{ FROZEN(0.792/0.964) staff:13 THIN_BARLINE}, RIGHT=BarlineInter#138{ FROZEN(0.796/0.939) staff:13 THIN_BARLINE}}
DEBUG [main] org.audiveris.omr.sheet.Staff:1975 | Staff#14 sideBars:{LEFT=BarlineInter#142{ FROZEN(0.780/0.962) staff:14 THIN_BARLINE}, RIGHT=BarlineInter#148{ FROZEN(0.775/0.775) staff:14 THIN_BARLINE}}
DEBUG [main] org.audiveris.omr.sheet.Staff:1975 | Staff#15 sideBars:{LEFT=BarlineInter#152{ FROZEN(0.792/0.964) staff:15 THIN_BARLINE}, RIGHT=BarlineInter#158{ FROZEN(0.783/0.783) staff:15 THIN_BARLINE}}
DEBUG [main] org.audiveris.omr.sheet.Staff:1975 | Staff#16 sideBars:{LEFT=BarlineInter#162{ FROZEN(0.780/0.936) staff:16 THIN_BARLINE}, RIGHT=BarlineInter#168{ FROZEN(0.780/0.780) staff:16 THIN_BARLINE}}
DEBUG [main] org.audiveris.omr.sheet.Staff:1975 | Staff#17 sideBars:{LEFT=BarlineInter#172{ FROZEN(0.769/0.930) staff:17 THIN_BARLINE}, RIGHT=BarlineInter#176{ FROZEN(0.792/0.792) staff:17 THIN_BARLINE}}
DEBUG [main] org.audiveris.omr.sheet.Staff:1975 | Staff#18 sideBars:{LEFT=BarlineInter#180{ FROZEN(0.765/0.958) staff:18 THIN_BARLINE}, RIGHT=BarlineInter#184{ FROZEN(0.780/0.935) staff:18 THIN_BARLINE}}
DEBUG [main] org.audiveris.omr.sheet.Staff:1975 | Staff#19 sideBars:{LEFT=BarlineInter#188{ FROZEN(0.792/0.963) staff:19 THIN_BARLINE}, RIGHT=BarlineInter#192{ FROZEN(0.796/0.939) staff:19 THIN_BARLINE}}
DEBUG [main] org.audiveris.omr.sheet.Staff:1975 | Staff#20 sideBars:{LEFT=BarlineInter#196{ FROZEN(0.779/0.961) staff:20 THIN_BARLINE}, RIGHT=BarlineInter#200{ FROZEN(0.784/0.936) staff:20 THIN_BARLINE}}
DEBUG [main] org.audiveris.omr.sheet.Staff:1975 | Staff#21 sideBars:{LEFT=BarlineInter#204{ FROZEN(0.796/0.965) staff:21 THIN_BARLINE}, RIGHT=BarlineInter#208{ FROZEN(0.796/0.940) staff:21 THIN_BARLINE}}
DEBUG [main] org.audiveris.omr.sheet.Staff:1975 | Staff#22 sideBars:{LEFT=BarlineInter#210{ FROZEN(0.780/0.962) staff:22 THIN_BARLINE}, RIGHT=BarlineInter#214{ FROZEN(0.784/0.784) staff:22 THIN_BARLINE}}
DEBUG [main] org.audiveris.omr.sheet.Staff:1975 | Staff#23 sideBars:{LEFT=BarlineInter#218{ FROZEN(0.787/0.963) staff:23 THIN_BARLINE}, RIGHT=BarlineInter#222{ FROZEN(0.784/0.784) staff:23 THIN_BARLINE}}
DEBUG [main] org.audiveris.omr.sheet.Staff:1975 | Staff#24 sideBars:{LEFT=BarlineInter#226{ FROZEN(0.780/0.935) staff:24 THIN_BARLINE}, RIGHT=BarlineInter#230{ FROZEN(0.780/0.780) staff:24 THIN_BARLINE}}
INFO  [main] org.audiveris.omr.sheet.SheetStub:1000 | Loaded /sheet#1/sheet#1.xml
DEBUG [main] org.audiveris.omr.sheet.Book:1917 | reachStep PAGE force:false stubs:[Stub#1] swap:true
INFO  [main] o.a.omr.score.PartwiseBuilder:2706 | Exporting sheet(s): [#1]
INFO  [main] o.audiveris.omr.score.ScoreExporter:164 | Score CRASH COMPLEXION_p010 exported to C:\Users\ken\RockSmithTabConvertToMidi\.cache\page_010\omr_chords\CRASH COMPLEXION_p010.mxl
DEBUG [main] org.audiveris.omr.sheet.Book:2464 | Storing book...
INFO  [main] org.audiveris.omr.score.Score:181 | Closing {Score 1}
DEBUG [main] org.audiveris.omr.sheet.BookManager:308 | removeBook Book{CRASH COMPLEXION_p010}
DEBUG [main] org.audiveris.omr.sheet.Book:501 | Book closed.

