2026-03-14 01:22:28,955 DEBUG [CRASH COMPLEXION_p011]                 Book.java:1917 | reachStep STEMS force:false stubs:[Stub#1] swap:true
2026-03-14 01:22:28,956 INFO [CRASH COMPLEXION_p011]                 Book.java:1929 | Book reaching STEMS on sheets:[#1]
2026-03-14 01:22:28,957 DEBUG [CRASH COMPLEXION_p011]            SheetStub.java:1370 | reachStep obtained lock on Stub#1
2026-03-14 01:22:28,958 DEBUG [CRASH COMPLEXION_p011]            SheetStub.java:1389 | Sheet#1 scheduling [STEMS]
2026-03-14 01:22:28,959 INFO [CRASH COMPLEXION_p011]       StepMonitoring.java:98   | STEMS
2026-03-14 01:22:28,959 DEBUG [CRASH COMPLEXION_p011]            SheetStub.java:1403 | reachStep STEMS towards STEMS
2026-03-14 01:22:29,298 DEBUG [CRASH COMPLEXION_p011]              Picture.java:162  | Picture unmarshalled by JAXB
2026-03-14 01:22:31,220 DEBUG [CRASH COMPLEXION_p011]                Sheet.java:1657 | Sheet unmarshalled
2026-03-14 01:22:31,222 DEBUG [CRASH COMPLEXION_p011]                Sheet.java:1220 | Sheet#1 initTransients
2026-03-14 01:22:31,247 DEBUG [CRASH COMPLEXION_p011]           DataHolder.java:144  | path: /sheet#1/BINARY.png
2026-03-14 01:22:31,370 DEBUG [CRASH COMPLEXION_p011]           DataHolder.java:151  | Loaded /sheet#1/BINARY.png
2026-03-14 01:22:31,374 DEBUG [CRASH COMPLEXION_p011]           DataHolder.java:294  | ImageHolder{BINARY.png discarded:false hasNoData:false modified:false data:BufferedImage@458031da: type = 10 ColorModel: #pixelBits = 8 numComponents = 1 color space = java.awt.color.ICC_ColorSpace@7be94cd6 transparency = 1 has alpha = false isAlphaPre = false ByteInterleavedRaster: width = 2324 height = 3038 #numDataElements 1 dataOff[0] = 0} setModified:false
2026-03-14 01:22:31,407 DEBUG [CRASH COMPLEXION_p011]              Picture.java:692  | BINARY source built as ip[width=2324, height=3038, bits=8, min=0.0, max=255.0]
2026-03-14 01:22:31,448 DEBUG [CRASH COMPLEXION_p011]              Picture.java:692  | NO_STAFF source built as ip[width=2324, height=3038, bits=8, min=0.0, max=255.0]
2026-03-14 01:22:32,378 DEBUG [CRASH COMPLEXION_p011]                Staff.java:1975 | Staff#1 sideBars:{LEFT=BarlineInter#4{ FROZEN(0.779/0.934) staff:1 THIN_BARLINE}}
2026-03-14 01:22:32,380 DEBUG [CRASH COMPLEXION_p011]                Staff.java:1975 | Staff#2 sideBars:{LEFT=BarlineInter#16{ FROZEN(0.770/0.960) staff:2 THIN_BARLINE}}
2026-03-14 01:22:32,381 DEBUG [CRASH COMPLEXION_p011]                Staff.java:1975 | Staff#3 sideBars:{LEFT=BarlineInter#28{ FROZEN(0.783/0.962) staff:3 THIN_BARLINE}}
2026-03-14 01:22:32,381 DEBUG [CRASH COMPLEXION_p011]                Staff.java:1975 | Staff#4 sideBars:{LEFT=BarlineInter#40{ FROZEN(0.767/0.960) staff:4 THIN_BARLINE}}
2026-03-14 01:22:32,389 DEBUG [CRASH COMPLEXION_p011]                Staff.java:1975 | Staff#5 sideBars:{LEFT=BarlineInter#52{ FROZEN(0.792/0.964) staff:5 THIN_BARLINE}}
2026-03-14 01:22:32,390 DEBUG [CRASH COMPLEXION_p011]                Staff.java:1975 | Staff#6 sideBars:{LEFT=BarlineInter#64{ FROZEN(0.775/0.961) staff:6 THIN_BARLINE}}
2026-03-14 01:22:32,390 DEBUG [CRASH COMPLEXION_p011]                Staff.java:1975 | Staff#7 sideBars:{LEFT=BarlineInter#76{ FROZEN(0.780/0.962) staff:7 THIN_BARLINE}}
2026-03-14 01:22:32,391 DEBUG [CRASH COMPLEXION_p011]                Staff.java:1975 | Staff#8 sideBars:{LEFT=BarlineInter#88{ FROZEN(0.784/0.936) staff:8 THIN_BARLINE}}
2026-03-14 01:22:32,506 DEBUG [CRASH COMPLEXION_p011]                Staff.java:1975 | Staff#9 sideBars:{LEFT=BarlineInter#100{ FROZEN(0.774/0.932) staff:9 THIN_BARLINE}, RIGHT=BarlineInter#112{ FROZEN(0.784/0.784) staff:9 THICK_BARLINE}}
2026-03-14 01:22:32,512 DEBUG [CRASH COMPLEXION_p011]                Staff.java:1975 | Staff#10 sideBars:{LEFT=BarlineInter#116{ FROZEN(0.770/0.960) staff:10 THIN_BARLINE}, RIGHT=BarlineInter#128{ FROZEN(0.771/0.933) staff:10 THICK_BARLINE}}
2026-03-14 01:22:32,515 DEBUG [CRASH COMPLEXION_p011]                Staff.java:1975 | Staff#11 sideBars:{LEFT=BarlineInter#131{ FROZEN(0.788/0.963) staff:11 THIN_BARLINE}, RIGHT=BarlineInter#143{ FROZEN(0.792/0.939) staff:11 THICK_BARLINE}}
2026-03-14 01:22:32,515 DEBUG [CRASH COMPLEXION_p011]                Staff.java:1975 | Staff#12 sideBars:{LEFT=BarlineInter#147{ FROZEN(0.774/0.961) staff:12 THIN_BARLINE}, RIGHT=BarlineInter#159{ FROZEN(0.784/0.938) staff:12 THICK_BARLINE}}
2026-03-14 01:22:32,516 DEBUG [CRASH COMPLEXION_p011]                Staff.java:1975 | Staff#13 sideBars:{LEFT=BarlineInter#162{ FROZEN(0.792/0.964) staff:13 THIN_BARLINE}, RIGHT=BarlineInter#173{ FROZEN(0.800/0.942) staff:13 THICK_BARLINE}}
2026-03-14 01:22:32,517 DEBUG [CRASH COMPLEXION_p011]                Staff.java:1975 | Staff#14 sideBars:{LEFT=BarlineInter#175{ FROZEN(0.774/0.961) staff:14 THIN_BARLINE}, RIGHT=BarlineInter#187{ FROZEN(0.776/0.776) staff:14 THICK_BARLINE}}
2026-03-14 01:22:32,518 DEBUG [CRASH COMPLEXION_p011]                Staff.java:1975 | Staff#15 sideBars:{LEFT=BarlineInter#191{ FROZEN(0.784/0.963) staff:15 THIN_BARLINE}, RIGHT=BarlineInter#203{ FROZEN(0.784/0.784) staff:15 THICK_BARLINE}}
2026-03-14 01:22:32,518 DEBUG [CRASH COMPLEXION_p011]                Staff.java:1975 | Staff#16 sideBars:{LEFT=BarlineInter#207{ FROZEN(0.774/0.933) staff:16 THIN_BARLINE}, RIGHT=BarlineInter#219{ FROZEN(0.784/0.784) staff:16 THICK_BARLINE}}
2026-03-14 01:22:32,522 INFO [CRASH COMPLEXION_p011]            SheetStub.java:1000 | Loaded /sheet#1/sheet#1.xml
2026-03-14 01:22:32,547 DEBUG [CRASH COMPLEXION_p011]       StemsRetriever.java:262  | gapMap:{0=0, 1=5, 2=10, 3=34, 4=32}
2026-03-14 01:22:32,554 DEBUG [CRASH COMPLEXION_p011]       StemsRetriever.java:588  | 
System#1 inspectStems
2026-03-14 01:22:32,555 DEBUG [CRASH COMPLEXION_p011]              Picture.java:692  | BINARY source built as ip[width=2324, height=3038, bits=8, min=0.0, max=255.0]
2026-03-14 01:22:32,577 DEBUG [CRASH COMPLEXION_p011]              Picture.java:692  | NO_STAFF source built as ip[width=2324, height=3038, bits=8, min=0.0, max=255.0]
2026-03-14 01:22:32,620 DEBUG [CRASH COMPLEXION_p011]           BeamLinker.java:250  | BeamLinker{beam#1922} Glyph{#18636 [STUMP]}
2026-03-14 01:22:32,623 DEBUG [CRASH COMPLEXION_p011]           BeamLinker.java:250  | BeamLinker{beam#1922} Glyph{#18637 [STUMP]}
2026-03-14 01:22:32,627 DEBUG [CRASH COMPLEXION_p011]           BeamLinker.java:250  | BeamLinker{beam#1938} Glyph{#18636 [STUMP]}
2026-03-14 01:22:32,629 DEBUG [CRASH COMPLEXION_p011]           BeamLinker.java:250  | BeamLinker{beam#1938} Glyph{#18637 [STUMP]}
2026-03-14 01:22:32,646 DEBUG [CRASH COMPLEXION_p011]           BeamLinker.java:250  | BeamLinker{beam#1920} Glyph{#18638 [STUMP]}
2026-03-14 01:22:32,649 DEBUG [CRASH COMPLEXION_p011]           BeamLinker.java:250  | BeamLinker{beam#1920} Glyph{#18639 [STUMP]}
2026-03-14 01:22:32,652 DEBUG [CRASH COMPLEXION_p011]           BeamLinker.java:250  | BeamLinker{beam#1936} Glyph{#18638 [STUMP]}
2026-03-14 01:22:32,654 DEBUG [CRASH COMPLEXION_p011]           BeamLinker.java:250  | BeamLinker{beam#1936} Glyph{#18640 [STUMP]}
2026-03-14 01:22:32,679 DEBUG [CRASH COMPLEXION_p011]           BeamLinker.java:250  | BeamLinker{beam#1906} Glyph{#18641 [STUMP]}
2026-03-14 01:22:32,681 DEBUG [CRASH COMPLEXION_p011]           BeamLinker.java:250  | BeamLinker{beam#1906} Glyph{#18642 [STUMP]}
2026-03-14 01:22:32,683 DEBUG [CRASH COMPLEXION_p011]           BeamLinker.java:250  | BeamLinker{beam#1904} Glyph{#18643 [STUMP]}
2026-03-14 01:22:32,685 DEBUG [CRASH COMPLEXION_p011]           BeamLinker.java:250  | BeamLinker{beam#1904} Glyph{#18644 [STUMP]}
2026-03-14 01:22:32,716 DEBUG [CRASH COMPLEXION_p011]           BeamLinker.java:250  | BeamLinker{beam#1908} Glyph{#18645 [STUMP]}
2026-03-14 01:22:32,717 DEBUG [CRASH COMPLEXION_p011]           BeamLinker.java:250  | BeamLinker{beam#1908} Glyph{#18646 [STUMP]}
2026-03-14 01:22:32,719 DEBUG [CRASH COMPLEXION_p011]           BeamLinker.java:250  | BeamLinker{beam#1910} Glyph{#18645 [STUMP]}
2026-03-14 01:22:32,720 DEBUG [CRASH COMPLEXION_p011]           BeamLinker.java:250  | BeamLinker{beam#1910} Glyph{#18646 [STUMP]}
2026-03-14 01:22:32,723 DEBUG [CRASH COMPLEXION_p011]           BeamLinker.java:250  | BeamLinker{beam#1924} Glyph{#18645 [STUMP]}
2026-03-14 01:22:32,734 DEBUG [CRASH COMPLEXION_p011]           BeamLinker.java:250  | BeamLinker{beam#1924} Glyph{#18646 [STUMP]}
2026-03-14 01:22:32,737 DEBUG [CRASH COMPLEXION_p011]           BeamLinker.java:250  | BeamLinker{beam#1926} Glyph{#18645 [STUMP]}
2026-03-14 01:22:32,739 DEBUG [CRASH COMPLEXION_p011]           BeamLinker.java:250  | BeamLinker{beam#1926} Glyph{#18646 [STUMP]}
2026-03-14 01:22:32,747 DEBUG [CRASH COMPLEXION_p011]           BeamLinker.java:250  | BeamLinker{beam#1911} Glyph{#18647 [STUMP]}
2026-03-14 01:22:32,748 DEBUG [CRASH COMPLEXION_p011]           BeamLinker.java:250  | BeamLinker{beam#1911} Glyph{#18648 [STUMP]}
2026-03-14 01:22:32,751 DEBUG [CRASH COMPLEXION_p011]           BeamLinker.java:250  | BeamLinker{beam#1927} Glyph{#18647 [STUMP]}
2026-03-14 01:22:32,753 DEBUG [CRASH COMPLEXION_p011]           BeamLinker.java:250  | BeamLinker{beam#1927} Glyph{#18648 [STUMP]}
2026-03-14 01:22:32,772 DEBUG [CRASH COMPLEXION_p011]           BeamLinker.java:250  | BeamLinker{beam#1913} Glyph{#18649 [STUMP]}
2026-03-14 01:22:32,774 DEBUG [CRASH COMPLEXION_p011]           BeamLinker.java:250  | BeamLinker{beam#1913} Glyph{#18650 [STUMP]}
2026-03-14 01:22:32,776 DEBUG [CRASH COMPLEXION_p011]           BeamLinker.java:250  | BeamLinker{beam#1929} Glyph{#18651 [STUMP]}
2026-03-14 01:22:32,778 DEBUG [CRASH COMPLEXION_p011]           BeamLinker.java:250  | BeamLinker{beam#1929} Glyph{#18652 [STUMP]}
2026-03-14 01:22:32,806 DEBUG [CRASH COMPLEXION_p011]           BeamLinker.java:250  | BeamLinker{beam#1915} Glyph{#18653 [STUMP]}
2026-03-14 01:22:32,808 DEBUG [CRASH COMPLEXION_p011]           BeamLinker.java:250  | BeamLinker{beam#1915} Glyph{#18654 [STUMP]}
2026-03-14 01:22:32,810 DEBUG [CRASH COMPLEXION_p011]           BeamLinker.java:250  | BeamLinker{beam#1931} Glyph{#18653 [STUMP]}
2026-03-14 01:22:32,811 DEBUG [CRASH COMPLEXION_p011]           BeamLinker.java:250  | BeamLinker{beam#1931} Glyph{#18654 [STUMP]}
2026-03-14 01:22:32,819 DEBUG [CRASH COMPLEXION_p011]           BeamLinker.java:250  | BeamLinker{beam#1917} Glyph{#18655 [STUMP]}
2026-03-14 01:22:32,829 DEBUG [CRASH COMPLEXION_p011]           BeamLinker.java:250  | BeamLinker{beam#1919} Glyph{#18655 [STUMP]}
2026-03-14 01:22:32,832 DEBUG [CRASH COMPLEXION_p011]           BeamLinker.java:250  | BeamLinker{beam#1933} Glyph{#18656 [STUMP]}
2026-03-14 01:22:32,834 DEBUG [CRASH COMPLEXION_p011]           BeamLinker.java:250  | BeamLinker{beam#1933} Glyph{#18657 [STUMP]}
2026-03-14 01:22:32,836 DEBUG [CRASH COMPLEXION_p011]           BeamLinker.java:250  | BeamLinker{beam#1935} Glyph{#18656 [STUMP]}
2026-03-14 01:22:32,837 DEBUG [CRASH COMPLEXION_p011]           BeamLinker.java:250  | BeamLinker{beam#1935} Glyph{#18657 [STUMP]}
2026-03-14 01:22:33,085 DEBUG [CRASH COMPLEXION_p011]           HeadLinker.java:871  | CLinker{head#3755-Clnk-TR refPt:[367.7,841.0]} Glyph{#18658 [STUMP]}
2026-03-14 01:22:33,089 DEBUG [CRASH COMPLEXION_p011]           HeadLinker.java:871  | CLinker{head#3423-Clnk-TL refPt:[372.9,630.0]} Glyph{#18659 [STUMP]}
2026-03-14 01:22:33,091 DEBUG [CRASH COMPLEXION_p011]           HeadLinker.java:871  | CLinker{head#3423-Clnk-BL refPt:[372.9,634.0]} Glyph{#18659 [STUMP]}
2026-03-14 01:22:33,093 DEBUG [CRASH COMPLEXION_p011]           HeadLinker.java:871  | CLinker{head#3423-Clnk-BR refPt:[385.7,630.0]} Glyph{#18660 [STUMP]}
2026-03-14 01:22:33,101 DEBUG [CRASH COMPLEXION_p011]           HeadLinker.java:859  | CLinker{head#3417-Clnk-TL refPt:[373.9,624.0]} nothing kept from sections[V1561]
2026-03-14 01:22:33,104 DEBUG [CRASH COMPLEXION_p011]           HeadLinker.java:871  | CLinker{head#3417-Clnk-TL refPt:[373.9,624.0]} Glyph{#18661 [STUMP]}
2026-03-14 01:22:33,110 DEBUG [CRASH COMPLEXION_p011]           HeadLinker.java:871  | CLinker{head#3417-Clnk-BL refPt:[373.9,628.0]} Glyph{#18659 [STUMP]}
2026-03-14 01:22:33,115 DEBUG [CRASH COMPLEXION_p011]           HeadLinker.java:871  | CLinker{head#4009-Clnk-TL refPt:[373.9,1025.0]} Glyph{#18662 [STUMP]}
2026-03-14 01:22:33,118 DEBUG [CRASH COMPLEXION_p011]           HeadLinker.java:871  | CLinker{head#4009-Clnk-BL refPt:[373.9,1029.0]} Glyph{#18662 [STUMP]}
2026-03-14 01:22:33,120 DEBUG [CRASH COMPLEXION_p011]           HeadLinker.java:859  | CLinker{head#4009-Clnk-BR refPt:[387.7,1025.0]} nothing kept from sections[V1689, V1576]
2026-03-14 01:22:33,121 DEBUG [CRASH COMPLEXION_p011]           HeadLinker.java:871  | CLinker{head#4009-Clnk-BR refPt:[387.7,1025.0]} Glyph{#18663 [STUMP]}
2026-03-14 01:22:33,122 DEBUG [CRASH COMPLEXION_p011]           HeadLinker.java:871  | CLinker{head#4013-Clnk-TL refPt:[373.9,1025.0]} Glyph{#18662 [STUMP]}
2026-03-14 01:22:33,124 DEBUG [CRASH COMPLEXION_p011]           HeadLinker.java:871  | CLinker{head#4013-Clnk-BL refPt:[373.9,1029.0]} Glyph{#18662 [STUMP]}
2026-03-14 01:22:33,126 DEBUG [CRASH COMPLEXION_p011]           HeadLinker.java:859  | CLinker{head#4013-Clnk-BR refPt:[387.7,1025.0]} nothing kept from sections[V1689, V1576]
2026-03-14 01:22:33,126 DEBUG [CRASH COMPLEXION_p011]           HeadLinker.java:871  | CLinker{head#4013-Clnk-BR refPt:[387.7,1025.0]} Glyph{#18663 [STUMP]}
2026-03-14 01:22:33,128 DEBUG [CRASH COMPLEXION_p011]           HeadLinker.java:871  | CLinker{head#3819-Clnk-TL refPt:[375.9,861.0]} Glyph{#18664 [STUMP]}
2026-03-14 01:22:33,130 DEBUG [CRASH COMPLEXION_p011]           HeadLinker.java:871  | CLinker{head#3819-Clnk-BL refPt:[375.9,865.0]} Glyph{#18664 [STUMP]}
2026-03-14 01:22:33,132 DEBUG [CRASH COMPLEXION_p011]           HeadLinker.java:871  | CLinker{head#3819-Clnk-BR refPt:[389.7,861.0]} Glyph{#18665 [STUMP]}
2026-03-14 01:22:33,137 DEBUG [CRASH COMPLEXION_p011]           HeadLinker.java:859  | CLinker{head#3959-Clnk-BL refPt:[375.9,1022.0]} nothing kept from sections[V1563, V1576]
2026-03-14 01:22:33,141 DEBUG [CRASH COMPLEXION_p011]           HeadLinker.java:871  | CLinker{head#3959-Clnk-BL refPt:[375.9,1022.0]} Glyph{#18666 [STUMP]}
2026-03-14 01:22:33,143 DEBUG [CRASH COMPLEXION_p011]           HeadLinker.java:859  | CLinker{head#3026-Clnk-TR refPt:[390.7,73.0]} nothing kept from sections[V1703, V1627]
2026-03-14 01:22:33,145 DEBUG [CRASH COMPLEXION_p011]           HeadLinker.java:859  | CLinker{head#3026-Clnk-BR refPt:[390.7,78.0]} nothing kept from sections[V1627]
2026-03-14 01:22:33,146 DEBUG [CRASH COMPLEXION_p011]           HeadLinker.java:871  | CLinker{head#3026-Clnk-BR refPt:[390.7,78.0]} Glyph{#18667 [STUMP]}
2026-03-14 01:22:33,149 DEBUG [CRASH COMPLEXION_p011]           HeadLinker.java:859  | CLinker{head#3961-Clnk-BL refPt:[376.9,1022.0]} nothing kept from sections[V1576]
2026-03-14 01:22:33,150 DEBUG [CRASH COMPLEXION_p011]           HeadLinker.java:871  | CLinker{head#3961-Clnk-BL refPt:[376.9,1022.0]} Glyph{#18668 [STUMP]}
2026-03-14 01:22:33,151 DEBUG [CRASH COMPLEXION_p011]           HeadLinker.java:859  | CLinker{head#4547-Clnk-TR refPt:[390.7,1284.0]} nothing kept from sections[V1705, V1620]
2026-03-14 01:22:33,152 DEBUG [CRASH COMPLEXION_p011]           HeadLinker.java:859  | CLinker{head#4547-Clnk-BR refPt:[390.7,1289.0]} nothing kept from sections[V1620]
2026-03-14 01:22:33,154 DEBUG [CRASH COMPLEXION_p011]           HeadLinker.java:871  | CLinker{head#4547-Clnk-BR refPt:[390.7,1289.0]} Glyph{#18669 [STUMP]}
2026-03-14 01:22:33,155 DEBUG [CRASH COMPLEXION_p011]           HeadLinker.java:871  | CLinker{head#3861-Clnk-TL refPt:[377.9,924.0]} Glyph{#18670 [STUMP]}
2026-03-14 01:22:33,156 DEBUG [CRASH COMPLEXION_p011]           HeadLinker.java:871  | CLinker{head#3861-Clnk-BL refPt:[377.9,928.0]} Glyph{#18670 [STUMP]}
2026-03-14 01:22:33,158 DEBUG [CRASH COMPLEXION_p011]           HeadLinker.java:871  | CLinker{head#3861-Clnk-TR refPt:[391.7,919.0]} Glyph{#18671 [STUMP]}
2026-03-14 01:22:33,159 DEBUG [CRASH COMPLEXION_p011]           HeadLinker.java:871  | CLinker{head#3861-Clnk-BR refPt:[391.7,924.0]} Glyph{#18671 [STUMP]}
2026-03-14 01:22:33,162 DEBUG [CRASH COMPLEXION_p011]           HeadLinker.java:871  | CLinker{head#3010-Clnk-TL refPt:[378.9,73.0]} Glyph{#18672 [STUMP]}
2026-03-14 01:22:33,166 DEBUG [CRASH COMPLEXION_p011]           HeadLinker.java:871  | CLinker{head#3010-Clnk-TR refPt:[392.7,68.0]} Glyph{#18673 [STUMP]}
2026-03-14 01:22:33,168 DEBUG [CRASH COMPLEXION_p011]           HeadLinker.java:871  | CLinker{head#3010-Clnk-BR refPt:[392.7,73.0]} Glyph{#18674 [STUMP]}
2026-03-14 01:22:33,171 DEBUG [CRASH COMPLEXION_p011]           HeadLinker.java:871  | CLinker{head#4413-Clnk-TL refPt:[379.9,1283.0]} Glyph{#18675 [STUMP]}
2026-03-14 01:22:33,175 DEBUG [CRASH COMPLEXION_p011]           HeadLinker.java:871  | CLinker{head#4413-Clnk-TR refPt:[393.7,1278.0]} Glyph{#18676 [STUMP]}
2026-03-14 01:22:33,177 DEBUG [CRASH COMPLEXION_p011]           HeadLinker.java:871  | CLinker{head#4413-Clnk-BR refPt:[393.7,1283.0]} Glyph{#18676 [STUMP]}
2026-03-14 01:22:33,179 DEBUG [CRASH COMPLEXION_p011]           HeadLinker.java:871  | CLinker{head#4417-Clnk-TL refPt:[379.9,1283.0]} Glyph{#18675 [STUMP]}
2026-03-14 01:22:33,181 DEBUG [CRASH COMPLEXION_p011]           HeadLinker.java:871  | CLinker{head#4417-Clnk-TR refPt:[393.7,1278.0]} Glyph{#18676 [STUMP]}
2026-03-14 01:22:33,183 DEBUG [CRASH COMPLEXION_p011]           HeadLinker.java:871  | CLinker{head#4417-Clnk-BR refPt:[393.7,1283.0]} Glyph{#18676 [STUMP]}
2026-03-14 01:22:33,185 DEBUG [CRASH COMPLEXION_p011]           HeadLinker.java:871  | CLinker{head#4711-Clnk-TL refPt:[386.9,1231.0]} Glyph{#18677 [STUMP]}
2026-03-14 01:22:33,186 DEBUG [CRASH COMPLEXION_p011]           HeadLinker.java:871  | CLinker{head#4711-Clnk-BL refPt:[386.9,1235.0]} Glyph{#18678 [STUMP]}
2026-03-14 01:22:33,189 DEBUG [CRASH COMPLEXION_p011]           HeadLinker.java:871  | CLinker{head#3485-Clnk-TL refPt:[394.9,643.0]} Glyph{#18679 [STUMP]}
2026-03-14 01:22:33,190 DEBUG [CRASH COMPLEXION_p011]           HeadLinker.java:871  | CLinker{head#3485-Clnk-BL refPt:[394.9,647.0]} Glyph{#18679 [STUMP]}
2026-03-14 01:22:33,192 DEBUG [CRASH COMPLEXION_p011]           HeadLinker.java:871  | CLinker{head#3485-Clnk-BR refPt:[408.7,643.0]} Glyph{#18680 [STUMP]}
2026-03-14 01:22:33,194 DEBUG [CRASH COMPLEXION_p011]           HeadLinker.java:871  | CLinker{head#3487-Clnk-TL refPt:[394.9,643.0]} Glyph{#18679 [STUMP]}
2026-03-14 01:22:33,198 DEBUG [CRASH COMPLEXION_p011]           HeadLinker.java:871  | CLinker{head#3487-Clnk-BL refPt:[394.9,647.0]} Glyph{#18679 [STUMP]}
2026-03-14 01:22:33,202 DEBUG [CRASH COMPLEXION_p011]           HeadLinker.java:871  | CLinker{head#3487-Clnk-BR refPt:[408.7,643.0]} Glyph{#18680 [STUMP]}
2026-03-14 01:22:33,210 DEBUG [CRASH COMPLEXION_p011]           HeadLinker.java:871  | CLinker{head#4107-Clnk-TL refPt:[419.9,1038.0]} Glyph{#18681 [STUMP]}
2026-03-14 01:22:33,212 DEBUG [CRASH COMPLEXION_p011]           HeadLinker.java:871  | CLinker{head#4107-Clnk-BL refPt:[419.9,1042.0]} Glyph{#18681 [STUMP]}
2026-03-14 01:22:33,216 DEBUG [CRASH COMPLEXION_p011]           HeadLinker.java:871  | CLinker{head#4107-Clnk-BR refPt:[433.7,1038.0]} Glyph{#18682 [STUMP]}
2026-03-14 01:22:33,218 DEBUG [CRASH COMPLEXION_p011]           HeadLinker.java:871  | CLinker{head#4111-Clnk-TL refPt:[419.9,1038.0]} Glyph{#18681 [STUMP]}
2026-03-14 01:22:33,220 DEBUG [CRASH COMPLEXION_p011]           HeadLinker.java:871  | CLinker{head#4111-Clnk-BL refPt:[419.9,1042.0]} Glyph{#18681 [STUMP]}
2026-03-14 01:22:33,221 DEBUG [CRASH COMPLEXION_p011]           HeadLinker.java:871  | CLinker{head#4111-Clnk-BR refPt:[433.7,1038.0]} Glyph{#18682 [STUMP]}
2026-03-14 01:22:33,223 DEBUG [CRASH COMPLEXION_p011]           HeadLinker.java:859  | CLinker{head#4067-Clnk-TL refPt:[421.9,1034.0]} nothing kept from sections[V1770]
2026-03-14 01:22:33,225 DEBUG [CRASH COMPLEXION_p011]           HeadLinker.java:871  | CLinker{head#4067-Clnk-BL refPt:[421.9,1038.0]} Glyph{#18681 [STUMP]}
2026-03-14 01:22:33,231 DEBUG [CRASH COMPLEXION_p011]           HeadLinker.java:871  | CLinker{head#4067-Clnk-BR refPt:[434.7,1034.0]} Glyph{#18682 [STUMP]}
2026-03-14 01:22:33,237 DEBUG [CRASH COMPLEXION_p011]           HeadLinker.java:871  | CLinker{head#3491-Clnk-TL refPt:[438.9,644.0]} Glyph{#18683 [STUMP]}
2026-03-14 01:22:33,239 DEBUG [CRASH COMPLEXION_p011]           HeadLinker.java:871  | CLinker{head#3491-Clnk-BL refPt:[438.9,648.0]} Glyph{#18683 [STUMP]}
2026-03-14 01:22:33,241 DEBUG [CRASH COMPLEXION_p011]           HeadLinker.java:871  | CLinker{head#3491-Clnk-BR refPt:[451.7,644.0]} Glyph{#18684 [STUMP]}
2026-03-14 01:22:33,242 DEBUG [CRASH COMPLEXION_p011]           HeadLinker.java:871  | CLinker{head#3495-Clnk-TL refPt:[438.9,644.0]} Glyph{#18683 [STUMP]}
2026-03-14 01:22:33,244 DEBUG [CRASH COMPLEXION_p011]           HeadLinker.java:871  | CLinker{head#3495-Clnk-BL refPt:[438.9,648.0]} Glyph{#18683 [STUMP]}
2026-03-14 01:22:33,246 DEBUG [CRASH COMPLEXION_p011]           HeadLinker.java:871  | CLinker{head#3495-Clnk-BR refPt:[451.7,644.0]} Glyph{#18684 [STUMP]}
2026-03-14 01:22:33,247 DEBUG [CRASH COMPLEXION_p011]           HeadLinker.java:871  | CLinker{head#4017-Clnk-TL refPt:[463.9,1024.0]} Glyph{#18685 [STUMP]}
2026-03-14 01:22:33,249 DEBUG [CRASH COMPLEXION_p011]           HeadLinker.java:859  | CLinker{head#4017-Clnk-BR refPt:[477.7,1024.0]} nothing kept from sections[V1941, V1870]
2026-03-14 01:22:33,251 DEBUG [CRASH COMPLEXION_p011]           HeadLinker.java:871  | CLinker{head#3427-Clnk-TL refPt:[464.9,623.0]} Glyph{#18686 [STUMP]}
2026-03-14 01:22:33,252 DEBUG [CRASH COMPLEXION_p011]           HeadLinker.java:871  | CLinker{head#3427-Clnk-BL refPt:[464.9,627.0]} Glyph{#18686 [STUMP]}
2026-03-14 01:22:33,255 DEBUG [CRASH COMPLEXION_p011]           HeadLinker.java:871  | CLinker{head#3427-Clnk-BR refPt:[478.7,623.0]} Glyph{#18687 [STUMP]}
2026-03-14 01:22:33,257 DEBUG [CRASH COMPLEXION_p011]           HeadLinker.java:871  | CLinker{head#3431-Clnk-TL refPt:[464.9,623.0]} Glyph{#18686 [STUMP]}
2026-03-14 01:22:33,261 DEBUG [CRASH COMPLEXION_p011]           HeadLinker.java:871  | CLinker{head#3431-Clnk-BL refPt:[464.9,627.0]} Glyph{#18686 [STUMP]}
2026-03-14 01:22:33,263 DEBUG [CRASH COMPLEXION_p011]           HeadLinker.java:871  | CLinker{head#3431-Clnk-BR refPt:[478.7,623.0]} Glyph{#18687 [STUMP]}
2026-03-14 01:22:33,265 DEBUG [CRASH COMPLEXION_p011]           HeadLinker.java:871  | CLinker{head#3381-Clnk-BL refPt:[465.9,620.0]} Glyph{#18686 [STUMP]}
2026-03-14 01:22:33,267 DEBUG [CRASH COMPLEXION_p011]           HeadLinker.java:871  | CLinker{head#3965-Clnk-TL refPt:[465.9,1018.0]} Glyph{#18688 [STUMP]}
2026-03-14 01:22:33,268 DEBUG [CRASH COMPLEXION_p011]           HeadLinker.java:871  | CLinker{head#3965-Clnk-BL refPt:[465.9,1022.0]} Glyph{#18689 [STUMP]}
2026-03-14 01:22:33,270 DEBUG [CRASH COMPLEXION_p011]           HeadLinker.java:871  | CLinker{head#3965-Clnk-BR refPt:[479.7,1018.0]} Glyph{#18690 [STUMP]}
2026-03-14 01:22:33,271 DEBUG [CRASH COMPLEXION_p011]           HeadLinker.java:871  | CLinker{head#3969-Clnk-TL refPt:[465.9,1018.0]} Glyph{#18688 [STUMP]}
2026-03-14 01:22:33,277 DEBUG [CRASH COMPLEXION_p011]           HeadLinker.java:871  | CLinker{head#3969-Clnk-BL refPt:[465.9,1022.0]} Glyph{#18689 [STUMP]}
2026-03-14 01:22:33,279 DEBUG [CRASH COMPLEXION_p011]           HeadLinker.java:871  | CLinker{head#3969-Clnk-BR refPt:[479.7,1018.0]} Glyph{#18690 [STUMP]}
2026-03-14 01:22:33,280 DEBUG [CRASH COMPLEXION_p011]           HeadLinker.java:859  | CLinker{head#3062-Clnk-TL refPt:[467.9,93.0]} nothing kept from sections[V1867]
2026-03-14 01:22:33,281 DEBUG [CRASH COMPLEXION_p011]           HeadLinker.java:871  | CLinker{head#3062-Clnk-TL refPt:[467.9,93.0]} Glyph{#18691 [STUMP]}
2026-03-14 01:22:33,283 DEBUG [CRASH COMPLEXION_p011]           HeadLinker.java:859  | CLinker{head#3062-Clnk-BL refPt:[467.9,97.0]} nothing kept from sections[V1867]
2026-03-14 01:22:33,283 DEBUG [CRASH COMPLEXION_p011]           HeadLinker.java:871  | CLinker{head#3062-Clnk-BL refPt:[467.9,97.0]} Glyph{#18691 [STUMP]}
2026-03-14 01:22:33,285 DEBUG [CRASH COMPLEXION_p011]           HeadLinker.java:859  | CLinker{head#3066-Clnk-TL refPt:[467.9,92.0]} nothing kept from sections[V1867]
2026-03-14 01:22:33,286 DEBUG [CRASH COMPLEXION_p011]           HeadLinker.java:871  | CLinker{head#3066-Clnk-TL refPt:[467.9,92.0]} Glyph{#18691 [STUMP]}
2026-03-14 01:22:33,287 DEBUG [CRASH COMPLEXION_p011]           HeadLinker.java:859  | CLinker{head#3066-Clnk-BL refPt:[467.9,96.0]} nothing kept from sections[V1867]
2026-03-14 01:22:33,287 DEBUG [CRASH COMPLEXION_p011]           HeadLinker.java:871  | CLinker{head#3066-Clnk-BL refPt:[467.9,96.0]} Glyph{#18691 [STUMP]}
2026-03-14 01:22:33,291 DEBUG [CRASH COMPLEXION_p011]           HeadLinker.java:859  | CLinker{head#3094-Clnk-TL refPt:[468.9,100.0]} nothing kept from sections[V1867]
2026-03-14 01:22:33,292 DEBUG [CRASH COMPLEXION_p011]           HeadLinker.java:871  | CLinker{head#3094-Clnk-TL refPt:[468.9,100.0]} Glyph{#18692 [STUMP]}
2026-03-14 01:22:33,296 DEBUG [CRASH COMPLEXION_p011]           HeadLinker.java:859  | CLinker{head#3094-Clnk-BR refPt:[481.7,100.0]} nothing kept from sections[V1953, V1900]
2026-03-14 01:22:33,297 DEBUG [CRASH COMPLEXION_p011]           HeadLinker.java:871  | CLinker{head#3094-Clnk-BR refPt:[481.7,100.0]} Glyph{#18693 [STUMP]}
2026-03-14 01:22:33,298 DEBUG [CRASH COMPLEXION_p011]           HeadLinker.java:871  | CLinker{head#4315-Clnk-TL refPt:[468.9,1256.0]} Glyph{#18694 [STUMP]}
2026-03-14 01:22:33,300 DEBUG [CRASH COMPLEXION_p011]           HeadLinker.java:871  | CLinker{head#4315-Clnk-BL refPt:[468.9,1260.0]} Glyph{#18694 [STUMP]}
2026-03-14 01:22:33,302 DEBUG [CRASH COMPLEXION_p011]           HeadLinker.java:871  | CLinker{head#4315-Clnk-BR refPt:[481.7,1256.0]} Glyph{#18695 [STUMP]}
2026-03-14 01:22:33,304 DEBUG [CRASH COMPLEXION_p011]           HeadLinker.java:859  | CLinker{head#3040-Clnk-BL refPt:[470.9,90.0]} nothing kept from sections[V1867]
2026-03-14 01:22:33,305 DEBUG [CRASH COMPLEXION_p011]           HeadLinker.java:871  | CLinker{head#3040-Clnk-BL refPt:[470.9,90.0]} Glyph{#18696 [STUMP]}
2026-03-14 01:22:33,306 DEBUG [CRASH COMPLEXION_p011]           HeadLinker.java:871  | CLinker{head#4115-Clnk-TL refPt:[506.9,1039.0]} Glyph{#18697 [STUMP]}
2026-03-14 01:22:33,307 DEBUG [CRASH COMPLEXION_p011]           HeadLinker.java:871  | CLinker{head#4115-Clnk-BL refPt:[506.9,1043.0]} Glyph{#18697 [STUMP]}
2026-03-14 01:22:33,309 DEBUG [CRASH COMPLEXION_p011]           HeadLinker.java:871  | CLinker{head#4115-Clnk-BR refPt:[520.7,1039.0]} Glyph{#18698 [STUMP]}
2026-03-14 01:22:33,310 DEBUG [CRASH COMPLEXION_p011]           HeadLinker.java:871  | CLinker{head#4119-Clnk-TL refPt:[506.9,1039.0]} Glyph{#18697 [STUMP]}
2026-03-14 01:22:33,312 DEBUG [CRASH COMPLEXION_p011]           HeadLinker.java:871  | CLinker{head#4119-Clnk-BL refPt:[506.9,1043.0]} Glyph{#18697 [STUMP]}
2026-03-14 01:22:33,313 DEBUG [CRASH COMPLEXION_p011]           HeadLinker.java:871  | CLinker{head#4119-Clnk-BR refPt:[520.7,1039.0]} Glyph{#18698 [STUMP]}
2026-03-14 01:22:33,315 DEBUG [CRASH COMPLEXION_p011]           HeadLinker.java:859  | CLinker{head#4071-Clnk-TL refPt:[508.9,1034.0]} nothing kept from sections[V2000]
2026-03-14 01:22:33,316 DEBUG [CRASH COMPLEXION_p011]           HeadLinker.java:871  | CLinker{head#4071-Clnk-TL refPt:[508.9,1034.0]} Glyph{#18699 [STUMP]}
2026-03-14 01:22:33,317 DEBUG [CRASH COMPLEXION_p011]           HeadLinker.java:871  | CLinker{head#4071-Clnk-BL refPt:[508.9,1038.0]} Glyph{#18700 [STUMP]}
2026-03-14 01:22:33,321 DEBUG [CRASH COMPLEXION_p011]           HeadLinker.java:859  | CLinker{head#3621-Clnk-BL refPt:[535.9,634.0]} nothing kept from sections[V2069]
2026-03-14 01:22:33,327 DEBUG [CRASH COMPLEXION_p011]           HeadLinker.java:871  | CLinker{head#3621-Clnk-BL refPt:[535.9,634.0]} Glyph{#18701 [STUMP]}
2026-03-14 01:22:33,333 DEBUG [CRASH COMPLEXION_p011]           HeadLinker.java:871  | CLinker{head#3108-Clnk-TR refPt:[566.7,95.0]} Glyph{#18702 [STUMP]}
2026-03-14 01:22:33,334 DEBUG [CRASH COMPLEXION_p011]           HeadLinker.java:871  | CLinker{head#4021-Clnk-TL refPt:[553.9,1024.0]} Glyph{#18703 [STUMP]}
2026-03-14 01:22:33,336 DEBUG [CRASH COMPLEXION_p011]           HeadLinker.java:871  | CLinker{head#4021-Clnk-BL refPt:[553.9,1028.0]} Glyph{#18703 [STUMP]}
2026-03-14 01:22:33,337 DEBUG [CRASH COMPLEXION_p011]           HeadLinker.java:871  | CLinker{head#4021-Clnk-BR refPt:[567.7,1024.0]} Glyph{#18704 [STUMP]}
2026-03-14 01:22:33,339 DEBUG [CRASH COMPLEXION_p011]           HeadLinker.java:871  | CLinker{head#4025-Clnk-TL refPt:[553.9,1024.0]} Glyph{#18703 [STUMP]}
2026-03-14 01:22:33,340 DEBUG [CRASH COMPLEXION_p011]           HeadLinker.java:871  | CLinker{head#4025-Clnk-BL refPt:[553.9,1028.0]} Glyph{#18703 [STUMP]}
2026-03-14 01:22:33,342 DEBUG [CRASH COMPLEXION_p011]           HeadLinker.java:871  | CLinker{head#4025-Clnk-BR refPt:[567.7,1024.0]} Glyph{#18704 [STUMP]}
2026-03-14 01:22:33,343 DEBUG [CRASH COMPLEXION_p011]           HeadLinker.java:859  | CLinker{head#3973-Clnk-TL refPt:[555.9,1018.0]} nothing kept from sections[V2121]
2026-03-14 01:22:33,345 DEBUG [CRASH COMPLEXION_p011]           HeadLinker.java:871  | CLinker{head#3973-Clnk-BL refPt:[555.9,1022.0]} Glyph{#18703 [STUMP]}
2026-03-14 01:22:33,347 DEBUG [CRASH COMPLEXION_p011]           HeadLinker.java:871  | CLinker{head#3973-Clnk-BR refPt:[568.7,1018.0]} Glyph{#18704 [STUMP]}
2026-03-14 01:22:33,349 DEBUG [CRASH COMPLEXION_p011]           HeadLinker.java:871  | CLinker{head#3854-Clnk-TL refPt:[556.9,852.0]} Glyph{#18705 [STUMP]}
2026-03-14 01:22:33,350 DEBUG [CRASH COMPLEXION_p011]           HeadLinker.java:871  | CLinker{head#3854-Clnk-TR refPt:[570.7,847.0]} Glyph{#18706 [STUMP]}
2026-03-14 01:22:33,360 DEBUG [CRASH COMPLEXION_p011]           HeadLinker.java:871  | CLinker{head#3854-Clnk-BR refPt:[570.7,852.0]} Glyph{#18706 [STUMP]}
2026-03-14 01:22:33,362 DEBUG [CRASH COMPLEXION_p011]           HeadLinker.java:871  | CLinker{head#3441-Clnk-TL refPt:[557.9,629.0]} Glyph{#18707 [STUMP]}
2026-03-14 01:22:33,363 DEBUG [CRASH COMPLEXION_p011]           HeadLinker.java:871  | CLinker{head#3441-Clnk-BL refPt:[557.9,633.0]} Glyph{#18707 [STUMP]}
2026-03-14 01:22:33,365 DEBUG [CRASH COMPLEXION_p011]           HeadLinker.java:871  | CLinker{head#3441-Clnk-BR refPt:[571.7,629.0]} Glyph{#18708 [STUMP]}
2026-03-14 01:22:33,366 DEBUG [CRASH COMPLEXION_p011]           HeadLinker.java:859  | CLinker{head#4559-Clnk-TR refPt:[571.7,1284.0]} nothing kept from sections[V2223, V2230, V2153]
2026-03-14 01:22:33,367 DEBUG [CRASH COMPLEXION_p011]           HeadLinker.java:871  | CLinker{head#4559-Clnk-TR refPt:[571.7,1284.0]} Glyph{#18709 [STUMP]}
2026-03-14 01:22:33,369 DEBUG [CRASH COMPLEXION_p011]           HeadLinker.java:859  | CLinker{head#4559-Clnk-BR refPt:[571.7,1289.0]} nothing kept from sections[V2153]
2026-03-14 01:22:33,369 DEBUG [CRASH COMPLEXION_p011]           HeadLinker.java:871  | CLinker{head#4559-Clnk-BR refPt:[571.7,1289.0]} Glyph{#18710 [STUMP]}
2026-03-14 01:22:33,371 DEBUG [CRASH COMPLEXION_p011]           HeadLinker.java:871  | CLinker{head#3163-Clnk-BR refPt:[572.7,106.0]} Glyph{#18711 [STUMP]}
2026-03-14 01:22:33,372 DEBUG [CRASH COMPLEXION_p011]           HeadLinker.java:871  | CLinker{head#3166-Clnk-BR refPt:[572.7,105.0]} Glyph{#18711 [STUMP]}
2026-03-14 01:22:33,374 DEBUG [CRASH COMPLEXION_p011]           HeadLinker.java:871  | CLinker{head#4423-Clnk-TL refPt:[559.9,1283.0]} Glyph{#18712 [STUMP]}
2026-03-14 01:22:33,375 DEBUG [CRASH COMPLEXION_p011]           HeadLinker.java:871  | CLinker{head#4423-Clnk-TR refPt:[573.7,1278.0]} Glyph{#18713 [STUMP]}
2026-03-14 01:22:33,377 DEBUG [CRASH COMPLEXION_p011]           HeadLinker.java:871  | CLinker{head#4423-Clnk-BR refPt:[573.7,1283.0]} Glyph{#18713 [STUMP]}
2026-03-14 01:22:33,379 DEBUG [CRASH COMPLEXION_p011]           HeadLinker.java:871  | CLinker{head#3157-Clnk-BR refPt:[575.7,105.0]} Glyph{#18714 [STUMP]}
2026-03-14 01:22:33,380 DEBUG [CRASH COMPLEXION_p011]           HeadLinker.java:871  | CLinker{head#3112-Clnk-TR refPt:[583.7,95.0]} Glyph{#18715 [STUMP]}
2026-03-14 01:22:33,384 DEBUG [CRASH COMPLEXION_p011]           HeadLinker.java:871  | CLinker{head#3256-Clnk-TR refPt:[586.7,81.0]} Glyph{#18716 [STUMP]}
2026-03-14 01:22:33,386 DEBUG [CRASH COMPLEXION_p011]           HeadLinker.java:871  | CLinker{head#3256-Clnk-BR refPt:[586.7,86.0]} Glyph{#18717 [STUMP]}
2026-03-14 01:22:33,389 DEBUG [CRASH COMPLEXION_p011]           HeadLinker.java:871  | CLinker{head#3618-Clnk-TL refPt:[575.9,588.0]} Glyph{#18718 [STUMP]}
2026-03-14 01:22:33,392 DEBUG [CRASH COMPLEXION_p011]           HeadLinker.java:871  | CLinker{head#4125-Clnk-TL refPt:[578.9,1038.0]} Glyph{#18719 [STUMP]}
2026-03-14 01:22:33,394 DEBUG [CRASH COMPLEXION_p011]           HeadLinker.java:871  | CLinker{head#4125-Clnk-BL refPt:[578.9,1042.0]} Glyph{#18719 [STUMP]}
2026-03-14 01:22:33,395 DEBUG [CRASH COMPLEXION_p011]           HeadLinker.java:871  | CLinker{head#4125-Clnk-BR refPt:[592.7,1038.0]} Glyph{#18720 [STUMP]}
2026-03-14 01:22:33,397 DEBUG [CRASH COMPLEXION_p011]           HeadLinker.java:871  | CLinker{head#4129-Clnk-TL refPt:[578.9,1038.0]} Glyph{#18719 [STUMP]}
2026-03-14 01:22:33,398 DEBUG [CRASH COMPLEXION_p011]           HeadLinker.java:871  | CLinker{head#4129-Clnk-BL refPt:[578.9,1042.0]} Glyph{#18719 [STUMP]}
2026-03-14 01:22:33,399 DEBUG [CRASH COMPLEXION_p011]           HeadLinker.java:871  | CLinker{head#4129-Clnk-BR refPt:[592.7,1038.0]} Glyph{#18720 [STUMP]}
2026-03-14 01:22:33,401 DEBUG [CRASH COMPLEXION_p011]           HeadLinker.java:871  | CLinker{head#3501-Clnk-TL refPt:[579.9,641.0]} Glyph{#18721 [STUMP]}
2026-03-14 01:22:33,402 DEBUG [CRASH COMPLEXION_p011]           HeadLinker.java:871  | CLinker{head#3501-Clnk-BL refPt:[579.9,645.0]} Glyph{#18721 [STUMP]}
2026-03-14 01:22:33,403 DEBUG [CRASH COMPLEXION_p011]           HeadLinker.java:871  | CLinker{head#3501-Clnk-BR refPt:[592.7,641.0]} Glyph{#18722 [STUMP]}
2026-03-14 01:22:33,405 DEBUG [CRASH COMPLEXION_p011]           HeadLinker.java:859  | CLinker{head#4075-Clnk-TL refPt:[580.9,1034.0]} nothing kept from sections[V2254]
2026-03-14 01:22:33,405 DEBUG [CRASH COMPLEXION_p011]           HeadLinker.java:871  | CLinker{head#4075-Clnk-TL refPt:[580.9,1034.0]} Glyph{#18723 [STUMP]}
2026-03-14 01:22:33,406 DEBUG [CRASH COMPLEXION_p011]           HeadLinker.java:859  | CLinker{head#4075-Clnk-BL refPt:[580.9,1038.0]} nothing kept from sections[V2248, V2254]
2026-03-14 01:22:33,406 DEBUG [CRASH COMPLEXION_p011]           HeadLinker.java:871  | CLinker{head#4075-Clnk-BL refPt:[580.9,1038.0]} Glyph{#18719 [STUMP]}
2026-03-14 01:22:33,408 DEBUG [CRASH COMPLEXION_p011]           HeadLinker.java:871  | CLinker{head#4075-Clnk-BR refPt:[592.7,1034.0]} Glyph{#18720 [STUMP]}
2026-03-14 01:22:33,409 DEBUG [CRASH COMPLEXION_p011]           HeadLinker.java:859  | CLinker{head#3169-Clnk-TL refPt:[605.9,106.0]} nothing kept from sections[V2359]
2026-03-14 01:22:33,410 DEBUG [CRASH COMPLEXION_p011]           HeadLinker.java:871  | CLinker{head#3169-Clnk-TL refPt:[605.9,106.0]} Glyph{#18724 [STUMP]}
2026-03-14 01:22:33,411 DEBUG [CRASH COMPLEXION_p011]           HeadLinker.java:859  | CLinker{head#3169-Clnk-BL refPt:[605.9,110.0]} nothing kept from sections[V2359]
2026-03-14 01:22:33,411 DEBUG [CRASH COMPLEXION_p011]           HeadLinker.java:871  | CLinker{head#3169-Clnk-BL refPt:[605.9,110.0]} Glyph{#18724 [STUMP]}
2026-03-14 01:22:33,413 DEBUG [CRASH COMPLEXION_p011]           HeadLinker.java:859  | CLinker{head#3173-Clnk-TL refPt:[606.9,105.0]} nothing kept from sections[V2359]
2026-03-14 01:22:33,413 DEBUG [CRASH COMPLEXION_p011]           HeadLinker.java:871  | CLinker{head#3173-Clnk-TL refPt:[606.9,105.0]} Glyph{#18725 [STUMP]}
2026-03-14 01:22:33,415 DEBUG [CRASH COMPLEXION_p011]           HeadLinker.java:859  | CLinker{head#3173-Clnk-BL refPt:[606.9,109.0]} nothing kept from sections[V2359]
2026-03-14 01:22:33,416 DEBUG [CRASH COMPLEXION_p011]           HeadLinker.java:871  | CLinker{head#3173-Clnk-BL refPt:[606.9,109.0]} Glyph{#18725 [STUMP]}
2026-03-14 01:22:33,424 DEBUG [CRASH COMPLEXION_p011]           HeadLinker.java:859  | CLinker{head#3118-Clnk-BL refPt:[608.9,104.0]} nothing kept from sections[V2359]
2026-03-14 01:22:33,424 DEBUG [CRASH COMPLEXION_p011]           HeadLinker.java:871  | CLinker{head#3118-Clnk-BL refPt:[608.9,104.0]} Glyph{#18726 [STUMP]}
2026-03-14 01:22:33,426 DEBUG [CRASH COMPLEXION_p011]           HeadLinker.java:859  | CLinker{head#3220-Clnk-TL refPt:[608.9,113.0]} nothing kept from sections[V2359]
2026-03-14 01:22:33,426 DEBUG [CRASH COMPLEXION_p011]           HeadLinker.java:871  | CLinker{head#3220-Clnk-TL refPt:[608.9,113.0]} Glyph{#18726 [STUMP]}
2026-03-14 01:22:33,428 DEBUG [CRASH COMPLEXION_p011]           HeadLinker.java:871  | CLinker{head#3220-Clnk-BR refPt:[621.7,113.0]} Glyph{#587 [VERTICAL_SEED]}
2026-03-14 01:22:33,429 DEBUG [CRASH COMPLEXION_p011]           HeadLinker.java:859  | CLinker{head#3365-Clnk-BR refPt:[627.7,588.0]} nothing kept from sections[V2421]
2026-03-14 01:22:33,430 DEBUG [CRASH COMPLEXION_p011]           HeadLinker.java:871  | CLinker{head#3365-Clnk-BR refPt:[627.7,588.0]} Glyph{#18727 [STUMP]}
2026-03-14 01:22:33,432 DEBUG [CRASH COMPLEXION_p011]           HeadLinker.java:859  | CLinker{head#3288-Clnk-BR refPt:[628.7,562.0]} nothing kept from sections[V2432]
2026-03-14 01:22:33,432 DEBUG [CRASH COMPLEXION_p011]           HeadLinker.java:871  | CLinker{head#3288-Clnk-BR refPt:[628.7,562.0]} Glyph{#18728 [STUMP]}
2026-03-14 01:22:33,435 DEBUG [CRASH COMPLEXION_p011]           HeadLinker.java:859  | CLinker{head#4381-Clnk-BR refPt:[631.7,1263.0]} nothing kept from sections[V2415]
2026-03-14 01:22:33,436 DEBUG [CRASH COMPLEXION_p011]           HeadLinker.java:871  | CLinker{head#4381-Clnk-BR refPt:[631.7,1263.0]} Glyph{#18729 [STUMP]}
2026-03-14 01:22:33,437 DEBUG [CRASH COMPLEXION_p011]           HeadLinker.java:871  | CLinker{head#4321-Clnk-TL refPt:[619.9,1256.0]} Glyph{#18730 [STUMP]}
2026-03-14 01:22:33,440 DEBUG [CRASH COMPLEXION_p011]           HeadLinker.java:871  | CLinker{head#4321-Clnk-BL refPt:[619.9,1260.0]} Glyph{#18730 [STUMP]}
2026-03-14 01:22:33,441 DEBUG [CRASH COMPLEXION_p011]           HeadLinker.java:871  | CLinker{head#4321-Clnk-BR refPt:[633.7,1256.0]} Glyph{#18731 [STUMP]}
2026-03-14 01:22:33,443 DEBUG [CRASH COMPLEXION_p011]           HeadLinker.java:871  | CLinker{head#3371-Clnk-TL refPt:[620.9,595.0]} Glyph{#18732 [STUMP]}
2026-03-14 01:22:33,444 DEBUG [CRASH COMPLEXION_p011]           HeadLinker.java:871  | CLinker{head#3371-Clnk-BL refPt:[620.9,599.0]} Glyph{#18732 [STUMP]}
2026-03-14 01:22:33,454 DEBUG [CRASH COMPLEXION_p011]           HeadLinker.java:871  | CLinker{head#3371-Clnk-BR refPt:[634.7,595.0]} Glyph{#18733 [STUMP]}
2026-03-14 01:22:33,456 DEBUG [CRASH COMPLEXION_p011]           HeadLinker.java:871  | CLinker{head#3375-Clnk-TL refPt:[620.9,595.0]} Glyph{#18732 [STUMP]}
2026-03-14 01:22:33,457 DEBUG [CRASH COMPLEXION_p011]           HeadLinker.java:871  | CLinker{head#3375-Clnk-BL refPt:[620.9,599.0]} Glyph{#18732 [STUMP]}
2026-03-14 01:22:33,459 DEBUG [CRASH COMPLEXION_p011]           HeadLinker.java:871  | CLinker{head#3375-Clnk-BR refPt:[634.7,595.0]} Glyph{#18733 [STUMP]}
2026-03-14 01:22:33,460 DEBUG [CRASH COMPLEXION_p011]           HeadLinker.java:871  | CLinker{head#3903-Clnk-TL refPt:[620.9,996.0]} Glyph{#18734 [STUMP]}
2026-03-14 01:22:33,462 DEBUG [CRASH COMPLEXION_p011]           HeadLinker.java:859  | CLinker{head#3903-Clnk-BR refPt:[634.7,996.0]} nothing kept from sections[V2429]
2026-03-14 01:22:33,463 DEBUG [CRASH COMPLEXION_p011]           HeadLinker.java:871  | CLinker{head#3903-Clnk-BR refPt:[634.7,996.0]} Glyph{#18735 [STUMP]}
2026-03-14 01:22:33,464 DEBUG [CRASH COMPLEXION_p011]           HeadLinker.java:871  | CLinker{head#3298-Clnk-TL refPt:[621.9,568.0]} Glyph{#18736 [STUMP]}
2026-03-14 01:22:33,465 DEBUG [CRASH COMPLEXION_p011]           HeadLinker.java:871  | CLinker{head#3298-Clnk-BL refPt:[621.9,572.0]} Glyph{#18736 [STUMP]}
2026-03-14 01:22:33,467 DEBUG [CRASH COMPLEXION_p011]           HeadLinker.java:871  | CLinker{head#3302-Clnk-TL refPt:[621.9,568.0]} Glyph{#18736 [STUMP]}
2026-03-14 01:22:33,468 DEBUG [CRASH COMPLEXION_p011]           HeadLinker.java:871  | CLinker{head#3302-Clnk-BL refPt:[621.9,572.0]} Glyph{#18736 [STUMP]}
2026-03-14 01:22:33,470 DEBUG [CRASH COMPLEXION_p011]           HeadLinker.java:871  | CLinker{head#3367-Clnk-BL refPt:[622.9,593.0]} Glyph{#18732 [STUMP]}
2026-03-14 01:22:33,472 DEBUG [CRASH COMPLEXION_p011]           HeadLinker.java:871  | CLinker{head#3367-Clnk-BR refPt:[635.7,589.0]} Glyph{#540 [VERTICAL_SEED]}
2026-03-14 01:22:33,473 DEBUG [CRASH COMPLEXION_p011]           HeadLinker.java:871  | CLinker{head#3877-Clnk-TL refPt:[622.9,990.0]} Glyph{#18734 [STUMP]}
2026-03-14 01:22:33,474 DEBUG [CRASH COMPLEXION_p011]           HeadLinker.java:871  | CLinker{head#3877-Clnk-BL refPt:[622.9,994.0]} Glyph{#18734 [STUMP]}
2026-03-14 01:22:33,478 DEBUG [CRASH COMPLEXION_p011]           HeadLinker.java:871  | CLinker{head#3877-Clnk-BR refPt:[636.7,990.0]} Glyph{#18737 [STUMP]}
2026-03-14 01:22:33,480 DEBUG [CRASH COMPLEXION_p011]           HeadLinker.java:871  | CLinker{head#3326-Clnk-TL refPt:[624.9,576.0]} Glyph{#18736 [STUMP]}
2026-03-14 01:22:33,493 DEBUG [CRASH COMPLEXION_p011]           HeadLinker.java:871  | CLinker{head#4765-Clnk-BR refPt:[651.7,1283.0]} Glyph{#18738 [STUMP]}
2026-03-14 01:22:33,496 DEBUG [CRASH COMPLEXION_p011]           HeadLinker.java:871  | CLinker{head#4217-Clnk-TR refPt:[653.7,999.0]} Glyph{#18739 [STUMP]}
2026-03-14 01:22:33,497 DEBUG [CRASH COMPLEXION_p011]           HeadLinker.java:871  | CLinker{head#4217-Clnk-BR refPt:[653.7,1004.0]} Glyph{#18740 [STUMP]}
2026-03-14 01:22:33,500 DEBUG [CRASH COMPLEXION_p011]           HeadLinker.java:871  | CLinker{head#3579-Clnk-BR refPt:[654.7,561.0]} Glyph{#18741 [STUMP]}
2026-03-14 01:22:33,503 DEBUG [CRASH COMPLEXION_p011]           HeadLinker.java:871  | CLinker{head#3607-Clnk-TL refPt:[651.9,576.0]} Glyph{#18742 [STUMP]}
2026-03-14 01:22:33,504 DEBUG [CRASH COMPLEXION_p011]           HeadLinker.java:871  | CLinker{head#3607-Clnk-BL refPt:[651.9,580.0]} Glyph{#18743 [STUMP]}
2026-03-14 01:22:33,509 DEBUG [CRASH COMPLEXION_p011]           HeadLinker.java:871  | CLinker{head#4079-Clnk-BL refPt:[681.9,1035.0]} Glyph{#18744 [STUMP]}
2026-03-14 01:22:33,511 DEBUG [CRASH COMPLEXION_p011]           HeadLinker.java:871  | CLinker{head#4135-Clnk-TL refPt:[681.9,1038.0]} Glyph{#18744 [STUMP]}
2026-03-14 01:22:33,514 DEBUG [CRASH COMPLEXION_p011]           HeadLinker.java:871  | CLinker{head#4135-Clnk-BL refPt:[681.9,1042.0]} Glyph{#18744 [STUMP]}
2026-03-14 01:22:33,516 DEBUG [CRASH COMPLEXION_p011]           HeadLinker.java:871  | CLinker{head#4135-Clnk-BR refPt:[695.7,1038.0]} Glyph{#18745 [STUMP]}
2026-03-14 01:22:33,517 DEBUG [CRASH COMPLEXION_p011]           HeadLinker.java:871  | CLinker{head#4139-Clnk-TL refPt:[681.9,1038.0]} Glyph{#18744 [STUMP]}
2026-03-14 01:22:33,519 DEBUG [CRASH COMPLEXION_p011]           HeadLinker.java:871  | CLinker{head#4139-Clnk-BL refPt:[681.9,1042.0]} Glyph{#18744 [STUMP]}
2026-03-14 01:22:33,521 DEBUG [CRASH COMPLEXION_p011]           HeadLinker.java:871  | CLinker{head#4139-Clnk-BR refPt:[695.7,1038.0]} Glyph{#18745 [STUMP]}
2026-03-14 01:22:33,522 DEBUG [CRASH COMPLEXION_p011]           HeadLinker.java:871  | CLinker{head#3505-Clnk-TL refPt:[682.9,642.0]} Glyph{#18746 [STUMP]}
2026-03-14 01:22:33,523 DEBUG [CRASH COMPLEXION_p011]           HeadLinker.java:871  | CLinker{head#3505-Clnk-BL refPt:[682.9,646.0]} Glyph{#18746 [STUMP]}
2026-03-14 01:22:33,525 DEBUG [CRASH COMPLEXION_p011]           HeadLinker.java:871  | CLinker{head#3505-Clnk-BR refPt:[695.7,642.0]} Glyph{#18747 [STUMP]}
2026-03-14 01:22:33,526 DEBUG [CRASH COMPLEXION_p011]           HeadLinker.java:871  | CLinker{head#3507-Clnk-TL refPt:[682.9,642.0]} Glyph{#18746 [STUMP]}
2026-03-14 01:22:33,527 DEBUG [CRASH COMPLEXION_p011]           HeadLinker.java:871  | CLinker{head#3507-Clnk-BL refPt:[682.9,646.0]} Glyph{#18746 [STUMP]}
2026-03-14 01:22:33,528 DEBUG [CRASH COMPLEXION_p011]           HeadLinker.java:871  | CLinker{head#3507-Clnk-BR refPt:[695.7,642.0]} Glyph{#18747 [STUMP]}
2026-03-14 01:22:33,530 DEBUG [CRASH COMPLEXION_p011]           HeadLinker.java:871  | CLinker{head#4081-Clnk-BL refPt:[682.9,1037.0]} Glyph{#18744 [STUMP]}
2026-03-14 01:22:33,532 DEBUG [CRASH COMPLEXION_p011]           HeadLinker.java:859  | CLinker{head#4563-Clnk-TR refPt:[704.7,1285.0]} nothing kept from sections[V2718, V2665]
2026-03-14 01:22:33,534 DEBUG [CRASH COMPLEXION_p011]           HeadLinker.java:859  | CLinker{head#4563-Clnk-BR refPt:[704.7,1290.0]} nothing kept from sections[V2665]
2026-03-14 01:22:33,534 DEBUG [CRASH COMPLEXION_p011]           HeadLinker.java:871  | CLinker{head#4563-Clnk-BR refPt:[704.7,1290.0]} Glyph{#18748 [STUMP]}
2026-03-14 01:22:33,535 DEBUG [CRASH COMPLEXION_p011]           HeadLinker.java:871  | CLinker{head#4427-Clnk-TL refPt:[693.9,1283.0]} Glyph{#18749 [STUMP]}
2026-03-14 01:22:33,536 DEBUG [CRASH COMPLEXION_p011]           HeadLinker.java:871  | CLinker{head#4427-Clnk-TR refPt:[707.7,1278.0]} Glyph{#18750 [STUMP]}
2026-03-14 01:22:33,538 DEBUG [CRASH COMPLEXION_p011]           HeadLinker.java:871  | CLinker{head#4427-Clnk-BR refPt:[707.7,1283.0]} Glyph{#18750 [STUMP]}
2026-03-14 01:22:33,542 DEBUG [CRASH COMPLEXION_p011]           HeadLinker.java:871  | CLinker{head#4431-Clnk-TR refPt:[707.7,1279.0]} Glyph{#18750 [STUMP]}
2026-03-14 01:22:33,546 DEBUG [CRASH COMPLEXION_p011]           HeadLinker.java:871  | CLinker{head#4431-Clnk-BR refPt:[707.7,1284.0]} Glyph{#18750 [STUMP]}
2026-03-14 01:22:33,547 DEBUG [CRASH COMPLEXION_p011]           HeadLinker.java:871  | CLinker{head#3511-Clnk-TL refPt:[705.9,642.0]} Glyph{#18751 [STUMP]}
2026-03-14 01:22:33,549 DEBUG [CRASH COMPLEXION_p011]           HeadLinker.java:871  | CLinker{head#3511-Clnk-BL refPt:[705.9,646.0]} Glyph{#18751 [STUMP]}
2026-03-14 01:22:33,550 DEBUG [CRASH COMPLEXION_p011]           HeadLinker.java:871  | CLinker{head#3511-Clnk-BR refPt:[718.7,642.0]} Glyph{#18752 [STUMP]}
2026-03-14 01:22:33,551 DEBUG [CRASH COMPLEXION_p011]           HeadLinker.java:871  | CLinker{head#4143-Clnk-TL refPt:[705.9,1038.0]} Glyph{#18753 [STUMP]}
2026-03-14 01:22:33,552 DEBUG [CRASH COMPLEXION_p011]           HeadLinker.java:871  | CLinker{head#4143-Clnk-BL refPt:[705.9,1042.0]} Glyph{#18753 [STUMP]}
2026-03-14 01:22:33,554 DEBUG [CRASH COMPLEXION_p011]           HeadLinker.java:871  | CLinker{head#4143-Clnk-BR refPt:[719.7,1038.0]} Glyph{#18754 [STUMP]}
2026-03-14 01:22:33,555 DEBUG [CRASH COMPLEXION_p011]           HeadLinker.java:871  | CLinker{head#4147-Clnk-TL refPt:[705.9,1038.0]} Glyph{#18753 [STUMP]}
2026-03-14 01:22:33,556 DEBUG [CRASH COMPLEXION_p011]           HeadLinker.java:871  | CLinker{head#4147-Clnk-BL refPt:[705.9,1042.0]} Glyph{#18753 [STUMP]}
2026-03-14 01:22:33,557 DEBUG [CRASH COMPLEXION_p011]           HeadLinker.java:871  | CLinker{head#4147-Clnk-BR refPt:[719.7,1038.0]} Glyph{#18754 [STUMP]}
2026-03-14 01:22:33,560 DEBUG [CRASH COMPLEXION_p011]           HeadLinker.java:871  | CLinker{head#4085-Clnk-BL refPt:[706.9,1035.0]} Glyph{#18753 [STUMP]}
2026-03-14 01:22:33,563 DEBUG [CRASH COMPLEXION_p011]           HeadLinker.java:871  | CLinker{head#4089-Clnk-BL refPt:[706.9,1037.0]} Glyph{#18753 [STUMP]}
2026-03-14 01:22:33,565 DEBUG [CRASH COMPLEXION_p011]           HeadLinker.java:871  | CLinker{head#4089-Clnk-BR refPt:[719.7,1033.0]} Glyph{#18754 [STUMP]}
2026-03-14 01:22:33,567 DEBUG [CRASH COMPLEXION_p011]           HeadLinker.java:871  | CLinker{head#3387-Clnk-TR refPt:[730.7,611.0]} Glyph{#18755 [STUMP]}
2026-03-14 01:22:33,569 DEBUG [CRASH COMPLEXION_p011]           HeadLinker.java:871  | CLinker{head#3387-Clnk-BR refPt:[730.7,616.0]} Glyph{#18756 [STUMP]}
2026-03-14 01:22:33,571 DEBUG [CRASH COMPLEXION_p011]           HeadLinker.java:871  | CLinker{head#4029-Clnk-TL refPt:[767.9,1024.0]} Glyph{#18757 [STUMP]}
2026-03-14 01:22:33,575 DEBUG [CRASH COMPLEXION_p011]           HeadLinker.java:859  | CLinker{head#4029-Clnk-BL refPt:[767.9,1028.0]} nothing kept from sections[V2942]
2026-03-14 01:22:33,579 DEBUG [CRASH COMPLEXION_p011]           HeadLinker.java:859  | CLinker{head#4029-Clnk-BR refPt:[781.7,1024.0]} nothing kept from sections[V3037, V3047, V2942]
2026-03-14 01:22:33,579 DEBUG [CRASH COMPLEXION_p011]           HeadLinker.java:871  | CLinker{head#4029-Clnk-BR refPt:[781.7,1024.0]} Glyph{#18758 [STUMP]}
2026-03-14 01:22:33,580 DEBUG [CRASH COMPLEXION_p011]           HeadLinker.java:871  | CLinker{head#4033-Clnk-TL refPt:[768.9,1023.0]} Glyph{#18757 [STUMP]}
2026-03-14 01:22:33,582 DEBUG [CRASH COMPLEXION_p011]           HeadLinker.java:871  | CLinker{head#4033-Clnk-BL refPt:[768.9,1027.0]} Glyph{#18757 [STUMP]}
2026-03-14 01:22:33,583 DEBUG [CRASH COMPLEXION_p011]           HeadLinker.java:871  | CLinker{head#4033-Clnk-BR refPt:[782.7,1023.0]} Glyph{#18759 [STUMP]}
2026-03-14 01:22:33,585 DEBUG [CRASH COMPLEXION_p011]           HeadLinker.java:859  | CLinker{head#3977-Clnk-BL refPt:[770.9,1021.0]} nothing kept from sections[V2942]
2026-03-14 01:22:33,586 DEBUG [CRASH COMPLEXION_p011]           HeadLinker.java:871  | CLinker{head#3977-Clnk-BL refPt:[770.9,1021.0]} Glyph{#18760 [STUMP]}
2026-03-14 01:22:33,588 DEBUG [CRASH COMPLEXION_p011]           HeadLinker.java:859  | CLinker{head#4567-Clnk-TR refPt:[784.7,1285.0]} nothing kept from sections[V3060, V2990]
2026-03-14 01:22:33,588 DEBUG [CRASH COMPLEXION_p011]           HeadLinker.java:871  | CLinker{head#4567-Clnk-TR refPt:[784.7,1285.0]} Glyph{#18761 [STUMP]}
2026-03-14 01:22:33,589 DEBUG [CRASH COMPLEXION_p011]           HeadLinker.java:859  | CLinker{head#4567-Clnk-BR refPt:[784.7,1290.0]} nothing kept from sections[V2990]
2026-03-14 01:22:33,590 DEBUG [CRASH COMPLEXION_p011]           HeadLinker.java:871  | CLinker{head#4567-Clnk-BR refPt:[784.7,1290.0]} Glyph{#18762 [STUMP]}
2026-03-14 01:22:33,591 DEBUG [CRASH COMPLEXION_p011]           HeadLinker.java:871  | CLinker{head#3851-Clnk-TR refPt:[785.7,841.0]} Glyph{#18763 [STUMP]}
2026-03-14 01:22:33,593 DEBUG [CRASH COMPLEXION_p011]           HeadLinker.java:871  | CLinker{head#3851-Clnk-BR refPt:[785.7,846.0]} Glyph{#18763 [STUMP]}
2026-03-14 01:22:33,595 DEBUG [CRASH COMPLEXION_p011]           HeadLinker.java:871  | CLinker{head#4437-Clnk-TR refPt:[786.7,1279.0]} Glyph{#18764 [STUMP]}
2026-03-14 01:22:33,596 DEBUG [CRASH COMPLEXION_p011]           HeadLinker.java:871  | CLinker{head#4437-Clnk-BR refPt:[786.7,1284.0]} Glyph{#18764 [STUMP]}
2026-03-14 01:22:33,598 DEBUG [CRASH COMPLEXION_p011]           HeadLinker.java:871  | CLinker{head#4151-Clnk-TL refPt:[808.9,1037.0]} Glyph{#18765 [STUMP]}
2026-03-14 01:22:33,599 DEBUG [CRASH COMPLEXION_p011]           HeadLinker.java:871  | CLinker{head#4151-Clnk-BL refPt:[808.9,1041.0]} Glyph{#18765 [STUMP]}
2026-03-14 01:22:33,601 DEBUG [CRASH COMPLEXION_p011]           HeadLinker.java:859  | CLinker{head#4151-Clnk-BR refPt:[822.7,1037.0]} nothing kept from sections[V3223, V3228, V3152]
2026-03-14 01:22:33,601 DEBUG [CRASH COMPLEXION_p011]           HeadLinker.java:871  | CLinker{head#4151-Clnk-BR refPt:[822.7,1037.0]} Glyph{#18766 [STUMP]}
2026-03-14 01:22:33,604 DEBUG [CRASH COMPLEXION_p011]           HeadLinker.java:871  | CLinker{head#4155-Clnk-TL refPt:[808.9,1037.0]} Glyph{#18765 [STUMP]}
2026-03-14 01:22:33,620 DEBUG [CRASH COMPLEXION_p011]           HeadLinker.java:871  | CLinker{head#4155-Clnk-BL refPt:[808.9,1041.0]} Glyph{#18765 [STUMP]}
2026-03-14 01:22:33,622 DEBUG [CRASH COMPLEXION_p011]           HeadLinker.java:859  | CLinker{head#4155-Clnk-BR refPt:[822.7,1037.0]} nothing kept from sections[V3223, V3228, V3152]
2026-03-14 01:22:33,622 DEBUG [CRASH COMPLEXION_p011]           HeadLinker.java:871  | CLinker{head#4155-Clnk-BR refPt:[822.7,1037.0]} Glyph{#18766 [STUMP]}
2026-03-14 01:22:33,625 DEBUG [CRASH COMPLEXION_p011]           HeadLinker.java:871  | CLinker{head#3517-Clnk-TL refPt:[809.9,641.0]} Glyph{#18767 [STUMP]}
2026-03-14 01:22:33,627 DEBUG [CRASH COMPLEXION_p011]           HeadLinker.java:871  | CLinker{head#3517-Clnk-BL refPt:[809.9,645.0]} Glyph{#18767 [STUMP]}
2026-03-14 01:22:33,629 DEBUG [CRASH COMPLEXION_p011]           HeadLinker.java:859  | CLinker{head#3517-Clnk-BR refPt:[823.7,641.0]} nothing kept from sections[V3227, V3158]
2026-03-14 01:22:33,629 DEBUG [CRASH COMPLEXION_p011]           HeadLinker.java:871  | CLinker{head#3517-Clnk-BR refPt:[823.7,641.0]} Glyph{#18768 [STUMP]}
2026-03-14 01:22:33,630 DEBUG [CRASH COMPLEXION_p011]           HeadLinker.java:871  | CLinker{head#3521-Clnk-TL refPt:[809.9,641.0]} Glyph{#18767 [STUMP]}
2026-03-14 01:22:33,632 DEBUG [CRASH COMPLEXION_p011]           HeadLinker.java:871  | CLinker{head#3521-Clnk-BL refPt:[809.9,645.0]} Glyph{#18767 [STUMP]}
2026-03-14 01:22:33,634 DEBUG [CRASH COMPLEXION_p011]           HeadLinker.java:859  | CLinker{head#3521-Clnk-BR refPt:[823.7,641.0]} nothing kept from sections[V3227, V3158]
2026-03-14 01:22:33,635 DEBUG [CRASH COMPLEXION_p011]           HeadLinker.java:871  | CLinker{head#3521-Clnk-BR refPt:[823.7,641.0]} Glyph{#18768 [STUMP]}
2026-03-14 01:22:33,636 DEBUG [CRASH COMPLEXION_p011]           HeadLinker.java:859  | CLinker{head#4093-Clnk-TL refPt:[810.9,1033.0]} nothing kept from sections[V3152]
2026-03-14 01:22:33,637 DEBUG [CRASH COMPLEXION_p011]           HeadLinker.java:871  | CLinker{head#4093-Clnk-TL refPt:[810.9,1033.0]} Glyph{#18769 [STUMP]}
2026-03-14 01:22:33,640 DEBUG [CRASH COMPLEXION_p011]           HeadLinker.java:859  | CLinker{head#4093-Clnk-BL refPt:[810.9,1037.0]} nothing kept from sections[V3147, V3152]
2026-03-14 01:22:33,640 DEBUG [CRASH COMPLEXION_p011]           HeadLinker.java:871  | CLinker{head#4093-Clnk-BL refPt:[810.9,1037.0]} Glyph{#18765 [STUMP]}
2026-03-14 01:22:33,643 DEBUG [CRASH COMPLEXION_p011]           HeadLinker.java:871  | CLinker{head#4093-Clnk-BR refPt:[824.7,1033.0]} Glyph{#18770 [STUMP]}
2026-03-14 01:22:33,644 DEBUG [CRASH COMPLEXION_p011]           HeadLinker.java:859  | CLinker{head#3515-Clnk-BL refPt:[822.9,643.0]} nothing kept from sections[V3158]
2026-03-14 01:22:33,644 DEBUG [CRASH COMPLEXION_p011]           HeadLinker.java:871  | CLinker{head#3515-Clnk-BL refPt:[822.9,643.0]} Glyph{#18771 [STUMP]}
2026-03-14 01:22:33,645 DEBUG [CRASH COMPLEXION_p011]           HeadLinker.java:859  | CLinker{head#3515-Clnk-TR refPt:[836.7,634.0]} nothing kept from sections[V3260]
2026-03-14 01:22:33,645 DEBUG [CRASH COMPLEXION_p011]           HeadLinker.java:871  | CLinker{head#3515-Clnk-TR refPt:[836.7,634.0]} Glyph{#18772 [STUMP]}
2026-03-14 01:22:33,646 DEBUG [CRASH COMPLEXION_p011]           HeadLinker.java:859  | CLinker{head#3515-Clnk-BR refPt:[836.7,639.0]} nothing kept from sections[V3257, V3260]
2026-03-14 01:22:33,647 DEBUG [CRASH COMPLEXION_p011]           HeadLinker.java:871  | CLinker{head#3525-Clnk-TL refPt:[833.9,642.0]} Glyph{#18773 [STUMP]}
2026-03-14 01:22:33,649 DEBUG [CRASH COMPLEXION_p011]           HeadLinker.java:871  | CLinker{head#3525-Clnk-BL refPt:[833.9,646.0]} Glyph{#18773 [STUMP]}
2026-03-14 01:22:33,650 DEBUG [CRASH COMPLEXION_p011]           HeadLinker.java:871  | CLinker{head#3525-Clnk-BR refPt:[846.7,642.0]} Glyph{#18774 [STUMP]}
2026-03-14 01:22:33,652 DEBUG [CRASH COMPLEXION_p011]           HeadLinker.java:871  | CLinker{head#3529-Clnk-TL refPt:[833.9,641.0]} Glyph{#18773 [STUMP]}
2026-03-14 01:22:33,653 DEBUG [CRASH COMPLEXION_p011]           HeadLinker.java:871  | CLinker{head#3529-Clnk-BL refPt:[833.9,645.0]} Glyph{#18773 [STUMP]}
2026-03-14 01:22:33,654 DEBUG [CRASH COMPLEXION_p011]           HeadLinker.java:871  | CLinker{head#3529-Clnk-BR refPt:[847.7,641.0]} Glyph{#18774 [STUMP]}
2026-03-14 01:22:33,657 DEBUG [CRASH COMPLEXION_p011]           HeadLinker.java:859  | CLinker{head#3389-Clnk-BR refPt:[862.7,615.0]} nothing kept from sections[V3311]
2026-03-14 01:22:33,657 DEBUG [CRASH COMPLEXION_p011]           HeadLinker.java:871  | CLinker{head#3389-Clnk-BR refPt:[862.7,615.0]} Glyph{#18775 [STUMP]}
2026-03-14 01:22:33,658 DEBUG [CRASH COMPLEXION_p011]           HeadLinker.java:859  | CLinker{head#3449-Clnk-TL refPt:[855.9,621.0]} nothing kept from sections[V3311]
2026-03-14 01:22:33,660 DEBUG [CRASH COMPLEXION_p011]           HeadLinker.java:859  | CLinker{head#3449-Clnk-BL refPt:[855.9,625.0]} nothing kept from sections[V3311]
2026-03-14 01:22:33,661 DEBUG [CRASH COMPLEXION_p011]           HeadLinker.java:871  | CLinker{head#3449-Clnk-BR refPt:[869.7,621.0]} Glyph{#18776 [STUMP]}
2026-03-14 01:22:33,662 DEBUG [CRASH COMPLEXION_p011]           HeadLinker.java:871  | CLinker{head#4037-Clnk-TL refPt:[855.9,1023.0]} Glyph{#18777 [STUMP]}
2026-03-14 01:22:33,665 DEBUG [CRASH COMPLEXION_p011]           HeadLinker.java:859  | CLinker{head#4037-Clnk-BR refPt:[869.7,1023.0]} nothing kept from sections[V3318]
2026-03-14 01:22:33,667 DEBUG [CRASH COMPLEXION_p011]           HeadLinker.java:859  | CLinker{head#3445-Clnk-TL refPt:[856.9,621.0]} nothing kept from sections[V3311]
2026-03-14 01:22:33,669 DEBUG [CRASH COMPLEXION_p011]           HeadLinker.java:871  | CLinker{head#3445-Clnk-TL refPt:[856.9,621.0]} Glyph{#18778 [STUMP]}
2026-03-14 01:22:33,671 DEBUG [CRASH COMPLEXION_p011]           HeadLinker.java:859  | CLinker{head#3445-Clnk-BL refPt:[856.9,625.0]} nothing kept from sections[V3311]
2026-03-14 01:22:33,671 DEBUG [CRASH COMPLEXION_p011]           HeadLinker.java:871  | CLinker{head#3445-Clnk-BL refPt:[856.9,625.0]} Glyph{#18778 [STUMP]}
2026-03-14 01:22:33,672 DEBUG [CRASH COMPLEXION_p011]           HeadLinker.java:871  | CLinker{head#3445-Clnk-BR refPt:[870.7,621.0]} Glyph{#18776 [STUMP]}
2026-03-14 01:22:33,673 DEBUG [CRASH COMPLEXION_p011]           HeadLinker.java:871  | CLinker{head#3981-Clnk-TL refPt:[856.9,1016.0]} Glyph{#18777 [STUMP]}
2026-03-14 01:22:33,674 DEBUG [CRASH COMPLEXION_p011]           HeadLinker.java:871  | CLinker{head#3981-Clnk-BL refPt:[856.9,1020.0]} Glyph{#18777 [STUMP]}
2026-03-14 01:22:33,675 DEBUG [CRASH COMPLEXION_p011]           HeadLinker.java:871  | CLinker{head#3981-Clnk-BR refPt:[870.7,1016.0]} Glyph{#18779 [STUMP]}
2026-03-14 01:22:33,675 DEBUG [CRASH COMPLEXION_p011]           HeadLinker.java:871  | CLinker{head#3985-Clnk-TL refPt:[856.9,1016.0]} Glyph{#18777 [STUMP]}
2026-03-14 01:22:33,676 DEBUG [CRASH COMPLEXION_p011]           HeadLinker.java:871  | CLinker{head#3985-Clnk-BL refPt:[856.9,1020.0]} Glyph{#18777 [STUMP]}
2026-03-14 01:22:33,678 DEBUG [CRASH COMPLEXION_p011]           HeadLinker.java:871  | CLinker{head#3985-Clnk-BR refPt:[870.7,1016.0]} Glyph{#18779 [STUMP]}
2026-03-14 01:22:33,679 DEBUG [CRASH COMPLEXION_p011]           HeadLinker.java:859  | CLinker{head#3391-Clnk-TL refPt:[857.9,617.0]} nothing kept from sections[V3311]
2026-03-14 01:22:33,679 DEBUG [CRASH COMPLEXION_p011]           HeadLinker.java:871  | CLinker{head#3391-Clnk-TL refPt:[857.9,617.0]} Glyph{#18780 [STUMP]}
2026-03-14 01:22:33,680 DEBUG [CRASH COMPLEXION_p011]           HeadLinker.java:859  | CLinker{head#3391-Clnk-BL refPt:[857.9,621.0]} nothing kept from sections[V3311]
2026-03-14 01:22:33,681 DEBUG [CRASH COMPLEXION_p011]           HeadLinker.java:871  | CLinker{head#3391-Clnk-BL refPt:[857.9,621.0]} Glyph{#18780 [STUMP]}
2026-03-14 01:22:33,682 DEBUG [CRASH COMPLEXION_p011]           HeadLinker.java:871  | CLinker{head#3391-Clnk-BR refPt:[869.7,617.0]} Glyph{#18776 [STUMP]}
2026-03-14 01:22:33,683 DEBUG [CRASH COMPLEXION_p011]           HeadLinker.java:871  | CLinker{head#4387-Clnk-TL refPt:[857.9,1262.0]} Glyph{#18781 [STUMP]}
2026-03-14 01:22:33,685 DEBUG [CRASH COMPLEXION_p011]           HeadLinker.java:859  | CLinker{head#4387-Clnk-BR refPt:[871.7,1262.0]} nothing kept from sections[V3347]
2026-03-14 01:22:33,686 DEBUG [CRASH COMPLEXION_p011]           HeadLinker.java:871  | CLinker{head#4387-Clnk-BR refPt:[871.7,1262.0]} Glyph{#18782 [STUMP]}
2026-03-14 01:22:33,687 DEBUG [CRASH COMPLEXION_p011]           HeadLinker.java:871  | CLinker{head#4327-Clnk-TL refPt:[858.9,1257.0]} Glyph{#18783 [STUMP]}
2026-03-14 01:22:33,688 DEBUG [CRASH COMPLEXION_p011]           HeadLinker.java:871  | CLinker{head#4327-Clnk-BL refPt:[858.9,1261.0]} Glyph{#18784 [STUMP]}
2026-03-14 01:22:33,690 DEBUG [CRASH COMPLEXION_p011]           HeadLinker.java:871  | CLinker{head#4327-Clnk-BR refPt:[872.7,1257.0]} Glyph{#18785 [STUMP]}
2026-03-14 01:22:33,691 DEBUG [CRASH COMPLEXION_p011]           HeadLinker.java:871  | CLinker{head#3535-Clnk-TL refPt:[878.9,641.0]} Glyph{#18786 [STUMP]}
2026-03-14 01:22:33,691 DEBUG [CRASH COMPLEXION_p011]           HeadLinker.java:871  | CLinker{head#3535-Clnk-BL refPt:[878.9,645.0]} Glyph{#18786 [STUMP]}
2026-03-14 01:22:33,692 DEBUG [CRASH COMPLEXION_p011]           HeadLinker.java:871  | CLinker{head#3535-Clnk-BR refPt:[891.7,641.0]} Glyph{#18787 [STUMP]}
2026-03-14 01:22:33,693 DEBUG [CRASH COMPLEXION_p011]           HeadLinker.java:871  | CLinker{head#3537-Clnk-TL refPt:[878.9,641.0]} Glyph{#18786 [STUMP]}
2026-03-14 01:22:33,694 DEBUG [CRASH COMPLEXION_p011]           HeadLinker.java:871  | CLinker{head#3537-Clnk-BL refPt:[878.9,645.0]} Glyph{#18786 [STUMP]}
2026-03-14 01:22:33,697 DEBUG [CRASH COMPLEXION_p011]           HeadLinker.java:871  | CLinker{head#3537-Clnk-BR refPt:[891.7,641.0]} Glyph{#18787 [STUMP]}
2026-03-14 01:22:33,702 DEBUG [CRASH COMPLEXION_p011]           HeadLinker.java:859  | CLinker{head#3533-Clnk-BL refPt:[888.9,643.0]} nothing kept from sections[V3492, V3463]
2026-03-14 01:22:33,703 DEBUG [CRASH COMPLEXION_p011]           HeadLinker.java:859  | CLinker{head#3533-Clnk-TR refPt:[902.7,634.0]} nothing kept from sections[V3527]
2026-03-14 01:22:33,704 DEBUG [CRASH COMPLEXION_p011]           HeadLinker.java:871  | CLinker{head#3533-Clnk-TR refPt:[902.7,634.0]} Glyph{#18788 [STUMP]}
2026-03-14 01:22:33,705 DEBUG [CRASH COMPLEXION_p011]           HeadLinker.java:859  | CLinker{head#3533-Clnk-BR refPt:[902.7,639.0]} nothing kept from sections[V3521, V3527]
2026-03-14 01:22:33,706 DEBUG [CRASH COMPLEXION_p011]           HeadLinker.java:871  | CLinker{head#4159-Clnk-TL refPt:[892.9,1038.0]} Glyph{#18789 [STUMP]}
2026-03-14 01:22:33,707 DEBUG [CRASH COMPLEXION_p011]           HeadLinker.java:871  | CLinker{head#4159-Clnk-BL refPt:[892.9,1042.0]} Glyph{#18789 [STUMP]}
2026-03-14 01:22:33,709 DEBUG [CRASH COMPLEXION_p011]           HeadLinker.java:871  | CLinker{head#4159-Clnk-BR refPt:[906.7,1038.0]} Glyph{#18790 [STUMP]}
2026-03-14 01:22:33,710 DEBUG [CRASH COMPLEXION_p011]           HeadLinker.java:871  | CLinker{head#4163-Clnk-TL refPt:[892.9,1038.0]} Glyph{#18789 [STUMP]}
2026-03-14 01:22:33,711 DEBUG [CRASH COMPLEXION_p011]           HeadLinker.java:871  | CLinker{head#4163-Clnk-BL refPt:[892.9,1042.0]} Glyph{#18789 [STUMP]}
2026-03-14 01:22:33,712 DEBUG [CRASH COMPLEXION_p011]           HeadLinker.java:871  | CLinker{head#4163-Clnk-BR refPt:[906.7,1038.0]} Glyph{#18790 [STUMP]}
2026-03-14 01:22:33,713 DEBUG [CRASH COMPLEXION_p011]           HeadLinker.java:859  | CLinker{head#4097-Clnk-TL refPt:[894.9,1033.0]} nothing kept from sections[V3512]
2026-03-14 01:22:33,714 DEBUG [CRASH COMPLEXION_p011]           HeadLinker.java:871  | CLinker{head#4097-Clnk-TL refPt:[894.9,1033.0]} Glyph{#18791 [STUMP]}
2026-03-14 01:22:33,715 DEBUG [CRASH COMPLEXION_p011]           HeadLinker.java:871  | CLinker{head#4097-Clnk-BL refPt:[894.9,1037.0]} Glyph{#18789 [STUMP]}
2026-03-14 01:22:33,716 DEBUG [CRASH COMPLEXION_p011]           HeadLinker.java:871  | CLinker{head#4097-Clnk-BR refPt:[906.7,1033.0]} Glyph{#18790 [STUMP]}
2026-03-14 01:22:33,718 DEBUG [CRASH COMPLEXION_p011]           HeadLinker.java:871  | CLinker{head#3541-Clnk-TL refPt:[899.9,641.0]} Glyph{#18792 [STUMP]}
2026-03-14 01:22:33,719 DEBUG [CRASH COMPLEXION_p011]           HeadLinker.java:871  | CLinker{head#3541-Clnk-BL refPt:[899.9,645.0]} Glyph{#18792 [STUMP]}
2026-03-14 01:22:33,721 DEBUG [CRASH COMPLEXION_p011]           HeadLinker.java:871  | CLinker{head#3541-Clnk-BR refPt:[913.7,641.0]} Glyph{#18793 [STUMP]}
2026-03-14 01:22:33,722 DEBUG [CRASH COMPLEXION_p011]           HeadLinker.java:871  | CLinker{head#3545-Clnk-TL refPt:[899.9,641.0]} Glyph{#18792 [STUMP]}
2026-03-14 01:22:33,723 DEBUG [CRASH COMPLEXION_p011]           HeadLinker.java:871  | CLinker{head#3545-Clnk-BL refPt:[899.9,645.0]} Glyph{#18792 [STUMP]}
2026-03-14 01:22:33,725 DEBUG [CRASH COMPLEXION_p011]           HeadLinker.java:871  | CLinker{head#3545-Clnk-BR refPt:[913.7,641.0]} Glyph{#18793 [STUMP]}
2026-03-14 01:22:33,733 DEBUG [CRASH COMPLEXION_p011]           HeadLinker.java:871  | CLinker{head#3551-Clnk-TL refPt:[921.9,641.0]} Glyph{#18794 [STUMP]}
2026-03-14 01:22:33,734 DEBUG [CRASH COMPLEXION_p011]           HeadLinker.java:871  | CLinker{head#3551-Clnk-BL refPt:[921.9,645.0]} Glyph{#18794 [STUMP]}
2026-03-14 01:22:33,742 DEBUG [CRASH COMPLEXION_p011]           HeadLinker.java:871  | CLinker{head#3551-Clnk-BR refPt:[934.7,641.0]} Glyph{#18795 [STUMP]}
2026-03-14 01:22:33,746 DEBUG [CRASH COMPLEXION_p011]           HeadLinker.java:871  | CLinker{head#3825-Clnk-BL refPt:[924.9,862.0]} Glyph{#18796 [STUMP]}
2026-03-14 01:22:33,748 DEBUG [CRASH COMPLEXION_p011]           HeadLinker.java:871  | CLinker{head#3657-Clnk-TR refPt:[936.7,826.0]} Glyph{#635 [VERTICAL_SEED]}
2026-03-14 01:22:33,750 DEBUG [CRASH COMPLEXION_p011]           HeadLinker.java:871  | CLinker{head#3764-Clnk-TR refPt:[949.7,840.0]} Glyph{#18797 [STUMP]}
2026-03-14 01:22:33,751 DEBUG [CRASH COMPLEXION_p011]           HeadLinker.java:859  | CLinker{head#4045-Clnk-TL refPt:[941.9,1023.0]} nothing kept from sections[V3679]
2026-03-14 01:22:33,752 DEBUG [CRASH COMPLEXION_p011]           HeadLinker.java:871  | CLinker{head#4045-Clnk-TL refPt:[941.9,1023.0]} Glyph{#18798 [STUMP]}
2026-03-14 01:22:33,753 DEBUG [CRASH COMPLEXION_p011]           HeadLinker.java:859  | CLinker{head#4045-Clnk-BL refPt:[941.9,1027.0]} nothing kept from sections[V3679]
2026-03-14 01:22:33,754 DEBUG [CRASH COMPLEXION_p011]           HeadLinker.java:871  | CLinker{head#4045-Clnk-BL refPt:[941.9,1027.0]} Glyph{#18798 [STUMP]}
2026-03-14 01:22:33,755 DEBUG [CRASH COMPLEXION_p011]           HeadLinker.java:871  | CLinker{head#4045-Clnk-BR refPt:[955.7,1023.0]} Glyph{#18799 [STUMP]}
2026-03-14 01:22:33,758 DEBUG [CRASH COMPLEXION_p011]           HeadLinker.java:859  | CLinker{head#4049-Clnk-TL refPt:[941.9,1023.0]} nothing kept from sections[V3679]
2026-03-14 01:22:33,759 DEBUG [CRASH COMPLEXION_p011]           HeadLinker.java:871  | CLinker{head#4049-Clnk-TL refPt:[941.9,1023.0]} Glyph{#18798 [STUMP]}
2026-03-14 01:22:33,769 DEBUG [CRASH COMPLEXION_p011]           HeadLinker.java:859  | CLinker{head#4049-Clnk-BL refPt:[941.9,1027.0]} nothing kept from sections[V3679]
2026-03-14 01:22:33,769 DEBUG [CRASH COMPLEXION_p011]           HeadLinker.java:871  | CLinker{head#4049-Clnk-BL refPt:[941.9,1027.0]} Glyph{#18798 [STUMP]}
2026-03-14 01:22:33,771 DEBUG [CRASH COMPLEXION_p011]           HeadLinker.java:871  | CLinker{head#4049-Clnk-BR refPt:[955.7,1023.0]} Glyph{#18799 [STUMP]}
2026-03-14 01:22:33,772 DEBUG [CRASH COMPLEXION_p011]           HeadLinker.java:871  | CLinker{head#4577-Clnk-TL refPt:[942.9,1288.0]} Glyph{#18800 [STUMP]}
2026-03-14 01:22:33,773 DEBUG [CRASH COMPLEXION_p011]           HeadLinker.java:859  | CLinker{head#4577-Clnk-TR refPt:[956.7,1283.0]} nothing kept from sections[V3812, V3722]
2026-03-14 01:22:33,776 DEBUG [CRASH COMPLEXION_p011]           HeadLinker.java:859  | CLinker{head#4577-Clnk-BR refPt:[956.7,1288.0]} nothing kept from sections[V3722]
2026-03-14 01:22:33,784 DEBUG [CRASH COMPLEXION_p011]           HeadLinker.java:871  | CLinker{head#4577-Clnk-BR refPt:[956.7,1288.0]} Glyph{#18801 [STUMP]}
2026-03-14 01:22:33,785 DEBUG [CRASH COMPLEXION_p011]           HeadLinker.java:871  | CLinker{head#3453-Clnk-TL refPt:[943.9,630.0]} Glyph{#18802 [STUMP]}
2026-03-14 01:22:33,786 DEBUG [CRASH COMPLEXION_p011]           HeadLinker.java:871  | CLinker{head#3453-Clnk-BL refPt:[943.9,634.0]} Glyph{#18802 [STUMP]}
2026-03-14 01:22:33,787 DEBUG [CRASH COMPLEXION_p011]           HeadLinker.java:871  | CLinker{head#3453-Clnk-BR refPt:[956.7,630.0]} Glyph{#18803 [STUMP]}
2026-03-14 01:22:33,788 DEBUG [CRASH COMPLEXION_p011]           HeadLinker.java:871  | CLinker{head#3457-Clnk-TL refPt:[943.9,630.0]} Glyph{#18802 [STUMP]}
2026-03-14 01:22:33,791 DEBUG [CRASH COMPLEXION_p011]           HeadLinker.java:871  | CLinker{head#3457-Clnk-BL refPt:[943.9,634.0]} Glyph{#18802 [STUMP]}
2026-03-14 01:22:33,793 DEBUG [CRASH COMPLEXION_p011]           HeadLinker.java:871  | CLinker{head#3457-Clnk-BR refPt:[957.7,630.0]} Glyph{#18803 [STUMP]}
2026-03-14 01:22:33,795 DEBUG [CRASH COMPLEXION_p011]           HeadLinker.java:859  | CLinker{head#3991-Clnk-BL refPt:[943.9,1021.0]} nothing kept from sections[V3679]
2026-03-14 01:22:33,795 DEBUG [CRASH COMPLEXION_p011]           HeadLinker.java:871  | CLinker{head#3991-Clnk-BL refPt:[943.9,1021.0]} Glyph{#18804 [STUMP]}
2026-03-14 01:22:33,797 DEBUG [CRASH COMPLEXION_p011]           HeadLinker.java:871  | CLinker{head#4443-Clnk-TL refPt:[944.9,1283.0]} Glyph{#18805 [STUMP]}
2026-03-14 01:22:33,798 DEBUG [CRASH COMPLEXION_p011]           HeadLinker.java:871  | CLinker{head#4443-Clnk-TR refPt:[958.7,1278.0]} Glyph{#18806 [STUMP]}
2026-03-14 01:22:33,799 DEBUG [CRASH COMPLEXION_p011]           HeadLinker.java:871  | CLinker{head#4443-Clnk-BR refPt:[958.7,1283.0]} Glyph{#18806 [STUMP]}
2026-03-14 01:22:33,801 DEBUG [CRASH COMPLEXION_p011]           HeadLinker.java:871  | CLinker{head#3763-Clnk-TL refPt:[947.9,845.0]} Glyph{#18807 [STUMP]}
2026-03-14 01:22:33,802 DEBUG [CRASH COMPLEXION_p011]           HeadLinker.java:871  | CLinker{head#3763-Clnk-TR refPt:[961.7,840.0]} Glyph{#18808 [STUMP]}
2026-03-14 01:22:33,805 DEBUG [CRASH COMPLEXION_p011]           HeadLinker.java:871  | CLinker{head#3763-Clnk-BR refPt:[961.7,845.0]} Glyph{#18808 [STUMP]}
2026-03-14 01:22:33,812 DEBUG [CRASH COMPLEXION_p011]           HeadLinker.java:859  | CLinker{head#3989-Clnk-BL refPt:[953.9,1020.0]} nothing kept from sections[V3775, V3789, V3679]
2026-03-14 01:22:33,813 DEBUG [CRASH COMPLEXION_p011]           HeadLinker.java:871  | CLinker{head#3989-Clnk-BL refPt:[953.9,1020.0]} Glyph{#18809 [STUMP]}
2026-03-14 01:22:33,815 DEBUG [CRASH COMPLEXION_p011]           HeadLinker.java:859  | CLinker{head#3989-Clnk-BR refPt:[967.7,1016.0]} nothing kept from sections[V3837]
2026-03-14 01:22:33,816 DEBUG [CRASH COMPLEXION_p011]           HeadLinker.java:871  | CLinker{head#3989-Clnk-BR refPt:[967.7,1016.0]} Glyph{#18810 [STUMP]}
2026-03-14 01:22:33,817 DEBUG [CRASH COMPLEXION_p011]           HeadLinker.java:859  | CLinker{head#4453-Clnk-TL refPt:[955.9,1283.0]} nothing kept from sections[V3722]
2026-03-14 01:22:33,817 DEBUG [CRASH COMPLEXION_p011]           HeadLinker.java:871  | CLinker{head#4453-Clnk-TL refPt:[955.9,1283.0]} Glyph{#18811 [STUMP]}
2026-03-14 01:22:33,818 DEBUG [CRASH COMPLEXION_p011]           HeadLinker.java:859  | CLinker{head#4453-Clnk-BL refPt:[955.9,1287.0]} nothing kept from sections[V3722]
2026-03-14 01:22:33,819 DEBUG [CRASH COMPLEXION_p011]           HeadLinker.java:871  | CLinker{head#4453-Clnk-BL refPt:[955.9,1287.0]} Glyph{#18811 [STUMP]}
2026-03-14 01:22:33,820 DEBUG [CRASH COMPLEXION_p011]           HeadLinker.java:859  | CLinker{head#4453-Clnk-TR refPt:[969.7,1278.0]} nothing kept from sections[V3881]
2026-03-14 01:22:33,821 DEBUG [CRASH COMPLEXION_p011]           HeadLinker.java:871  | CLinker{head#4453-Clnk-TR refPt:[969.7,1278.0]} Glyph{#18812 [STUMP]}
2026-03-14 01:22:33,823 DEBUG [CRASH COMPLEXION_p011]           HeadLinker.java:859  | CLinker{head#4041-Clnk-BR refPt:[971.7,1023.0]} nothing kept from sections[V3837]
2026-03-14 01:22:33,830 DEBUG [CRASH COMPLEXION_p011]           HeadLinker.java:871  | CLinker{head#4041-Clnk-BR refPt:[971.7,1023.0]} Glyph{#18813 [STUMP]}
2026-03-14 01:22:33,831 DEBUG [CRASH COMPLEXION_p011]           HeadLinker.java:871  | CLinker{head#4053-Clnk-TL refPt:[960.9,1023.0]} Glyph{#18814 [STUMP]}
2026-03-14 01:22:33,832 DEBUG [CRASH COMPLEXION_p011]           HeadLinker.java:871  | CLinker{head#4053-Clnk-BL refPt:[960.9,1027.0]} Glyph{#18814 [STUMP]}
2026-03-14 01:22:33,834 DEBUG [CRASH COMPLEXION_p011]           HeadLinker.java:871  | CLinker{head#4053-Clnk-BR refPt:[974.7,1023.0]} Glyph{#18815 [STUMP]}
2026-03-14 01:22:33,835 DEBUG [CRASH COMPLEXION_p011]           HeadLinker.java:871  | CLinker{head#4057-Clnk-TL refPt:[960.9,1023.0]} Glyph{#18814 [STUMP]}
2026-03-14 01:22:33,837 DEBUG [CRASH COMPLEXION_p011]           HeadLinker.java:871  | CLinker{head#4057-Clnk-BL refPt:[960.9,1027.0]} Glyph{#18814 [STUMP]}
2026-03-14 01:22:33,838 DEBUG [CRASH COMPLEXION_p011]           HeadLinker.java:871  | CLinker{head#4057-Clnk-BR refPt:[974.7,1023.0]} Glyph{#18815 [STUMP]}
2026-03-14 01:22:33,840 DEBUG [CRASH COMPLEXION_p011]           HeadLinker.java:859  | CLinker{head#3999-Clnk-TL refPt:[963.9,1017.0]} nothing kept from sections[V3837]
2026-03-14 01:22:33,841 DEBUG [CRASH COMPLEXION_p011]           HeadLinker.java:871  | CLinker{head#3999-Clnk-TL refPt:[963.9,1017.0]} Glyph{#18816 [STUMP]}
2026-03-14 01:22:33,842 DEBUG [CRASH COMPLEXION_p011]           HeadLinker.java:859  | CLinker{head#3999-Clnk-BL refPt:[963.9,1021.0]} nothing kept from sections[V3827, V3837]
2026-03-14 01:22:33,842 DEBUG [CRASH COMPLEXION_p011]           HeadLinker.java:871  | CLinker{head#3999-Clnk-BL refPt:[963.9,1021.0]} Glyph{#18817 [STUMP]}
2026-03-14 01:22:33,845 DEBUG [CRASH COMPLEXION_p011]           HeadLinker.java:859  | CLinker{head#4581-Clnk-TR refPt:[978.7,1283.0]} nothing kept from sections[V3941, V3881]
2026-03-14 01:22:33,847 DEBUG [CRASH COMPLEXION_p011]           HeadLinker.java:859  | CLinker{head#4581-Clnk-BR refPt:[978.7,1288.0]} nothing kept from sections[V3881]
2026-03-14 01:22:33,847 DEBUG [CRASH COMPLEXION_p011]           HeadLinker.java:871  | CLinker{head#4581-Clnk-BR refPt:[978.7,1288.0]} Glyph{#18818 [STUMP]}
2026-03-14 01:22:33,848 DEBUG [CRASH COMPLEXION_p011]           HeadLinker.java:871  | CLinker{head#3463-Clnk-TL refPt:[966.9,630.0]} Glyph{#18819 [STUMP]}
2026-03-14 01:22:33,849 DEBUG [CRASH COMPLEXION_p011]           HeadLinker.java:871  | CLinker{head#3463-Clnk-BL refPt:[966.9,634.0]} Glyph{#18819 [STUMP]}
2026-03-14 01:22:33,853 DEBUG [CRASH COMPLEXION_p011]           HeadLinker.java:871  | CLinker{head#3463-Clnk-BR refPt:[979.7,630.0]} Glyph{#18820 [STUMP]}
2026-03-14 01:22:33,855 DEBUG [CRASH COMPLEXION_p011]           HeadLinker.java:871  | CLinker{head#3467-Clnk-TL refPt:[966.9,630.0]} Glyph{#18819 [STUMP]}
2026-03-14 01:22:33,856 DEBUG [CRASH COMPLEXION_p011]           HeadLinker.java:871  | CLinker{head#3467-Clnk-BL refPt:[966.9,634.0]} Glyph{#18819 [STUMP]}
2026-03-14 01:22:33,857 DEBUG [CRASH COMPLEXION_p011]           HeadLinker.java:871  | CLinker{head#3467-Clnk-BR refPt:[979.7,630.0]} Glyph{#18820 [STUMP]}
2026-03-14 01:22:33,859 DEBUG [CRASH COMPLEXION_p011]           HeadLinker.java:871  | CLinker{head#4449-Clnk-TL refPt:[966.9,1283.0]} Glyph{#18821 [STUMP]}
2026-03-14 01:22:33,860 DEBUG [CRASH COMPLEXION_p011]           HeadLinker.java:871  | CLinker{head#4449-Clnk-TR refPt:[980.7,1278.0]} Glyph{#18822 [STUMP]}
2026-03-14 01:22:33,861 DEBUG [CRASH COMPLEXION_p011]           HeadLinker.java:871  | CLinker{head#4449-Clnk-BR refPt:[980.7,1283.0]} Glyph{#18822 [STUMP]}
2026-03-14 01:22:33,863 DEBUG [CRASH COMPLEXION_p011]           HeadLinker.java:859  | CLinker{head#3995-Clnk-BL refPt:[972.9,1020.0]} nothing kept from sections[V3899, V3837]
2026-03-14 01:22:33,864 DEBUG [CRASH COMPLEXION_p011]           HeadLinker.java:859  | CLinker{head#3995-Clnk-TR refPt:[986.7,1011.0]} nothing kept from sections[V3947]
2026-03-14 01:22:33,865 DEBUG [CRASH COMPLEXION_p011]           HeadLinker.java:871  | CLinker{head#3995-Clnk-TR refPt:[986.7,1011.0]} Glyph{#18823 [STUMP]}
2026-03-14 01:22:33,866 DEBUG [CRASH COMPLEXION_p011]           HeadLinker.java:859  | CLinker{head#3995-Clnk-BR refPt:[986.7,1016.0]} nothing kept from sections[V3947]
2026-03-14 01:22:33,870 DEBUG [CRASH COMPLEXION_p011]           HeadLinker.java:871  | CLinker{head#3995-Clnk-BR refPt:[986.7,1016.0]} Glyph{#18823 [STUMP]}
2026-03-14 01:22:33,871 DEBUG [CRASH COMPLEXION_p011]           HeadLinker.java:859  | CLinker{head#4463-Clnk-TL refPt:[972.9,1282.0]} nothing kept from sections[V3881]
2026-03-14 01:22:33,872 DEBUG [CRASH COMPLEXION_p011]           HeadLinker.java:871  | CLinker{head#4463-Clnk-TL refPt:[972.9,1282.0]} Glyph{#18824 [STUMP]}
2026-03-14 01:22:33,873 DEBUG [CRASH COMPLEXION_p011]           HeadLinker.java:859  | CLinker{head#4463-Clnk-BL refPt:[972.9,1286.0]} nothing kept from sections[V3881]
2026-03-14 01:22:33,873 DEBUG [CRASH COMPLEXION_p011]           HeadLinker.java:871  | CLinker{head#4463-Clnk-BL refPt:[972.9,1286.0]} Glyph{#18824 [STUMP]}
2026-03-14 01:22:33,874 DEBUG [CRASH COMPLEXION_p011]           HeadLinker.java:871  | CLinker{head#3997-Clnk-BL refPt:[976.9,1021.0]} Glyph{#18815 [STUMP]}
2026-03-14 01:22:33,875 DEBUG [CRASH COMPLEXION_p011]           HeadLinker.java:859  | CLinker{head#3997-Clnk-TR refPt:[990.7,1012.0]} nothing kept from sections[V3947]
2026-03-14 01:22:33,876 DEBUG [CRASH COMPLEXION_p011]           HeadLinker.java:871  | CLinker{head#3997-Clnk-TR refPt:[990.7,1012.0]} Glyph{#18825 [STUMP]}
2026-03-14 01:22:33,877 DEBUG [CRASH COMPLEXION_p011]           HeadLinker.java:859  | CLinker{head#3997-Clnk-BR refPt:[990.7,1017.0]} nothing kept from sections[V3947]
2026-03-14 01:22:33,877 DEBUG [CRASH COMPLEXION_p011]           HeadLinker.java:871  | CLinker{head#3997-Clnk-BR refPt:[990.7,1017.0]} Glyph{#18825 [STUMP]}
2026-03-14 01:22:33,878 DEBUG [CRASH COMPLEXION_p011]           HeadLinker.java:859  | CLinker{head#4461-Clnk-TL refPt:[976.9,1283.0]} nothing kept from sections[V3881]
2026-03-14 01:22:33,878 DEBUG [CRASH COMPLEXION_p011]           HeadLinker.java:871  | CLinker{head#4461-Clnk-TL refPt:[976.9,1283.0]} Glyph{#18826 [STUMP]}
2026-03-14 01:22:33,879 DEBUG [CRASH COMPLEXION_p011]           HeadLinker.java:859  | CLinker{head#4461-Clnk-BL refPt:[976.9,1287.0]} nothing kept from sections[V3881]
2026-03-14 01:22:33,880 DEBUG [CRASH COMPLEXION_p011]           HeadLinker.java:871  | CLinker{head#4461-Clnk-BL refPt:[976.9,1287.0]} Glyph{#18826 [STUMP]}
2026-03-14 01:22:33,880 DEBUG [CRASH COMPLEXION_p011]           HeadLinker.java:859  | CLinker{head#4461-Clnk-TR refPt:[990.7,1278.0]} nothing kept from sections[V3975]
2026-03-14 01:22:33,881 DEBUG [CRASH COMPLEXION_p011]           HeadLinker.java:871  | CLinker{head#4461-Clnk-TR refPt:[990.7,1278.0]} Glyph{#18827 [STUMP]}
2026-03-14 01:22:33,882 DEBUG [CRASH COMPLEXION_p011]           HeadLinker.java:859  | CLinker{head#4061-Clnk-BR refPt:[993.7,1023.0]} nothing kept from sections[V3947]
2026-03-14 01:22:33,884 DEBUG [CRASH COMPLEXION_p011]           HeadLinker.java:871  | CLinker{head#4061-Clnk-BR refPt:[993.7,1023.0]} Glyph{#18828 [STUMP]}
2026-03-14 01:22:33,886 DEBUG [CRASH COMPLEXION_p011]           HeadLinker.java:871  | CLinker{head#4003-Clnk-TL refPt:[982.9,1016.0]} Glyph{#18829 [STUMP]}
2026-03-14 01:22:33,887 DEBUG [CRASH COMPLEXION_p011]           HeadLinker.java:871  | CLinker{head#4003-Clnk-BL refPt:[982.9,1020.0]} Glyph{#18830 [STUMP]}
2026-03-14 01:22:33,891 DEBUG [CRASH COMPLEXION_p011]           HeadLinker.java:871  | CLinker{head#4003-Clnk-BR refPt:[996.7,1016.0]} Glyph{#18831 [STUMP]}
2026-03-14 01:22:33,892 DEBUG [CRASH COMPLEXION_p011]           HeadLinker.java:871  | CLinker{head#4585-Clnk-TL refPt:[986.9,1288.0]} Glyph{#18832 [STUMP]}
2026-03-14 01:22:33,894 DEBUG [CRASH COMPLEXION_p011]           HeadLinker.java:859  | CLinker{head#4585-Clnk-TR refPt:[1000.7,1283.0]} nothing kept from sections[V4036, V3975]
2026-03-14 01:22:33,894 DEBUG [CRASH COMPLEXION_p011]           HeadLinker.java:871  | CLinker{head#4585-Clnk-TR refPt:[1000.7,1283.0]} Glyph{#18833 [STUMP]}
2026-03-14 01:22:33,895 DEBUG [CRASH COMPLEXION_p011]           HeadLinker.java:859  | CLinker{head#4585-Clnk-BR refPt:[1000.7,1288.0]} nothing kept from sections[V3975]
2026-03-14 01:22:33,896 DEBUG [CRASH COMPLEXION_p011]           HeadLinker.java:871  | CLinker{head#4585-Clnk-BR refPt:[1000.7,1288.0]} Glyph{#18834 [STUMP]}
2026-03-14 01:22:33,898 DEBUG [CRASH COMPLEXION_p011]           HeadLinker.java:859  | CLinker{head#3397-Clnk-BL refPt:[989.9,619.0]} nothing kept from sections[V3974]
2026-03-14 01:22:33,898 DEBUG [CRASH COMPLEXION_p011]           HeadLinker.java:871  | CLinker{head#3397-Clnk-BL refPt:[989.9,619.0]} Glyph{#18835 [STUMP]}
2026-03-14 01:22:33,900 DEBUG [CRASH COMPLEXION_p011]           HeadLinker.java:859  | CLinker{head#3475-Clnk-TL refPt:[989.9,621.0]} nothing kept from sections[V3974]
2026-03-14 01:22:33,900 DEBUG [CRASH COMPLEXION_p011]           HeadLinker.java:871  | CLinker{head#3475-Clnk-TL refPt:[989.9,621.0]} Glyph{#18835 [STUMP]}
2026-03-14 01:22:33,901 DEBUG [CRASH COMPLEXION_p011]           HeadLinker.java:859  | CLinker{head#3475-Clnk-BL refPt:[989.9,625.0]} nothing kept from sections[V3974]
2026-03-14 01:22:33,902 DEBUG [CRASH COMPLEXION_p011]           HeadLinker.java:871  | CLinker{head#3475-Clnk-BL refPt:[989.9,625.0]} Glyph{#18835 [STUMP]}
2026-03-14 01:22:33,903 DEBUG [CRASH COMPLEXION_p011]           HeadLinker.java:871  | CLinker{head#3475-Clnk-BR refPt:[1003.7,621.0]} Glyph{#18836 [STUMP]}
2026-03-14 01:22:33,905 DEBUG [CRASH COMPLEXION_p011]           HeadLinker.java:871  | CLinker{head#4457-Clnk-TL refPt:[989.9,1282.0]} Glyph{#18837 [STUMP]}
2026-03-14 01:22:33,906 DEBUG [CRASH COMPLEXION_p011]           HeadLinker.java:871  | CLinker{head#4457-Clnk-TR refPt:[1003.7,1277.0]} Glyph{#18838 [STUMP]}
2026-03-14 01:22:33,907 DEBUG [CRASH COMPLEXION_p011]           HeadLinker.java:871  | CLinker{head#4457-Clnk-BR refPt:[1003.7,1282.0]} Glyph{#18838 [STUMP]}
2026-03-14 01:22:33,909 DEBUG [CRASH COMPLEXION_p011]           HeadLinker.java:859  | CLinker{head#3471-Clnk-TL refPt:[990.9,621.0]} nothing kept from sections[V3974]
2026-03-14 01:22:33,909 DEBUG [CRASH COMPLEXION_p011]           HeadLinker.java:871  | CLinker{head#3471-Clnk-TL refPt:[990.9,621.0]} Glyph{#18839 [STUMP]}
2026-03-14 01:22:33,910 DEBUG [CRASH COMPLEXION_p011]           HeadLinker.java:859  | CLinker{head#3471-Clnk-BL refPt:[990.9,625.0]} nothing kept from sections[V3974]
2026-03-14 01:22:33,910 DEBUG [CRASH COMPLEXION_p011]           HeadLinker.java:871  | CLinker{head#3471-Clnk-BL refPt:[990.9,625.0]} Glyph{#18839 [STUMP]}
2026-03-14 01:22:33,912 DEBUG [CRASH COMPLEXION_p011]           HeadLinker.java:871  | CLinker{head#3471-Clnk-BR refPt:[1004.7,621.0]} Glyph{#18840 [STUMP]}
2026-03-14 01:22:33,913 DEBUG [CRASH COMPLEXION_p011]           HeadLinker.java:859  | CLinker{head#4007-Clnk-BL refPt:[990.9,1021.0]} nothing kept from sections[V3947]
2026-03-14 01:22:33,913 DEBUG [CRASH COMPLEXION_p011]           HeadLinker.java:871  | CLinker{head#4007-Clnk-BL refPt:[990.9,1021.0]} Glyph{#18825 [STUMP]}
2026-03-14 01:22:33,916 DEBUG [CRASH COMPLEXION_p011]           HeadLinker.java:859  | CLinker{head#3481-Clnk-TL refPt:[993.9,621.0]} nothing kept from sections[V3974]
2026-03-14 01:22:33,916 DEBUG [CRASH COMPLEXION_p011]           HeadLinker.java:871  | CLinker{head#3481-Clnk-TL refPt:[993.9,621.0]} Glyph{#18841 [STUMP]}
2026-03-14 01:22:33,918 DEBUG [CRASH COMPLEXION_p011]           HeadLinker.java:859  | CLinker{head#3481-Clnk-BL refPt:[993.9,625.0]} nothing kept from sections[V3974]
2026-03-14 01:22:33,918 DEBUG [CRASH COMPLEXION_p011]           HeadLinker.java:871  | CLinker{head#3481-Clnk-BL refPt:[993.9,625.0]} Glyph{#18841 [STUMP]}
2026-03-14 01:22:33,919 DEBUG [CRASH COMPLEXION_p011]           HeadLinker.java:871  | CLinker{head#3481-Clnk-BR refPt:[1007.7,621.0]} Glyph{#18842 [STUMP]}
2026-03-14 01:22:33,921 DEBUG [CRASH COMPLEXION_p011]           HeadLinker.java:871  | CLinker{head#3395-Clnk-BL refPt:[1001.9,621.0]} Glyph{#18836 [STUMP]}
2026-03-14 01:22:33,922 DEBUG [CRASH COMPLEXION_p011]           HeadLinker.java:859  | CLinker{head#3395-Clnk-BR refPt:[1015.7,617.0]} nothing kept from sections[V4106]
2026-03-14 01:22:33,923 DEBUG [CRASH COMPLEXION_p011]           HeadLinker.java:871  | CLinker{head#3395-Clnk-BR refPt:[1015.7,617.0]} Glyph{#18843 [STUMP]}
2026-03-14 01:22:33,924 DEBUG [CRASH COMPLEXION_p011]           HeadLinker.java:859  | CLinker{head#3947-Clnk-TR refPt:[1019.7,1005.0]} nothing kept from sections[V4125]
2026-03-14 01:22:33,925 DEBUG [CRASH COMPLEXION_p011]           HeadLinker.java:871  | CLinker{head#3947-Clnk-TR refPt:[1019.7,1005.0]} Glyph{#18844 [STUMP]}
2026-03-14 01:22:33,926 DEBUG [CRASH COMPLEXION_p011]           HeadLinker.java:859  | CLinker{head#3947-Clnk-BR refPt:[1019.7,1010.0]} nothing kept from sections[V4125]
2026-03-14 01:22:33,927 DEBUG [CRASH COMPLEXION_p011]           HeadLinker.java:871  | CLinker{head#3947-Clnk-BR refPt:[1019.7,1010.0]} Glyph{#18844 [STUMP]}
2026-03-14 01:22:33,929 DEBUG [CRASH COMPLEXION_p011]           HeadLinker.java:871  | CLinker{head#4391-Clnk-TL refPt:[1009.9,1262.0]} Glyph{#18845 [STUMP]}
2026-03-14 01:22:33,934 DEBUG [CRASH COMPLEXION_p011]           HeadLinker.java:859  | CLinker{head#4391-Clnk-BR refPt:[1023.7,1262.0]} nothing kept from sections[V4098]
2026-03-14 01:22:33,934 DEBUG [CRASH COMPLEXION_p011]           HeadLinker.java:871  | CLinker{head#4391-Clnk-BR refPt:[1023.7,1262.0]} Glyph{#18846 [STUMP]}
2026-03-14 01:22:33,936 DEBUG [CRASH COMPLEXION_p011]           HeadLinker.java:871  | CLinker{head#3405-Clnk-BL refPt:[1011.9,620.0]} Glyph{#18842 [STUMP]}
2026-03-14 01:22:33,938 DEBUG [CRASH COMPLEXION_p011]           HeadLinker.java:859  | CLinker{head#3405-Clnk-TR refPt:[1025.7,611.0]} nothing kept from sections[V4163]
2026-03-14 01:22:33,938 DEBUG [CRASH COMPLEXION_p011]           HeadLinker.java:871  | CLinker{head#3405-Clnk-TR refPt:[1025.7,611.0]} Glyph{#18847 [STUMP]}
2026-03-14 01:22:33,939 DEBUG [CRASH COMPLEXION_p011]           HeadLinker.java:859  | CLinker{head#3405-Clnk-BR refPt:[1025.7,616.0]} nothing kept from sections[V4163]
2026-03-14 01:22:33,939 DEBUG [CRASH COMPLEXION_p011]           HeadLinker.java:871  | CLinker{head#3405-Clnk-BR refPt:[1025.7,616.0]} Glyph{#18847 [STUMP]}
2026-03-14 01:22:33,940 DEBUG [CRASH COMPLEXION_p011]           HeadLinker.java:871  | CLinker{head#4331-Clnk-TL refPt:[1011.9,1255.0]} Glyph{#18848 [STUMP]}
2026-03-14 01:22:33,941 DEBUG [CRASH COMPLEXION_p011]           HeadLinker.java:871  | CLinker{head#4331-Clnk-BL refPt:[1011.9,1259.0]} Glyph{#18849 [STUMP]}
2026-03-14 01:22:33,941 DEBUG [CRASH COMPLEXION_p011]           HeadLinker.java:871  | CLinker{head#4331-Clnk-BR refPt:[1025.7,1255.0]} Glyph{#18850 [STUMP]}
2026-03-14 01:22:33,942 DEBUG [CRASH COMPLEXION_p011]           HeadLinker.java:871  | CLinker{head#4333-Clnk-TL refPt:[1011.9,1256.0]} Glyph{#18849 [STUMP]}
2026-03-14 01:22:33,943 DEBUG [CRASH COMPLEXION_p011]           HeadLinker.java:871  | CLinker{head#4333-Clnk-BL refPt:[1011.9,1260.0]} Glyph{#18849 [STUMP]}
2026-03-14 01:22:33,944 DEBUG [CRASH COMPLEXION_p011]           HeadLinker.java:871  | CLinker{head#4333-Clnk-BR refPt:[1025.7,1256.0]} Glyph{#18850 [STUMP]}
2026-03-14 01:22:33,946 DEBUG [CRASH COMPLEXION_p011]           HeadLinker.java:871  | CLinker{head#3949-Clnk-TL refPt:[1014.9,1009.0]} Glyph{#18851 [STUMP]}
2026-03-14 01:22:33,948 DEBUG [CRASH COMPLEXION_p011]           HeadLinker.java:871  | CLinker{head#3949-Clnk-BL refPt:[1014.9,1013.0]} Glyph{#18852 [STUMP]}
2026-03-14 01:22:33,952 DEBUG [CRASH COMPLEXION_p011]           HeadLinker.java:859  | CLinker{head#3949-Clnk-BR refPt:[1028.7,1009.0]} nothing kept from sections[V4186, V4125]
2026-03-14 01:22:33,953 DEBUG [CRASH COMPLEXION_p011]           HeadLinker.java:871  | CLinker{head#3953-Clnk-TL refPt:[1014.9,1009.0]} Glyph{#18851 [STUMP]}
2026-03-14 01:22:33,954 DEBUG [CRASH COMPLEXION_p011]           HeadLinker.java:871  | CLinker{head#3953-Clnk-BL refPt:[1014.9,1013.0]} Glyph{#18852 [STUMP]}
2026-03-14 01:22:33,955 DEBUG [CRASH COMPLEXION_p011]           HeadLinker.java:859  | CLinker{head#3953-Clnk-BR refPt:[1028.7,1009.0]} nothing kept from sections[V4186, V4125]
2026-03-14 01:22:33,955 DEBUG [CRASH COMPLEXION_p011]           HeadLinker.java:859  | CLinker{head#3933-Clnk-TL refPt:[1017.9,1003.0]} nothing kept from sections[V4125]
2026-03-14 01:22:33,956 DEBUG [CRASH COMPLEXION_p011]           HeadLinker.java:871  | CLinker{head#3933-Clnk-TL refPt:[1017.9,1003.0]} Glyph{#18853 [STUMP]}
2026-03-14 01:22:33,956 DEBUG [CRASH COMPLEXION_p011]           HeadLinker.java:859  | CLinker{head#3933-Clnk-BL refPt:[1017.9,1007.0]} nothing kept from sections[V4115, V4125]
2026-03-14 01:22:33,957 DEBUG [CRASH COMPLEXION_p011]           HeadLinker.java:871  | CLinker{head#3933-Clnk-BL refPt:[1017.9,1007.0]} Glyph{#18854 [STUMP]}
2026-03-14 01:22:33,958 DEBUG [CRASH COMPLEXION_p011]           HeadLinker.java:871  | CLinker{head#3933-Clnk-BR refPt:[1030.7,1003.0]} Glyph{#18855 [STUMP]}
2026-03-14 01:22:33,959 DEBUG [CRASH COMPLEXION_p011]           HeadLinker.java:871  | CLinker{head#3409-Clnk-TL refPt:[1020.9,617.0]} Glyph{#18856 [STUMP]}
2026-03-14 01:22:33,959 DEBUG [CRASH COMPLEXION_p011]           HeadLinker.java:871  | CLinker{head#3409-Clnk-BL refPt:[1020.9,621.0]} Glyph{#18856 [STUMP]}
2026-03-14 01:22:33,960 DEBUG [CRASH COMPLEXION_p011]           HeadLinker.java:871  | CLinker{head#3409-Clnk-BR refPt:[1034.7,617.0]} Glyph{#18857 [STUMP]}
2026-03-14 01:22:33,961 DEBUG [CRASH COMPLEXION_p011]           HeadLinker.java:871  | CLinker{head#3411-Clnk-TL refPt:[1020.9,616.0]} Glyph{#18858 [STUMP]}
2026-03-14 01:22:33,962 DEBUG [CRASH COMPLEXION_p011]           HeadLinker.java:871  | CLinker{head#3411-Clnk-BL refPt:[1020.9,620.0]} Glyph{#18856 [STUMP]}
2026-03-14 01:22:33,963 DEBUG [CRASH COMPLEXION_p011]           HeadLinker.java:871  | CLinker{head#3411-Clnk-BR refPt:[1034.7,616.0]} Glyph{#18857 [STUMP]}
2026-03-14 01:22:33,964 DEBUG [CRASH COMPLEXION_p011]           HeadLinker.java:859  | CLinker{head#4186-Clnk-BR refPt:[1043.7,989.0]} nothing kept from sections[V4235]
2026-03-14 01:22:33,965 DEBUG [CRASH COMPLEXION_p011]           HeadLinker.java:871  | CLinker{head#4186-Clnk-BR refPt:[1043.7,989.0]} Glyph{#18859 [STUMP]}
2026-03-14 01:22:33,967 DEBUG [CRASH COMPLEXION_p011]           HeadLinker.java:859  | CLinker{head#4761-Clnk-BR refPt:[1045.7,1282.0]} nothing kept from sections[V4277, V4244]
2026-03-14 01:22:33,968 DEBUG [CRASH COMPLEXION_p011]           HeadLinker.java:871  | CLinker{head#4215-Clnk-TL refPt:[1044.9,1003.0]} Glyph{#18860 [STUMP]}
2026-03-14 01:22:33,969 DEBUG [CRASH COMPLEXION_p011]           HeadLinker.java:871  | CLinker{head#4215-Clnk-BL refPt:[1044.9,1007.0]} Glyph{#18861 [STUMP]}
2026-03-14 01:22:33,971 DEBUG [CRASH COMPLEXION_p011]           HeadLinker.java:871  | CLinker{head#3577-Clnk-BL refPt:[1049.9,565.0]} Glyph{#18862 [STUMP]}
2026-03-14 01:22:33,973 DEBUG [CRASH COMPLEXION_p011]           HeadLinker.java:871  | CLinker{head#4693-Clnk-BL refPt:[1070.9,1234.0]} Glyph{#18863 [STUMP]}
2026-03-14 01:22:33,974 DEBUG [CRASH COMPLEXION_p011]           HeadLinker.java:871  | CLinker{head#4693-Clnk-BR refPt:[1084.7,1230.0]} Glyph{#18864 [STUMP]}
2026-03-14 01:22:33,975 DEBUG [CRASH COMPLEXION_p011]           HeadLinker.java:871  | CLinker{head#3555-Clnk-TL refPt:[1073.9,641.0]} Glyph{#18865 [STUMP]}
2026-03-14 01:22:33,976 DEBUG [CRASH COMPLEXION_p011]           HeadLinker.java:871  | CLinker{head#3555-Clnk-BL refPt:[1073.9,645.0]} Glyph{#18866 [STUMP]}
2026-03-14 01:22:33,976 DEBUG [CRASH COMPLEXION_p011]           HeadLinker.java:871  | CLinker{head#3555-Clnk-BR refPt:[1087.7,641.0]} Glyph{#18867 [STUMP]}
2026-03-14 01:22:33,979 DEBUG [CRASH COMPLEXION_p011]           HeadLinker.java:871  | CLinker{head#3557-Clnk-TL refPt:[1073.9,640.0]} Glyph{#18865 [STUMP]}
2026-03-14 01:22:33,980 DEBUG [CRASH COMPLEXION_p011]           HeadLinker.java:871  | CLinker{head#3557-Clnk-BL refPt:[1073.9,644.0]} Glyph{#18866 [STUMP]}
2026-03-14 01:22:33,984 DEBUG [CRASH COMPLEXION_p011]           HeadLinker.java:871  | CLinker{head#3557-Clnk-BR refPt:[1087.7,640.0]} Glyph{#18868 [STUMP]}
2026-03-14 01:22:33,986 DEBUG [CRASH COMPLEXION_p011]           HeadLinker.java:859  | CLinker{head#4169-Clnk-TL refPt:[1074.9,1037.0]} nothing kept from sections[V4362]
2026-03-14 01:22:33,986 DEBUG [CRASH COMPLEXION_p011]           HeadLinker.java:871  | CLinker{head#4169-Clnk-TL refPt:[1074.9,1037.0]} Glyph{#18869 [STUMP]}
2026-03-14 01:22:33,987 DEBUG [CRASH COMPLEXION_p011]           HeadLinker.java:859  | CLinker{head#4169-Clnk-BL refPt:[1074.9,1041.0]} nothing kept from sections[V4362]
2026-03-14 01:22:33,988 DEBUG [CRASH COMPLEXION_p011]           HeadLinker.java:871  | CLinker{head#4169-Clnk-BL refPt:[1074.9,1041.0]} Glyph{#18869 [STUMP]}
2026-03-14 01:22:33,989 DEBUG [CRASH COMPLEXION_p011]           HeadLinker.java:859  | CLinker{head#4169-Clnk-BR refPt:[1088.7,1037.0]} nothing kept from sections[V4450, V4362]
2026-03-14 01:22:33,990 DEBUG [CRASH COMPLEXION_p011]           HeadLinker.java:871  | CLinker{head#4169-Clnk-BR refPt:[1088.7,1037.0]} Glyph{#18870 [STUMP]}
2026-03-14 01:22:33,992 DEBUG [CRASH COMPLEXION_p011]           HeadLinker.java:859  | CLinker{head#4173-Clnk-TL refPt:[1074.9,1037.0]} nothing kept from sections[V4362]
2026-03-14 01:22:33,993 DEBUG [CRASH COMPLEXION_p011]           HeadLinker.java:871  | CLinker{head#4173-Clnk-TL refPt:[1074.9,1037.0]} Glyph{#18869 [STUMP]}
2026-03-14 01:22:33,994 DEBUG [CRASH COMPLEXION_p011]           HeadLinker.java:859  | CLinker{head#4173-Clnk-BL refPt:[1074.9,1041.0]} nothing kept from sections[V4362]
2026-03-14 01:22:33,994 DEBUG [CRASH COMPLEXION_p011]           HeadLinker.java:871  | CLinker{head#4173-Clnk-BL refPt:[1074.9,1041.0]} Glyph{#18869 [STUMP]}
2026-03-14 01:22:33,995 DEBUG [CRASH COMPLEXION_p011]           HeadLinker.java:859  | CLinker{head#4173-Clnk-BR refPt:[1088.7,1037.0]} nothing kept from sections[V4450, V4362]
2026-03-14 01:22:33,996 DEBUG [CRASH COMPLEXION_p011]           HeadLinker.java:871  | CLinker{head#4173-Clnk-BR refPt:[1088.7,1037.0]} Glyph{#18870 [STUMP]}
2026-03-14 01:22:33,997 DEBUG [CRASH COMPLEXION_p011]           HeadLinker.java:859  | CLinker{head#4103-Clnk-TL refPt:[1078.9,1033.0]} nothing kept from sections[V4362]
2026-03-14 01:22:33,997 DEBUG [CRASH COMPLEXION_p011]           HeadLinker.java:871  | CLinker{head#4103-Clnk-TL refPt:[1078.9,1033.0]} Glyph{#18871 [STUMP]}
2026-03-14 01:22:33,998 DEBUG [CRASH COMPLEXION_p011]           HeadLinker.java:859  | CLinker{head#4103-Clnk-BL refPt:[1078.9,1037.0]} nothing kept from sections[V4362]
2026-03-14 01:22:33,999 DEBUG [CRASH COMPLEXION_p011]           HeadLinker.java:871  | CLinker{head#4103-Clnk-BL refPt:[1078.9,1037.0]} Glyph{#18871 [STUMP]}
2026-03-14 01:22:34,000 DEBUG [CRASH COMPLEXION_p011]           HeadLinker.java:871  | CLinker{head#4103-Clnk-BR refPt:[1092.7,1033.0]} Glyph{#18872 [STUMP]}
2026-03-14 01:22:34,001 DEBUG [CRASH COMPLEXION_p011]           HeadLinker.java:871  | CLinker{head#4589-Clnk-TR refPt:[1092.7,1283.0]} Glyph{#18873 [STUMP]}
2026-03-14 01:22:34,003 DEBUG [CRASH COMPLEXION_p011]           HeadLinker.java:859  | CLinker{head#4589-Clnk-BR refPt:[1092.7,1288.0]} nothing kept from sections[V4412]
2026-03-14 01:22:34,003 DEBUG [CRASH COMPLEXION_p011]           HeadLinker.java:871  | CLinker{head#4589-Clnk-BR refPt:[1092.7,1288.0]} Glyph{#18874 [STUMP]}
2026-03-14 01:22:34,004 DEBUG [CRASH COMPLEXION_p011]           HeadLinker.java:871  | CLinker{head#4465-Clnk-TL refPt:[1079.9,1282.0]} Glyph{#18875 [STUMP]}
2026-03-14 01:22:34,005 DEBUG [CRASH COMPLEXION_p011]           HeadLinker.java:871  | CLinker{head#4465-Clnk-TR refPt:[1093.7,1277.0]} Glyph{#18873 [STUMP]}
2026-03-14 01:22:34,007 DEBUG [CRASH COMPLEXION_p011]           HeadLinker.java:871  | CLinker{head#4465-Clnk-BR refPt:[1093.7,1282.0]} Glyph{#18873 [STUMP]}
2026-03-14 01:22:34,012 DEBUG [CRASH COMPLEXION_p011]           HeadLinker.java:859  | CLinker{head#3030-Clnk-TR refPt:[1178.7,72.0]} nothing kept from sections[V4800, V4766]
2026-03-14 01:22:34,015 DEBUG [CRASH COMPLEXION_p011]           HeadLinker.java:871  | CLinker{head#3030-Clnk-TR refPt:[1178.7,72.0]} Glyph{#18876 [STUMP]}
2026-03-14 01:22:34,016 DEBUG [CRASH COMPLEXION_p011]           HeadLinker.java:859  | CLinker{head#3030-Clnk-BR refPt:[1178.7,77.0]} nothing kept from sections[V4766]
2026-03-14 01:22:34,016 DEBUG [CRASH COMPLEXION_p011]           HeadLinker.java:871  | CLinker{head#3030-Clnk-BR refPt:[1178.7,77.0]} Glyph{#18877 [STUMP]}
2026-03-14 01:22:34,017 DEBUG [CRASH COMPLEXION_p011]           HeadLinker.java:871  | CLinker{head#3712-Clnk-TL refPt:[1164.9,838.0]} Glyph{#18878 [STUMP]}
2026-03-14 01:22:34,017 DEBUG [CRASH COMPLEXION_p011]           HeadLinker.java:871  | CLinker{head#3712-Clnk-TR refPt:[1178.7,833.0]} Glyph{#18879 [STUMP]}
2026-03-14 01:22:34,018 DEBUG [CRASH COMPLEXION_p011]           HeadLinker.java:871  | CLinker{head#3712-Clnk-BR refPt:[1178.7,838.0]} Glyph{#18880 [STUMP]}
2026-03-14 01:22:34,019 DEBUG [CRASH COMPLEXION_p011]           HeadLinker.java:859  | CLinker{head#4593-Clnk-TR refPt:[1178.7,1283.0]} nothing kept from sections[V4801, V4764]
2026-03-14 01:22:34,019 DEBUG [CRASH COMPLEXION_p011]           HeadLinker.java:871  | CLinker{head#4593-Clnk-TR refPt:[1178.7,1283.0]} Glyph{#18881 [STUMP]}
2026-03-14 01:22:34,020 DEBUG [CRASH COMPLEXION_p011]           HeadLinker.java:859  | CLinker{head#4593-Clnk-BR refPt:[1178.7,1288.0]} nothing kept from sections[V4764]
2026-03-14 01:22:34,020 DEBUG [CRASH COMPLEXION_p011]           HeadLinker.java:871  | CLinker{head#4593-Clnk-BR refPt:[1178.7,1288.0]} Glyph{#18882 [STUMP]}
2026-03-14 01:22:34,020 DEBUG [CRASH COMPLEXION_p011]           HeadLinker.java:871  | CLinker{head#3014-Clnk-TR refPt:[1180.7,66.0]} Glyph{#18883 [STUMP]}
2026-03-14 01:22:34,021 DEBUG [CRASH COMPLEXION_p011]           HeadLinker.java:871  | CLinker{head#3014-Clnk-BR refPt:[1180.7,71.0]} Glyph{#18883 [STUMP]}
2026-03-14 01:22:34,022 DEBUG [CRASH COMPLEXION_p011]           HeadLinker.java:871  | CLinker{head#4471-Clnk-TL refPt:[1166.9,1283.0]} Glyph{#18884 [STUMP]}
2026-03-14 01:22:34,022 DEBUG [CRASH COMPLEXION_p011]           HeadLinker.java:871  | CLinker{head#4471-Clnk-TR refPt:[1180.7,1278.0]} Glyph{#18885 [STUMP]}
2026-03-14 01:22:34,023 DEBUG [CRASH COMPLEXION_p011]           HeadLinker.java:871  | CLinker{head#4471-Clnk-BR refPt:[1180.7,1283.0]} Glyph{#18885 [STUMP]}
2026-03-14 01:22:34,024 DEBUG [CRASH COMPLEXION_p011]           HeadLinker.java:859  | CLinker{head#3074-Clnk-TL refPt:[1250.9,91.0]} nothing kept from sections[V4963]
2026-03-14 01:22:34,024 DEBUG [CRASH COMPLEXION_p011]           HeadLinker.java:871  | CLinker{head#3074-Clnk-TL refPt:[1250.9,91.0]} Glyph{#18886 [STUMP]}
2026-03-14 01:22:34,024 DEBUG [CRASH COMPLEXION_p011]           HeadLinker.java:859  | CLinker{head#3074-Clnk-BL refPt:[1250.9,95.0]} nothing kept from sections[V4963]
2026-03-14 01:22:34,024 DEBUG [CRASH COMPLEXION_p011]           HeadLinker.java:871  | CLinker{head#3074-Clnk-BL refPt:[1250.9,95.0]} Glyph{#18886 [STUMP]}
2026-03-14 01:22:34,025 DEBUG [CRASH COMPLEXION_p011]           HeadLinker.java:859  | CLinker{head#3078-Clnk-TL refPt:[1250.9,91.0]} nothing kept from sections[V4963]
2026-03-14 01:22:34,025 DEBUG [CRASH COMPLEXION_p011]           HeadLinker.java:871  | CLinker{head#3078-Clnk-TL refPt:[1250.9,91.0]} Glyph{#18886 [STUMP]}
2026-03-14 01:22:34,026 DEBUG [CRASH COMPLEXION_p011]           HeadLinker.java:859  | CLinker{head#3078-Clnk-BL refPt:[1250.9,95.0]} nothing kept from sections[V4963]
2026-03-14 01:22:34,026 DEBUG [CRASH COMPLEXION_p011]           HeadLinker.java:871  | CLinker{head#3078-Clnk-BL refPt:[1250.9,95.0]} Glyph{#18886 [STUMP]}
2026-03-14 01:22:34,026 DEBUG [CRASH COMPLEXION_p011]           HeadLinker.java:859  | CLinker{head#3122-Clnk-TL refPt:[1252.9,98.0]} nothing kept from sections[V4963]
2026-03-14 01:22:34,027 DEBUG [CRASH COMPLEXION_p011]           HeadLinker.java:871  | CLinker{head#3122-Clnk-TL refPt:[1252.9,98.0]} Glyph{#18887 [STUMP]}
2026-03-14 01:22:34,029 DEBUG [CRASH COMPLEXION_p011]           HeadLinker.java:859  | CLinker{head#3046-Clnk-BL refPt:[1253.9,89.0]} nothing kept from sections[V4963]
2026-03-14 01:22:34,029 DEBUG [CRASH COMPLEXION_p011]           HeadLinker.java:871  | CLinker{head#3046-Clnk-BL refPt:[1253.9,89.0]} Glyph{#18888 [STUMP]}
2026-03-14 01:22:34,030 DEBUG [CRASH COMPLEXION_p011]           HeadLinker.java:871  | CLinker{head#4339-Clnk-TL refPt:[1253.9,1255.0]} Glyph{#18889 [STUMP]}
2026-03-14 01:22:34,031 DEBUG [CRASH COMPLEXION_p011]           HeadLinker.java:871  | CLinker{head#4339-Clnk-BL refPt:[1253.9,1259.0]} Glyph{#18890 [STUMP]}
2026-03-14 01:22:34,032 DEBUG [CRASH COMPLEXION_p011]           HeadLinker.java:871  | CLinker{head#4339-Clnk-BR refPt:[1267.7,1255.0]} Glyph{#18891 [STUMP]}
2026-03-14 01:22:34,034 DEBUG [CRASH COMPLEXION_p011]           HeadLinker.java:871  | CLinker{head#3808-Clnk-BR refPt:[1336.7,851.0]} Glyph{#18892 [STUMP]}
2026-03-14 01:22:34,035 DEBUG [CRASH COMPLEXION_p011]           HeadLinker.java:871  | CLinker{head#3798-Clnk-BL refPt:[1325.9,855.0]} Glyph{#18893 [STUMP]}
2026-03-14 01:22:34,037 DEBUG [CRASH COMPLEXION_p011]           HeadLinker.java:859  | CLinker{head#4481-Clnk-TR refPt:[1347.7,1278.0]} nothing kept from sections[V5287]
2026-03-14 01:22:34,039 DEBUG [CRASH COMPLEXION_p011]           HeadLinker.java:871  | CLinker{head#4481-Clnk-TR refPt:[1347.7,1278.0]} Glyph{#18894 [STUMP]}
2026-03-14 01:22:34,040 DEBUG [CRASH COMPLEXION_p011]           HeadLinker.java:871  | CLinker{head#3719-Clnk-TL refPt:[1341.9,838.0]} Glyph{#18895 [STUMP]}
2026-03-14 01:22:34,044 DEBUG [CRASH COMPLEXION_p011]           HeadLinker.java:871  | CLinker{head#3719-Clnk-TR refPt:[1355.7,833.0]} Glyph{#18896 [STUMP]}
2026-03-14 01:22:34,045 DEBUG [CRASH COMPLEXION_p011]           HeadLinker.java:871  | CLinker{head#3719-Clnk-BR refPt:[1355.7,838.0]} Glyph{#18896 [STUMP]}
2026-03-14 01:22:34,047 DEBUG [CRASH COMPLEXION_p011]           HeadLinker.java:871  | CLinker{head#3723-Clnk-TL refPt:[1343.9,838.0]} Glyph{#18897 [STUMP]}
2026-03-14 01:22:34,047 DEBUG [CRASH COMPLEXION_p011]           HeadLinker.java:871  | CLinker{head#3723-Clnk-TR refPt:[1357.7,833.0]} Glyph{#18896 [STUMP]}
2026-03-14 01:22:34,048 DEBUG [CRASH COMPLEXION_p011]           HeadLinker.java:871  | CLinker{head#3723-Clnk-BR refPt:[1357.7,838.0]} Glyph{#18896 [STUMP]}
2026-03-14 01:22:34,050 DEBUG [CRASH COMPLEXION_p011]           HeadLinker.java:859  | CLinker{head#4597-Clnk-TR refPt:[1357.7,1283.0]} nothing kept from sections[V5346, V5287]
2026-03-14 01:22:34,051 DEBUG [CRASH COMPLEXION_p011]           HeadLinker.java:859  | CLinker{head#4597-Clnk-BR refPt:[1357.7,1288.0]} nothing kept from sections[V5287]
2026-03-14 01:22:34,051 DEBUG [CRASH COMPLEXION_p011]           HeadLinker.java:871  | CLinker{head#4597-Clnk-BR refPt:[1357.7,1288.0]} Glyph{#18898 [STUMP]}
2026-03-14 01:22:34,052 DEBUG [CRASH COMPLEXION_p011]           HeadLinker.java:871  | CLinker{head#3129-Clnk-TL refPt:[1344.9,98.0]} Glyph{#18899 [STUMP]}
2026-03-14 01:22:34,053 DEBUG [CRASH COMPLEXION_p011]           HeadLinker.java:871  | CLinker{head#3129-Clnk-BL refPt:[1344.9,102.0]} Glyph{#18899 [STUMP]}
2026-03-14 01:22:34,054 DEBUG [CRASH COMPLEXION_p011]           HeadLinker.java:871  | CLinker{head#3181-Clnk-TL refPt:[1344.9,105.0]} Glyph{#18899 [STUMP]}
2026-03-14 01:22:34,056 DEBUG [CRASH COMPLEXION_p011]           HeadLinker.java:871  | CLinker{head#3181-Clnk-BR refPt:[1358.7,105.0]} Glyph{#18900 [STUMP]}
2026-03-14 01:22:34,057 DEBUG [CRASH COMPLEXION_p011]           HeadLinker.java:871  | CLinker{head#3185-Clnk-TL refPt:[1344.9,104.0]} Glyph{#18899 [STUMP]}
2026-03-14 01:22:34,060 DEBUG [CRASH COMPLEXION_p011]           HeadLinker.java:871  | CLinker{head#3185-Clnk-BR refPt:[1358.7,104.0]} Glyph{#18900 [STUMP]}
2026-03-14 01:22:34,061 DEBUG [CRASH COMPLEXION_p011]           HeadLinker.java:871  | CLinker{head#4477-Clnk-TL refPt:[1345.9,1283.0]} Glyph{#18901 [STUMP]}
2026-03-14 01:22:34,063 DEBUG [CRASH COMPLEXION_p011]           HeadLinker.java:871  | CLinker{head#4477-Clnk-TR refPt:[1359.7,1278.0]} Glyph{#18902 [STUMP]}
2026-03-14 01:22:34,065 DEBUG [CRASH COMPLEXION_p011]           HeadLinker.java:871  | CLinker{head#4477-Clnk-BR refPt:[1359.7,1283.0]} Glyph{#18903 [STUMP]}
2026-03-14 01:22:34,066 DEBUG [CRASH COMPLEXION_p011]           HeadLinker.java:871  | CLinker{head#3255-Clnk-TR refPt:[1372.7,79.0]} Glyph{#18904 [STUMP]}
2026-03-14 01:22:34,067 DEBUG [CRASH COMPLEXION_p011]           HeadLinker.java:871  | CLinker{head#3255-Clnk-BR refPt:[1372.7,84.0]} Glyph{#18905 [STUMP]}
2026-03-14 01:22:34,068 DEBUG [CRASH COMPLEXION_p011]           HeadLinker.java:859  | CLinker{head#3189-Clnk-TL refPt:[1387.9,104.0]} nothing kept from sections[V5443]
2026-03-14 01:22:34,068 DEBUG [CRASH COMPLEXION_p011]           HeadLinker.java:871  | CLinker{head#3189-Clnk-TL refPt:[1387.9,104.0]} Glyph{#18906 [STUMP]}
2026-03-14 01:22:34,069 DEBUG [CRASH COMPLEXION_p011]           HeadLinker.java:859  | CLinker{head#3189-Clnk-BL refPt:[1387.9,108.0]} nothing kept from sections[V5443]
2026-03-14 01:22:34,071 DEBUG [CRASH COMPLEXION_p011]           HeadLinker.java:871  | CLinker{head#3189-Clnk-BL refPt:[1387.9,108.0]} Glyph{#18906 [STUMP]}
2026-03-14 01:22:34,072 DEBUG [CRASH COMPLEXION_p011]           HeadLinker.java:859  | CLinker{head#3193-Clnk-TL refPt:[1387.9,104.0]} nothing kept from sections[V5443]
2026-03-14 01:22:34,072 DEBUG [CRASH COMPLEXION_p011]           HeadLinker.java:871  | CLinker{head#3193-Clnk-TL refPt:[1387.9,104.0]} Glyph{#18906 [STUMP]}
2026-03-14 01:22:34,073 DEBUG [CRASH COMPLEXION_p011]           HeadLinker.java:859  | CLinker{head#3193-Clnk-BL refPt:[1387.9,108.0]} nothing kept from sections[V5443]
2026-03-14 01:22:34,073 DEBUG [CRASH COMPLEXION_p011]           HeadLinker.java:871  | CLinker{head#3193-Clnk-BL refPt:[1387.9,108.0]} Glyph{#18906 [STUMP]}
2026-03-14 01:22:34,074 DEBUG [CRASH COMPLEXION_p011]           HeadLinker.java:859  | CLinker{head#3133-Clnk-BL refPt:[1390.9,102.0]} nothing kept from sections[V5443]
2026-03-14 01:22:34,075 DEBUG [CRASH COMPLEXION_p011]           HeadLinker.java:871  | CLinker{head#3133-Clnk-BL refPt:[1390.9,102.0]} Glyph{#18907 [STUMP]}
2026-03-14 01:22:34,076 DEBUG [CRASH COMPLEXION_p011]           HeadLinker.java:859  | CLinker{head#3226-Clnk-TL refPt:[1390.9,112.0]} nothing kept from sections[V5443]
2026-03-14 01:22:34,076 DEBUG [CRASH COMPLEXION_p011]           HeadLinker.java:871  | CLinker{head#3226-Clnk-TL refPt:[1390.9,112.0]} Glyph{#18907 [STUMP]}
2026-03-14 01:22:34,078 DEBUG [CRASH COMPLEXION_p011]           HeadLinker.java:871  | CLinker{head#3226-Clnk-BR refPt:[1403.7,112.0]} Glyph{#18908 [STUMP]}
2026-03-14 01:22:34,079 DEBUG [CRASH COMPLEXION_p011]           HeadLinker.java:871  | CLinker{head#4345-Clnk-TL refPt:[1408.9,1255.0]} Glyph{#18909 [STUMP]}
2026-03-14 01:22:34,080 DEBUG [CRASH COMPLEXION_p011]           HeadLinker.java:871  | CLinker{head#4345-Clnk-BL refPt:[1408.9,1259.0]} Glyph{#18909 [STUMP]}
2026-03-14 01:22:34,081 DEBUG [CRASH COMPLEXION_p011]           HeadLinker.java:871  | CLinker{head#4345-Clnk-BR refPt:[1422.7,1255.0]} Glyph{#18910 [STUMP]}
2026-03-14 01:22:34,087 DEBUG [CRASH COMPLEXION_p011]           HeadLinker.java:859  | CLinker{head#4763-Clnk-BR refPt:[1438.7,1281.0]} nothing kept from sections[V5618]
2026-03-14 01:22:34,088 DEBUG [CRASH COMPLEXION_p011]           HeadLinker.java:871  | CLinker{head#4763-Clnk-BR refPt:[1438.7,1281.0]} Glyph{#18911 [STUMP]}
2026-03-14 01:22:34,089 DEBUG [CRASH COMPLEXION_p011]           HeadLinker.java:871  | CLinker{head#4601-Clnk-TL refPt:[1476.9,1288.0]} Glyph{#18912 [STUMP]}
2026-03-14 01:22:34,090 DEBUG [CRASH COMPLEXION_p011]           HeadLinker.java:859  | CLinker{head#4601-Clnk-TR refPt:[1490.7,1283.0]} nothing kept from sections[V5813, V5778]
2026-03-14 01:22:34,091 DEBUG [CRASH COMPLEXION_p011]           HeadLinker.java:859  | CLinker{head#4601-Clnk-BR refPt:[1490.7,1288.0]} nothing kept from sections[V5778]
2026-03-14 01:22:34,092 DEBUG [CRASH COMPLEXION_p011]           HeadLinker.java:871  | CLinker{head#4601-Clnk-BR refPt:[1490.7,1288.0]} Glyph{#18913 [STUMP]}
2026-03-14 01:22:34,093 DEBUG [CRASH COMPLEXION_p011]           HeadLinker.java:871  | CLinker{head#4483-Clnk-TL refPt:[1479.9,1281.0]} Glyph{#18914 [STUMP]}
2026-03-14 01:22:34,094 DEBUG [CRASH COMPLEXION_p011]           HeadLinker.java:871  | CLinker{head#4483-Clnk-TR refPt:[1493.7,1276.0]} Glyph{#18915 [STUMP]}
2026-03-14 01:22:34,095 DEBUG [CRASH COMPLEXION_p011]           HeadLinker.java:871  | CLinker{head#4483-Clnk-BR refPt:[1493.7,1281.0]} Glyph{#18915 [STUMP]}
2026-03-14 01:22:34,096 DEBUG [CRASH COMPLEXION_p011]           HeadLinker.java:871  | CLinker{head#4487-Clnk-TL refPt:[1479.9,1281.0]} Glyph{#18914 [STUMP]}
2026-03-14 01:22:34,097 DEBUG [CRASH COMPLEXION_p011]           HeadLinker.java:871  | CLinker{head#4487-Clnk-TR refPt:[1493.7,1276.0]} Glyph{#18915 [STUMP]}
2026-03-14 01:22:34,098 DEBUG [CRASH COMPLEXION_p011]           HeadLinker.java:871  | CLinker{head#4487-Clnk-BR refPt:[1493.7,1281.0]} Glyph{#18915 [STUMP]}
2026-03-14 01:22:34,102 DEBUG [CRASH COMPLEXION_p011]           HeadLinker.java:871  | CLinker{head#4210-Clnk-TR refPt:[1502.7,997.0]} Glyph{#18916 [STUMP]}
2026-03-14 01:22:34,103 DEBUG [CRASH COMPLEXION_p011]           HeadLinker.java:871  | CLinker{head#4210-Clnk-BR refPt:[1502.7,1002.0]} Glyph{#18916 [STUMP]}
2026-03-14 01:22:34,107 DEBUG [CRASH COMPLEXION_p011]           HeadLinker.java:871  | CLinker{head#3605-Clnk-TR refPt:[1505.7,570.0]} Glyph{#18917 [STUMP]}
2026-03-14 01:22:34,110 DEBUG [CRASH COMPLEXION_p011]           HeadLinker.java:859  | CLinker{head#3605-Clnk-BR refPt:[1505.7,575.0]} nothing kept from sections[V5900, V5847, V5906]
2026-03-14 01:22:34,110 DEBUG [CRASH COMPLEXION_p011]           HeadLinker.java:871  | CLinker{head#3605-Clnk-BR refPt:[1505.7,575.0]} Glyph{#18918 [STUMP]}
2026-03-14 01:22:34,112 DEBUG [CRASH COMPLEXION_p011]           HeadLinker.java:859  | CLinker{head#4179-Clnk-TL refPt:[1503.9,988.0]} nothing kept from sections[V5852]
2026-03-14 01:22:34,112 DEBUG [CRASH COMPLEXION_p011]           HeadLinker.java:871  | CLinker{head#4179-Clnk-TL refPt:[1503.9,988.0]} Glyph{#18919 [STUMP]}
2026-03-14 01:22:34,113 DEBUG [CRASH COMPLEXION_p011]           HeadLinker.java:871  | CLinker{head#4179-Clnk-BL refPt:[1503.9,992.0]} Glyph{#18916 [STUMP]}
2026-03-14 01:22:34,114 DEBUG [CRASH COMPLEXION_p011]           HeadLinker.java:859  | CLinker{head#3573-Clnk-TL refPt:[1504.9,562.0]} nothing kept from sections[V5857]
2026-03-14 01:22:34,115 DEBUG [CRASH COMPLEXION_p011]           HeadLinker.java:871  | CLinker{head#3573-Clnk-TL refPt:[1504.9,562.0]} Glyph{#18920 [STUMP]}
2026-03-14 01:22:34,115 DEBUG [CRASH COMPLEXION_p011]           HeadLinker.java:871  | CLinker{head#3573-Clnk-BL refPt:[1504.9,566.0]} Glyph{#18917 [STUMP]}
2026-03-14 01:22:34,116 DEBUG [CRASH COMPLEXION_p011]           HeadLinker.java:871  | CLinker{head#3573-Clnk-TR refPt:[1517.7,557.0]} Glyph{#45}
2026-03-14 01:22:34,117 DEBUG [CRASH COMPLEXION_p011]           HeadLinker.java:859  | CLinker{head#3573-Clnk-BR refPt:[1517.7,562.0]} nothing kept from sections[V5932, V5906]
2026-03-14 01:22:34,118 DEBUG [CRASH COMPLEXION_p011]           HeadLinker.java:871  | CLinker{head#4190-Clnk-TL refPt:[1534.9,989.0]} Glyph{#18921 [STUMP]}
2026-03-14 01:22:34,119 DEBUG [CRASH COMPLEXION_p011]           HeadLinker.java:871  | CLinker{head#4190-Clnk-BL refPt:[1534.9,993.0]} Glyph{#18921 [STUMP]}
2026-03-14 01:22:34,122 DEBUG [CRASH COMPLEXION_p011]           HeadLinker.java:859  | CLinker{head#4605-Clnk-TR refPt:[1573.7,1282.0]} nothing kept from sections[V6090, V6056]
2026-03-14 01:22:34,123 DEBUG [CRASH COMPLEXION_p011]           HeadLinker.java:859  | CLinker{head#4605-Clnk-BR refPt:[1573.7,1287.0]} nothing kept from sections[V6056]
2026-03-14 01:22:34,123 DEBUG [CRASH COMPLEXION_p011]           HeadLinker.java:871  | CLinker{head#4605-Clnk-BR refPt:[1573.7,1287.0]} Glyph{#18922 [STUMP]}
2026-03-14 01:22:34,124 DEBUG [CRASH COMPLEXION_p011]           HeadLinker.java:871  | CLinker{head#4493-Clnk-TL refPt:[1561.9,1282.0]} Glyph{#18923 [STUMP]}
2026-03-14 01:22:34,125 DEBUG [CRASH COMPLEXION_p011]           HeadLinker.java:871  | CLinker{head#4493-Clnk-TR refPt:[1575.7,1277.0]} Glyph{#18924 [STUMP]}
2026-03-14 01:22:34,126 DEBUG [CRASH COMPLEXION_p011]           HeadLinker.java:871  | CLinker{head#4493-Clnk-BR refPt:[1575.7,1282.0]} Glyph{#18924 [STUMP]}
2026-03-14 01:22:34,127 DEBUG [CRASH COMPLEXION_p011]           HeadLinker.java:871  | CLinker{head#3671-Clnk-TR refPt:[1576.7,826.0]} Glyph{#18925 [STUMP]}
2026-03-14 01:22:34,128 DEBUG [CRASH COMPLEXION_p011]           HeadLinker.java:871  | CLinker{head#3671-Clnk-BR refPt:[1576.7,831.0]} Glyph{#18925 [STUMP]}
2026-03-14 01:22:34,129 DEBUG [CRASH COMPLEXION_p011]           HeadLinker.java:871  | CLinker{head#4397-Clnk-TL refPt:[1649.9,1261.0]} Glyph{#18926 [STUMP]}
2026-03-14 01:22:34,131 DEBUG [CRASH COMPLEXION_p011]           HeadLinker.java:859  | CLinker{head#4397-Clnk-BR refPt:[1663.7,1261.0]} nothing kept from sections[V6217]
2026-03-14 01:22:34,131 DEBUG [CRASH COMPLEXION_p011]           HeadLinker.java:871  | CLinker{head#4397-Clnk-BR refPt:[1663.7,1261.0]} Glyph{#18927 [STUMP]}
2026-03-14 01:22:34,140 DEBUG [CRASH COMPLEXION_p011]           HeadLinker.java:871  | CLinker{head#4349-Clnk-TL refPt:[1650.9,1254.0]} Glyph{#18926 [STUMP]}
2026-03-14 01:22:34,141 DEBUG [CRASH COMPLEXION_p011]           HeadLinker.java:871  | CLinker{head#4349-Clnk-BL refPt:[1650.9,1258.0]} Glyph{#18926 [STUMP]}
2026-03-14 01:22:34,142 DEBUG [CRASH COMPLEXION_p011]           HeadLinker.java:871  | CLinker{head#4349-Clnk-BR refPt:[1664.7,1254.0]} Glyph{#18928 [STUMP]}
2026-03-14 01:22:34,143 DEBUG [CRASH COMPLEXION_p011]           HeadLinker.java:871  | CLinker{head#4353-Clnk-TL refPt:[1650.9,1255.0]} Glyph{#18926 [STUMP]}
2026-03-14 01:22:34,144 DEBUG [CRASH COMPLEXION_p011]           HeadLinker.java:871  | CLinker{head#4353-Clnk-BL refPt:[1650.9,1259.0]} Glyph{#18926 [STUMP]}
2026-03-14 01:22:34,147 DEBUG [CRASH COMPLEXION_p011]           HeadLinker.java:871  | CLinker{head#4353-Clnk-BR refPt:[1664.7,1255.0]} Glyph{#18928 [STUMP]}
2026-03-14 01:22:34,149 DEBUG [CRASH COMPLEXION_p011]           HeadLinker.java:871  | CLinker{head#3678-Clnk-TR refPt:[1739.7,827.0]} Glyph{#18929 [STUMP]}
2026-03-14 01:22:34,152 DEBUG [CRASH COMPLEXION_p011]           HeadLinker.java:871  | CLinker{head#3675-Clnk-TR refPt:[1740.7,826.0]} Glyph{#18929 [STUMP]}
2026-03-14 01:22:34,154 DEBUG [CRASH COMPLEXION_p011]           HeadLinker.java:859  | CLinker{head#4609-Clnk-TR refPt:[1751.7,1283.0]} nothing kept from sections[V6501, V6460]
2026-03-14 01:22:34,155 DEBUG [CRASH COMPLEXION_p011]           HeadLinker.java:859  | CLinker{head#4609-Clnk-BR refPt:[1751.7,1288.0]} nothing kept from sections[V6460]
2026-03-14 01:22:34,156 DEBUG [CRASH COMPLEXION_p011]           HeadLinker.java:871  | CLinker{head#4609-Clnk-BR refPt:[1751.7,1288.0]} Glyph{#18930 [STUMP]}
2026-03-14 01:22:34,157 DEBUG [CRASH COMPLEXION_p011]           HeadLinker.java:871  | CLinker{head#4499-Clnk-TL refPt:[1738.9,1282.0]} Glyph{#18931 [STUMP]}
2026-03-14 01:22:34,157 DEBUG [CRASH COMPLEXION_p011]           HeadLinker.java:859  | CLinker{head#4499-Clnk-TR refPt:[1752.7,1277.0]} nothing kept from sections[V6501, V6503, V6460]
2026-03-14 01:22:34,158 DEBUG [CRASH COMPLEXION_p011]           HeadLinker.java:871  | CLinker{head#4499-Clnk-TR refPt:[1752.7,1277.0]} Glyph{#18932 [STUMP]}
2026-03-14 01:22:34,159 DEBUG [CRASH COMPLEXION_p011]           HeadLinker.java:859  | CLinker{head#4499-Clnk-BR refPt:[1752.7,1282.0]} nothing kept from sections[V6501, V6460]
2026-03-14 01:22:34,159 DEBUG [CRASH COMPLEXION_p011]           HeadLinker.java:871  | CLinker{head#4499-Clnk-BR refPt:[1752.7,1282.0]} Glyph{#18932 [STUMP]}
2026-03-14 01:22:34,162 DEBUG [CRASH COMPLEXION_p011]           HeadLinker.java:871  | CLinker{head#3847-Clnk-TR refPt:[1756.7,827.0]} Glyph{#18933 [STUMP]}
2026-03-14 01:22:34,163 DEBUG [CRASH COMPLEXION_p011]           HeadLinker.java:859  | CLinker{head#4509-Clnk-TL refPt:[1751.9,1282.0]} nothing kept from sections[V6501, V6460]
2026-03-14 01:22:34,166 DEBUG [CRASH COMPLEXION_p011]           HeadLinker.java:859  | CLinker{head#4509-Clnk-BL refPt:[1751.9,1286.0]} nothing kept from sections[V6460]
2026-03-14 01:22:34,166 DEBUG [CRASH COMPLEXION_p011]           HeadLinker.java:871  | CLinker{head#4509-Clnk-BL refPt:[1751.9,1286.0]} Glyph{#18930 [STUMP]}
2026-03-14 01:22:34,167 DEBUG [CRASH COMPLEXION_p011]           HeadLinker.java:871  | CLinker{head#4509-Clnk-TR refPt:[1765.7,1277.0]} Glyph{#18934 [STUMP]}
2026-03-14 01:22:34,171 DEBUG [CRASH COMPLEXION_p011]           HeadLinker.java:859  | CLinker{head#4613-Clnk-TR refPt:[1775.7,1283.0]} nothing kept from sections[V6549, V6551, V6525]
2026-03-14 01:22:34,171 DEBUG [CRASH COMPLEXION_p011]           HeadLinker.java:871  | CLinker{head#4613-Clnk-TR refPt:[1775.7,1283.0]} Glyph{#18935 [STUMP]}
2026-03-14 01:22:34,172 DEBUG [CRASH COMPLEXION_p011]           HeadLinker.java:859  | CLinker{head#4613-Clnk-BR refPt:[1775.7,1288.0]} nothing kept from sections[V6525]
2026-03-14 01:22:34,173 DEBUG [CRASH COMPLEXION_p011]           HeadLinker.java:871  | CLinker{head#4613-Clnk-BR refPt:[1775.7,1288.0]} Glyph{#18936 [STUMP]}
2026-03-14 01:22:34,174 DEBUG [CRASH COMPLEXION_p011]           HeadLinker.java:871  | CLinker{head#4505-Clnk-TR refPt:[1777.7,1277.0]} Glyph{#18937 [STUMP]}
2026-03-14 01:22:34,175 DEBUG [CRASH COMPLEXION_p011]           HeadLinker.java:871  | CLinker{head#4505-Clnk-BR refPt:[1777.7,1282.0]} Glyph{#18937 [STUMP]}
2026-03-14 01:22:34,176 DEBUG [CRASH COMPLEXION_p011]           HeadLinker.java:859  | CLinker{head#4517-Clnk-TL refPt:[1775.9,1282.0]} nothing kept from sections[V6549, V6551, V6525]
2026-03-14 01:22:34,176 DEBUG [CRASH COMPLEXION_p011]           HeadLinker.java:871  | CLinker{head#4517-Clnk-TL refPt:[1775.9,1282.0]} Glyph{#18935 [STUMP]}
2026-03-14 01:22:34,177 DEBUG [CRASH COMPLEXION_p011]           HeadLinker.java:859  | CLinker{head#4517-Clnk-BL refPt:[1775.9,1286.0]} nothing kept from sections[V6525]
2026-03-14 01:22:34,177 DEBUG [CRASH COMPLEXION_p011]           HeadLinker.java:871  | CLinker{head#4517-Clnk-BL refPt:[1775.9,1286.0]} Glyph{#18936 [STUMP]}
2026-03-14 01:22:34,178 DEBUG [CRASH COMPLEXION_p011]           HeadLinker.java:859  | CLinker{head#4517-Clnk-TR refPt:[1789.7,1277.0]} nothing kept from sections[V6564, V6568]
2026-03-14 01:22:34,178 DEBUG [CRASH COMPLEXION_p011]           HeadLinker.java:871  | CLinker{head#4517-Clnk-TR refPt:[1789.7,1277.0]} Glyph{#18938 [STUMP]}
2026-03-14 01:22:34,179 DEBUG [CRASH COMPLEXION_p011]           HeadLinker.java:859  | CLinker{head#4617-Clnk-TR refPt:[1798.7,1283.0]} nothing kept from sections[V6586, V6588, V6568]
2026-03-14 01:22:34,180 DEBUG [CRASH COMPLEXION_p011]           HeadLinker.java:871  | CLinker{head#4617-Clnk-TR refPt:[1798.7,1283.0]} Glyph{#18939 [STUMP]}
2026-03-14 01:22:34,181 DEBUG [CRASH COMPLEXION_p011]           HeadLinker.java:859  | CLinker{head#4617-Clnk-BR refPt:[1798.7,1288.0]} nothing kept from sections[V6568]
2026-03-14 01:22:34,181 DEBUG [CRASH COMPLEXION_p011]           HeadLinker.java:871  | CLinker{head#4617-Clnk-BR refPt:[1798.7,1288.0]} Glyph{#18940 [STUMP]}
2026-03-14 01:22:34,182 DEBUG [CRASH COMPLEXION_p011]           HeadLinker.java:871  | CLinker{head#4513-Clnk-TR refPt:[1800.7,1277.0]} Glyph{#18941 [STUMP]}
2026-03-14 01:22:34,183 DEBUG [CRASH COMPLEXION_p011]           HeadLinker.java:871  | CLinker{head#4513-Clnk-BR refPt:[1800.7,1282.0]} Glyph{#18942 [STUMP]}
2026-03-14 01:22:34,184 DEBUG [CRASH COMPLEXION_p011]           HeadLinker.java:871  | CLinker{head#4401-Clnk-TL refPt:[1805.9,1262.0]} Glyph{#18943 [STUMP]}
2026-03-14 01:22:34,185 DEBUG [CRASH COMPLEXION_p011]           HeadLinker.java:859  | CLinker{head#4401-Clnk-BR refPt:[1819.7,1262.0]} nothing kept from sections[V6614]
2026-03-14 01:22:34,186 DEBUG [CRASH COMPLEXION_p011]           HeadLinker.java:871  | CLinker{head#4401-Clnk-BR refPt:[1819.7,1262.0]} Glyph{#18944 [STUMP]}
2026-03-14 01:22:34,187 DEBUG [CRASH COMPLEXION_p011]           HeadLinker.java:871  | CLinker{head#4359-Clnk-TL refPt:[1806.9,1255.0]} Glyph{#18943 [STUMP]}
2026-03-14 01:22:34,188 DEBUG [CRASH COMPLEXION_p011]           HeadLinker.java:871  | CLinker{head#4359-Clnk-BL refPt:[1806.9,1259.0]} Glyph{#18943 [STUMP]}
2026-03-14 01:22:34,189 DEBUG [CRASH COMPLEXION_p011]           HeadLinker.java:871  | CLinker{head#4359-Clnk-BR refPt:[1820.7,1255.0]} Glyph{#18945 [STUMP]}
2026-03-14 01:22:34,190 DEBUG [CRASH COMPLEXION_p011]           HeadLinker.java:859  | CLinker{head#4621-Clnk-TR refPt:[1884.7,1283.0]} nothing kept from sections[V6783, V6767]
2026-03-14 01:22:34,190 DEBUG [CRASH COMPLEXION_p011]           HeadLinker.java:871  | CLinker{head#4621-Clnk-TR refPt:[1884.7,1283.0]} Glyph{#18946 [STUMP]}
2026-03-14 01:22:34,191 DEBUG [CRASH COMPLEXION_p011]           HeadLinker.java:859  | CLinker{head#4621-Clnk-BR refPt:[1884.7,1288.0]} nothing kept from sections[V6767]
2026-03-14 01:22:34,191 DEBUG [CRASH COMPLEXION_p011]           HeadLinker.java:871  | CLinker{head#4621-Clnk-BR refPt:[1884.7,1288.0]} Glyph{#18947 [STUMP]}
2026-03-14 01:22:34,192 DEBUG [CRASH COMPLEXION_p011]           HeadLinker.java:871  | CLinker{head#4521-Clnk-TL refPt:[1872.9,1282.0]} Glyph{#18948 [STUMP]}
2026-03-14 01:22:34,193 DEBUG [CRASH COMPLEXION_p011]           HeadLinker.java:871  | CLinker{head#4521-Clnk-TR refPt:[1886.7,1277.0]} Glyph{#18949 [STUMP]}
2026-03-14 01:22:34,194 DEBUG [CRASH COMPLEXION_p011]           HeadLinker.java:871  | CLinker{head#4521-Clnk-BR refPt:[1886.7,1282.0]} Glyph{#18949 [STUMP]}
2026-03-14 01:22:34,198 DEBUG [CRASH COMPLEXION_p011]           HeadLinker.java:871  | CLinker{head#4405-Clnk-TL refPt:[1892.9,1262.0]} Glyph{#18950 [STUMP]}
2026-03-14 01:22:34,200 DEBUG [CRASH COMPLEXION_p011]           HeadLinker.java:859  | CLinker{head#4405-Clnk-BR refPt:[1906.7,1262.0]} nothing kept from sections[V6830]
2026-03-14 01:22:34,200 DEBUG [CRASH COMPLEXION_p011]           HeadLinker.java:871  | CLinker{head#4405-Clnk-BR refPt:[1906.7,1262.0]} Glyph{#18951 [STUMP]}
2026-03-14 01:22:34,202 DEBUG [CRASH COMPLEXION_p011]           HeadLinker.java:871  | CLinker{head#4365-Clnk-TL refPt:[1894.9,1255.0]} Glyph{#18950 [STUMP]}
2026-03-14 01:22:34,203 DEBUG [CRASH COMPLEXION_p011]           HeadLinker.java:871  | CLinker{head#4365-Clnk-BL refPt:[1894.9,1259.0]} Glyph{#18950 [STUMP]}
2026-03-14 01:22:34,205 DEBUG [CRASH COMPLEXION_p011]           HeadLinker.java:871  | CLinker{head#4365-Clnk-BR refPt:[1908.7,1255.0]} Glyph{#18952 [STUMP]}
2026-03-14 01:22:34,207 DEBUG [CRASH COMPLEXION_p011]           HeadLinker.java:871  | CLinker{head#3637-Clnk-TR refPt:[1951.7,814.0]} Glyph{#18953 [STUMP]}
2026-03-14 01:22:34,208 DEBUG [CRASH COMPLEXION_p011]           HeadLinker.java:871  | CLinker{head#3639-Clnk-TL refPt:[1940.9,816.0]} Glyph{#18954 [STUMP]}
2026-03-14 01:22:34,210 DEBUG [CRASH COMPLEXION_p011]           HeadLinker.java:871  | CLinker{head#3639-Clnk-TR refPt:[1953.7,811.0]} Glyph{#18953 [STUMP]}
2026-03-14 01:22:34,213 DEBUG [CRASH COMPLEXION_p011]           HeadLinker.java:871  | CLinker{head#3751-Clnk-BL refPt:[1940.9,841.0]} Glyph{#690 [VERTICAL_SEED]}
2026-03-14 01:22:34,214 DEBUG [CRASH COMPLEXION_p011]           HeadLinker.java:871  | CLinker{head#3686-Clnk-TR refPt:[1960.7,826.0]} Glyph{#18955 [STUMP]}
2026-03-14 01:22:34,216 DEBUG [CRASH COMPLEXION_p011]           HeadLinker.java:871  | CLinker{head#3741-Clnk-BL refPt:[1948.9,841.0]} Glyph{#18956 [STUMP]}
2026-03-14 01:22:34,217 DEBUG [CRASH COMPLEXION_p011]           HeadLinker.java:859  | CLinker{head#3034-Clnk-TR refPt:[1968.7,71.0]} nothing kept from sections[V7019, V7024, V6982]
2026-03-14 01:22:34,217 DEBUG [CRASH COMPLEXION_p011]           HeadLinker.java:871  | CLinker{head#3034-Clnk-TR refPt:[1968.7,71.0]} Glyph{#18957 [STUMP]}
2026-03-14 01:22:34,218 DEBUG [CRASH COMPLEXION_p011]           HeadLinker.java:859  | CLinker{head#3034-Clnk-BR refPt:[1968.7,76.0]} nothing kept from sections[V6982]
2026-03-14 01:22:34,218 DEBUG [CRASH COMPLEXION_p011]           HeadLinker.java:871  | CLinker{head#3034-Clnk-BR refPt:[1968.7,76.0]} Glyph{#18958 [STUMP]}
2026-03-14 01:22:34,219 DEBUG [CRASH COMPLEXION_p011]           HeadLinker.java:859  | CLinker{head#3052-Clnk-TR refPt:[1967.7,78.0]} nothing kept from sections[V6982]
2026-03-14 01:22:34,219 DEBUG [CRASH COMPLEXION_p011]           HeadLinker.java:871  | CLinker{head#3052-Clnk-TR refPt:[1967.7,78.0]} Glyph{#18959 [STUMP]}
2026-03-14 01:22:34,221 DEBUG [CRASH COMPLEXION_p011]           HeadLinker.java:871  | CLinker{head#3845-Clnk-TL refPt:[1955.9,824.0]} Glyph{#18960 [STUMP]}
2026-03-14 01:22:34,221 DEBUG [CRASH COMPLEXION_p011]           HeadLinker.java:871  | CLinker{head#3845-Clnk-TR refPt:[1969.7,819.0]} Glyph{#18961 [STUMP]}
2026-03-14 01:22:34,222 DEBUG [CRASH COMPLEXION_p011]           HeadLinker.java:871  | CLinker{head#3845-Clnk-BR refPt:[1969.7,824.0]} Glyph{#18962 [STUMP]}
2026-03-14 01:22:34,223 DEBUG [CRASH COMPLEXION_p011]           HeadLinker.java:871  | CLinker{head#3018-Clnk-TL refPt:[1956.9,69.0]} Glyph{#18963 [STUMP]}
2026-03-14 01:22:34,223 DEBUG [CRASH COMPLEXION_p011]           HeadLinker.java:871  | CLinker{head#3018-Clnk-TR refPt:[1970.7,64.0]} Glyph{#18964 [STUMP]}
2026-03-14 01:22:34,224 DEBUG [CRASH COMPLEXION_p011]           HeadLinker.java:871  | CLinker{head#3018-Clnk-BR refPt:[1970.7,69.0]} Glyph{#18964 [STUMP]}
2026-03-14 01:22:34,224 DEBUG [CRASH COMPLEXION_p011]           HeadLinker.java:871  | CLinker{head#3022-Clnk-TL refPt:[1956.9,70.0]} Glyph{#18963 [STUMP]}
2026-03-14 01:22:34,225 DEBUG [CRASH COMPLEXION_p011]           HeadLinker.java:871  | CLinker{head#3022-Clnk-TR refPt:[1970.7,65.0]} Glyph{#18964 [STUMP]}
2026-03-14 01:22:34,227 DEBUG [CRASH COMPLEXION_p011]           HeadLinker.java:871  | CLinker{head#3022-Clnk-BR refPt:[1970.7,70.0]} Glyph{#18964 [STUMP]}
2026-03-14 01:22:34,228 DEBUG [CRASH COMPLEXION_p011]           HeadLinker.java:859  | CLinker{head#4625-Clnk-TR refPt:[1970.7,1283.0]} nothing kept from sections[V7035, V6988]
2026-03-14 01:22:34,229 DEBUG [CRASH COMPLEXION_p011]           HeadLinker.java:859  | CLinker{head#4625-Clnk-BR refPt:[1970.7,1288.0]} nothing kept from sections[V6988]
2026-03-14 01:22:34,229 DEBUG [CRASH COMPLEXION_p011]           HeadLinker.java:871  | CLinker{head#4625-Clnk-BR refPt:[1970.7,1288.0]} Glyph{#18965 [STUMP]}
2026-03-14 01:22:34,232 DEBUG [CRASH COMPLEXION_p011]           HeadLinker.java:871  | CLinker{head#4527-Clnk-TL refPt:[1958.9,1282.0]} Glyph{#18966 [STUMP]}
2026-03-14 01:22:34,234 DEBUG [CRASH COMPLEXION_p011]           HeadLinker.java:871  | CLinker{head#4527-Clnk-TR refPt:[1972.7,1277.0]} Glyph{#18967 [STUMP]}
2026-03-14 01:22:34,234 DEBUG [CRASH COMPLEXION_p011]           HeadLinker.java:871  | CLinker{head#4527-Clnk-BR refPt:[1972.7,1282.0]} Glyph{#18967 [STUMP]}
2026-03-14 01:22:34,235 DEBUG [CRASH COMPLEXION_p011]           HeadLinker.java:871  | CLinker{head#3849-Clnk-TR refPt:[1974.7,827.0]} Glyph{#18968 [STUMP]}
2026-03-14 01:22:34,238 DEBUG [CRASH COMPLEXION_p011]           HeadLinker.java:871  | CLinker{head#3086-Clnk-TL refPt:[2041.9,90.0]} Glyph{#18969 [STUMP]}
2026-03-14 01:22:34,238 DEBUG [CRASH COMPLEXION_p011]           HeadLinker.java:871  | CLinker{head#3086-Clnk-BL refPt:[2041.9,94.0]} Glyph{#18969 [STUMP]}
2026-03-14 01:22:34,239 DEBUG [CRASH COMPLEXION_p011]           HeadLinker.java:859  | CLinker{head#3090-Clnk-TL refPt:[2042.9,89.0]} nothing kept from sections[V7183]
2026-03-14 01:22:34,240 DEBUG [CRASH COMPLEXION_p011]           HeadLinker.java:871  | CLinker{head#3090-Clnk-TL refPt:[2042.9,89.0]} Glyph{#18970 [STUMP]}
2026-03-14 01:22:34,241 DEBUG [CRASH COMPLEXION_p011]           HeadLinker.java:871  | CLinker{head#3090-Clnk-BL refPt:[2042.9,93.0]} Glyph{#18969 [STUMP]}
2026-03-14 01:22:34,242 DEBUG [CRASH COMPLEXION_p011]           HeadLinker.java:859  | CLinker{head#3054-Clnk-BL refPt:[2044.9,88.0]} nothing kept from sections[V7183]
2026-03-14 01:22:34,242 DEBUG [CRASH COMPLEXION_p011]           HeadLinker.java:871  | CLinker{head#3054-Clnk-BL refPt:[2044.9,88.0]} Glyph{#18971 [STUMP]}
2026-03-14 01:22:34,243 DEBUG [CRASH COMPLEXION_p011]           HeadLinker.java:871  | CLinker{head#4409-Clnk-TL refPt:[2044.9,1262.0]} Glyph{#18972 [STUMP]}
2026-03-14 01:22:34,245 DEBUG [CRASH COMPLEXION_p011]           HeadLinker.java:859  | CLinker{head#4409-Clnk-BR refPt:[2058.7,1262.0]} nothing kept from sections[V7203]
2026-03-14 01:22:34,245 DEBUG [CRASH COMPLEXION_p011]           HeadLinker.java:871  | CLinker{head#4409-Clnk-BR refPt:[2058.7,1262.0]} Glyph{#18973 [STUMP]}
2026-03-14 01:22:34,246 DEBUG [CRASH COMPLEXION_p011]           HeadLinker.java:859  | CLinker{head#3137-Clnk-TL refPt:[2045.9,97.0]} nothing kept from sections[V7183]
2026-03-14 01:22:34,246 DEBUG [CRASH COMPLEXION_p011]           HeadLinker.java:871  | CLinker{head#3137-Clnk-TL refPt:[2045.9,97.0]} Glyph{#18974 [STUMP]}
2026-03-14 01:22:34,248 DEBUG [CRASH COMPLEXION_p011]           HeadLinker.java:871  | CLinker{head#3137-Clnk-BR refPt:[2057.7,97.0]} Glyph{#18975 [STUMP]}
2026-03-14 01:22:34,249 DEBUG [CRASH COMPLEXION_p011]           HeadLinker.java:871  | CLinker{head#4369-Clnk-TL refPt:[2046.9,1255.0]} Glyph{#18976 [STUMP]}
2026-03-14 01:22:34,250 DEBUG [CRASH COMPLEXION_p011]           HeadLinker.java:871  | CLinker{head#4369-Clnk-BL refPt:[2046.9,1259.0]} Glyph{#18977 [STUMP]}
2026-03-14 01:22:34,251 DEBUG [CRASH COMPLEXION_p011]           HeadLinker.java:871  | CLinker{head#4369-Clnk-BR refPt:[2060.7,1255.0]} Glyph{#18978 [STUMP]}
2026-03-14 01:22:34,252 DEBUG [CRASH COMPLEXION_p011]           HeadLinker.java:871  | CLinker{head#4371-Clnk-TL refPt:[2046.9,1256.0]} Glyph{#18977 [STUMP]}
2026-03-14 01:22:34,253 DEBUG [CRASH COMPLEXION_p011]           HeadLinker.java:871  | CLinker{head#4371-Clnk-BL refPt:[2046.9,1260.0]} Glyph{#18977 [STUMP]}
2026-03-14 01:22:34,254 DEBUG [CRASH COMPLEXION_p011]           HeadLinker.java:871  | CLinker{head#4371-Clnk-BR refPt:[2060.7,1256.0]} Glyph{#18978 [STUMP]}
2026-03-14 01:22:34,255 DEBUG [CRASH COMPLEXION_p011]           HeadLinker.java:871  | CLinker{head#3643-Clnk-TL refPt:[2132.9,819.0]} Glyph{#18979 [STUMP]}
2026-03-14 01:22:34,255 DEBUG [CRASH COMPLEXION_p011]           HeadLinker.java:871  | CLinker{head#3643-Clnk-TR refPt:[2146.7,814.0]} Glyph{#18980 [STUMP]}
2026-03-14 01:22:34,256 DEBUG [CRASH COMPLEXION_p011]           HeadLinker.java:871  | CLinker{head#3643-Clnk-BR refPt:[2146.7,819.0]} Glyph{#18981 [STUMP]}
2026-03-14 01:22:34,257 DEBUG [CRASH COMPLEXION_p011]           HeadLinker.java:859  | CLinker{head#4637-Clnk-TR refPt:[2146.7,1284.0]} nothing kept from sections[V7487, V7446]
2026-03-14 01:22:34,260 DEBUG [CRASH COMPLEXION_p011]           HeadLinker.java:859  | CLinker{head#4637-Clnk-BR refPt:[2146.7,1289.0]} nothing kept from sections[V7446]
2026-03-14 01:22:34,260 DEBUG [CRASH COMPLEXION_p011]           HeadLinker.java:871  | CLinker{head#4637-Clnk-BR refPt:[2146.7,1289.0]} Glyph{#18982 [STUMP]}
2026-03-14 01:22:34,261 DEBUG [CRASH COMPLEXION_p011]           HeadLinker.java:871  | CLinker{head#3143-Clnk-TL refPt:[2133.9,97.0]} Glyph{#18983 [STUMP]}
2026-03-14 01:22:34,264 DEBUG [CRASH COMPLEXION_p011]           HeadLinker.java:871  | CLinker{head#3143-Clnk-BL refPt:[2133.9,101.0]} Glyph{#18984 [STUMP]}
2026-03-14 01:22:34,266 DEBUG [CRASH COMPLEXION_p011]           HeadLinker.java:871  | CLinker{head#3205-Clnk-TL refPt:[2135.9,103.0]} Glyph{#18983 [STUMP]}
2026-03-14 01:22:34,268 DEBUG [CRASH COMPLEXION_p011]           HeadLinker.java:871  | CLinker{head#4531-Clnk-TL refPt:[2135.9,1282.0]} Glyph{#18985 [STUMP]}
2026-03-14 01:22:34,268 DEBUG [CRASH COMPLEXION_p011]           HeadLinker.java:871  | CLinker{head#4531-Clnk-TR refPt:[2149.7,1277.0]} Glyph{#18986 [STUMP]}
2026-03-14 01:22:34,269 DEBUG [CRASH COMPLEXION_p011]           HeadLinker.java:871  | CLinker{head#4531-Clnk-BR refPt:[2149.7,1282.0]} Glyph{#18986 [STUMP]}
2026-03-14 01:22:34,270 DEBUG [CRASH COMPLEXION_p011]           HeadLinker.java:871  | CLinker{head#4535-Clnk-TL refPt:[2135.9,1282.0]} Glyph{#18985 [STUMP]}
2026-03-14 01:22:34,271 DEBUG [CRASH COMPLEXION_p011]           HeadLinker.java:871  | CLinker{head#4535-Clnk-TR refPt:[2149.7,1277.0]} Glyph{#18986 [STUMP]}
2026-03-14 01:22:34,272 DEBUG [CRASH COMPLEXION_p011]           HeadLinker.java:871  | CLinker{head#4535-Clnk-BR refPt:[2149.7,1282.0]} Glyph{#18986 [STUMP]}
2026-03-14 01:22:34,273 DEBUG [CRASH COMPLEXION_p011]           HeadLinker.java:859  | CLinker{head#3201-Clnk-TL refPt:[2136.9,104.0]} nothing kept from sections[V7430, V7441]
2026-03-14 01:22:34,273 DEBUG [CRASH COMPLEXION_p011]           HeadLinker.java:871  | CLinker{head#3201-Clnk-TL refPt:[2136.9,104.0]} Glyph{#18987 [STUMP]}
2026-03-14 01:22:34,275 DEBUG [CRASH COMPLEXION_p011]           HeadLinker.java:871  | CLinker{head#3201-Clnk-BR refPt:[2150.7,104.0]} Glyph{#18988 [STUMP]}
2026-03-14 01:22:34,276 DEBUG [CRASH COMPLEXION_p011]           HeadLinker.java:871  | CLinker{head#3209-Clnk-TL refPt:[2177.9,103.0]} Glyph{#18989 [STUMP]}
2026-03-14 01:22:34,277 DEBUG [CRASH COMPLEXION_p011]           HeadLinker.java:871  | CLinker{head#3209-Clnk-BL refPt:[2177.9,107.0]} Glyph{#18989 [STUMP]}
2026-03-14 01:22:34,277 DEBUG [CRASH COMPLEXION_p011]           HeadLinker.java:871  | CLinker{head#3213-Clnk-TL refPt:[2177.9,103.0]} Glyph{#18989 [STUMP]}
2026-03-14 01:22:34,278 DEBUG [CRASH COMPLEXION_p011]           HeadLinker.java:871  | CLinker{head#3213-Clnk-BL refPt:[2177.9,107.0]} Glyph{#18989 [STUMP]}
2026-03-14 01:22:34,279 DEBUG [CRASH COMPLEXION_p011]           HeadLinker.java:871  | CLinker{head#3234-Clnk-TL refPt:[2178.9,111.0]} Glyph{#18989 [STUMP]}
2026-03-14 01:22:34,281 DEBUG [CRASH COMPLEXION_p011]           HeadLinker.java:871  | CLinker{head#3234-Clnk-BR refPt:[2191.7,111.0]} Glyph{#18990 [STUMP]}
2026-03-14 01:22:34,282 DEBUG [CRASH COMPLEXION_p011]           HeadLinker.java:859  | CLinker{head#3147-Clnk-BL refPt:[2179.9,101.0]} nothing kept from sections[V7593, V7600]
2026-03-14 01:22:34,283 DEBUG [CRASH COMPLEXION_p011]           HeadLinker.java:871  | CLinker{head#3147-Clnk-BL refPt:[2179.9,101.0]} Glyph{#18991 [STUMP]}
2026-03-14 01:22:34,283 DEBUG [CRASH COMPLEXION_p011]           HeadLinker.java:871  | CLinker{head#4692-Clnk-BL refPt:[2197.9,1234.0]} Glyph{#18992 [STUMP]}
2026-03-14 01:22:34,284 DEBUG [CRASH COMPLEXION_p011]           HeadLinker.java:871  | CLinker{head#4375-Clnk-TL refPt:[2198.9,1256.0]} Glyph{#18993 [STUMP]}
2026-03-14 01:22:34,285 DEBUG [CRASH COMPLEXION_p011]           HeadLinker.java:871  | CLinker{head#4375-Clnk-BL refPt:[2198.9,1260.0]} Glyph{#18993 [STUMP]}
2026-03-14 01:22:34,286 DEBUG [CRASH COMPLEXION_p011]           HeadLinker.java:871  | CLinker{head#4375-Clnk-BR refPt:[2212.7,1256.0]} Glyph{#18994 [STUMP]}
2026-03-14 01:22:34,287 DEBUG [CRASH COMPLEXION_p011]           HeadLinker.java:871  | CLinker{head#4695-Clnk-BR refPt:[2228.7,1230.0]} Glyph{#18995 [STUMP]}
2026-03-14 01:22:34,291 DEBUG [CRASH COMPLEXION_p011]           HeadLinker.java:871  | CLinker{head#4767-Clnk-BR refPt:[2228.7,1283.0]} Glyph{#18996 [STUMP]}
2026-03-14 01:22:34,293 DEBUG [CRASH COMPLEXION_p011]           HeadLinker.java:871  | CLinker{head#4705-Clnk-BL refPt:[2232.9,1234.0]} Glyph{#18997 [STUMP]}
2026-03-14 01:22:34,296 DEBUG [CRASH COMPLEXION_p011]           HeadLinker.java:871  | CLinker{head#4705-Clnk-BR refPt:[2246.7,1230.0]} Glyph{#18998 [STUMP]}
2026-03-14 01:22:34,297 DEBUG [CRASH COMPLEXION_p011]           HeadLinker.java:859  | CLinker{head#4641-Clnk-TR refPt:[2272.7,1284.0]} nothing kept from sections[V7850, V7837]
2026-03-14 01:22:34,298 DEBUG [CRASH COMPLEXION_p011]           HeadLinker.java:859  | CLinker{head#4641-Clnk-BR refPt:[2272.7,1289.0]} nothing kept from sections[V7837]
2026-03-14 01:22:34,299 DEBUG [CRASH COMPLEXION_p011]           HeadLinker.java:871  | CLinker{head#4641-Clnk-BR refPt:[2272.7,1289.0]} Glyph{#18999 [STUMP]}
2026-03-14 01:22:34,300 DEBUG [CRASH COMPLEXION_p011]           HeadLinker.java:871  | CLinker{head#4541-Clnk-TL refPt:[2260.9,1284.0]} Glyph{#19000 [STUMP]}
2026-03-14 01:22:34,300 DEBUG [CRASH COMPLEXION_p011]           HeadLinker.java:871  | CLinker{head#4541-Clnk-TR refPt:[2274.7,1279.0]} Glyph{#19001 [STUMP]}
2026-03-14 01:22:34,301 DEBUG [CRASH COMPLEXION_p011]           HeadLinker.java:871  | CLinker{head#4541-Clnk-BR refPt:[2274.7,1284.0]} Glyph{#19002 [STUMP]}
2026-03-14 01:22:34,303 DEBUG [CRASH COMPLEXION_p011]           HeadLinker.java:871  | CLinker{head#4208-Clnk-TR refPt:[2282.7,997.0]} Glyph{#19003 [STUMP]}
2026-03-14 01:22:34,304 DEBUG [CRASH COMPLEXION_p011]           HeadLinker.java:859  | CLinker{head#4208-Clnk-BR refPt:[2282.7,1002.0]} nothing kept from sections[V7904, V7854]
2026-03-14 01:22:34,304 DEBUG [CRASH COMPLEXION_p011]           HeadLinker.java:871  | CLinker{head#4208-Clnk-BR refPt:[2282.7,1002.0]} Glyph{#19004 [STUMP]}
2026-03-14 01:22:34,306 DEBUG [CRASH COMPLEXION_p011]           HeadLinker.java:871  | CLinker{head#3603-Clnk-TR refPt:[2285.7,570.0]} Glyph{#19005 [STUMP]}
2026-03-14 01:22:34,307 DEBUG [CRASH COMPLEXION_p011]           HeadLinker.java:871  | CLinker{head#3603-Clnk-BR refPt:[2285.7,575.0]} Glyph{#19006 [STUMP]}
2026-03-14 01:22:34,308 DEBUG [CRASH COMPLEXION_p011]           HeadLinker.java:859  | CLinker{head#3569-Clnk-TL refPt:[2282.9,562.0]} nothing kept from sections[V7897]
2026-03-14 01:22:34,308 DEBUG [CRASH COMPLEXION_p011]           HeadLinker.java:871  | CLinker{head#3569-Clnk-TL refPt:[2282.9,562.0]} Glyph{#19007 [STUMP]}
2026-03-14 01:22:34,309 DEBUG [CRASH COMPLEXION_p011]           HeadLinker.java:871  | CLinker{head#3569-Clnk-TR refPt:[2296.7,557.0]} Glyph{#19008 [STUMP]}
2026-03-14 01:22:34,310 DEBUG [CRASH COMPLEXION_p011]           HeadLinker.java:859  | CLinker{head#3569-Clnk-BR refPt:[2296.7,562.0]} nothing kept from sections[V7961, V7937]
2026-03-14 01:22:34,311 DEBUG [CRASH COMPLEXION_p011]           HeadLinker.java:859  | CLinker{head#3893-Clnk-TL refPt:[2283.9,989.0]} nothing kept from sections[V7879]
2026-03-14 01:22:34,312 DEBUG [CRASH COMPLEXION_p011]           HeadLinker.java:871  | CLinker{head#3893-Clnk-TL refPt:[2283.9,989.0]} Glyph{#19009 [STUMP]}
2026-03-14 01:22:34,313 DEBUG [CRASH COMPLEXION_p011]           HeadLinker.java:871  | CLinker{head#3893-Clnk-BL refPt:[2283.9,993.0]} Glyph{#19003 [STUMP]}
2026-03-14 01:22:34,314 DEBUG [CRASH COMPLEXION_p011]           HeadLinker.java:871  | CLinker{head#3921-Clnk-TL refPt:[2284.9,996.0]} Glyph{#19003 [STUMP]}
2026-03-14 01:22:34,315 DEBUG [CRASH COMPLEXION_p011]           HeadLinker.java:871  | CLinker{head#3921-Clnk-BL refPt:[2284.9,1000.0]} Glyph{#19003 [STUMP]}
2026-03-14 01:22:34,316 DEBUG [CRASH COMPLEXION_p011]           HeadLinker.java:871  | CLinker{head#3939-Clnk-TL refPt:[2284.9,1003.0]} Glyph{#19003 [STUMP]}
2026-03-14 01:22:34,317 DEBUG [CRASH COMPLEXION_p011]           HeadLinker.java:871  | CLinker{head#3939-Clnk-BL refPt:[2284.9,1007.0]} Glyph{#19003 [STUMP]}
2026-03-14 01:22:34,318 DEBUG [CRASH COMPLEXION_p011]           HeadLinker.java:871  | CLinker{head#3601-Clnk-TL refPt:[2287.9,576.0]} Glyph{#19005 [STUMP]}
2026-03-14 01:22:34,318 DEBUG [CRASH COMPLEXION_p011]           HeadLinker.java:871  | CLinker{head#3601-Clnk-BL refPt:[2287.9,580.0]} Glyph{#19005 [STUMP]}
2026-03-14 01:22:34,319 DEBUG [CRASH COMPLEXION_p011]           HeadLinker.java:871  | CLinker{head#3601-Clnk-TR refPt:[2301.7,571.0]} Glyph{#19010 [STUMP]}
2026-03-14 01:22:34,321 DEBUG [CRASH COMPLEXION_p011]           HeadLinker.java:871  | CLinker{head#3601-Clnk-BR refPt:[2301.7,576.0]} Glyph{#19010 [STUMP]}
2026-03-14 01:22:34,324 DEBUG [CRASH COMPLEXION_p011]           HeadLinker.java:859  | CLinker{head#3897-Clnk-BL refPt:[2288.9,994.0]} nothing kept from sections[V7925]
2026-03-14 01:22:34,328 DEBUG [CRASH COMPLEXION_p011]           HeadLinker.java:871  | CLinker{head#3897-Clnk-BL refPt:[2288.9,994.0]} Glyph{#19011 [STUMP]}
2026-03-14 01:22:34,329 DEBUG [CRASH COMPLEXION_p011]           HeadLinker.java:859  | CLinker{head#3887-Clnk-TR refPt:[2310.7,985.0]} nothing kept from sections[V8006]
2026-03-14 01:22:34,329 DEBUG [CRASH COMPLEXION_p011]           HeadLinker.java:871  | CLinker{head#3887-Clnk-TR refPt:[2310.7,985.0]} Glyph{#19012 [STUMP]}
2026-03-14 01:22:34,330 DEBUG [CRASH COMPLEXION_p011]           HeadLinker.java:859  | CLinker{head#3887-Clnk-BR refPt:[2310.7,990.0]} nothing kept from sections[V8006]
2026-03-14 01:22:34,330 DEBUG [CRASH COMPLEXION_p011]           HeadLinker.java:871  | CLinker{head#3887-Clnk-BR refPt:[2310.7,990.0]} Glyph{#19012 [STUMP]}
2026-03-14 01:22:34,331 DEBUG [CRASH COMPLEXION_p011]           HeadLinker.java:871  | CLinker{head#3589-Clnk-TL refPt:[2298.9,569.0]} Glyph{#19013 [STUMP]}
2026-03-14 01:22:34,332 DEBUG [CRASH COMPLEXION_p011]           HeadLinker.java:871  | CLinker{head#3589-Clnk-BL refPt:[2298.9,573.0]} Glyph{#19014 [STUMP]}
2026-03-14 01:22:34,333 DEBUG [CRASH COMPLEXION_p011]           HeadLinker.java:859  | CLinker{head#3589-Clnk-TR refPt:[2312.7,564.0]} nothing kept from sections[V8009, V8011, V8003]
2026-03-14 01:22:34,333 DEBUG [CRASH COMPLEXION_p011]           HeadLinker.java:871  | CLinker{head#3589-Clnk-TR refPt:[2312.7,564.0]} Glyph{#19015 [STUMP]}
2026-03-14 01:22:34,334 DEBUG [CRASH COMPLEXION_p011]           HeadLinker.java:859  | CLinker{head#3589-Clnk-BR refPt:[2312.7,569.0]} nothing kept from sections[V8009, V8011, V8003]
2026-03-14 01:22:34,334 DEBUG [CRASH COMPLEXION_p011]           HeadLinker.java:871  | CLinker{head#3589-Clnk-BR refPt:[2312.7,569.0]} Glyph{#19015 [STUMP]}
2026-03-14 01:22:34,335 DEBUG [CRASH COMPLEXION_p011]           HeadLinker.java:871  | CLinker{head#3567-Clnk-TL refPt:[2299.9,563.0]} Glyph{#19010 [STUMP]}
2026-03-14 01:22:34,336 DEBUG [CRASH COMPLEXION_p011]           HeadLinker.java:871  | CLinker{head#3567-Clnk-BL refPt:[2299.9,567.0]} Glyph{#19010 [STUMP]}
2026-03-14 01:22:34,337 DEBUG [CRASH COMPLEXION_p011]           HeadLinker.java:859  | CLinker{head#3567-Clnk-TR refPt:[2313.7,558.0]} nothing kept from sections[V8011]
2026-03-14 01:22:34,337 DEBUG [CRASH COMPLEXION_p011]           HeadLinker.java:871  | CLinker{head#3567-Clnk-TR refPt:[2313.7,558.0]} Glyph{#19016 [STUMP]}
2026-03-14 01:22:34,338 DEBUG [CRASH COMPLEXION_p011]           HeadLinker.java:871  | CLinker{head#3567-Clnk-BR refPt:[2313.7,563.0]} Glyph{#19015 [STUMP]}
2026-03-14 01:22:34,339 DEBUG [CRASH COMPLEXION_p011]           HeadLinker.java:859  | CLinker{head#3915-Clnk-TR refPt:[2313.7,991.0]} nothing kept from sections[V8006]
2026-03-14 01:22:34,339 DEBUG [CRASH COMPLEXION_p011]           HeadLinker.java:871  | CLinker{head#3915-Clnk-TR refPt:[2313.7,991.0]} Glyph{#19017 [STUMP]}
2026-03-14 01:22:34,341 DEBUG [CRASH COMPLEXION_p011]           HeadLinker.java:859  | CLinker{head#3891-Clnk-TR refPt:[2314.7,986.0]} nothing kept from sections[V8006]
2026-03-14 01:22:34,341 DEBUG [CRASH COMPLEXION_p011]           HeadLinker.java:871  | CLinker{head#3891-Clnk-TR refPt:[2314.7,986.0]} Glyph{#19018 [STUMP]}
2026-03-14 01:22:34,342 DEBUG [CRASH COMPLEXION_p011]           HeadLinker.java:859  | CLinker{head#3891-Clnk-BR refPt:[2314.7,991.0]} nothing kept from sections[V8006]
2026-03-14 01:22:34,342 DEBUG [CRASH COMPLEXION_p011]           HeadLinker.java:871  | CLinker{head#3891-Clnk-BR refPt:[2314.7,991.0]} Glyph{#19018 [STUMP]}
2026-03-14 01:22:34,365 DEBUG [CRASH COMPLEXION_p011]          StemBuilder.java:1080 | [FAILED toString()]
2026-03-14 01:22:34,367 DEBUG [CRASH COMPLEXION_p011]          StemBuilder.java:167  | VLinker{beam#1829-Vlnk-BL-1} lengths:{0=25, 1=25, 2=25, 3=109, 4=109}
2026-03-14 01:22:34,370 DEBUG [CRASH COMPLEXION_p011]          StemBuilder.java:1080 | [FAILED toString()]
2026-03-14 01:22:34,372 DEBUG [CRASH COMPLEXION_p011]          StemBuilder.java:167  | VLinker{beam#1829-Vlnk-TR-2} lengths:{0=0, 1=0, 2=0, 3=0, 4=0}
2026-03-14 01:22:34,376 DEBUG [CRASH COMPLEXION_p011]          StemBuilder.java:1080 | [FAILED toString()]
2026-03-14 01:22:34,378 DEBUG [CRASH COMPLEXION_p011]          StemBuilder.java:167  | VLinker{beam#1829-Vlnk-BR-2} lengths:{0=1, 1=1, 2=15, 3=65, 4=65}
2026-03-14 01:22:34,381 DEBUG [CRASH COMPLEXION_p011]          StemBuilder.java:1080 | [FAILED toString()]
2026-03-14 01:22:34,384 DEBUG [CRASH COMPLEXION_p011]          StemBuilder.java:167  | VLinker{beam#1831-Vlnk-BL-1} lengths:{0=25, 1=25, 2=25, 3=109, 4=109}
2026-03-14 01:22:34,387 DEBUG [CRASH COMPLEXION_p011]          StemBuilder.java:1080 | [FAILED toString()]
2026-03-14 01:22:34,389 DEBUG [CRASH COMPLEXION_p011]          StemBuilder.java:167  | VLinker{beam#1831-Vlnk-TR-2} lengths:{0=0, 1=0, 2=0, 3=0, 4=0}
2026-03-14 01:22:34,392 DEBUG [CRASH COMPLEXION_p011]          StemBuilder.java:1080 | [FAILED toString()]
2026-03-14 01:22:34,394 DEBUG [CRASH COMPLEXION_p011]          StemBuilder.java:167  | VLinker{beam#1831-Vlnk-BR-2} lengths:{0=1, 1=1, 2=15, 3=65, 4=65}
2026-03-14 01:22:34,397 DEBUG [CRASH COMPLEXION_p011]          StemBuilder.java:1080 | [FAILED toString()]
2026-03-14 01:22:34,398 DEBUG [CRASH COMPLEXION_p011]          StemBuilder.java:167  | VLinker{beam#2035-Vlnk-BL-1} lengths:{0=15, 1=15, 2=15, 3=99, 4=99}
2026-03-14 01:22:34,401 DEBUG [CRASH COMPLEXION_p011]          StemBuilder.java:1080 | [FAILED toString()]
2026-03-14 01:22:34,409 DEBUG [CRASH COMPLEXION_p011]          StemBuilder.java:167  | VLinker{beam#2035-Vlnk-TR-2} lengths:{0=0, 1=0, 2=14, 3=14, 4=14}
2026-03-14 01:22:34,412 DEBUG [CRASH COMPLEXION_p011]          StemBuilder.java:1080 | [FAILED toString()]
2026-03-14 01:22:34,414 DEBUG [CRASH COMPLEXION_p011]          StemBuilder.java:167  | VLinker{beam#2035-Vlnk-BR-2} lengths:{0=1, 1=1, 2=1, 3=1, 4=1}
2026-03-14 01:22:34,420 DEBUG [CRASH COMPLEXION_p011]          StemBuilder.java:1080 | [FAILED toString()]
2026-03-14 01:22:34,422 DEBUG [CRASH COMPLEXION_p011]          StemBuilder.java:167  | VLinker{beam#1922-Vlnk-BL-1} lengths:{0=44, 1=44, 2=44, 3=44, 4=44}
2026-03-14 01:22:34,425 DEBUG [CRASH COMPLEXION_p011]          StemBuilder.java:1080 | [FAILED toString()]
2026-03-14 01:22:34,429 DEBUG [CRASH COMPLEXION_p011]          StemBuilder.java:167  | VLinker{beam#1922-Vlnk-BR-2} lengths:{0=40, 1=40, 2=65, 3=65, 4=65}
2026-03-14 01:22:34,433 DEBUG [CRASH COMPLEXION_p011]          StemBuilder.java:1080 | [FAILED toString()]
2026-03-14 01:22:34,434 DEBUG [CRASH COMPLEXION_p011]          StemBuilder.java:167  | VLinker{beam#1938-Vlnk-BL-1} lengths:{0=26, 1=26, 2=26, 3=26, 4=26}
2026-03-14 01:22:34,437 DEBUG [CRASH COMPLEXION_p011]          StemBuilder.java:1080 | [FAILED toString()]
2026-03-14 01:22:34,438 DEBUG [CRASH COMPLEXION_p011]          StemBuilder.java:167  | VLinker{beam#1938-Vlnk-BR-2} lengths:{0=22, 1=22, 2=47, 3=47, 4=47}
2026-03-14 01:22:34,441 DEBUG [CRASH COMPLEXION_p011]          StemBuilder.java:1080 | [FAILED toString()]
2026-03-14 01:22:34,443 DEBUG [CRASH COMPLEXION_p011]          StemBuilder.java:167  | VLinker{beam#2003-Vlnk-BL-1} lengths:{0=24, 1=24, 2=42, 3=42, 4=42}
2026-03-14 01:22:34,446 DEBUG [CRASH COMPLEXION_p011]          StemBuilder.java:1080 | [FAILED toString()]
2026-03-14 01:22:34,448 DEBUG [CRASH COMPLEXION_p011]          StemBuilder.java:167  | VLinker{beam#2003-Vlnk-BC-2} lengths:{0=40, 1=40, 2=40, 3=40, 4=40}
2026-03-14 01:22:34,453 DEBUG [CRASH COMPLEXION_p011]          StemBuilder.java:1080 | [FAILED toString()]
2026-03-14 01:22:34,454 DEBUG [CRASH COMPLEXION_p011]          StemBuilder.java:167  | VLinker{beam#2003-Vlnk-BC-3} lengths:{0=66, 1=66, 2=66, 3=66, 4=66}
2026-03-14 01:22:34,456 DEBUG [CRASH COMPLEXION_p011]          StemBuilder.java:1080 | [FAILED toString()]
2026-03-14 01:22:34,458 DEBUG [CRASH COMPLEXION_p011]          StemBuilder.java:167  | VLinker{beam#2003-Vlnk-BR-4} lengths:{0=36, 1=36, 2=36, 3=36, 4=36}
2026-03-14 01:22:34,461 DEBUG [CRASH COMPLEXION_p011]          StemBuilder.java:1080 | [FAILED toString()]
2026-03-14 01:22:34,463 DEBUG [CRASH COMPLEXION_p011]          StemBuilder.java:167  | VLinker{beam#1968-Vlnk-BL-1} lengths:{0=34, 1=63, 2=63, 3=92, 4=92}
2026-03-14 01:22:34,466 DEBUG [CRASH COMPLEXION_p011]          StemBuilder.java:1080 | [FAILED toString()]
2026-03-14 01:22:34,467 DEBUG [CRASH COMPLEXION_p011]          StemBuilder.java:167  | VLinker{beam#1968-Vlnk-BC-2} lengths:{0=35, 1=35, 2=35, 3=35, 4=35}
2026-03-14 01:22:34,470 DEBUG [CRASH COMPLEXION_p011]          StemBuilder.java:1080 | [FAILED toString()]
2026-03-14 01:22:34,471 DEBUG [CRASH COMPLEXION_p011]          StemBuilder.java:167  | VLinker{beam#1968-Vlnk-BC-3} lengths:{0=35, 1=35, 2=35, 3=61, 4=61}
2026-03-14 01:22:34,474 DEBUG [CRASH COMPLEXION_p011]          StemBuilder.java:1080 | [FAILED toString()]
2026-03-14 01:22:34,477 DEBUG [CRASH COMPLEXION_p011]          StemBuilder.java:167  | VLinker{beam#1968-Vlnk-BR-4} lengths:{0=34, 1=34, 2=34, 3=34, 4=34}
2026-03-14 01:22:34,480 DEBUG [CRASH COMPLEXION_p011]          StemBuilder.java:1080 | [FAILED toString()]
2026-03-14 01:22:34,485 DEBUG [CRASH COMPLEXION_p011]          StemBuilder.java:167  | VLinker{beam#1888-Vlnk-BL-1} lengths:{0=78, 1=78, 2=78, 3=78, 4=78}
2026-03-14 01:22:34,486 DEBUG [CRASH COMPLEXION_p011]          StemBuilder.java:1080 | [FAILED toString()]
2026-03-14 01:22:34,488 DEBUG [CRASH COMPLEXION_p011]          StemBuilder.java:167  | VLinker{beam#1888-Vlnk-BC-2} lengths:{0=87, 1=87, 2=87, 3=87, 4=87}
2026-03-14 01:22:34,490 DEBUG [CRASH COMPLEXION_p011]          StemBuilder.java:1080 | [FAILED toString()]
2026-03-14 01:22:34,492 DEBUG [CRASH COMPLEXION_p011]          StemBuilder.java:167  | VLinker{beam#1888-Vlnk-BC-3} lengths:{0=85, 1=85, 2=85, 3=85, 4=85}
2026-03-14 01:22:34,494 DEBUG [CRASH COMPLEXION_p011]          StemBuilder.java:1080 | [FAILED toString()]
2026-03-14 01:22:34,495 DEBUG [CRASH COMPLEXION_p011]          StemBuilder.java:167  | VLinker{beam#1888-Vlnk-BR-4} lengths:{0=82, 1=82, 2=82, 3=82, 4=82}
2026-03-14 01:22:34,497 DEBUG [CRASH COMPLEXION_p011]          StemBuilder.java:1080 | [FAILED toString()]
2026-03-14 01:22:34,499 DEBUG [CRASH COMPLEXION_p011]          StemBuilder.java:167  | VLinker{beam#1890-Vlnk-BL-1} lengths:{0=65, 1=65, 2=65, 3=65, 4=65}
2026-03-14 01:22:34,501 DEBUG [CRASH COMPLEXION_p011]          StemBuilder.java:1080 | [FAILED toString()]
2026-03-14 01:22:34,502 DEBUG [CRASH COMPLEXION_p011]          StemBuilder.java:167  | VLinker{beam#1890-Vlnk-BC-2} lengths:{0=75, 1=75, 2=75, 3=75, 4=75}
2026-03-14 01:22:34,504 DEBUG [CRASH COMPLEXION_p011]          StemBuilder.java:1080 | [FAILED toString()]
2026-03-14 01:22:34,510 DEBUG [CRASH COMPLEXION_p011]          StemBuilder.java:167  | VLinker{beam#1890-Vlnk-BC-3} lengths:{0=73, 1=73, 2=73, 3=73, 4=73}
2026-03-14 01:22:34,515 DEBUG [CRASH COMPLEXION_p011]          StemBuilder.java:1080 | [FAILED toString()]
2026-03-14 01:22:34,516 DEBUG [CRASH COMPLEXION_p011]          StemBuilder.java:167  | VLinker{beam#1890-Vlnk-BR-4} lengths:{0=70, 1=70, 2=70, 3=70, 4=70}
2026-03-14 01:22:34,518 DEBUG [CRASH COMPLEXION_p011]          StemBuilder.java:1080 | [FAILED toString()]
2026-03-14 01:22:34,521 DEBUG [CRASH COMPLEXION_p011]          StemBuilder.java:167  | VLinker{beam#1951-Vlnk-BL-1} lengths:{0=59, 1=59, 2=59, 3=59, 4=59}
2026-03-14 01:22:34,523 DEBUG [CRASH COMPLEXION_p011]          StemBuilder.java:1080 | [FAILED toString()]
2026-03-14 01:22:34,524 DEBUG [CRASH COMPLEXION_p011]          StemBuilder.java:167  | VLinker{beam#1951-Vlnk-BC-2} lengths:{0=72, 1=72, 2=72, 3=72, 4=72}
2026-03-14 01:22:34,526 DEBUG [CRASH COMPLEXION_p011]          StemBuilder.java:1080 | [FAILED toString()]
2026-03-14 01:22:34,528 DEBUG [CRASH COMPLEXION_p011]          StemBuilder.java:167  | VLinker{beam#1951-Vlnk-BC-3} lengths:{0=54, 1=54, 2=54, 3=54, 4=54}
2026-03-14 01:22:34,531 DEBUG [CRASH COMPLEXION_p011]          StemBuilder.java:1080 | [FAILED toString()]
2026-03-14 01:22:34,532 DEBUG [CRASH COMPLEXION_p011]          StemBuilder.java:167  | VLinker{beam#1951-Vlnk-BR-4} lengths:{0=73, 1=73, 2=73, 3=73, 4=73}
2026-03-14 01:22:34,534 DEBUG [CRASH COMPLEXION_p011]          StemBuilder.java:1080 | [FAILED toString()]
2026-03-14 01:22:34,536 DEBUG [CRASH COMPLEXION_p011]          StemBuilder.java:167  | VLinker{beam#1920-Vlnk-BL-1} lengths:{0=41, 1=41, 2=41, 3=109, 4=109}
2026-03-14 01:22:34,538 DEBUG [CRASH COMPLEXION_p011]          StemBuilder.java:1080 | [FAILED toString()]
2026-03-14 01:22:34,547 DEBUG [CRASH COMPLEXION_p011]          StemBuilder.java:167  | VLinker{beam#1920-Vlnk-BR-2} lengths:{0=41, 1=41, 2=67, 3=67, 4=67}
2026-03-14 01:22:34,549 DEBUG [CRASH COMPLEXION_p011]          StemBuilder.java:1080 | [FAILED toString()]
2026-03-14 01:22:34,551 DEBUG [CRASH COMPLEXION_p011]          StemBuilder.java:167  | VLinker{beam#1936-Vlnk-BL-1} lengths:{0=23, 1=23, 2=23, 3=23, 4=23}
2026-03-14 01:22:34,553 DEBUG [CRASH COMPLEXION_p011]          StemBuilder.java:1080 | [FAILED toString()]
2026-03-14 01:22:34,555 DEBUG [CRASH COMPLEXION_p011]          StemBuilder.java:167  | VLinker{beam#1936-Vlnk-BR-2} lengths:{0=22, 1=22, 2=48, 3=48, 4=48}
2026-03-14 01:22:34,557 DEBUG [CRASH COMPLEXION_p011]          StemBuilder.java:1080 | [FAILED toString()]
2026-03-14 01:22:34,622 DEBUG [CRASH COMPLEXION_p011]          StemBuilder.java:167  | VLinker{beam#1876-Vlnk-BL-1} lengths:{0=72, 1=72, 2=72, 3=72, 4=72}
2026-03-14 01:22:34,623 DEBUG [CRASH COMPLEXION_p011]          StemBuilder.java:1080 | [FAILED toString()]
2026-03-14 01:22:34,624 DEBUG [CRASH COMPLEXION_p011]          StemBuilder.java:167  | VLinker{beam#1876-Vlnk-BC-2} lengths:{0=84, 1=84, 2=84, 3=84, 4=84}
2026-03-14 01:22:34,626 DEBUG [CRASH COMPLEXION_p011]          StemBuilder.java:1080 | [FAILED toString()]
2026-03-14 01:22:34,628 DEBUG [CRASH COMPLEXION_p011]          StemBuilder.java:167  | VLinker{beam#1876-Vlnk-BC-3} lengths:{0=81, 1=81, 2=81, 3=81, 4=81}
2026-03-14 01:22:34,629 DEBUG [CRASH COMPLEXION_p011]          StemBuilder.java:1080 | [FAILED toString()]
2026-03-14 01:22:34,632 DEBUG [CRASH COMPLEXION_p011]          StemBuilder.java:167  | VLinker{beam#1876-Vlnk-BR-4} lengths:{0=75, 1=75, 2=75, 3=75, 4=75}
2026-03-14 01:22:34,635 DEBUG [CRASH COMPLEXION_p011]          StemBuilder.java:1080 | [FAILED toString()]
2026-03-14 01:22:34,638 DEBUG [CRASH COMPLEXION_p011]          StemBuilder.java:167  | VLinker{beam#1878-Vlnk-BL-1} lengths:{0=59, 1=59, 2=59, 3=59, 4=59}
2026-03-14 01:22:34,643 DEBUG [CRASH COMPLEXION_p011]          StemBuilder.java:1080 | [FAILED toString()]
2026-03-14 01:22:34,657 DEBUG [CRASH COMPLEXION_p011]          StemBuilder.java:167  | VLinker{beam#1878-Vlnk-BC-2} lengths:{0=71, 1=71, 2=71, 3=71, 4=71}
2026-03-14 01:22:34,660 DEBUG [CRASH COMPLEXION_p011]          StemBuilder.java:1080 | [FAILED toString()]
2026-03-14 01:22:34,694 DEBUG [CRASH COMPLEXION_p011]          StemBuilder.java:167  | VLinker{beam#1878-Vlnk-BC-3} lengths:{0=68, 1=68, 2=68, 3=68, 4=68}
2026-03-14 01:22:34,699 DEBUG [CRASH COMPLEXION_p011]          StemBuilder.java:1080 | [FAILED toString()]
2026-03-14 01:22:34,705 DEBUG [CRASH COMPLEXION_p011]          StemBuilder.java:167  | VLinker{beam#1878-Vlnk-BR-4} lengths:{0=62, 1=62, 2=62, 3=62, 4=62}
2026-03-14 01:22:34,707 DEBUG [CRASH COMPLEXION_p011]          StemBuilder.java:1080 | [FAILED toString()]
2026-03-14 01:22:34,710 DEBUG [CRASH COMPLEXION_p011]          StemBuilder.java:167  | VLinker{beam#1865-Vlnk-TL-1} lengths:{0=0, 1=0, 2=0, 3=0, 4=0}
2026-03-14 01:22:34,712 DEBUG [CRASH COMPLEXION_p011]          StemBuilder.java:1080 | [FAILED toString()]
2026-03-14 01:22:34,713 DEBUG [CRASH COMPLEXION_p011]          StemBuilder.java:167  | VLinker{beam#1865-Vlnk-BL-1} lengths:{0=1, 1=1, 2=1, 3=1, 4=1}
2026-03-14 01:22:34,715 DEBUG [CRASH COMPLEXION_p011]          StemBuilder.java:1080 | [FAILED toString()]
2026-03-14 01:22:34,716 DEBUG [CRASH COMPLEXION_p011]          StemBuilder.java:167  | VLinker{beam#1865-Vlnk-TR-2} lengths:{0=0, 1=0, 2=0, 3=0, 4=0}
2026-03-14 01:22:34,718 DEBUG [CRASH COMPLEXION_p011]          StemBuilder.java:1080 | [FAILED toString()]
2026-03-14 01:22:34,720 DEBUG [CRASH COMPLEXION_p011]          StemBuilder.java:167  | VLinker{beam#1865-Vlnk-BR-2} lengths:{0=1, 1=1, 2=1, 3=1, 4=1}
2026-03-14 01:22:34,721 DEBUG [CRASH COMPLEXION_p011]          StemBuilder.java:1080 | [FAILED toString()]
2026-03-14 01:22:34,723 DEBUG [CRASH COMPLEXION_p011]          StemBuilder.java:167  | VLinker{beam#1867-Vlnk-TL-1} lengths:{0=0, 1=0, 2=0, 3=0, 4=0}
2026-03-14 01:22:34,725 DEBUG [CRASH COMPLEXION_p011]          StemBuilder.java:1080 | [FAILED toString()]
2026-03-14 01:22:34,729 DEBUG [CRASH COMPLEXION_p011]          StemBuilder.java:167  | VLinker{beam#1867-Vlnk-BL-1} lengths:{0=1, 1=1, 2=1, 3=1, 4=1}
2026-03-14 01:22:34,731 DEBUG [CRASH COMPLEXION_p011]          StemBuilder.java:1080 | [FAILED toString()]
2026-03-14 01:22:34,735 DEBUG [CRASH COMPLEXION_p011]          StemBuilder.java:167  | VLinker{beam#1867-Vlnk-TR-2} lengths:{0=0, 1=0, 2=0, 3=0, 4=0}
2026-03-14 01:22:34,737 DEBUG [CRASH COMPLEXION_p011]          StemBuilder.java:1080 | [FAILED toString()]
2026-03-14 01:22:34,742 DEBUG [CRASH COMPLEXION_p011]          StemBuilder.java:167  | VLinker{beam#1867-Vlnk-BR-2} lengths:{0=1, 1=1, 2=1, 3=1, 4=1}
2026-03-14 01:22:34,743 DEBUG [CRASH COMPLEXION_p011]          StemBuilder.java:1080 | [FAILED toString()]
2026-03-14 01:22:34,745 DEBUG [CRASH COMPLEXION_p011]          StemBuilder.java:167  | VLinker{beam#1850-Vlnk-TL-1} lengths:{0=0, 1=0, 2=0, 3=0, 4=0}
2026-03-14 01:22:34,747 DEBUG [CRASH COMPLEXION_p011]          StemBuilder.java:1080 | [FAILED toString()]
2026-03-14 01:22:34,748 DEBUG [CRASH COMPLEXION_p011]          StemBuilder.java:167  | VLinker{beam#1850-Vlnk-BL-1} lengths:{0=1, 1=1, 2=1, 3=1, 4=1}
2026-03-14 01:22:34,750 DEBUG [CRASH COMPLEXION_p011]          StemBuilder.java:1080 | [FAILED toString()]
2026-03-14 01:22:34,751 DEBUG [CRASH COMPLEXION_p011]          StemBuilder.java:167  | VLinker{beam#1850-Vlnk-TR-2} lengths:{0=0, 1=0, 2=0, 3=0, 4=0}
2026-03-14 01:22:34,753 DEBUG [CRASH COMPLEXION_p011]          StemBuilder.java:1080 | [FAILED toString()]
2026-03-14 01:22:34,755 DEBUG [CRASH COMPLEXION_p011]          StemBuilder.java:167  | VLinker{beam#1850-Vlnk-BR-2} lengths:{0=1, 1=1, 2=1, 3=1, 4=1}
2026-03-14 01:22:34,756 DEBUG [CRASH COMPLEXION_p011]          StemBuilder.java:1080 | [FAILED toString()]
2026-03-14 01:22:34,761 DEBUG [CRASH COMPLEXION_p011]          StemBuilder.java:167  | VLinker{beam#1852-Vlnk-TL-1} lengths:{0=0, 1=0, 2=0, 3=0, 4=0}
2026-03-14 01:22:34,765 DEBUG [CRASH COMPLEXION_p011]          StemBuilder.java:1080 | [FAILED toString()]
2026-03-14 01:22:34,767 DEBUG [CRASH COMPLEXION_p011]          StemBuilder.java:167  | VLinker{beam#1852-Vlnk-BL-1} lengths:{0=1, 1=1, 2=1, 3=1, 4=1}
2026-03-14 01:22:34,772 DEBUG [CRASH COMPLEXION_p011]          StemBuilder.java:1080 | [FAILED toString()]
2026-03-14 01:22:34,774 DEBUG [CRASH COMPLEXION_p011]          StemBuilder.java:167  | VLinker{beam#1852-Vlnk-TR-2} lengths:{0=0, 1=0, 2=0, 3=0, 4=0}
2026-03-14 01:22:34,775 DEBUG [CRASH COMPLEXION_p011]          StemBuilder.java:1080 | [FAILED toString()]
2026-03-14 01:22:34,776 DEBUG [CRASH COMPLEXION_p011]          StemBuilder.java:167  | VLinker{beam#1852-Vlnk-BR-2} lengths:{0=1, 1=1, 2=1, 3=1, 4=1}
2026-03-14 01:22:34,778 DEBUG [CRASH COMPLEXION_p011]          StemBuilder.java:1080 | [FAILED toString()]
2026-03-14 01:22:34,779 DEBUG [CRASH COMPLEXION_p011]          StemBuilder.java:167  | VLinker{beam#1906-Vlnk-BL-1} lengths:{0=59, 1=59, 2=86, 3=86, 4=86}
2026-03-14 01:22:34,781 DEBUG [CRASH COMPLEXION_p011]          StemBuilder.java:1080 | [FAILED toString()]
2026-03-14 01:22:34,782 DEBUG [CRASH COMPLEXION_p011]          StemBuilder.java:167  | VLinker{beam#1906-Vlnk-BR-2} lengths:{0=22, 1=22, 2=22, 3=68, 4=68}
2026-03-14 01:22:34,784 DEBUG [CRASH COMPLEXION_p011]          StemBuilder.java:1080 | [FAILED toString()]
2026-03-14 01:22:34,786 DEBUG [CRASH COMPLEXION_p011]          StemBuilder.java:167  | VLinker{beam#1904-Vlnk-BL-1} lengths:{0=77, 1=77, 2=104, 3=104, 4=104}
2026-03-14 01:22:34,790 DEBUG [CRASH COMPLEXION_p011]          StemBuilder.java:1080 | [FAILED toString()]
2026-03-14 01:22:34,796 DEBUG [CRASH COMPLEXION_p011]          StemBuilder.java:167  | VLinker{beam#1904-Vlnk-BR-2} lengths:{0=40, 1=40, 2=40, 3=86, 4=86}
2026-03-14 01:22:34,798 DEBUG [CRASH COMPLEXION_p011]          StemBuilder.java:1080 | [FAILED toString()]
2026-03-14 01:22:34,800 DEBUG [CRASH COMPLEXION_p011]          StemBuilder.java:167  | VLinker{beam#2005-Vlnk-BL-1} lengths:{0=40, 1=40, 2=40, 3=40, 4=40}
2026-03-14 01:22:34,804 DEBUG [CRASH COMPLEXION_p011]          StemBuilder.java:1080 | [FAILED toString()]
2026-03-14 01:22:34,806 DEBUG [CRASH COMPLEXION_p011]          StemBuilder.java:167  | VLinker{beam#2005-Vlnk-BC-2} lengths:{0=41, 1=41, 2=41, 3=41, 4=41}
2026-03-14 01:22:34,808 DEBUG [CRASH COMPLEXION_p011]          StemBuilder.java:1080 | [FAILED toString()]
2026-03-14 01:22:34,809 DEBUG [CRASH COMPLEXION_p011]          StemBuilder.java:167  | VLinker{beam#2005-Vlnk-BC-3} lengths:{0=36, 1=36, 2=36, 3=36, 4=36}
2026-03-14 01:22:34,810 DEBUG [CRASH COMPLEXION_p011]          StemBuilder.java:1080 | [FAILED toString()]
2026-03-14 01:22:34,811 DEBUG [CRASH COMPLEXION_p011]          StemBuilder.java:167  | VLinker{beam#2005-Vlnk-BR-4} lengths:{0=68, 1=68, 2=68, 3=68, 4=68}
2026-03-14 01:22:34,812 DEBUG [CRASH COMPLEXION_p011]          StemBuilder.java:1080 | [FAILED toString()]
2026-03-14 01:22:34,813 DEBUG [CRASH COMPLEXION_p011]          StemBuilder.java:167  | VLinker{beam#2023-Vlnk-BL-1} lengths:{0=28, 1=28, 2=28, 3=28, 4=28}
2026-03-14 01:22:34,814 DEBUG [CRASH COMPLEXION_p011]          StemBuilder.java:1080 | [FAILED toString()]
2026-03-14 01:22:34,815 DEBUG [CRASH COMPLEXION_p011]          StemBuilder.java:167  | VLinker{beam#2023-Vlnk-BC-2} lengths:{0=29, 1=29, 2=29, 3=29, 4=29}
2026-03-14 01:22:34,816 DEBUG [CRASH COMPLEXION_p011]          StemBuilder.java:1080 | [FAILED toString()]
2026-03-14 01:22:34,817 DEBUG [CRASH COMPLEXION_p011]          StemBuilder.java:167  | VLinker{beam#2023-Vlnk-BC-3} lengths:{0=24, 1=24, 2=24, 3=24, 4=24}
2026-03-14 01:22:34,818 DEBUG [CRASH COMPLEXION_p011]          StemBuilder.java:1080 | [FAILED toString()]
2026-03-14 01:22:34,819 DEBUG [CRASH COMPLEXION_p011]          StemBuilder.java:167  | VLinker{beam#2023-Vlnk-BR-4} lengths:{0=56, 1=56, 2=56, 3=56, 4=56}
2026-03-14 01:22:34,824 DEBUG [CRASH COMPLEXION_p011]          StemBuilder.java:1080 | [FAILED toString()]
2026-03-14 01:22:34,829 DEBUG [CRASH COMPLEXION_p011]          StemBuilder.java:167  | VLinker{beam#1959-Vlnk-BL-1} lengths:{0=50, 1=50, 2=50, 3=50, 4=50}
2026-03-14 01:22:34,831 DEBUG [CRASH COMPLEXION_p011]          StemBuilder.java:1080 | [FAILED toString()]
2026-03-14 01:22:34,834 DEBUG [CRASH COMPLEXION_p011]          StemBuilder.java:167  | VLinker{beam#1959-Vlnk-BC-2} lengths:{0=50, 1=50, 2=74, 3=74, 4=74}
2026-03-14 01:22:34,836 DEBUG [CRASH COMPLEXION_p011]          StemBuilder.java:1080 | [FAILED toString()]
2026-03-14 01:22:34,837 DEBUG [CRASH COMPLEXION_p011]          StemBuilder.java:167  | VLinker{beam#1959-Vlnk-BR-3} lengths:{0=33, 1=56, 2=56, 3=56, 4=56}
2026-03-14 01:22:34,839 DEBUG [CRASH COMPLEXION_p011]          StemBuilder.java:1080 | [FAILED toString()]
2026-03-14 01:22:34,840 DEBUG [CRASH COMPLEXION_p011]          StemBuilder.java:167  | VLinker{beam#2039-Vlnk-BL-1} lengths:{0=35, 1=35, 2=35, 3=35, 4=35}
2026-03-14 01:22:34,841 DEBUG [CRASH COMPLEXION_p011]          StemBuilder.java:1080 | [FAILED toString()]
2026-03-14 01:22:34,842 DEBUG [CRASH COMPLEXION_p011]          StemBuilder.java:167  | VLinker{beam#2039-Vlnk-TR-2} lengths:{0=0, 1=0, 2=0, 3=69, 4=69}
2026-03-14 01:22:34,843 DEBUG [CRASH COMPLEXION_p011]          StemBuilder.java:1080 | [FAILED toString()]
2026-03-14 01:22:34,844 DEBUG [CRASH COMPLEXION_p011]          StemBuilder.java:167  | VLinker{beam#2039-Vlnk-BR-2} lengths:{0=0, 1=0, 2=0, 3=0, 4=0}
2026-03-14 01:22:34,846 DEBUG [CRASH COMPLEXION_p011]          StemBuilder.java:1080 | [FAILED toString()]
2026-03-14 01:22:34,847 DEBUG [CRASH COMPLEXION_p011]          StemBuilder.java:167  | VLinker{beam#1940-Vlnk-BL-1} lengths:{0=64, 1=64, 2=64, 3=64, 4=64}
2026-03-14 01:22:34,849 DEBUG [CRASH COMPLEXION_p011]          StemBuilder.java:1080 | [FAILED toString()]
2026-03-14 01:22:34,853 DEBUG [CRASH COMPLEXION_p011]          StemBuilder.java:167  | VLinker{beam#1940-Vlnk-BC-2} lengths:{0=84, 1=84, 2=84, 3=84, 4=84}
2026-03-14 01:22:34,855 DEBUG [CRASH COMPLEXION_p011]          StemBuilder.java:1080 | [FAILED toString()]
2026-03-14 01:22:34,867 DEBUG [CRASH COMPLEXION_p011]          StemBuilder.java:167  | VLinker{beam#1940-Vlnk-BR-3} lengths:{0=50, 1=50, 2=50, 3=50, 4=50}
2026-03-14 01:22:34,869 DEBUG [CRASH COMPLEXION_p011]          StemBuilder.java:1080 | [FAILED toString()]
2026-03-14 01:22:34,870 DEBUG [CRASH COMPLEXION_p011]          StemBuilder.java:167  | VLinker{beam#2037-Vlnk-BL-1} lengths:{0=49, 1=49, 2=49, 3=49, 4=49}
2026-03-14 01:22:34,872 DEBUG [CRASH COMPLEXION_p011]          StemBuilder.java:1080 | [FAILED toString()]
2026-03-14 01:22:34,872 DEBUG [CRASH COMPLEXION_p011]          StemBuilder.java:167  | VLinker{beam#2037-Vlnk-TR-2} lengths:{0=0, 1=0, 2=0, 3=44, 4=44}
2026-03-14 01:22:34,874 DEBUG [CRASH COMPLEXION_p011]          StemBuilder.java:1080 | [FAILED toString()]
2026-03-14 01:22:34,876 DEBUG [CRASH COMPLEXION_p011]          StemBuilder.java:167  | VLinker{beam#2037-Vlnk-BR-2} lengths:{0=1, 1=1, 2=1, 3=1, 4=1}
2026-03-14 01:22:34,878 DEBUG [CRASH COMPLEXION_p011]          StemBuilder.java:1080 | [FAILED toString()]
2026-03-14 01:22:34,879 DEBUG [CRASH COMPLEXION_p011]          StemBuilder.java:167  | VLinker{beam#1868-Vlnk-BL-1} lengths:{0=109, 1=109, 2=109, 3=109, 4=109}
2026-03-14 01:22:34,880 DEBUG [CRASH COMPLEXION_p011]          StemBuilder.java:1080 | [FAILED toString()]
2026-03-14 01:22:34,881 DEBUG [CRASH COMPLEXION_p011]          StemBuilder.java:167  | VLinker{beam#1868-Vlnk-BC-2} lengths:{0=121, 1=121, 2=121, 3=121, 4=121}
2026-03-14 01:22:34,883 DEBUG [CRASH COMPLEXION_p011]          StemBuilder.java:1080 | [FAILED toString()]
2026-03-14 01:22:34,884 DEBUG [CRASH COMPLEXION_p011]          StemBuilder.java:167  | VLinker{beam#1868-Vlnk-BC-3} lengths:{0=119, 1=119, 2=119, 3=119, 4=119}
2026-03-14 01:22:34,885 DEBUG [CRASH COMPLEXION_p011]          StemBuilder.java:1080 | [FAILED toString()]
2026-03-14 01:22:34,889 DEBUG [CRASH COMPLEXION_p011]          StemBuilder.java:167  | VLinker{beam#1868-Vlnk-BR-4} lengths:{0=75, 1=75, 2=75, 3=75, 4=75}
2026-03-14 01:22:34,890 DEBUG [CRASH COMPLEXION_p011]          StemBuilder.java:1080 | [FAILED toString()]
2026-03-14 01:22:34,890 DEBUG [CRASH COMPLEXION_p011]          StemBuilder.java:167  | VLinker{beam#1870-Vlnk-BL-1} lengths:{0=96, 1=96, 2=96, 3=96, 4=96}
2026-03-14 01:22:34,891 DEBUG [CRASH COMPLEXION_p011]          StemBuilder.java:1080 | [FAILED toString()]
2026-03-14 01:22:34,892 DEBUG [CRASH COMPLEXION_p011]          StemBuilder.java:167  | VLinker{beam#1870-Vlnk-BC-2} lengths:{0=108, 1=108, 2=108, 3=108, 4=108}
2026-03-14 01:22:34,894 DEBUG [CRASH COMPLEXION_p011]          StemBuilder.java:1080 | [FAILED toString()]
2026-03-14 01:22:34,894 DEBUG [CRASH COMPLEXION_p011]          StemBuilder.java:167  | VLinker{beam#1870-Vlnk-BC-3} lengths:{0=106, 1=106, 2=106, 3=106, 4=106}
2026-03-14 01:22:34,896 DEBUG [CRASH COMPLEXION_p011]          StemBuilder.java:1080 | [FAILED toString()]
2026-03-14 01:22:34,896 DEBUG [CRASH COMPLEXION_p011]          StemBuilder.java:167  | VLinker{beam#1870-Vlnk-BR-4} lengths:{0=62, 1=62, 2=62, 3=62, 4=62}
2026-03-14 01:22:34,898 DEBUG [CRASH COMPLEXION_p011]          StemBuilder.java:1080 | [FAILED toString()]
2026-03-14 01:22:34,900 DEBUG [CRASH COMPLEXION_p011]          StemBuilder.java:167  | VLinker{beam#1966-Vlnk-BR-1} lengths:{0=18, 1=41, 2=41, 3=41, 4=41}
2026-03-14 01:22:34,901 DEBUG [CRASH COMPLEXION_p011]          StemBuilder.java:1080 | [FAILED toString()]
2026-03-14 01:22:34,901 DEBUG [CRASH COMPLEXION_p011]          StemBuilder.java:167  | VLinker{beam#1966-Vlnk-TL-2} lengths:{0=0, 1=0, 2=0, 3=19, 4=19}
2026-03-14 01:22:34,903 DEBUG [CRASH COMPLEXION_p011]          StemBuilder.java:1080 | [FAILED toString()]
2026-03-14 01:22:34,903 DEBUG [CRASH COMPLEXION_p011]          StemBuilder.java:167  | VLinker{beam#1966-Vlnk-BL-2} lengths:{0=0, 1=0, 2=0, 3=0, 4=0}
2026-03-14 01:22:34,905 DEBUG [CRASH COMPLEXION_p011]          StemBuilder.java:1080 | [FAILED toString()]
2026-03-14 01:22:34,905 DEBUG [CRASH COMPLEXION_p011]          StemBuilder.java:167  | VLinker{beam#1967-Vlnk-BR-1} lengths:{0=18, 1=41, 2=41, 3=41, 4=41}
2026-03-14 01:22:34,906 DEBUG [CRASH COMPLEXION_p011]          StemBuilder.java:1080 | [FAILED toString()]
2026-03-14 01:22:34,907 DEBUG [CRASH COMPLEXION_p011]          StemBuilder.java:167  | VLinker{beam#1967-Vlnk-TL-2} lengths:{0=0, 1=0, 2=0, 3=19, 4=19}
2026-03-14 01:22:34,908 DEBUG [CRASH COMPLEXION_p011]          StemBuilder.java:1080 | [FAILED toString()]
2026-03-14 01:22:34,909 DEBUG [CRASH COMPLEXION_p011]          StemBuilder.java:167  | VLinker{beam#1967-Vlnk-BL-2} lengths:{0=0, 1=0, 2=0, 3=0, 4=0}
2026-03-14 01:22:34,910 DEBUG [CRASH COMPLEXION_p011]          StemBuilder.java:1080 | [FAILED toString()]
2026-03-14 01:22:34,912 DEBUG [CRASH COMPLEXION_p011]          StemBuilder.java:167  | VLinker{beam#1981-Vlnk-BL-1} lengths:{0=43, 1=43, 2=43, 3=43, 4=43}
2026-03-14 01:22:34,913 DEBUG [CRASH COMPLEXION_p011]          StemBuilder.java:1080 | [FAILED toString()]
2026-03-14 01:22:34,917 DEBUG [CRASH COMPLEXION_p011]          StemBuilder.java:167  | VLinker{beam#1981-Vlnk-BC-2} lengths:{0=43, 1=43, 2=43, 3=43, 4=43}
2026-03-14 01:22:34,921 DEBUG [CRASH COMPLEXION_p011]          StemBuilder.java:1080 | [FAILED toString()]
2026-03-14 01:22:34,923 DEBUG [CRASH COMPLEXION_p011]          StemBuilder.java:167  | VLinker{beam#1981-Vlnk-BC-3} lengths:{0=43, 1=43, 2=43, 3=43, 4=43}
2026-03-14 01:22:34,924 DEBUG [CRASH COMPLEXION_p011]          StemBuilder.java:1080 | [FAILED toString()]
2026-03-14 01:22:34,925 DEBUG [CRASH COMPLEXION_p011]          StemBuilder.java:167  | VLinker{beam#1981-Vlnk-BR-4} lengths:{0=36, 1=36, 2=36, 3=36, 4=36}
2026-03-14 01:22:34,926 DEBUG [CRASH COMPLEXION_p011]          StemBuilder.java:1080 | [FAILED toString()]
2026-03-14 01:22:34,930 DEBUG [CRASH COMPLEXION_p011]          StemBuilder.java:167  | VLinker{beam#2017-Vlnk-BL-1} lengths:{0=30, 1=30, 2=30, 3=30, 4=30}
2026-03-14 01:22:34,931 DEBUG [CRASH COMPLEXION_p011]          StemBuilder.java:1080 | [FAILED toString()]
2026-03-14 01:22:34,932 DEBUG [CRASH COMPLEXION_p011]          StemBuilder.java:167  | VLinker{beam#2017-Vlnk-BC-2} lengths:{0=30, 1=30, 2=30, 3=30, 4=30}
2026-03-14 01:22:34,934 DEBUG [CRASH COMPLEXION_p011]          StemBuilder.java:1080 | [FAILED toString()]
2026-03-14 01:22:34,943 DEBUG [CRASH COMPLEXION_p011]          StemBuilder.java:167  | VLinker{beam#2017-Vlnk-BC-3} lengths:{0=30, 1=30, 2=30, 3=30, 4=30}
2026-03-14 01:22:34,947 DEBUG [CRASH COMPLEXION_p011]          StemBuilder.java:1080 | [FAILED toString()]
2026-03-14 01:22:34,950 DEBUG [CRASH COMPLEXION_p011]          StemBuilder.java:167  | VLinker{beam#2017-Vlnk-BR-4} lengths:{0=23, 1=23, 2=23, 3=23, 4=23}
2026-03-14 01:22:34,954 DEBUG [CRASH COMPLEXION_p011]          StemBuilder.java:1080 | [FAILED toString()]
2026-03-14 01:22:34,954 DEBUG [CRASH COMPLEXION_p011]          StemBuilder.java:167  | VLinker{beam#1908-Vlnk-BL-1} lengths:{0=45, 1=67, 2=67, 3=67, 4=67}
2026-03-14 01:22:34,959 DEBUG [CRASH COMPLEXION_p011]          StemBuilder.java:1080 | [FAILED toString()]
2026-03-14 01:22:34,960 DEBUG [CRASH COMPLEXION_p011]          StemBuilder.java:167  | VLinker{beam#1908-Vlnk-BR-2} lengths:{0=41, 1=41, 2=41, 3=41, 4=41}
2026-03-14 01:22:34,962 DEBUG [CRASH COMPLEXION_p011]          StemBuilder.java:1080 | [FAILED toString()]
2026-03-14 01:22:34,963 DEBUG [CRASH COMPLEXION_p011]          StemBuilder.java:167  | VLinker{beam#1910-Vlnk-BL-1} lengths:{0=45, 1=67, 2=67, 3=67, 4=67}
2026-03-14 01:22:34,965 DEBUG [CRASH COMPLEXION_p011]          StemBuilder.java:1080 | [FAILED toString()]
2026-03-14 01:22:34,966 DEBUG [CRASH COMPLEXION_p011]          StemBuilder.java:167  | VLinker{beam#1910-Vlnk-BR-2} lengths:{0=41, 1=41, 2=41, 3=41, 4=41}
2026-03-14 01:22:34,967 DEBUG [CRASH COMPLEXION_p011]          StemBuilder.java:1080 | [FAILED toString()]
2026-03-14 01:22:34,968 DEBUG [CRASH COMPLEXION_p011]          StemBuilder.java:167  | VLinker{beam#1924-Vlnk-BL-1} lengths:{0=27, 1=49, 2=49, 3=49, 4=49}
2026-03-14 01:22:34,969 DEBUG [CRASH COMPLEXION_p011]          StemBuilder.java:1080 | [FAILED toString()]
2026-03-14 01:22:34,970 DEBUG [CRASH COMPLEXION_p011]          StemBuilder.java:167  | VLinker{beam#1924-Vlnk-BR-2} lengths:{0=23, 1=23, 2=23, 3=23, 4=23}
2026-03-14 01:22:34,971 DEBUG [CRASH COMPLEXION_p011]          StemBuilder.java:1080 | [FAILED toString()]
2026-03-14 01:22:34,972 DEBUG [CRASH COMPLEXION_p011]          StemBuilder.java:167  | VLinker{beam#1926-Vlnk-BL-1} lengths:{0=27, 1=49, 2=49, 3=49, 4=49}
2026-03-14 01:22:34,973 DEBUG [CRASH COMPLEXION_p011]          StemBuilder.java:1080 | [FAILED toString()]
2026-03-14 01:22:34,974 DEBUG [CRASH COMPLEXION_p011]          StemBuilder.java:167  | VLinker{beam#1926-Vlnk-BR-2} lengths:{0=23, 1=23, 2=23, 3=23, 4=23}
2026-03-14 01:22:34,976 DEBUG [CRASH COMPLEXION_p011]          StemBuilder.java:1080 | [FAILED toString()]
2026-03-14 01:22:34,978 DEBUG [CRASH COMPLEXION_p011]          StemBuilder.java:167  | VLinker{beam#1897-Vlnk-BL-1} lengths:{0=82, 1=82, 2=82, 3=82, 4=82}
2026-03-14 01:22:34,980 DEBUG [CRASH COMPLEXION_p011]          StemBuilder.java:1080 | [FAILED toString()]
2026-03-14 01:22:34,983 DEBUG [CRASH COMPLEXION_p011]          StemBuilder.java:167  | VLinker{beam#1897-Vlnk-BR-2} lengths:{0=81, 1=81, 2=81, 3=81, 4=81}
2026-03-14 01:22:34,984 DEBUG [CRASH COMPLEXION_p011]          StemBuilder.java:1080 | [FAILED toString()]
2026-03-14 01:22:34,984 DEBUG [CRASH COMPLEXION_p011]          StemBuilder.java:167  | VLinker{beam#1900-Vlnk-BL-1} lengths:{0=70, 1=70, 2=70, 3=70, 4=70}
2026-03-14 01:22:34,986 DEBUG [CRASH COMPLEXION_p011]          StemBuilder.java:1080 | [FAILED toString()]
2026-03-14 01:22:34,987 DEBUG [CRASH COMPLEXION_p011]          StemBuilder.java:167  | VLinker{beam#1900-Vlnk-BR-2} lengths:{0=69, 1=69, 2=69, 3=69, 4=69}
2026-03-14 01:22:34,990 DEBUG [CRASH COMPLEXION_p011]          StemBuilder.java:1080 | [FAILED toString()]
2026-03-14 01:22:34,991 DEBUG [CRASH COMPLEXION_p011]          StemBuilder.java:167  | VLinker{beam#1955-Vlnk-BL-1} lengths:{0=59, 1=59, 2=59, 3=59, 4=59}
2026-03-14 01:22:34,993 DEBUG [CRASH COMPLEXION_p011]          StemBuilder.java:1080 | [FAILED toString()]
2026-03-14 01:22:34,994 DEBUG [CRASH COMPLEXION_p011]          StemBuilder.java:167  | VLinker{beam#1955-Vlnk-BR-2} lengths:{0=59, 1=59, 2=59, 3=59, 4=59}
2026-03-14 01:22:34,995 DEBUG [CRASH COMPLEXION_p011]          StemBuilder.java:1080 | [FAILED toString()]
2026-03-14 01:22:34,995 DEBUG [CRASH COMPLEXION_p011]          StemBuilder.java:167  | VLinker{beam#1958-Vlnk-BL-1} lengths:{0=45, 1=45, 2=45, 3=45, 4=45}
2026-03-14 01:22:34,996 DEBUG [CRASH COMPLEXION_p011]          StemBuilder.java:1080 | [FAILED toString()]
2026-03-14 01:22:34,997 DEBUG [CRASH COMPLEXION_p011]          StemBuilder.java:167  | VLinker{beam#1958-Vlnk-BR-2} lengths:{0=45, 1=45, 2=45, 3=45, 4=45}
2026-03-14 01:22:34,998 DEBUG [CRASH COMPLEXION_p011]          StemBuilder.java:1080 | [FAILED toString()]
2026-03-14 01:22:34,999 DEBUG [CRASH COMPLEXION_p011]          StemBuilder.java:167  | VLinker{beam#1974-Vlnk-BL-1} lengths:{0=22, 1=22, 2=46, 3=80, 4=80}
2026-03-14 01:22:35,000 DEBUG [CRASH COMPLEXION_p011]          StemBuilder.java:1080 | [FAILED toString()]
2026-03-14 01:22:35,001 DEBUG [CRASH COMPLEXION_p011]          StemBuilder.java:167  | VLinker{beam#1974-Vlnk-BR-2} lengths:{0=21, 1=21, 2=46, 3=46, 4=46}
2026-03-14 01:22:35,003 DEBUG [CRASH COMPLEXION_p011]          StemBuilder.java:1080 | [FAILED toString()]
2026-03-14 01:22:35,003 DEBUG [CRASH COMPLEXION_p011]          StemBuilder.java:167  | VLinker{beam#1976-Vlnk-BL-1} lengths:{0=22, 1=22, 2=46, 3=80, 4=80}
2026-03-14 01:22:35,005 DEBUG [CRASH COMPLEXION_p011]          StemBuilder.java:1080 | [FAILED toString()]
2026-03-14 01:22:35,010 DEBUG [CRASH COMPLEXION_p011]          StemBuilder.java:167  | VLinker{beam#1976-Vlnk-BR-2} lengths:{0=21, 1=21, 2=46, 3=46, 4=46}
2026-03-14 01:22:35,011 DEBUG [CRASH COMPLEXION_p011]          StemBuilder.java:1080 | [FAILED toString()]
2026-03-14 01:22:35,015 DEBUG [CRASH COMPLEXION_p011]          StemBuilder.java:167  | VLinker{beam#1961-Vlnk-BL-1} lengths:{0=40, 1=40, 2=64, 3=98, 4=98}
2026-03-14 01:22:35,016 DEBUG [CRASH COMPLEXION_p011]          StemBuilder.java:1080 | [FAILED toString()]
2026-03-14 01:22:35,017 DEBUG [CRASH COMPLEXION_p011]          StemBuilder.java:167  | VLinker{beam#1961-Vlnk-BR-2} lengths:{0=38, 1=38, 2=63, 3=63, 4=63}
2026-03-14 01:22:35,018 DEBUG [CRASH COMPLEXION_p011]          StemBuilder.java:1080 | [FAILED toString()]
2026-03-14 01:22:35,019 DEBUG [CRASH COMPLEXION_p011]          StemBuilder.java:167  | VLinker{beam#1963-Vlnk-BL-1} lengths:{0=40, 1=40, 2=64, 3=98, 4=98}
2026-03-14 01:22:35,020 DEBUG [CRASH COMPLEXION_p011]          StemBuilder.java:1080 | [FAILED toString()]
2026-03-14 01:22:35,020 DEBUG [CRASH COMPLEXION_p011]          StemBuilder.java:167  | VLinker{beam#1963-Vlnk-BR-2} lengths:{0=38, 1=38, 2=63, 3=63, 4=63}
2026-03-14 01:22:35,022 DEBUG [CRASH COMPLEXION_p011]          StemBuilder.java:1080 | [FAILED toString()]
2026-03-14 01:22:35,023 DEBUG [CRASH COMPLEXION_p011]          StemBuilder.java:167  | VLinker{beam#1911-Vlnk-BL-1} lengths:{0=41, 1=41, 2=69, 3=69, 4=69}
2026-03-14 01:22:35,024 DEBUG [CRASH COMPLEXION_p011]          StemBuilder.java:1080 | [FAILED toString()]
2026-03-14 01:22:35,025 DEBUG [CRASH COMPLEXION_p011]          StemBuilder.java:167  | VLinker{beam#1911-Vlnk-BR-2} lengths:{0=42, 1=64, 2=64, 3=64, 4=64}
2026-03-14 01:22:35,026 DEBUG [CRASH COMPLEXION_p011]          StemBuilder.java:1080 | [FAILED toString()]
2026-03-14 01:22:35,028 DEBUG [CRASH COMPLEXION_p011]          StemBuilder.java:167  | VLinker{beam#1927-Vlnk-BL-1} lengths:{0=23, 1=23, 2=51, 3=51, 4=51}
2026-03-14 01:22:35,029 DEBUG [CRASH COMPLEXION_p011]          StemBuilder.java:1080 | [FAILED toString()]
2026-03-14 01:22:35,031 DEBUG [CRASH COMPLEXION_p011]          StemBuilder.java:167  | VLinker{beam#1927-Vlnk-BR-2} lengths:{0=24, 1=46, 2=46, 3=46, 4=46}
2026-03-14 01:22:35,032 DEBUG [CRASH COMPLEXION_p011]          StemBuilder.java:1080 | [FAILED toString()]
2026-03-14 01:22:35,033 DEBUG [CRASH COMPLEXION_p011]          StemBuilder.java:167  | VLinker{beam#1872-Vlnk-BL-1} lengths:{0=75, 1=75, 2=75, 3=75, 4=75}
2026-03-14 01:22:35,034 DEBUG [CRASH COMPLEXION_p011]          StemBuilder.java:1080 | [FAILED toString()]
2026-03-14 01:22:35,036 DEBUG [CRASH COMPLEXION_p011]          StemBuilder.java:167  | VLinker{beam#1872-Vlnk-BC-2} lengths:{0=82, 1=82, 2=82, 3=82, 4=82}
2026-03-14 01:22:35,037 DEBUG [CRASH COMPLEXION_p011]          StemBuilder.java:1080 | [FAILED toString()]
2026-03-14 01:22:35,041 DEBUG [CRASH COMPLEXION_p011]          StemBuilder.java:167  | VLinker{beam#1872-Vlnk-BC-3} lengths:{0=83, 1=83, 2=83, 3=83, 4=83}
2026-03-14 01:22:35,043 DEBUG [CRASH COMPLEXION_p011]          StemBuilder.java:1080 | [FAILED toString()]
2026-03-14 01:22:35,047 DEBUG [CRASH COMPLEXION_p011]          StemBuilder.java:167  | VLinker{beam#1872-Vlnk-BR-4} lengths:{0=81, 1=81, 2=81, 3=81, 4=81}
2026-03-14 01:22:35,048 DEBUG [CRASH COMPLEXION_p011]          StemBuilder.java:1080 | [FAILED toString()]
2026-03-14 01:22:35,049 DEBUG [CRASH COMPLEXION_p011]          StemBuilder.java:167  | VLinker{beam#1874-Vlnk-BL-1} lengths:{0=62, 1=62, 2=62, 3=62, 4=62}
2026-03-14 01:22:35,050 DEBUG [CRASH COMPLEXION_p011]          StemBuilder.java:1080 | [FAILED toString()]
2026-03-14 01:22:35,052 DEBUG [CRASH COMPLEXION_p011]          StemBuilder.java:167  | VLinker{beam#1874-Vlnk-BC-2} lengths:{0=69, 1=69, 2=69, 3=69, 4=69}
2026-03-14 01:22:35,053 DEBUG [CRASH COMPLEXION_p011]          StemBuilder.java:1080 | [FAILED toString()]
2026-03-14 01:22:35,054 DEBUG [CRASH COMPLEXION_p011]          StemBuilder.java:167  | VLinker{beam#1874-Vlnk-BC-3} lengths:{0=70, 1=70, 2=70, 3=70, 4=70}
2026-03-14 01:22:35,055 DEBUG [CRASH COMPLEXION_p011]          StemBuilder.java:1080 | [FAILED toString()]
2026-03-14 01:22:35,057 DEBUG [CRASH COMPLEXION_p011]          StemBuilder.java:167  | VLinker{beam#1874-Vlnk-BR-4} lengths:{0=67, 1=67, 2=67, 3=67, 4=67}
2026-03-14 01:22:35,058 DEBUG [CRASH COMPLEXION_p011]          StemBuilder.java:1080 | [FAILED toString()]
2026-03-14 01:22:35,059 DEBUG [CRASH COMPLEXION_p011]          StemBuilder.java:167  | VLinker{beam#1985-Vlnk-BL-1} lengths:{0=38, 1=38, 2=38, 3=38, 4=38}
2026-03-14 01:22:35,060 DEBUG [CRASH COMPLEXION_p011]          StemBuilder.java:1080 | [FAILED toString()]
2026-03-14 01:22:35,061 DEBUG [CRASH COMPLEXION_p011]          StemBuilder.java:167  | VLinker{beam#1985-Vlnk-BC-2} lengths:{0=38, 1=38, 2=38, 3=38, 4=38}
2026-03-14 01:22:35,062 DEBUG [CRASH COMPLEXION_p011]          StemBuilder.java:1080 | [FAILED toString()]
2026-03-14 01:22:35,064 DEBUG [CRASH COMPLEXION_p011]          StemBuilder.java:167  | VLinker{beam#1985-Vlnk-BC-3} lengths:{0=71, 1=71, 2=71, 3=71, 4=71}
2026-03-14 01:22:35,065 DEBUG [CRASH COMPLEXION_p011]          StemBuilder.java:1080 | [FAILED toString()]
2026-03-14 01:22:35,066 DEBUG [CRASH COMPLEXION_p011]          StemBuilder.java:167  | VLinker{beam#1985-Vlnk-BR-4} lengths:{0=39, 1=39, 2=39, 3=39, 4=39}
2026-03-14 01:22:35,067 DEBUG [CRASH COMPLEXION_p011]          StemBuilder.java:1080 | [FAILED toString()]
2026-03-14 01:22:35,077 DEBUG [CRASH COMPLEXION_p011]          StemBuilder.java:167  | VLinker{beam#1970-Vlnk-BL-1} lengths:{0=36, 1=36, 2=62, 3=135, 4=135}
2026-03-14 01:22:35,078 DEBUG [CRASH COMPLEXION_p011]          StemBuilder.java:1080 | [FAILED toString()]
2026-03-14 01:22:35,079 DEBUG [CRASH COMPLEXION_p011]          StemBuilder.java:167  | VLinker{beam#1970-Vlnk-BC-2} lengths:{0=34, 1=34, 2=34, 3=34, 4=34}
2026-03-14 01:22:35,081 DEBUG [CRASH COMPLEXION_p011]          StemBuilder.java:1080 | [FAILED toString()]
2026-03-14 01:22:35,082 DEBUG [CRASH COMPLEXION_p011]          StemBuilder.java:167  | VLinker{beam#1970-Vlnk-BC-3} lengths:{0=34, 1=34, 2=34, 3=34, 4=34}
2026-03-14 01:22:35,085 DEBUG [CRASH COMPLEXION_p011]          StemBuilder.java:1080 | [FAILED toString()]
2026-03-14 01:22:35,087 DEBUG [CRASH COMPLEXION_p011]          StemBuilder.java:167  | VLinker{beam#1970-Vlnk-BR-4} lengths:{0=35, 1=35, 2=35, 3=35, 4=35}
2026-03-14 01:22:35,088 DEBUG [CRASH COMPLEXION_p011]          StemBuilder.java:1080 | [FAILED toString()]
2026-03-14 01:22:35,089 DEBUG [CRASH COMPLEXION_p011]          StemBuilder.java:167  | VLinker{beam#1949-Vlnk-BL-1} lengths:{0=58, 1=58, 2=58, 3=58, 4=58}
2026-03-14 01:22:35,091 DEBUG [CRASH COMPLEXION_p011]          StemBuilder.java:1080 | [FAILED toString()]
2026-03-14 01:22:35,092 DEBUG [CRASH COMPLEXION_p011]          StemBuilder.java:167  | VLinker{beam#1949-Vlnk-BC-2} lengths:{0=71, 1=71, 2=71, 3=71, 4=71}
2026-03-14 01:22:35,093 DEBUG [CRASH COMPLEXION_p011]          StemBuilder.java:1080 | [FAILED toString()]
2026-03-14 01:22:35,095 DEBUG [CRASH COMPLEXION_p011]          StemBuilder.java:167  | VLinker{beam#1949-Vlnk-BC-3} lengths:{0=53, 1=53, 2=53, 3=53, 4=53}
2026-03-14 01:22:35,096 DEBUG [CRASH COMPLEXION_p011]          StemBuilder.java:1080 | [FAILED toString()]
2026-03-14 01:22:35,097 DEBUG [CRASH COMPLEXION_p011]          StemBuilder.java:167  | VLinker{beam#1949-Vlnk-BR-4} lengths:{0=73, 1=73, 2=73, 3=73, 4=73}
2026-03-14 01:22:35,099 DEBUG [CRASH COMPLEXION_p011]          StemBuilder.java:1080 | [FAILED toString()]
2026-03-14 01:22:35,100 DEBUG [CRASH COMPLEXION_p011]          StemBuilder.java:167  | VLinker{beam#1913-Vlnk-BL-1} lengths:{0=42, 1=42, 2=42, 3=42, 4=42}
2026-03-14 01:22:35,109 DEBUG [CRASH COMPLEXION_p011]          StemBuilder.java:1080 | [FAILED toString()]
2026-03-14 01:22:35,110 DEBUG [CRASH COMPLEXION_p011]          StemBuilder.java:167  | VLinker{beam#1913-Vlnk-BR-2} lengths:{0=41, 1=64, 2=64, 3=64, 4=64}
2026-03-14 01:22:35,112 DEBUG [CRASH COMPLEXION_p011]          StemBuilder.java:1080 | [FAILED toString()]
2026-03-14 01:22:35,113 DEBUG [CRASH COMPLEXION_p011]          StemBuilder.java:167  | VLinker{beam#1929-Vlnk-BL-1} lengths:{0=24, 1=24, 2=24, 3=24, 4=24}
2026-03-14 01:22:35,114 DEBUG [CRASH COMPLEXION_p011]          StemBuilder.java:1080 | [FAILED toString()]
2026-03-14 01:22:35,116 DEBUG [CRASH COMPLEXION_p011]          StemBuilder.java:167  | VLinker{beam#1929-Vlnk-BR-2} lengths:{0=23, 1=46, 2=46, 3=46, 4=46}
2026-03-14 01:22:35,117 DEBUG [CRASH COMPLEXION_p011]          StemBuilder.java:1080 | [FAILED toString()]
2026-03-14 01:22:35,119 DEBUG [CRASH COMPLEXION_p011]          StemBuilder.java:167  | VLinker{beam#1880-Vlnk-BL-1} lengths:{0=71, 1=71, 2=71, 3=71, 4=71}
2026-03-14 01:22:35,121 DEBUG [CRASH COMPLEXION_p011]          StemBuilder.java:1080 | [FAILED toString()]
2026-03-14 01:22:35,123 DEBUG [CRASH COMPLEXION_p011]          StemBuilder.java:167  | VLinker{beam#1880-Vlnk-BC-2} lengths:{0=88, 1=88, 2=88, 3=88, 4=88}
2026-03-14 01:22:35,124 DEBUG [CRASH COMPLEXION_p011]          StemBuilder.java:1080 | [FAILED toString()]
2026-03-14 01:22:35,128 DEBUG [CRASH COMPLEXION_p011]          StemBuilder.java:167  | VLinker{beam#1880-Vlnk-BC-3} lengths:{0=84, 1=84, 2=84, 3=84, 4=84}
2026-03-14 01:22:35,129 DEBUG [CRASH COMPLEXION_p011]          StemBuilder.java:1080 | [FAILED toString()]
2026-03-14 01:22:35,131 DEBUG [CRASH COMPLEXION_p011]          StemBuilder.java:167  | VLinker{beam#1880-Vlnk-BR-4} lengths:{0=81, 1=81, 2=81, 3=81, 4=81}
2026-03-14 01:22:35,132 DEBUG [CRASH COMPLEXION_p011]          StemBuilder.java:1080 | [FAILED toString()]
2026-03-14 01:22:35,138 DEBUG [CRASH COMPLEXION_p011]          StemBuilder.java:167  | VLinker{beam#1882-Vlnk-BL-1} lengths:{0=58, 1=58, 2=58, 3=58, 4=58}
2026-03-14 01:22:35,141 DEBUG [CRASH COMPLEXION_p011]          StemBuilder.java:1080 | [FAILED toString()]
2026-03-14 01:22:35,143 DEBUG [CRASH COMPLEXION_p011]          StemBuilder.java:167  | VLinker{beam#1882-Vlnk-BC-2} lengths:{0=75, 1=75, 2=75, 3=75, 4=75}
2026-03-14 01:22:35,144 DEBUG [CRASH COMPLEXION_p011]          StemBuilder.java:1080 | [FAILED toString()]
2026-03-14 01:22:35,145 DEBUG [CRASH COMPLEXION_p011]          StemBuilder.java:167  | VLinker{beam#1882-Vlnk-BC-3} lengths:{0=71, 1=71, 2=71, 3=71, 4=71}
2026-03-14 01:22:35,147 DEBUG [CRASH COMPLEXION_p011]          StemBuilder.java:1080 | [FAILED toString()]
2026-03-14 01:22:35,148 DEBUG [CRASH COMPLEXION_p011]          StemBuilder.java:167  | VLinker{beam#1882-Vlnk-BR-4} lengths:{0=68, 1=68, 2=68, 3=68, 4=68}
2026-03-14 01:22:35,150 DEBUG [CRASH COMPLEXION_p011]          StemBuilder.java:1080 | [FAILED toString()]
2026-03-14 01:22:35,151 DEBUG [CRASH COMPLEXION_p011]          StemBuilder.java:167  | VLinker{beam#1862-Vlnk-TL-1} lengths:{0=0, 1=0, 2=0, 3=0, 4=0}
2026-03-14 01:22:35,152 DEBUG [CRASH COMPLEXION_p011]          StemBuilder.java:1080 | [FAILED toString()]
2026-03-14 01:22:35,154 DEBUG [CRASH COMPLEXION_p011]          StemBuilder.java:167  | VLinker{beam#1862-Vlnk-BL-1} lengths:{0=1, 1=1, 2=1, 3=1, 4=1}
2026-03-14 01:22:35,154 DEBUG [CRASH COMPLEXION_p011]          StemBuilder.java:1080 | [FAILED toString()]
2026-03-14 01:22:35,156 DEBUG [CRASH COMPLEXION_p011]          StemBuilder.java:167  | VLinker{beam#1862-Vlnk-TR-2} lengths:{0=0, 1=0, 2=0, 3=0, 4=0}
2026-03-14 01:22:35,157 DEBUG [CRASH COMPLEXION_p011]          StemBuilder.java:1080 | [FAILED toString()]
2026-03-14 01:22:35,160 DEBUG [CRASH COMPLEXION_p011]          StemBuilder.java:167  | VLinker{beam#1862-Vlnk-BR-2} lengths:{0=1, 1=1, 2=1, 3=1, 4=1}
2026-03-14 01:22:35,161 DEBUG [CRASH COMPLEXION_p011]          StemBuilder.java:1080 | [FAILED toString()]
2026-03-14 01:22:35,172 DEBUG [CRASH COMPLEXION_p011]          StemBuilder.java:167  | VLinker{beam#1864-Vlnk-TL-1} lengths:{0=0, 1=0, 2=0, 3=0, 4=0}
2026-03-14 01:22:35,174 DEBUG [CRASH COMPLEXION_p011]          StemBuilder.java:1080 | [FAILED toString()]
2026-03-14 01:22:35,178 DEBUG [CRASH COMPLEXION_p011]          StemBuilder.java:167  | VLinker{beam#1864-Vlnk-BL-1} lengths:{0=1, 1=1, 2=1, 3=1, 4=1}
2026-03-14 01:22:35,179 DEBUG [CRASH COMPLEXION_p011]          StemBuilder.java:1080 | [FAILED toString()]
2026-03-14 01:22:35,180 DEBUG [CRASH COMPLEXION_p011]          StemBuilder.java:167  | VLinker{beam#1864-Vlnk-TR-2} lengths:{0=0, 1=0, 2=0, 3=0, 4=0}
2026-03-14 01:22:35,181 DEBUG [CRASH COMPLEXION_p011]          StemBuilder.java:1080 | [FAILED toString()]
2026-03-14 01:22:35,182 DEBUG [CRASH COMPLEXION_p011]          StemBuilder.java:167  | VLinker{beam#1864-Vlnk-BR-2} lengths:{0=1, 1=1, 2=1, 3=1, 4=1}
2026-03-14 01:22:35,184 DEBUG [CRASH COMPLEXION_p011]          StemBuilder.java:1080 | [FAILED toString()]
2026-03-14 01:22:35,185 DEBUG [CRASH COMPLEXION_p011]          StemBuilder.java:167  | VLinker{beam#1847-Vlnk-TL-1} lengths:{0=0, 1=0, 2=0, 3=0, 4=0}
2026-03-14 01:22:35,186 DEBUG [CRASH COMPLEXION_p011]          StemBuilder.java:1080 | [FAILED toString()]
2026-03-14 01:22:35,187 DEBUG [CRASH COMPLEXION_p011]          StemBuilder.java:167  | VLinker{beam#1847-Vlnk-BL-1} lengths:{0=1, 1=1, 2=1, 3=1, 4=1}
2026-03-14 01:22:35,188 DEBUG [CRASH COMPLEXION_p011]          StemBuilder.java:1080 | [FAILED toString()]
2026-03-14 01:22:35,190 DEBUG [CRASH COMPLEXION_p011]          StemBuilder.java:167  | VLinker{beam#1847-Vlnk-TR-2} lengths:{0=0, 1=0, 2=0, 3=0, 4=0}
2026-03-14 01:22:35,191 DEBUG [CRASH COMPLEXION_p011]          StemBuilder.java:1080 | [FAILED toString()]
2026-03-14 01:22:35,193 DEBUG [CRASH COMPLEXION_p011]          StemBuilder.java:167  | VLinker{beam#1847-Vlnk-BR-2} lengths:{0=1, 1=1, 2=1, 3=1, 4=1}
2026-03-14 01:22:35,194 DEBUG [CRASH COMPLEXION_p011]          StemBuilder.java:1080 | [FAILED toString()]
2026-03-14 01:22:35,198 DEBUG [CRASH COMPLEXION_p011]          StemBuilder.java:167  | VLinker{beam#1849-Vlnk-TL-1} lengths:{0=0, 1=0, 2=0, 3=0, 4=0}
2026-03-14 01:22:35,200 DEBUG [CRASH COMPLEXION_p011]          StemBuilder.java:1080 | [FAILED toString()]
2026-03-14 01:22:35,203 DEBUG [CRASH COMPLEXION_p011]          StemBuilder.java:167  | VLinker{beam#1849-Vlnk-BL-1} lengths:{0=1, 1=1, 2=1, 3=1, 4=1}
2026-03-14 01:22:35,204 DEBUG [CRASH COMPLEXION_p011]          StemBuilder.java:1080 | [FAILED toString()]
2026-03-14 01:22:35,206 DEBUG [CRASH COMPLEXION_p011]          StemBuilder.java:167  | VLinker{beam#1849-Vlnk-TR-2} lengths:{0=0, 1=0, 2=0, 3=0, 4=0}
2026-03-14 01:22:35,207 DEBUG [CRASH COMPLEXION_p011]          StemBuilder.java:1080 | [FAILED toString()]
2026-03-14 01:22:35,209 DEBUG [CRASH COMPLEXION_p011]          StemBuilder.java:167  | VLinker{beam#1849-Vlnk-BR-2} lengths:{0=1, 1=1, 2=1, 3=1, 4=1}
2026-03-14 01:22:35,210 DEBUG [CRASH COMPLEXION_p011]          StemBuilder.java:1080 | [FAILED toString()]
2026-03-14 01:22:35,212 DEBUG [CRASH COMPLEXION_p011]          StemBuilder.java:167  | VLinker{beam#1835-Vlnk-TL-1} lengths:{0=0, 1=0, 2=0, 3=0, 4=0}
2026-03-14 01:22:35,213 DEBUG [CRASH COMPLEXION_p011]          StemBuilder.java:1080 | [FAILED toString()]
2026-03-14 01:22:35,214 DEBUG [CRASH COMPLEXION_p011]          StemBuilder.java:167  | VLinker{beam#1835-Vlnk-BL-1} lengths:{0=1, 1=1, 2=1, 3=1, 4=1}
2026-03-14 01:22:35,215 DEBUG [CRASH COMPLEXION_p011]          StemBuilder.java:1080 | [FAILED toString()]
2026-03-14 01:22:35,216 DEBUG [CRASH COMPLEXION_p011]          StemBuilder.java:167  | VLinker{beam#1835-Vlnk-TR-2} lengths:{0=0, 1=0, 2=0, 3=0, 4=0}
2026-03-14 01:22:35,217 DEBUG [CRASH COMPLEXION_p011]          StemBuilder.java:1080 | [FAILED toString()]
2026-03-14 01:22:35,219 DEBUG [CRASH COMPLEXION_p011]          StemBuilder.java:167  | VLinker{beam#1835-Vlnk-BR-2} lengths:{0=1, 1=1, 2=1, 3=1, 4=1}
2026-03-14 01:22:35,219 DEBUG [CRASH COMPLEXION_p011]          StemBuilder.java:1080 | [FAILED toString()]
2026-03-14 01:22:35,221 DEBUG [CRASH COMPLEXION_p011]          StemBuilder.java:167  | VLinker{beam#1837-Vlnk-TL-1} lengths:{0=0, 1=0, 2=0, 3=0, 4=0}
2026-03-14 01:22:35,222 DEBUG [CRASH COMPLEXION_p011]          StemBuilder.java:1080 | [FAILED toString()]
2026-03-14 01:22:35,223 DEBUG [CRASH COMPLEXION_p011]          StemBuilder.java:167  | VLinker{beam#1837-Vlnk-BL-1} lengths:{0=1, 1=1, 2=1, 3=1, 4=1}
2026-03-14 01:22:35,224 DEBUG [CRASH COMPLEXION_p011]          StemBuilder.java:1080 | [FAILED toString()]
2026-03-14 01:22:35,228 DEBUG [CRASH COMPLEXION_p011]          StemBuilder.java:167  | VLinker{beam#1837-Vlnk-TR-2} lengths:{0=0, 1=0, 2=0, 3=0, 4=0}
2026-03-14 01:22:35,229 DEBUG [CRASH COMPLEXION_p011]          StemBuilder.java:1080 | [FAILED toString()]
2026-03-14 01:22:35,234 DEBUG [CRASH COMPLEXION_p011]          StemBuilder.java:167  | VLinker{beam#1837-Vlnk-BR-2} lengths:{0=1, 1=1, 2=1, 3=1, 4=1}
2026-03-14 01:22:35,235 DEBUG [CRASH COMPLEXION_p011]          StemBuilder.java:1080 | [FAILED toString()]
2026-03-14 01:22:35,238 DEBUG [CRASH COMPLEXION_p011]          StemBuilder.java:167  | VLinker{beam#2027-Vlnk-TL-1} lengths:{0=30, 1=30, 2=30, 3=30, 4=30}
2026-03-14 01:22:35,240 DEBUG [CRASH COMPLEXION_p011]          StemBuilder.java:1080 | [FAILED toString()]
2026-03-14 01:22:35,241 DEBUG [CRASH COMPLEXION_p011]          StemBuilder.java:167  | VLinker{beam#2027-Vlnk-TC-2} lengths:{0=30, 1=30, 2=30, 3=30, 4=30}
2026-03-14 01:22:35,242 DEBUG [CRASH COMPLEXION_p011]          StemBuilder.java:1080 | [FAILED toString()]
2026-03-14 01:22:35,243 DEBUG [CRASH COMPLEXION_p011]          StemBuilder.java:167  | VLinker{beam#2027-Vlnk-TR-3} lengths:{0=31, 1=31, 2=31, 3=31, 4=31}
2026-03-14 01:22:35,244 DEBUG [CRASH COMPLEXION_p011]          StemBuilder.java:1080 | [FAILED toString()]
2026-03-14 01:22:35,245 DEBUG [CRASH COMPLEXION_p011]          StemBuilder.java:167  | VLinker{beam#2031-Vlnk-TL-1} lengths:{0=43, 1=43, 2=43, 3=43, 4=43}
2026-03-14 01:22:35,246 DEBUG [CRASH COMPLEXION_p011]          StemBuilder.java:1080 | [FAILED toString()]
2026-03-14 01:22:35,247 DEBUG [CRASH COMPLEXION_p011]          StemBuilder.java:167  | VLinker{beam#2031-Vlnk-TC-2} lengths:{0=43, 1=43, 2=43, 3=43, 4=43}
2026-03-14 01:22:35,249 DEBUG [CRASH COMPLEXION_p011]          StemBuilder.java:1080 | [FAILED toString()]
2026-03-14 01:22:35,250 DEBUG [CRASH COMPLEXION_p011]          StemBuilder.java:167  | VLinker{beam#2031-Vlnk-TR-3} lengths:{0=44, 1=44, 2=44, 3=44, 4=44}
2026-03-14 01:22:35,251 DEBUG [CRASH COMPLEXION_p011]          StemBuilder.java:1080 | [FAILED toString()]
2026-03-14 01:22:35,252 DEBUG [CRASH COMPLEXION_p011]          StemBuilder.java:167  | VLinker{beam#1995-Vlnk-BL-1} lengths:{0=38, 1=38, 2=38, 3=38, 4=38}
2026-03-14 01:22:35,253 DEBUG [CRASH COMPLEXION_p011]          StemBuilder.java:1080 | [FAILED toString()]
2026-03-14 01:22:35,254 DEBUG [CRASH COMPLEXION_p011]          StemBuilder.java:167  | VLinker{beam#1995-Vlnk-BC-2} lengths:{0=38, 1=38, 2=38, 3=38, 4=38}
2026-03-14 01:22:35,255 DEBUG [CRASH COMPLEXION_p011]          StemBuilder.java:1080 | [FAILED toString()]
2026-03-14 01:22:35,256 DEBUG [CRASH COMPLEXION_p011]          StemBuilder.java:167  | VLinker{beam#1995-Vlnk-BC-3} lengths:{0=37, 1=37, 2=37, 3=37, 4=37}
2026-03-14 01:22:35,258 DEBUG [CRASH COMPLEXION_p011]          StemBuilder.java:1080 | [FAILED toString()]
2026-03-14 01:22:35,259 DEBUG [CRASH COMPLEXION_p011]          StemBuilder.java:167  | VLinker{beam#1995-Vlnk-BR-4} lengths:{0=70, 1=70, 2=70, 3=70, 4=70}
2026-03-14 01:22:35,260 DEBUG [CRASH COMPLEXION_p011]          StemBuilder.java:1080 | [FAILED toString()]
2026-03-14 01:22:35,263 DEBUG [CRASH COMPLEXION_p011]          StemBuilder.java:167  | VLinker{beam#2019-Vlnk-BL-1} lengths:{0=25, 1=25, 2=25, 3=25, 4=25}
2026-03-14 01:22:35,265 DEBUG [CRASH COMPLEXION_p011]          StemBuilder.java:1080 | [FAILED toString()]
2026-03-14 01:22:35,265 DEBUG [CRASH COMPLEXION_p011]          StemBuilder.java:167  | VLinker{beam#2019-Vlnk-BC-2} lengths:{0=25, 1=25, 2=25, 3=25, 4=25}
2026-03-14 01:22:35,266 DEBUG [CRASH COMPLEXION_p011]          StemBuilder.java:1080 | [FAILED toString()]
2026-03-14 01:22:35,267 DEBUG [CRASH COMPLEXION_p011]          StemBuilder.java:167  | VLinker{beam#2019-Vlnk-BC-3} lengths:{0=24, 1=24, 2=24, 3=24, 4=24}
2026-03-14 01:22:35,268 DEBUG [CRASH COMPLEXION_p011]          StemBuilder.java:1080 | [FAILED toString()]
2026-03-14 01:22:35,268 DEBUG [CRASH COMPLEXION_p011]          StemBuilder.java:167  | VLinker{beam#2019-Vlnk-BR-4} lengths:{0=57, 1=57, 2=57, 3=57, 4=57}
2026-03-14 01:22:35,269 DEBUG [CRASH COMPLEXION_p011]          StemBuilder.java:1080 | [FAILED toString()]
2026-03-14 01:22:35,269 DEBUG [CRASH COMPLEXION_p011]          StemBuilder.java:167  | VLinker{beam#1964-Vlnk-BL-1} lengths:{0=39, 1=39, 2=66, 3=66, 4=66}
2026-03-14 01:22:35,271 DEBUG [CRASH COMPLEXION_p011]          StemBuilder.java:1080 | [FAILED toString()]
2026-03-14 01:22:35,272 DEBUG [CRASH COMPLEXION_p011]          StemBuilder.java:167  | VLinker{beam#1964-Vlnk-BC-2} lengths:{0=39, 1=65, 2=65, 3=141, 4=141}
2026-03-14 01:22:35,273 DEBUG [CRASH COMPLEXION_p011]          StemBuilder.java:1080 | [FAILED toString()]
2026-03-14 01:22:35,275 DEBUG [CRASH COMPLEXION_p011]          StemBuilder.java:167  | VLinker{beam#1964-Vlnk-BC-3} lengths:{0=38, 1=38, 2=38, 3=64, 4=64}
2026-03-14 01:22:35,277 DEBUG [CRASH COMPLEXION_p011]          StemBuilder.java:1080 | [FAILED toString()]
2026-03-14 01:22:35,278 DEBUG [CRASH COMPLEXION_p011]          StemBuilder.java:167  | VLinker{beam#1964-Vlnk-BR-4} lengths:{0=38, 1=38, 2=57, 3=57, 4=57}
2026-03-14 01:22:35,279 DEBUG [CRASH COMPLEXION_p011]          StemBuilder.java:1080 | [FAILED toString()]
2026-03-14 01:22:35,280 DEBUG [CRASH COMPLEXION_p011]          StemBuilder.java:167  | VLinker{beam#1972-Vlnk-BL-1} lengths:{0=22, 1=22, 2=49, 3=49, 4=49}
2026-03-14 01:22:35,281 DEBUG [CRASH COMPLEXION_p011]          StemBuilder.java:1080 | [FAILED toString()]
2026-03-14 01:22:35,281 DEBUG [CRASH COMPLEXION_p011]          StemBuilder.java:167  | VLinker{beam#1972-Vlnk-BC-2} lengths:{0=22, 1=48, 2=48, 3=124, 4=124}
2026-03-14 01:22:35,283 DEBUG [CRASH COMPLEXION_p011]          StemBuilder.java:1080 | [FAILED toString()]
2026-03-14 01:22:35,284 DEBUG [CRASH COMPLEXION_p011]          StemBuilder.java:167  | VLinker{beam#1972-Vlnk-BC-3} lengths:{0=21, 1=21, 2=21, 3=47, 4=47}
2026-03-14 01:22:35,285 DEBUG [CRASH COMPLEXION_p011]          StemBuilder.java:1080 | [FAILED toString()]
2026-03-14 01:22:35,287 DEBUG [CRASH COMPLEXION_p011]          StemBuilder.java:167  | VLinker{beam#1972-Vlnk-BR-4} lengths:{0=21, 1=21, 2=40, 3=40, 4=40}
2026-03-14 01:22:35,288 DEBUG [CRASH COMPLEXION_p011]          StemBuilder.java:1080 | [FAILED toString()]
2026-03-14 01:22:35,288 DEBUG [CRASH COMPLEXION_p011]          StemBuilder.java:167  | VLinker{beam#1915-Vlnk-BL-1} lengths:{0=42, 1=67, 2=67, 3=67, 4=67}
2026-03-14 01:22:35,290 DEBUG [CRASH COMPLEXION_p011]          StemBuilder.java:1080 | [FAILED toString()]
2026-03-14 01:22:35,291 DEBUG [CRASH COMPLEXION_p011]          StemBuilder.java:167  | VLinker{beam#1915-Vlnk-BR-2} lengths:{0=41, 1=41, 2=41, 3=67, 4=67}
2026-03-14 01:22:35,293 DEBUG [CRASH COMPLEXION_p011]          StemBuilder.java:1080 | [FAILED toString()]
2026-03-14 01:22:35,295 DEBUG [CRASH COMPLEXION_p011]          StemBuilder.java:167  | VLinker{beam#1931-Vlnk-BL-1} lengths:{0=24, 1=49, 2=49, 3=49, 4=49}
2026-03-14 01:22:35,297 DEBUG [CRASH COMPLEXION_p011]          StemBuilder.java:1080 | [FAILED toString()]
2026-03-14 01:22:35,298 DEBUG [CRASH COMPLEXION_p011]          StemBuilder.java:167  | VLinker{beam#1931-Vlnk-BR-2} lengths:{0=24, 1=24, 2=24, 3=50, 4=50}
2026-03-14 01:22:35,299 DEBUG [CRASH COMPLEXION_p011]          StemBuilder.java:1080 | [FAILED toString()]
2026-03-14 01:22:35,300 DEBUG [CRASH COMPLEXION_p011]          StemBuilder.java:167  | VLinker{beam#1942-Vlnk-BL-1} lengths:{0=61, 1=61, 2=61, 3=61, 4=61}
2026-03-14 01:22:35,301 DEBUG [CRASH COMPLEXION_p011]          StemBuilder.java:1080 | [FAILED toString()]
2026-03-14 01:22:35,303 DEBUG [CRASH COMPLEXION_p011]          StemBuilder.java:167  | VLinker{beam#1942-Vlnk-BC-2} lengths:{0=65, 1=65, 2=65, 3=65, 4=65}
2026-03-14 01:22:35,304 DEBUG [CRASH COMPLEXION_p011]          StemBuilder.java:1080 | [FAILED toString()]
2026-03-14 01:22:35,305 DEBUG [CRASH COMPLEXION_p011]          StemBuilder.java:167  | VLinker{beam#1942-Vlnk-BC-3} lengths:{0=65, 1=65, 2=65, 3=65, 4=65}
2026-03-14 01:22:35,306 DEBUG [CRASH COMPLEXION_p011]          StemBuilder.java:1080 | [FAILED toString()]
2026-03-14 01:22:35,308 DEBUG [CRASH COMPLEXION_p011]          StemBuilder.java:167  | VLinker{beam#1942-Vlnk-BR-4} lengths:{0=62, 1=62, 2=62, 3=62, 4=62}
2026-03-14 01:22:35,309 DEBUG [CRASH COMPLEXION_p011]          StemBuilder.java:1080 | [FAILED toString()]
2026-03-14 01:22:35,310 DEBUG [CRASH COMPLEXION_p011]          StemBuilder.java:167  | VLinker{beam#1944-Vlnk-BL-1} lengths:{0=49, 1=49, 2=49, 3=49, 4=49}
2026-03-14 01:22:35,312 DEBUG [CRASH COMPLEXION_p011]          StemBuilder.java:1080 | [FAILED toString()]
2026-03-14 01:22:35,315 DEBUG [CRASH COMPLEXION_p011]          StemBuilder.java:167  | VLinker{beam#1944-Vlnk-BC-2} lengths:{0=52, 1=52, 2=52, 3=52, 4=52}
2026-03-14 01:22:35,316 DEBUG [CRASH COMPLEXION_p011]          StemBuilder.java:1080 | [FAILED toString()]
2026-03-14 01:22:35,317 DEBUG [CRASH COMPLEXION_p011]          StemBuilder.java:167  | VLinker{beam#1944-Vlnk-BC-3} lengths:{0=52, 1=52, 2=52, 3=52, 4=52}
2026-03-14 01:22:35,318 DEBUG [CRASH COMPLEXION_p011]          StemBuilder.java:1080 | [FAILED toString()]
2026-03-14 01:22:35,319 DEBUG [CRASH COMPLEXION_p011]          StemBuilder.java:167  | VLinker{beam#1944-Vlnk-BR-4} lengths:{0=48, 1=48, 2=48, 3=48, 4=48}
2026-03-14 01:22:35,320 DEBUG [CRASH COMPLEXION_p011]          StemBuilder.java:1080 | [FAILED toString()]
2026-03-14 01:22:35,322 DEBUG [CRASH COMPLEXION_p011]          StemBuilder.java:167  | VLinker{beam#1884-Vlnk-BL-1} lengths:{0=70, 1=70, 2=70, 3=70, 4=70}
2026-03-14 01:22:35,324 DEBUG [CRASH COMPLEXION_p011]          StemBuilder.java:1080 | [FAILED toString()]
2026-03-14 01:22:35,327 DEBUG [CRASH COMPLEXION_p011]          StemBuilder.java:167  | VLinker{beam#1884-Vlnk-BC-2} lengths:{0=73, 1=73, 2=73, 3=73, 4=73}
2026-03-14 01:22:35,328 DEBUG [CRASH COMPLEXION_p011]          StemBuilder.java:1080 | [FAILED toString()]
2026-03-14 01:22:35,329 DEBUG [CRASH COMPLEXION_p011]          StemBuilder.java:167  | VLinker{beam#1884-Vlnk-BC-3} lengths:{0=67, 1=67, 2=67, 3=67, 4=67}
2026-03-14 01:22:35,331 DEBUG [CRASH COMPLEXION_p011]          StemBuilder.java:1080 | [FAILED toString()]
2026-03-14 01:22:35,332 DEBUG [CRASH COMPLEXION_p011]          StemBuilder.java:167  | VLinker{beam#1884-Vlnk-BR-4} lengths:{0=67, 1=67, 2=67, 3=67, 4=67}
2026-03-14 01:22:35,333 DEBUG [CRASH COMPLEXION_p011]          StemBuilder.java:1080 | [FAILED toString()]
2026-03-14 01:22:35,338 DEBUG [CRASH COMPLEXION_p011]          StemBuilder.java:167  | VLinker{beam#1886-Vlnk-BL-1} lengths:{0=58, 1=58, 2=58, 3=58, 4=58}
2026-03-14 01:22:35,340 DEBUG [CRASH COMPLEXION_p011]          StemBuilder.java:1080 | [FAILED toString()]
2026-03-14 01:22:35,341 DEBUG [CRASH COMPLEXION_p011]          StemBuilder.java:167  | VLinker{beam#1886-Vlnk-BC-2} lengths:{0=60, 1=60, 2=60, 3=60, 4=60}
2026-03-14 01:22:35,342 DEBUG [CRASH COMPLEXION_p011]          StemBuilder.java:1080 | [FAILED toString()]
2026-03-14 01:22:35,344 DEBUG [CRASH COMPLEXION_p011]          StemBuilder.java:167  | VLinker{beam#1886-Vlnk-BC-3} lengths:{0=54, 1=54, 2=54, 3=54, 4=54}
2026-03-14 01:22:35,345 DEBUG [CRASH COMPLEXION_p011]          StemBuilder.java:1080 | [FAILED toString()]
2026-03-14 01:22:35,346 DEBUG [CRASH COMPLEXION_p011]          StemBuilder.java:167  | VLinker{beam#1886-Vlnk-BR-4} lengths:{0=54, 1=54, 2=54, 3=54, 4=54}
2026-03-14 01:22:35,347 DEBUG [CRASH COMPLEXION_p011]          StemBuilder.java:1080 | [FAILED toString()]
2026-03-14 01:22:35,349 DEBUG [CRASH COMPLEXION_p011]          StemBuilder.java:167  | VLinker{beam#1977-Vlnk-BL-1} lengths:{0=44, 1=44, 2=44, 3=44, 4=44}
2026-03-14 01:22:35,350 DEBUG [CRASH COMPLEXION_p011]          StemBuilder.java:1080 | [FAILED toString()]
2026-03-14 01:22:35,355 DEBUG [CRASH COMPLEXION_p011]          StemBuilder.java:167  | VLinker{beam#1977-Vlnk-BC-2} lengths:{0=38, 1=38, 2=38, 3=38, 4=38}
2026-03-14 01:22:35,358 DEBUG [CRASH COMPLEXION_p011]          StemBuilder.java:1080 | [FAILED toString()]
2026-03-14 01:22:35,360 DEBUG [CRASH COMPLEXION_p011]          StemBuilder.java:167  | VLinker{beam#1977-Vlnk-TC-3} lengths:{0=17, 1=17, 2=17, 3=17, 4=17}
2026-03-14 01:22:35,361 DEBUG [CRASH COMPLEXION_p011]          StemBuilder.java:1080 | [FAILED toString()]
2026-03-14 01:22:35,362 DEBUG [CRASH COMPLEXION_p011]          StemBuilder.java:167  | VLinker{beam#1977-Vlnk-BC-3} lengths:{0=43, 1=43, 2=43, 3=43, 4=43}
2026-03-14 01:22:35,363 DEBUG [CRASH COMPLEXION_p011]          StemBuilder.java:1080 | [FAILED toString()]
2026-03-14 01:22:35,364 DEBUG [CRASH COMPLEXION_p011]          StemBuilder.java:167  | VLinker{beam#1977-Vlnk-BR-4} lengths:{0=38, 1=38, 2=38, 3=38, 4=38}
2026-03-14 01:22:35,365 DEBUG [CRASH COMPLEXION_p011]          StemBuilder.java:1080 | [FAILED toString()]
2026-03-14 01:22:35,367 DEBUG [CRASH COMPLEXION_p011]          StemBuilder.java:167  | VLinker{beam#2007-Vlnk-BL-1} lengths:{0=30, 1=30, 2=30, 3=30, 4=30}
2026-03-14 01:22:35,368 DEBUG [CRASH COMPLEXION_p011]          StemBuilder.java:1080 | [FAILED toString()]
2026-03-14 01:22:35,370 DEBUG [CRASH COMPLEXION_p011]          StemBuilder.java:167  | VLinker{beam#2007-Vlnk-BC-2} lengths:{0=25, 1=25, 2=25, 3=25, 4=25}
2026-03-14 01:22:35,372 DEBUG [CRASH COMPLEXION_p011]          StemBuilder.java:1080 | [FAILED toString()]
2026-03-14 01:22:35,373 DEBUG [CRASH COMPLEXION_p011]          StemBuilder.java:167  | VLinker{beam#2007-Vlnk-TC-3} lengths:{0=30, 1=30, 2=30, 3=30, 4=30}
2026-03-14 01:22:35,375 DEBUG [CRASH COMPLEXION_p011]          StemBuilder.java:1080 | [FAILED toString()]
2026-03-14 01:22:35,376 DEBUG [CRASH COMPLEXION_p011]          StemBuilder.java:167  | VLinker{beam#2007-Vlnk-BC-3} lengths:{0=30, 1=30, 2=30, 3=30, 4=30}
2026-03-14 01:22:35,377 DEBUG [CRASH COMPLEXION_p011]          StemBuilder.java:1080 | [FAILED toString()]
2026-03-14 01:22:35,378 DEBUG [CRASH COMPLEXION_p011]          StemBuilder.java:167  | VLinker{beam#2007-Vlnk-BR-4} lengths:{0=26, 1=26, 2=26, 3=26, 4=26}
2026-03-14 01:22:35,379 DEBUG [CRASH COMPLEXION_p011]          StemBuilder.java:1080 | [FAILED toString()]
2026-03-14 01:22:35,379 DEBUG [CRASH COMPLEXION_p011]          StemBuilder.java:167  | VLinker{beam#1894-Vlnk-BL-1} lengths:{0=81, 1=81, 2=81, 3=81, 4=81}
2026-03-14 01:22:35,380 DEBUG [CRASH COMPLEXION_p011]          StemBuilder.java:1080 | [FAILED toString()]
2026-03-14 01:22:35,380 DEBUG [CRASH COMPLEXION_p011]          StemBuilder.java:167  | VLinker{beam#1894-Vlnk-BR-2} lengths:{0=77, 1=77, 2=77, 3=77, 4=77}
2026-03-14 01:22:35,381 DEBUG [CRASH COMPLEXION_p011]          StemBuilder.java:1080 | [FAILED toString()]
2026-03-14 01:22:35,382 DEBUG [CRASH COMPLEXION_p011]          StemBuilder.java:167  | VLinker{beam#1903-Vlnk-BL-1} lengths:{0=68, 1=68, 2=68, 3=68, 4=68}
2026-03-14 01:22:35,384 DEBUG [CRASH COMPLEXION_p011]          StemBuilder.java:1080 | [FAILED toString()]
2026-03-14 01:22:35,391 DEBUG [CRASH COMPLEXION_p011]          StemBuilder.java:167  | VLinker{beam#1903-Vlnk-BR-2} lengths:{0=64, 1=64, 2=64, 3=64, 4=64}
2026-03-14 01:22:35,392 DEBUG [CRASH COMPLEXION_p011]          StemBuilder.java:1080 | [FAILED toString()]
2026-03-14 01:22:35,393 DEBUG [CRASH COMPLEXION_p011]          StemBuilder.java:167  | VLinker{beam#1917-Vlnk-BL-1} lengths:{0=43, 1=43, 2=69, 3=69, 4=69}
2026-03-14 01:22:35,395 DEBUG [CRASH COMPLEXION_p011]          StemBuilder.java:1080 | [FAILED toString()]
2026-03-14 01:22:35,395 DEBUG [CRASH COMPLEXION_p011]          StemBuilder.java:167  | VLinker{beam#1917-Vlnk-TR-2} lengths:{0=4, 1=4, 2=4, 3=4, 4=4}
2026-03-14 01:22:35,397 DEBUG [CRASH COMPLEXION_p011]          StemBuilder.java:1080 | [FAILED toString()]
2026-03-14 01:22:35,397 DEBUG [CRASH COMPLEXION_p011]          StemBuilder.java:167  | VLinker{beam#1917-Vlnk-BR-2} lengths:{0=42, 1=42, 2=68, 3=68, 4=68}
2026-03-14 01:22:35,399 DEBUG [CRASH COMPLEXION_p011]          StemBuilder.java:1080 | [FAILED toString()]
2026-03-14 01:22:35,400 DEBUG [CRASH COMPLEXION_p011]          StemBuilder.java:167  | VLinker{beam#1919-Vlnk-BL-1} lengths:{0=43, 1=43, 2=69, 3=69, 4=69}
2026-03-14 01:22:35,402 DEBUG [CRASH COMPLEXION_p011]          StemBuilder.java:1080 | [FAILED toString()]
2026-03-14 01:22:35,403 DEBUG [CRASH COMPLEXION_p011]          StemBuilder.java:167  | VLinker{beam#1919-Vlnk-TR-2} lengths:{0=4, 1=4, 2=4, 3=4, 4=4}
2026-03-14 01:22:35,404 DEBUG [CRASH COMPLEXION_p011]          StemBuilder.java:1080 | [FAILED toString()]
2026-03-14 01:22:35,405 DEBUG [CRASH COMPLEXION_p011]          StemBuilder.java:167  | VLinker{beam#1919-Vlnk-BR-2} lengths:{0=42, 1=42, 2=68, 3=68, 4=68}
2026-03-14 01:22:35,406 DEBUG [CRASH COMPLEXION_p011]          StemBuilder.java:1080 | [FAILED toString()]
2026-03-14 01:22:35,407 DEBUG [CRASH COMPLEXION_p011]          StemBuilder.java:167  | VLinker{beam#1933-Vlnk-BL-1} lengths:{0=24, 1=24, 2=50, 3=50, 4=50}
2026-03-14 01:22:35,408 DEBUG [CRASH COMPLEXION_p011]          StemBuilder.java:1080 | [FAILED toString()]
2026-03-14 01:22:35,409 DEBUG [CRASH COMPLEXION_p011]          StemBuilder.java:167  | VLinker{beam#1933-Vlnk-BR-2} lengths:{0=24, 1=24, 2=50, 3=50, 4=50}
2026-03-14 01:22:35,411 DEBUG [CRASH COMPLEXION_p011]          StemBuilder.java:1080 | [FAILED toString()]
2026-03-14 01:22:35,412 DEBUG [CRASH COMPLEXION_p011]          StemBuilder.java:167  | VLinker{beam#1935-Vlnk-BL-1} lengths:{0=24, 1=24, 2=50, 3=50, 4=50}
2026-03-14 01:22:35,416 DEBUG [CRASH COMPLEXION_p011]          StemBuilder.java:1080 | [FAILED toString()]
2026-03-14 01:22:35,420 DEBUG [CRASH COMPLEXION_p011]          StemBuilder.java:167  | VLinker{beam#1935-Vlnk-BR-2} lengths:{0=24, 1=24, 2=50, 3=50, 4=50}
2026-03-14 01:22:35,422 DEBUG [CRASH COMPLEXION_p011]          StemBuilder.java:1080 | [FAILED toString()]
2026-03-14 01:22:35,422 DEBUG [CRASH COMPLEXION_p011]          StemBuilder.java:167  | VLinker{beam#1987-Vlnk-BL-1} lengths:{0=43, 1=43, 2=43, 3=43, 4=43}
2026-03-14 01:22:35,423 DEBUG [CRASH COMPLEXION_p011]          StemBuilder.java:1080 | [FAILED toString()]
2026-03-14 01:22:35,424 DEBUG [CRASH COMPLEXION_p011]          StemBuilder.java:167  | VLinker{beam#1987-Vlnk-BC-2} lengths:{0=43, 1=43, 2=43, 3=43, 4=43}
2026-03-14 01:22:35,425 DEBUG [CRASH COMPLEXION_p011]          StemBuilder.java:1080 | [FAILED toString()]
2026-03-14 01:22:35,425 DEBUG [CRASH COMPLEXION_p011]          StemBuilder.java:167  | VLinker{beam#1987-Vlnk-BC-3} lengths:{0=68, 1=68, 2=68, 3=68, 4=68}
2026-03-14 01:22:35,426 DEBUG [CRASH COMPLEXION_p011]          StemBuilder.java:1080 | [FAILED toString()]
2026-03-14 01:22:35,426 DEBUG [CRASH COMPLEXION_p011]          StemBuilder.java:167  | VLinker{beam#1987-Vlnk-BR-4} lengths:{0=36, 1=36, 2=36, 3=36, 4=36}
2026-03-14 01:22:35,427 DEBUG [CRASH COMPLEXION_p011]          StemBuilder.java:1080 | [FAILED toString()]
2026-03-14 01:22:35,428 DEBUG [CRASH COMPLEXION_p011]          StemBuilder.java:167  | VLinker{beam#1844-Vlnk-TL-1} lengths:{0=0, 1=0, 2=0, 3=0, 4=0}
2026-03-14 01:22:35,429 DEBUG [CRASH COMPLEXION_p011]          StemBuilder.java:1080 | [FAILED toString()]
2026-03-14 01:22:35,429 DEBUG [CRASH COMPLEXION_p011]          StemBuilder.java:167  | VLinker{beam#1844-Vlnk-BL-1} lengths:{0=1, 1=1, 2=1, 3=1, 4=1}
2026-03-14 01:22:35,430 DEBUG [CRASH COMPLEXION_p011]          StemBuilder.java:1080 | [FAILED toString()]
2026-03-14 01:22:35,476 DEBUG [CRASH COMPLEXION_p011]          StemBuilder.java:167  | VLinker{beam#1844-Vlnk-TR-2} lengths:{0=0, 1=0, 2=0, 3=0, 4=0}
2026-03-14 01:22:35,479 DEBUG [CRASH COMPLEXION_p011]          StemBuilder.java:1080 | [FAILED toString()]
2026-03-14 01:22:35,479 DEBUG [CRASH COMPLEXION_p011]          StemBuilder.java:167  | VLinker{beam#1844-Vlnk-BR-2} lengths:{0=1, 1=1, 2=1, 3=1, 4=1}
2026-03-14 01:22:35,480 DEBUG [CRASH COMPLEXION_p011]          StemBuilder.java:1080 | [FAILED toString()]
2026-03-14 01:22:35,481 DEBUG [CRASH COMPLEXION_p011]          StemBuilder.java:167  | VLinker{beam#1846-Vlnk-TL-1} lengths:{0=0, 1=0, 2=0, 3=0, 4=0}
2026-03-14 01:22:35,483 DEBUG [CRASH COMPLEXION_p011]          StemBuilder.java:1080 | [FAILED toString()]
2026-03-14 01:22:35,484 DEBUG [CRASH COMPLEXION_p011]          StemBuilder.java:167  | VLinker{beam#1846-Vlnk-BL-1} lengths:{0=1, 1=1, 2=1, 3=1, 4=1}
2026-03-14 01:22:35,485 DEBUG [CRASH COMPLEXION_p011]          StemBuilder.java:1080 | [FAILED toString()]
2026-03-14 01:22:35,485 DEBUG [CRASH COMPLEXION_p011]          StemBuilder.java:167  | VLinker{beam#1846-Vlnk-TR-2} lengths:{0=0, 1=0, 2=0, 3=0, 4=0}
2026-03-14 01:22:35,486 DEBUG [CRASH COMPLEXION_p011]          StemBuilder.java:1080 | [FAILED toString()]
2026-03-14 01:22:35,486 DEBUG [CRASH COMPLEXION_p011]          StemBuilder.java:167  | VLinker{beam#1846-Vlnk-BR-2} lengths:{0=1, 1=1, 2=1, 3=1, 4=1}
2026-03-14 01:22:35,487 DEBUG [CRASH COMPLEXION_p011]          StemBuilder.java:1080 | [FAILED toString()]
2026-03-14 01:22:35,487 DEBUG [CRASH COMPLEXION_p011]          StemBuilder.java:167  | VLinker{beam#1853-Vlnk-TL-1} lengths:{0=0, 1=0, 2=0, 3=0, 4=0}
2026-03-14 01:22:35,488 DEBUG [CRASH COMPLEXION_p011]          StemBuilder.java:1080 | [FAILED toString()]
2026-03-14 01:22:35,488 DEBUG [CRASH COMPLEXION_p011]          StemBuilder.java:167  | VLinker{beam#1853-Vlnk-BL-1} lengths:{0=1, 1=1, 2=1, 3=1, 4=1}
2026-03-14 01:22:35,489 DEBUG [CRASH COMPLEXION_p011]          StemBuilder.java:1080 | [FAILED toString()]
2026-03-14 01:22:35,489 DEBUG [CRASH COMPLEXION_p011]          StemBuilder.java:167  | VLinker{beam#1853-Vlnk-TR-2} lengths:{0=0, 1=0, 2=0, 3=0, 4=0}
2026-03-14 01:22:35,490 DEBUG [CRASH COMPLEXION_p011]          StemBuilder.java:1080 | [FAILED toString()]
2026-03-14 01:22:35,490 DEBUG [CRASH COMPLEXION_p011]          StemBuilder.java:167  | VLinker{beam#1853-Vlnk-BR-2} lengths:{0=1, 1=1, 2=1, 3=1, 4=1}
2026-03-14 01:22:35,491 DEBUG [CRASH COMPLEXION_p011]          StemBuilder.java:1080 | [FAILED toString()]
2026-03-14 01:22:35,491 DEBUG [CRASH COMPLEXION_p011]          StemBuilder.java:167  | VLinker{beam#1855-Vlnk-TL-1} lengths:{0=0, 1=0, 2=0, 3=0, 4=0}
2026-03-14 01:22:35,492 DEBUG [CRASH COMPLEXION_p011]          StemBuilder.java:1080 | [FAILED toString()]
2026-03-14 01:22:35,492 DEBUG [CRASH COMPLEXION_p011]          StemBuilder.java:167  | VLinker{beam#1855-Vlnk-BL-1} lengths:{0=1, 1=1, 2=1, 3=1, 4=1}
2026-03-14 01:22:35,493 DEBUG [CRASH COMPLEXION_p011]          StemBuilder.java:1080 | [FAILED toString()]
2026-03-14 01:22:35,493 DEBUG [CRASH COMPLEXION_p011]          StemBuilder.java:167  | VLinker{beam#1855-Vlnk-TR-2} lengths:{0=0, 1=0, 2=0, 3=0, 4=0}
2026-03-14 01:22:35,494 DEBUG [CRASH COMPLEXION_p011]          StemBuilder.java:1080 | [FAILED toString()]
2026-03-14 01:22:35,494 DEBUG [CRASH COMPLEXION_p011]          StemBuilder.java:167  | VLinker{beam#1855-Vlnk-BR-2} lengths:{0=1, 1=1, 2=1, 3=1, 4=1}
2026-03-14 01:22:35,495 DEBUG [CRASH COMPLEXION_p011]          StemBuilder.java:1080 | [FAILED toString()]
2026-03-14 01:22:35,495 DEBUG [CRASH COMPLEXION_p011]          StemBuilder.java:167  | VLinker{beam#1989-Vlnk-BL-1} lengths:{0=37, 1=37, 2=37, 3=37, 4=37}
2026-03-14 01:22:35,496 DEBUG [CRASH COMPLEXION_p011]          StemBuilder.java:1080 | [FAILED toString()]
2026-03-14 01:22:35,496 DEBUG [CRASH COMPLEXION_p011]          StemBuilder.java:167  | VLinker{beam#1989-Vlnk-BC-2} lengths:{0=43, 1=43, 2=43, 3=43, 4=43}
2026-03-14 01:22:35,497 DEBUG [CRASH COMPLEXION_p011]          StemBuilder.java:1080 | [FAILED toString()]
2026-03-14 01:22:35,497 DEBUG [CRASH COMPLEXION_p011]          StemBuilder.java:167  | VLinker{beam#1989-Vlnk-BC-3} lengths:{0=36, 1=36, 2=36, 3=36, 4=36}
2026-03-14 01:22:35,498 DEBUG [CRASH COMPLEXION_p011]          StemBuilder.java:1080 | [FAILED toString()]
2026-03-14 01:22:35,498 DEBUG [CRASH COMPLEXION_p011]          StemBuilder.java:167  | VLinker{beam#1989-Vlnk-BR-4} lengths:{0=68, 1=68, 2=68, 3=68, 4=68}
2026-03-14 01:22:35,499 DEBUG [CRASH COMPLEXION_p011]          StemBuilder.java:1080 | [FAILED toString()]
2026-03-14 01:22:35,499 DEBUG [CRASH COMPLEXION_p011]          StemBuilder.java:167  | VLinker{beam#2009-Vlnk-BL-1} lengths:{0=25, 1=25, 2=25, 3=25, 4=25}
2026-03-14 01:22:35,500 DEBUG [CRASH COMPLEXION_p011]          StemBuilder.java:1080 | [FAILED toString()]
2026-03-14 01:22:35,500 DEBUG [CRASH COMPLEXION_p011]          StemBuilder.java:167  | VLinker{beam#2009-Vlnk-BC-2} lengths:{0=31, 1=31, 2=31, 3=31, 4=31}
2026-03-14 01:22:35,501 DEBUG [CRASH COMPLEXION_p011]          StemBuilder.java:1080 | [FAILED toString()]
2026-03-14 01:22:35,501 DEBUG [CRASH COMPLEXION_p011]          StemBuilder.java:167  | VLinker{beam#2009-Vlnk-BC-3} lengths:{0=24, 1=24, 2=24, 3=24, 4=24}
2026-03-14 01:22:35,502 DEBUG [CRASH COMPLEXION_p011]          StemBuilder.java:1080 | [FAILED toString()]
2026-03-14 01:22:35,502 DEBUG [CRASH COMPLEXION_p011]          StemBuilder.java:167  | VLinker{beam#2009-Vlnk-BR-4} lengths:{0=55, 1=55, 2=55, 3=55, 4=55}
2026-03-14 01:22:35,503 DEBUG [CRASH COMPLEXION_p011]          StemBuilder.java:1080 | [FAILED toString()]
2026-03-14 01:22:35,504 DEBUG [CRASH COMPLEXION_p011]          StemBuilder.java:167  | VLinker{beam#1979-Vlnk-BL-1} lengths:{0=38, 1=38, 2=38, 3=38, 4=38}
2026-03-14 01:22:35,505 DEBUG [CRASH COMPLEXION_p011]          StemBuilder.java:1080 | [FAILED toString()]
2026-03-14 01:22:35,505 DEBUG [CRASH COMPLEXION_p011]          StemBuilder.java:167  | VLinker{beam#1979-Vlnk-BC-2} lengths:{0=43, 1=43, 2=43, 3=43, 4=43}
2026-03-14 01:22:35,507 DEBUG [CRASH COMPLEXION_p011]          StemBuilder.java:1080 | [FAILED toString()]
2026-03-14 01:22:35,507 DEBUG [CRASH COMPLEXION_p011]          StemBuilder.java:167  | VLinker{beam#1979-Vlnk-TC-3} lengths:{0=18, 1=18, 2=18, 3=18, 4=18}
2026-03-14 01:22:35,510 DEBUG [CRASH COMPLEXION_p011]          StemBuilder.java:1080 | [FAILED toString()]
2026-03-14 01:22:35,512 DEBUG [CRASH COMPLEXION_p011]          StemBuilder.java:167  | VLinker{beam#1979-Vlnk-BC-3} lengths:{0=44, 1=44, 2=44, 3=44, 4=44}
2026-03-14 01:22:35,515 DEBUG [CRASH COMPLEXION_p011]          StemBuilder.java:1080 | [FAILED toString()]
2026-03-14 01:22:35,516 DEBUG [CRASH COMPLEXION_p011]          StemBuilder.java:167  | VLinker{beam#1979-Vlnk-BR-4} lengths:{0=42, 1=42, 2=42, 3=42, 4=42}
2026-03-14 01:22:35,516 DEBUG [CRASH COMPLEXION_p011]          StemBuilder.java:1080 | [FAILED toString()]
2026-03-14 01:22:35,517 DEBUG [CRASH COMPLEXION_p011]          StemBuilder.java:167  | VLinker{beam#2011-Vlnk-BL-1} lengths:{0=25, 1=25, 2=25, 3=25, 4=25}
2026-03-14 01:22:35,518 DEBUG [CRASH COMPLEXION_p011]          StemBuilder.java:1080 | [FAILED toString()]
2026-03-14 01:22:35,518 DEBUG [CRASH COMPLEXION_p011]          StemBuilder.java:167  | VLinker{beam#2011-Vlnk-BC-2} lengths:{0=29, 1=29, 2=29, 3=29, 4=29}
2026-03-14 01:22:35,519 DEBUG [CRASH COMPLEXION_p011]          StemBuilder.java:1080 | [FAILED toString()]
2026-03-14 01:22:35,519 DEBUG [CRASH COMPLEXION_p011]          StemBuilder.java:167  | VLinker{beam#2011-Vlnk-TC-3} lengths:{0=32, 1=32, 2=32, 3=32, 4=32}
2026-03-14 01:22:35,520 DEBUG [CRASH COMPLEXION_p011]          StemBuilder.java:1080 | [FAILED toString()]
2026-03-14 01:22:35,520 DEBUG [CRASH COMPLEXION_p011]          StemBuilder.java:167  | VLinker{beam#2011-Vlnk-BC-3} lengths:{0=30, 1=30, 2=30, 3=30, 4=30}
2026-03-14 01:22:35,521 DEBUG [CRASH COMPLEXION_p011]          StemBuilder.java:1080 | [FAILED toString()]
2026-03-14 01:22:35,522 DEBUG [CRASH COMPLEXION_p011]          StemBuilder.java:167  | VLinker{beam#2011-Vlnk-BR-4} lengths:{0=29, 1=29, 2=29, 3=29, 4=29}
2026-03-14 01:22:35,523 DEBUG [CRASH COMPLEXION_p011]          StemBuilder.java:1080 | [FAILED toString()]
2026-03-14 01:22:35,523 DEBUG [CRASH COMPLEXION_p011]          StemBuilder.java:167  | VLinker{beam#1983-Vlnk-BL-1} lengths:{0=39, 1=39, 2=39, 3=39, 4=39}
2026-03-14 01:22:35,524 DEBUG [CRASH COMPLEXION_p011]          StemBuilder.java:1080 | [FAILED toString()]
2026-03-14 01:22:35,524 DEBUG [CRASH COMPLEXION_p011]          StemBuilder.java:167  | VLinker{beam#1983-Vlnk-BC-2} lengths:{0=43, 1=43, 2=43, 3=43, 4=43}
2026-03-14 01:22:35,525 DEBUG [CRASH COMPLEXION_p011]          StemBuilder.java:1080 | [FAILED toString()]
2026-03-14 01:22:35,525 DEBUG [CRASH COMPLEXION_p011]          StemBuilder.java:167  | VLinker{beam#1983-Vlnk-BC-3} lengths:{0=71, 1=71, 2=71, 3=71, 4=71}
2026-03-14 01:22:35,526 DEBUG [CRASH COMPLEXION_p011]          StemBuilder.java:1080 | [FAILED toString()]
2026-03-14 01:22:35,526 DEBUG [CRASH COMPLEXION_p011]          StemBuilder.java:167  | VLinker{beam#1983-Vlnk-BR-4} lengths:{0=37, 1=37, 2=37, 3=37, 4=37}
2026-03-14 01:22:35,527 DEBUG [CRASH COMPLEXION_p011]          StemBuilder.java:1080 | [FAILED toString()]
2026-03-14 01:22:35,528 DEBUG [CRASH COMPLEXION_p011]          StemBuilder.java:167  | VLinker{beam#1832-Vlnk-TL-1} lengths:{0=0, 1=0, 2=0, 3=0, 4=0}
2026-03-14 01:22:35,529 DEBUG [CRASH COMPLEXION_p011]          StemBuilder.java:1080 | [FAILED toString()]
2026-03-14 01:22:35,529 DEBUG [CRASH COMPLEXION_p011]          StemBuilder.java:167  | VLinker{beam#1832-Vlnk-BL-1} lengths:{0=1, 1=1, 2=1, 3=1, 4=1}
2026-03-14 01:22:35,530 DEBUG [CRASH COMPLEXION_p011]          StemBuilder.java:1080 | [FAILED toString()]
2026-03-14 01:22:35,531 DEBUG [CRASH COMPLEXION_p011]          StemBuilder.java:167  | VLinker{beam#1832-Vlnk-TR-2} lengths:{0=0, 1=0, 2=0, 3=0, 4=0}
2026-03-14 01:22:35,531 DEBUG [CRASH COMPLEXION_p011]          StemBuilder.java:1080 | [FAILED toString()]
2026-03-14 01:22:35,532 DEBUG [CRASH COMPLEXION_p011]          StemBuilder.java:167  | VLinker{beam#1832-Vlnk-BR-2} lengths:{0=1, 1=1, 2=1, 3=1, 4=1}
2026-03-14 01:22:35,533 DEBUG [CRASH COMPLEXION_p011]          StemBuilder.java:1080 | [FAILED toString()]
2026-03-14 01:22:35,533 DEBUG [CRASH COMPLEXION_p011]          StemBuilder.java:167  | VLinker{beam#1834-Vlnk-TL-1} lengths:{0=0, 1=0, 2=0, 3=0, 4=0}
2026-03-14 01:22:35,534 DEBUG [CRASH COMPLEXION_p011]          StemBuilder.java:1080 | [FAILED toString()]
2026-03-14 01:22:35,534 DEBUG [CRASH COMPLEXION_p011]          StemBuilder.java:167  | VLinker{beam#1834-Vlnk-BL-1} lengths:{0=1, 1=1, 2=1, 3=1, 4=1}
2026-03-14 01:22:35,535 DEBUG [CRASH COMPLEXION_p011]          StemBuilder.java:1080 | [FAILED toString()]
2026-03-14 01:22:35,535 DEBUG [CRASH COMPLEXION_p011]          StemBuilder.java:167  | VLinker{beam#1834-Vlnk-TR-2} lengths:{0=0, 1=0, 2=0, 3=0, 4=0}
2026-03-14 01:22:35,536 DEBUG [CRASH COMPLEXION_p011]          StemBuilder.java:1080 | [FAILED toString()]
2026-03-14 01:22:35,537 DEBUG [CRASH COMPLEXION_p011]          StemBuilder.java:167  | VLinker{beam#1834-Vlnk-BR-2} lengths:{0=1, 1=1, 2=1, 3=1, 4=1}
2026-03-14 01:22:35,537 DEBUG [CRASH COMPLEXION_p011]          StemBuilder.java:1080 | [FAILED toString()]
2026-03-14 01:22:35,538 DEBUG [CRASH COMPLEXION_p011]          StemBuilder.java:167  | VLinker{beam#1838-Vlnk-TL-1} lengths:{0=0, 1=0, 2=0, 3=0, 4=0}
2026-03-14 01:22:35,539 DEBUG [CRASH COMPLEXION_p011]          StemBuilder.java:1080 | [FAILED toString()]
2026-03-14 01:22:35,540 DEBUG [CRASH COMPLEXION_p011]          StemBuilder.java:167  | VLinker{beam#1838-Vlnk-BL-1} lengths:{0=1, 1=1, 2=1, 3=1, 4=1}
2026-03-14 01:22:35,540 DEBUG [CRASH COMPLEXION_p011]          StemBuilder.java:1080 | [FAILED toString()]
2026-03-14 01:22:35,541 DEBUG [CRASH COMPLEXION_p011]          StemBuilder.java:167  | VLinker{beam#1838-Vlnk-TR-2} lengths:{0=0, 1=0, 2=0, 3=0, 4=0}
2026-03-14 01:22:35,542 DEBUG [CRASH COMPLEXION_p011]          StemBuilder.java:1080 | [FAILED toString()]
2026-03-14 01:22:35,543 DEBUG [CRASH COMPLEXION_p011]          StemBuilder.java:167  | VLinker{beam#1838-Vlnk-BR-2} lengths:{0=1, 1=1, 2=1, 3=1, 4=1}
2026-03-14 01:22:35,545 DEBUG [CRASH COMPLEXION_p011]          StemBuilder.java:1080 | [FAILED toString()]
2026-03-14 01:22:35,545 DEBUG [CRASH COMPLEXION_p011]          StemBuilder.java:167  | VLinker{beam#1840-Vlnk-TL-1} lengths:{0=0, 1=0, 2=0, 3=0, 4=0}
2026-03-14 01:22:35,546 DEBUG [CRASH COMPLEXION_p011]          StemBuilder.java:1080 | [FAILED toString()]
2026-03-14 01:22:35,546 DEBUG [CRASH COMPLEXION_p011]          StemBuilder.java:167  | VLinker{beam#1840-Vlnk-BL-1} lengths:{0=1, 1=1, 2=1, 3=1, 4=1}
2026-03-14 01:22:35,547 DEBUG [CRASH COMPLEXION_p011]          StemBuilder.java:1080 | [FAILED toString()]
2026-03-14 01:22:35,547 DEBUG [CRASH COMPLEXION_p011]          StemBuilder.java:167  | VLinker{beam#1840-Vlnk-TR-2} lengths:{0=0, 1=0, 2=0, 3=0, 4=0}
2026-03-14 01:22:35,548 DEBUG [CRASH COMPLEXION_p011]          StemBuilder.java:1080 | [FAILED toString()]
2026-03-14 01:22:35,548 DEBUG [CRASH COMPLEXION_p011]          StemBuilder.java:167  | VLinker{beam#1840-Vlnk-BR-2} lengths:{0=1, 1=1, 2=1, 3=1, 4=1}
2026-03-14 01:22:35,549 DEBUG [CRASH COMPLEXION_p011]          StemBuilder.java:1080 | [FAILED toString()]
2026-03-14 01:22:35,549 DEBUG [CRASH COMPLEXION_p011]          StemBuilder.java:167  | VLinker{beam#1856-Vlnk-TL-1} lengths:{0=0, 1=0, 2=0, 3=0, 4=0}
2026-03-14 01:22:35,550 DEBUG [CRASH COMPLEXION_p011]          StemBuilder.java:1080 | [FAILED toString()]
2026-03-14 01:22:35,550 DEBUG [CRASH COMPLEXION_p011]          StemBuilder.java:167  | VLinker{beam#1856-Vlnk-BL-1} lengths:{0=0, 1=0, 2=0, 3=0, 4=0}
2026-03-14 01:22:35,551 DEBUG [CRASH COMPLEXION_p011]          StemBuilder.java:1080 | [FAILED toString()]
2026-03-14 01:22:35,551 DEBUG [CRASH COMPLEXION_p011]          StemBuilder.java:167  | VLinker{beam#1856-Vlnk-TR-2} lengths:{0=0, 1=0, 2=0, 3=0, 4=0}
2026-03-14 01:22:35,551 DEBUG [CRASH COMPLEXION_p011]          StemBuilder.java:1080 | [FAILED toString()]
2026-03-14 01:22:35,552 DEBUG [CRASH COMPLEXION_p011]          StemBuilder.java:167  | VLinker{beam#1856-Vlnk-BR-2} lengths:{0=0, 1=0, 2=0, 3=0, 4=0}
2026-03-14 01:22:35,552 DEBUG [CRASH COMPLEXION_p011]          StemBuilder.java:1080 | [FAILED toString()]
2026-03-14 01:22:35,553 DEBUG [CRASH COMPLEXION_p011]          StemBuilder.java:167  | VLinker{beam#1858-Vlnk-TL-1} lengths:{0=0, 1=0, 2=0, 3=0, 4=0}
2026-03-14 01:22:35,554 DEBUG [CRASH COMPLEXION_p011]          StemBuilder.java:1080 | [FAILED toString()]
2026-03-14 01:22:35,554 DEBUG [CRASH COMPLEXION_p011]          StemBuilder.java:167  | VLinker{beam#1858-Vlnk-BL-1} lengths:{0=0, 1=0, 2=0, 3=0, 4=0}
2026-03-14 01:22:35,555 DEBUG [CRASH COMPLEXION_p011]          StemBuilder.java:1080 | [FAILED toString()]
2026-03-14 01:22:35,555 DEBUG [CRASH COMPLEXION_p011]          StemBuilder.java:167  | VLinker{beam#1858-Vlnk-TR-2} lengths:{0=0, 1=0, 2=0, 3=0, 4=0}
2026-03-14 01:22:35,556 DEBUG [CRASH COMPLEXION_p011]          StemBuilder.java:1080 | [FAILED toString()]
2026-03-14 01:22:35,556 DEBUG [CRASH COMPLEXION_p011]          StemBuilder.java:167  | VLinker{beam#1858-Vlnk-BR-2} lengths:{0=0, 1=0, 2=0, 3=0, 4=0}
2026-03-14 01:22:35,557 DEBUG [CRASH COMPLEXION_p011]          StemBuilder.java:1080 | [FAILED toString()]
2026-03-14 01:22:35,558 DEBUG [CRASH COMPLEXION_p011]          StemBuilder.java:167  | VLinker{beam#2029-Vlnk-TL-1} lengths:{0=30, 1=30, 2=30, 3=30, 4=30}
2026-03-14 01:22:35,559 DEBUG [CRASH COMPLEXION_p011]          StemBuilder.java:1080 | [FAILED toString()]
2026-03-14 01:22:35,559 DEBUG [CRASH COMPLEXION_p011]          StemBuilder.java:167  | VLinker{beam#2029-Vlnk-TC-2} lengths:{0=32, 1=32, 2=32, 3=32, 4=32}
2026-03-14 01:22:35,560 DEBUG [CRASH COMPLEXION_p011]          StemBuilder.java:1080 | [FAILED toString()]
2026-03-14 01:22:35,561 DEBUG [CRASH COMPLEXION_p011]          StemBuilder.java:167  | VLinker{beam#2029-Vlnk-TR-3} lengths:{0=32, 1=32, 2=32, 3=32, 4=32}
2026-03-14 01:22:35,561 DEBUG [CRASH COMPLEXION_p011]          StemBuilder.java:1080 | [FAILED toString()]
2026-03-14 01:22:35,562 DEBUG [CRASH COMPLEXION_p011]          StemBuilder.java:167  | VLinker{beam#2033-Vlnk-TL-1} lengths:{0=44, 1=44, 2=44, 3=44, 4=44}
2026-03-14 01:22:35,563 DEBUG [CRASH COMPLEXION_p011]          StemBuilder.java:1080 | [FAILED toString()]
2026-03-14 01:22:35,563 DEBUG [CRASH COMPLEXION_p011]          StemBuilder.java:167  | VLinker{beam#2033-Vlnk-TC-2} lengths:{0=45, 1=45, 2=45, 3=45, 4=45}
2026-03-14 01:22:35,564 DEBUG [CRASH COMPLEXION_p011]          StemBuilder.java:1080 | [FAILED toString()]
2026-03-14 01:22:35,564 DEBUG [CRASH COMPLEXION_p011]          StemBuilder.java:167  | VLinker{beam#2033-Vlnk-TR-3} lengths:{0=46, 1=46, 2=46, 3=46, 4=46}
2026-03-14 01:22:35,565 DEBUG [CRASH COMPLEXION_p011]          StemBuilder.java:1080 | [FAILED toString()]
2026-03-14 01:22:35,566 DEBUG [CRASH COMPLEXION_p011]          StemBuilder.java:167  | VLinker{beam#1991-Vlnk-BL-1} lengths:{0=44, 1=44, 2=44, 3=44, 4=44}
2026-03-14 01:22:35,567 DEBUG [CRASH COMPLEXION_p011]          StemBuilder.java:1080 | [FAILED toString()]
2026-03-14 01:22:35,567 DEBUG [CRASH COMPLEXION_p011]          StemBuilder.java:167  | VLinker{beam#1991-Vlnk-BC-2} lengths:{0=37, 1=37, 2=37, 3=37, 4=37}
2026-03-14 01:22:35,568 DEBUG [CRASH COMPLEXION_p011]          StemBuilder.java:1080 | [FAILED toString()]
2026-03-14 01:22:35,568 DEBUG [CRASH COMPLEXION_p011]          StemBuilder.java:167  | VLinker{beam#1991-Vlnk-BC-3} lengths:{0=43, 1=43, 2=43, 3=43, 4=43}
2026-03-14 01:22:35,569 DEBUG [CRASH COMPLEXION_p011]          StemBuilder.java:1080 | [FAILED toString()]
2026-03-14 01:22:35,569 DEBUG [CRASH COMPLEXION_p011]          StemBuilder.java:167  | VLinker{beam#1991-Vlnk-BR-4} lengths:{0=70, 1=70, 2=70, 3=70, 4=70}
2026-03-14 01:22:35,571 DEBUG [CRASH COMPLEXION_p011]          StemBuilder.java:1080 | [FAILED toString()]
2026-03-14 01:22:35,572 DEBUG [CRASH COMPLEXION_p011]          StemBuilder.java:167  | VLinker{beam#2013-Vlnk-BL-1} lengths:{0=31, 1=31, 2=31, 3=31, 4=31}
2026-03-14 01:22:35,573 DEBUG [CRASH COMPLEXION_p011]          StemBuilder.java:1080 | [FAILED toString()]
2026-03-14 01:22:35,574 DEBUG [CRASH COMPLEXION_p011]          StemBuilder.java:167  | VLinker{beam#2013-Vlnk-BC-2} lengths:{0=24, 1=24, 2=24, 3=24, 4=24}
2026-03-14 01:22:35,575 DEBUG [CRASH COMPLEXION_p011]          StemBuilder.java:1080 | [FAILED toString()]
2026-03-14 01:22:35,576 DEBUG [CRASH COMPLEXION_p011]          StemBuilder.java:167  | VLinker{beam#2013-Vlnk-BC-3} lengths:{0=30, 1=30, 2=30, 3=30, 4=30}
2026-03-14 01:22:35,577 DEBUG [CRASH COMPLEXION_p011]          StemBuilder.java:1080 | [FAILED toString()]
2026-03-14 01:22:35,578 DEBUG [CRASH COMPLEXION_p011]          StemBuilder.java:167  | VLinker{beam#2013-Vlnk-BR-4} lengths:{0=58, 1=58, 2=58, 3=58, 4=58}
2026-03-14 01:22:35,578 DEBUG [CRASH COMPLEXION_p011]          StemBuilder.java:1080 | [FAILED toString()]
2026-03-14 01:22:35,579 DEBUG [CRASH COMPLEXION_p011]          StemBuilder.java:167  | VLinker{beam#1993-Vlnk-BL-1} lengths:{0=43, 1=43, 2=43, 3=43, 4=43}
2026-03-14 01:22:35,579 DEBUG [CRASH COMPLEXION_p011]          StemBuilder.java:1080 | [FAILED toString()]
2026-03-14 01:22:35,580 DEBUG [CRASH COMPLEXION_p011]          StemBuilder.java:167  | VLinker{beam#1993-Vlnk-BC-2} lengths:{0=38, 1=38, 2=38, 3=38, 4=38}
2026-03-14 01:22:35,580 DEBUG [CRASH COMPLEXION_p011]          StemBuilder.java:1080 | [FAILED toString()]
2026-03-14 01:22:35,581 DEBUG [CRASH COMPLEXION_p011]          StemBuilder.java:167  | VLinker{beam#1993-Vlnk-BC-3} lengths:{0=43, 1=43, 2=43, 3=43, 4=43}
2026-03-14 01:22:35,583 DEBUG [CRASH COMPLEXION_p011]          StemBuilder.java:1080 | [FAILED toString()]
2026-03-14 01:22:35,583 DEBUG [CRASH COMPLEXION_p011]          StemBuilder.java:167  | VLinker{beam#1993-Vlnk-BR-4} lengths:{0=70, 1=70, 2=70, 3=70, 4=70}
2026-03-14 01:22:35,584 DEBUG [CRASH COMPLEXION_p011]          StemBuilder.java:1080 | [FAILED toString()]
2026-03-14 01:22:35,584 DEBUG [CRASH COMPLEXION_p011]          StemBuilder.java:167  | VLinker{beam#2015-Vlnk-BL-1} lengths:{0=30, 1=30, 2=30, 3=30, 4=30}
2026-03-14 01:22:35,585 DEBUG [CRASH COMPLEXION_p011]          StemBuilder.java:1080 | [FAILED toString()]
2026-03-14 01:22:35,586 DEBUG [CRASH COMPLEXION_p011]          StemBuilder.java:167  | VLinker{beam#2015-Vlnk-BC-2} lengths:{0=25, 1=25, 2=25, 3=25, 4=25}
2026-03-14 01:22:35,587 DEBUG [CRASH COMPLEXION_p011]          StemBuilder.java:1080 | [FAILED toString()]
2026-03-14 01:22:35,587 DEBUG [CRASH COMPLEXION_p011]          StemBuilder.java:167  | VLinker{beam#2015-Vlnk-BC-3} lengths:{0=30, 1=30, 2=30, 3=30, 4=30}
2026-03-14 01:22:35,588 DEBUG [CRASH COMPLEXION_p011]          StemBuilder.java:1080 | [FAILED toString()]
2026-03-14 01:22:35,588 DEBUG [CRASH COMPLEXION_p011]          StemBuilder.java:167  | VLinker{beam#2015-Vlnk-BR-4} lengths:{0=56, 1=56, 2=56, 3=56, 4=56}
2026-03-14 01:22:35,589 DEBUG [CRASH COMPLEXION_p011]          StemBuilder.java:1080 | [FAILED toString()]
2026-03-14 01:22:35,590 DEBUG [CRASH COMPLEXION_p011]          StemBuilder.java:167  | VLinker{beam#1997-Vlnk-BL-1} lengths:{0=37, 1=37, 2=37, 3=37, 4=37}
2026-03-14 01:22:35,591 DEBUG [CRASH COMPLEXION_p011]          StemBuilder.java:1080 | [FAILED toString()]
2026-03-14 01:22:35,591 DEBUG [CRASH COMPLEXION_p011]          StemBuilder.java:167  | VLinker{beam#1997-Vlnk-BC-2} lengths:{0=37, 1=37, 2=37, 3=37, 4=37}
2026-03-14 01:22:35,592 DEBUG [CRASH COMPLEXION_p011]          StemBuilder.java:1080 | [FAILED toString()]
2026-03-14 01:22:35,592 DEBUG [CRASH COMPLEXION_p011]          StemBuilder.java:167  | VLinker{beam#1997-Vlnk-BC-3} lengths:{0=69, 1=69, 2=69, 3=69, 4=69}
2026-03-14 01:22:35,593 DEBUG [CRASH COMPLEXION_p011]          StemBuilder.java:1080 | [FAILED toString()]
2026-03-14 01:22:35,593 DEBUG [CRASH COMPLEXION_p011]          StemBuilder.java:167  | VLinker{beam#1997-Vlnk-BR-4} lengths:{0=38, 1=38, 2=38, 3=38, 4=38}
2026-03-14 01:22:35,594 DEBUG [CRASH COMPLEXION_p011]          StemBuilder.java:1080 | [FAILED toString()]
2026-03-14 01:22:35,594 DEBUG [CRASH COMPLEXION_p011]          StemBuilder.java:167  | VLinker{beam#1859-Vlnk-TL-1} lengths:{0=0, 1=0, 2=0, 3=0, 4=0}
2026-03-14 01:22:35,595 DEBUG [CRASH COMPLEXION_p011]          StemBuilder.java:1080 | [FAILED toString()]
2026-03-14 01:22:35,595 DEBUG [CRASH COMPLEXION_p011]          StemBuilder.java:167  | VLinker{beam#1859-Vlnk-BL-1} lengths:{0=1, 1=1, 2=1, 3=1, 4=1}
2026-03-14 01:22:35,596 DEBUG [CRASH COMPLEXION_p011]          StemBuilder.java:1080 | [FAILED toString()]
2026-03-14 01:22:35,596 DEBUG [CRASH COMPLEXION_p011]          StemBuilder.java:167  | VLinker{beam#1859-Vlnk-TR-2} lengths:{0=0, 1=0, 2=0, 3=0, 4=0}
2026-03-14 01:22:35,597 DEBUG [CRASH COMPLEXION_p011]          StemBuilder.java:1080 | [FAILED toString()]
2026-03-14 01:22:35,597 DEBUG [CRASH COMPLEXION_p011]          StemBuilder.java:167  | VLinker{beam#1859-Vlnk-BR-2} lengths:{0=1, 1=1, 2=1, 3=1, 4=1}
2026-03-14 01:22:35,598 DEBUG [CRASH COMPLEXION_p011]          StemBuilder.java:1080 | [FAILED toString()]
2026-03-14 01:22:35,599 DEBUG [CRASH COMPLEXION_p011]          StemBuilder.java:167  | VLinker{beam#1861-Vlnk-TL-1} lengths:{0=0, 1=0, 2=0, 3=0, 4=0}
2026-03-14 01:22:35,599 DEBUG [CRASH COMPLEXION_p011]          StemBuilder.java:1080 | [FAILED toString()]
2026-03-14 01:22:35,600 DEBUG [CRASH COMPLEXION_p011]          StemBuilder.java:167  | VLinker{beam#1861-Vlnk-BL-1} lengths:{0=1, 1=1, 2=1, 3=1, 4=1}
2026-03-14 01:22:35,600 DEBUG [CRASH COMPLEXION_p011]          StemBuilder.java:1080 | [FAILED toString()]
2026-03-14 01:22:35,602 DEBUG [CRASH COMPLEXION_p011]          StemBuilder.java:167  | VLinker{beam#1861-Vlnk-TR-2} lengths:{0=0, 1=0, 2=0, 3=0, 4=0}
2026-03-14 01:22:35,602 DEBUG [CRASH COMPLEXION_p011]          StemBuilder.java:1080 | [FAILED toString()]
2026-03-14 01:22:35,603 DEBUG [CRASH COMPLEXION_p011]          StemBuilder.java:167  | VLinker{beam#1861-Vlnk-BR-2} lengths:{0=1, 1=1, 2=1, 3=1, 4=1}
2026-03-14 01:22:35,604 DEBUG [CRASH COMPLEXION_p011]          StemBuilder.java:1080 | [FAILED toString()]
2026-03-14 01:22:35,604 DEBUG [CRASH COMPLEXION_p011]          StemBuilder.java:167  | VLinker{beam#1841-Vlnk-TL-1} lengths:{0=0, 1=0, 2=0, 3=0, 4=0}
2026-03-14 01:22:35,605 DEBUG [CRASH COMPLEXION_p011]          StemBuilder.java:1080 | [FAILED toString()]
2026-03-14 01:22:35,607 DEBUG [CRASH COMPLEXION_p011]          StemBuilder.java:167  | VLinker{beam#1841-Vlnk-BL-1} lengths:{0=1, 1=1, 2=1, 3=1, 4=1}
2026-03-14 01:22:35,608 DEBUG [CRASH COMPLEXION_p011]          StemBuilder.java:1080 | [FAILED toString()]
2026-03-14 01:22:35,609 DEBUG [CRASH COMPLEXION_p011]          StemBuilder.java:167  | VLinker{beam#1841-Vlnk-TR-2} lengths:{0=0, 1=0, 2=0, 3=0, 4=0}
2026-03-14 01:22:35,609 DEBUG [CRASH COMPLEXION_p011]          StemBuilder.java:1080 | [FAILED toString()]
2026-03-14 01:22:35,610 DEBUG [CRASH COMPLEXION_p011]          StemBuilder.java:167  | VLinker{beam#1841-Vlnk-BR-2} lengths:{0=1, 1=1, 2=1, 3=1, 4=1}
2026-03-14 01:22:35,610 DEBUG [CRASH COMPLEXION_p011]          StemBuilder.java:1080 | [FAILED toString()]
2026-03-14 01:22:35,611 DEBUG [CRASH COMPLEXION_p011]          StemBuilder.java:167  | VLinker{beam#1843-Vlnk-TL-1} lengths:{0=0, 1=0, 2=0, 3=0, 4=0}
2026-03-14 01:22:35,611 DEBUG [CRASH COMPLEXION_p011]          StemBuilder.java:1080 | [FAILED toString()]
2026-03-14 01:22:35,612 DEBUG [CRASH COMPLEXION_p011]          StemBuilder.java:167  | VLinker{beam#1843-Vlnk-BL-1} lengths:{0=1, 1=1, 2=1, 3=1, 4=1}
2026-03-14 01:22:35,613 DEBUG [CRASH COMPLEXION_p011]          StemBuilder.java:1080 | [FAILED toString()]
2026-03-14 01:22:35,613 DEBUG [CRASH COMPLEXION_p011]          StemBuilder.java:167  | VLinker{beam#1843-Vlnk-TR-2} lengths:{0=0, 1=0, 2=0, 3=0, 4=0}
2026-03-14 01:22:35,614 DEBUG [CRASH COMPLEXION_p011]          StemBuilder.java:1080 | [FAILED toString()]
2026-03-14 01:22:35,615 DEBUG [CRASH COMPLEXION_p011]          StemBuilder.java:167  | VLinker{beam#1843-Vlnk-BR-2} lengths:{0=1, 1=1, 2=1, 3=1, 4=1}
2026-03-14 01:22:35,616 DEBUG [CRASH COMPLEXION_p011]          StemBuilder.java:1080 | [FAILED toString()]
2026-03-14 01:22:35,616 DEBUG [CRASH COMPLEXION_p011]          StemBuilder.java:167  | VLinker{beam#1999-Vlnk-BL-1} lengths:{0=38, 1=38, 2=38, 3=38, 4=38}
2026-03-14 01:22:35,617 DEBUG [CRASH COMPLEXION_p011]          StemBuilder.java:1080 | [FAILED toString()]
2026-03-14 01:22:35,617 DEBUG [CRASH COMPLEXION_p011]          StemBuilder.java:167  | VLinker{beam#1999-Vlnk-BC-2} lengths:{0=37, 1=37, 2=37, 3=37, 4=37}
2026-03-14 01:22:35,618 DEBUG [CRASH COMPLEXION_p011]          StemBuilder.java:1080 | [FAILED toString()]
2026-03-14 01:22:35,619 DEBUG [CRASH COMPLEXION_p011]          StemBuilder.java:167  | VLinker{beam#1999-Vlnk-BC-3} lengths:{0=36, 1=36, 2=36, 3=68, 4=68}
2026-03-14 01:22:35,620 DEBUG [CRASH COMPLEXION_p011]          StemBuilder.java:1080 | [FAILED toString()]
2026-03-14 01:22:35,620 DEBUG [CRASH COMPLEXION_p011]          StemBuilder.java:167  | VLinker{beam#1999-Vlnk-BR-4} lengths:{0=68, 1=68, 2=68, 3=68, 4=68}
2026-03-14 01:22:35,621 DEBUG [CRASH COMPLEXION_p011]          StemBuilder.java:1080 | [FAILED toString()]
2026-03-14 01:22:35,621 DEBUG [CRASH COMPLEXION_p011]          StemBuilder.java:167  | VLinker{beam#2021-Vlnk-BL-1} lengths:{0=25, 1=25, 2=25, 3=25, 4=25}
2026-03-14 01:22:35,622 DEBUG [CRASH COMPLEXION_p011]          StemBuilder.java:1080 | [FAILED toString()]
2026-03-14 01:22:35,623 DEBUG [CRASH COMPLEXION_p011]          StemBuilder.java:167  | VLinker{beam#2021-Vlnk-BC-2} lengths:{0=24, 1=24, 2=24, 3=24, 4=24}
2026-03-14 01:22:35,624 DEBUG [CRASH COMPLEXION_p011]          StemBuilder.java:1080 | [FAILED toString()]
2026-03-14 01:22:35,624 DEBUG [CRASH COMPLEXION_p011]          StemBuilder.java:167  | VLinker{beam#2021-Vlnk-BC-3} lengths:{0=23, 1=23, 2=23, 3=55, 4=55}
2026-03-14 01:22:35,625 DEBUG [CRASH COMPLEXION_p011]          StemBuilder.java:1080 | [FAILED toString()]
2026-03-14 01:22:35,625 DEBUG [CRASH COMPLEXION_p011]          StemBuilder.java:167  | VLinker{beam#2021-Vlnk-BR-4} lengths:{0=55, 1=55, 2=55, 3=55, 4=55}
2026-03-14 01:22:35,626 DEBUG [CRASH COMPLEXION_p011]          StemBuilder.java:1080 | [FAILED toString()]
2026-03-14 01:22:35,627 DEBUG [CRASH COMPLEXION_p011]          StemBuilder.java:167  | VLinker{beam#2001-Vlnk-BL-1} lengths:{0=38, 1=38, 2=38, 3=38, 4=38}
2026-03-14 01:22:35,628 DEBUG [CRASH COMPLEXION_p011]          StemBuilder.java:1080 | [FAILED toString()]
2026-03-14 01:22:35,628 DEBUG [CRASH COMPLEXION_p011]          StemBuilder.java:167  | VLinker{beam#2001-Vlnk-BC-2} lengths:{0=37, 1=37, 2=37, 3=37, 4=37}
2026-03-14 01:22:35,629 DEBUG [CRASH COMPLEXION_p011]          StemBuilder.java:1080 | [FAILED toString()]
2026-03-14 01:22:35,629 DEBUG [CRASH COMPLEXION_p011]          StemBuilder.java:167  | VLinker{beam#2001-Vlnk-BC-3} lengths:{0=37, 1=37, 2=37, 3=37, 4=37}
2026-03-14 01:22:35,630 DEBUG [CRASH COMPLEXION_p011]          StemBuilder.java:1080 | [FAILED toString()]
2026-03-14 01:22:35,631 DEBUG [CRASH COMPLEXION_p011]          StemBuilder.java:167  | VLinker{beam#2001-Vlnk-BR-4} lengths:{0=37, 1=37, 2=37, 3=37, 4=37}
2026-03-14 01:22:35,632 DEBUG [CRASH COMPLEXION_p011]          StemBuilder.java:1080 | [FAILED toString()]
2026-03-14 01:22:35,633 DEBUG [CRASH COMPLEXION_p011]          StemBuilder.java:167  | VLinker{beam#2025-Vlnk-BL-1} lengths:{0=24, 1=24, 2=24, 3=24, 4=24}
2026-03-14 01:22:35,634 DEBUG [CRASH COMPLEXION_p011]          StemBuilder.java:1080 | [FAILED toString()]
2026-03-14 01:22:35,635 DEBUG [CRASH COMPLEXION_p011]          StemBuilder.java:167  | VLinker{beam#2025-Vlnk-BC-2} lengths:{0=23, 1=23, 2=23, 3=23, 4=23}
2026-03-14 01:22:35,636 DEBUG [CRASH COMPLEXION_p011]          StemBuilder.java:1080 | [FAILED toString()]
2026-03-14 01:22:35,639 DEBUG [CRASH COMPLEXION_p011]          StemBuilder.java:167  | VLinker{beam#2025-Vlnk-BC-3} lengths:{0=23, 1=23, 2=23, 3=23, 4=23}
2026-03-14 01:22:35,639 DEBUG [CRASH COMPLEXION_p011]          StemBuilder.java:1080 | [FAILED toString()]
2026-03-14 01:22:35,640 DEBUG [CRASH COMPLEXION_p011]          StemBuilder.java:167  | VLinker{beam#2025-Vlnk-BR-4} lengths:{0=23, 1=23, 2=23, 3=23, 4=23}
2026-03-14 01:22:35,642 DEBUG [CRASH COMPLEXION_p011]          StemBuilder.java:1080 | [FAILED toString()]
2026-03-14 01:22:35,643 DEBUG [CRASH COMPLEXION_p011]          StemBuilder.java:167  | CLinker{head#3755-Clnk-TR refPt:[367.7,841.0]} lengths:{0=2, 1=2, 2=2, 3=2, 4=2}
2026-03-14 01:22:35,644 DEBUG [CRASH COMPLEXION_p011]          StemBuilder.java:1080 | [FAILED toString()]
2026-03-14 01:22:35,644 DEBUG [CRASH COMPLEXION_p011]          StemBuilder.java:167  | CLinker{head#3755-Clnk-BL Glyph{#632 [VERTICAL_SEED]}} lengths:{0=33, 1=33, 2=33, 3=33, 4=33}
2026-03-14 01:22:35,647 DEBUG [CRASH COMPLEXION_p011]          StemBuilder.java:1080 | [FAILED toString()]
2026-03-14 01:22:35,648 DEBUG [CRASH COMPLEXION_p011]          StemBuilder.java:167  | CLinker{head#3755-Clnk-TL refPt:[356.9,846.0]} lengths:{0=7, 1=7, 2=7, 3=7, 4=7}
2026-03-14 01:22:35,650 DEBUG [CRASH COMPLEXION_p011]          StemBuilder.java:1080 | [FAILED toString()]
2026-03-14 01:22:35,651 DEBUG [CRASH COMPLEXION_p011]          StemBuilder.java:167  | CLinker{head#3755-Clnk-BR Glyph{#705 [VERTICAL_SEED]}} lengths:{0=37, 1=37, 2=37, 3=37, 4=37}
2026-03-14 01:22:35,652 DEBUG [CRASH COMPLEXION_p011]          StemBuilder.java:1080 | [FAILED toString()]
2026-03-14 01:22:35,653 DEBUG [CRASH COMPLEXION_p011]          StemBuilder.java:167  | CLinker{head#3816-Clnk-TR Glyph{#705 [VERTICAL_SEED]}} lengths:{0=17, 1=17, 2=17, 3=17, 4=17}
2026-03-14 01:22:35,654 DEBUG [CRASH COMPLEXION_p011]          StemBuilder.java:1080 | [FAILED toString()]
2026-03-14 01:22:35,656 DEBUG [CRASH COMPLEXION_p011]          StemBuilder.java:167  | CLinker{head#3816-Clnk-BL Glyph{#632 [VERTICAL_SEED]}} lengths:{0=18, 1=18, 2=18, 3=18, 4=18}
2026-03-14 01:22:35,657 DEBUG [CRASH COMPLEXION_p011]          StemBuilder.java:1080 | [FAILED toString()]
2026-03-14 01:22:35,657 DEBUG [CRASH COMPLEXION_p011]          StemBuilder.java:167  | CLinker{head#3816-Clnk-TL Glyph{#632 [VERTICAL_SEED]}} lengths:{0=22, 1=22, 2=22, 3=22, 4=22}
2026-03-14 01:22:35,658 DEBUG [CRASH COMPLEXION_p011]          StemBuilder.java:1080 | [FAILED toString()]
2026-03-14 01:22:35,659 DEBUG [CRASH COMPLEXION_p011]          StemBuilder.java:167  | CLinker{head#3816-Clnk-BR Glyph{#705 [VERTICAL_SEED]}} lengths:{0=15, 1=15, 2=15, 3=15, 4=15}
2026-03-14 01:22:35,660 DEBUG [CRASH COMPLEXION_p011]          StemBuilder.java:1080 | [FAILED toString()]
2026-03-14 01:22:35,660 DEBUG [CRASH COMPLEXION_p011]          StemBuilder.java:167  | CLinker{head#3786-Clnk-TR Glyph{#705 [VERTICAL_SEED]}} lengths:{0=8, 1=8, 2=8, 3=8, 4=8}
2026-03-14 01:22:35,661 DEBUG [CRASH COMPLEXION_p011]          StemBuilder.java:1080 | [FAILED toString()]
2026-03-14 01:22:35,662 DEBUG [CRASH COMPLEXION_p011]          StemBuilder.java:167  | CLinker{head#3786-Clnk-BL Glyph{#632 [VERTICAL_SEED]}} lengths:{0=26, 1=26, 2=26, 3=26, 4=26}
2026-03-14 01:22:35,663 DEBUG [CRASH COMPLEXION_p011]          StemBuilder.java:1080 | [FAILED toString()]
2026-03-14 01:22:35,665 DEBUG [CRASH COMPLEXION_p011]          StemBuilder.java:167  | CLinker{head#3786-Clnk-TL Glyph{#632 [VERTICAL_SEED]}} lengths:{0=14, 1=14, 2=14, 3=14, 4=14}
2026-03-14 01:22:35,667 DEBUG [CRASH COMPLEXION_p011]          StemBuilder.java:1080 | [FAILED toString()]
2026-03-14 01:22:35,668 DEBUG [CRASH COMPLEXION_p011]          StemBuilder.java:167  | CLinker{head#3786-Clnk-BR Glyph{#705 [VERTICAL_SEED]}} lengths:{0=23, 1=23, 2=23, 3=23, 4=23}
2026-03-14 01:22:35,671 DEBUG [CRASH COMPLEXION_p011]          StemBuilder.java:1080 | [FAILED toString()]
2026-03-14 01:22:35,671 DEBUG [CRASH COMPLEXION_p011]          StemBuilder.java:167  | CLinker{head#3812-Clnk-TR Glyph{#705 [VERTICAL_SEED]}} lengths:{0=15, 1=15, 2=15, 3=15, 4=15}
2026-03-14 01:22:35,672 DEBUG [CRASH COMPLEXION_p011]          StemBuilder.java:1080 | [FAILED toString()]
2026-03-14 01:22:35,673 DEBUG [CRASH COMPLEXION_p011]          StemBuilder.java:167  | CLinker{head#3812-Clnk-BL Glyph{#632 [VERTICAL_SEED]}} lengths:{0=19, 1=19, 2=19, 3=19, 4=19}
2026-03-14 01:22:35,674 DEBUG [CRASH COMPLEXION_p011]          StemBuilder.java:1080 | [FAILED toString()]
2026-03-14 01:22:35,675 DEBUG [CRASH COMPLEXION_p011]          StemBuilder.java:167  | CLinker{head#3812-Clnk-TL Glyph{#632 [VERTICAL_SEED]}} lengths:{0=21, 1=21, 2=21, 3=21, 4=21}
2026-03-14 01:22:35,676 DEBUG [CRASH COMPLEXION_p011]          StemBuilder.java:1080 | [FAILED toString()]
2026-03-14 01:22:35,677 DEBUG [CRASH COMPLEXION_p011]          StemBuilder.java:167  | CLinker{head#3812-Clnk-BR Glyph{#705 [VERTICAL_SEED]}} lengths:{0=16, 1=16, 2=16, 3=16, 4=16}
2026-03-14 01:22:35,678 DEBUG [CRASH COMPLEXION_p011]          StemBuilder.java:1080 | [FAILED toString()]
2026-03-14 01:22:35,679 DEBUG [CRASH COMPLEXION_p011]          StemBuilder.java:167  | CLinker{head#3423-Clnk-TR Glyph{#537 [VERTICAL_SEED]}} lengths:{0=70, 1=70, 2=70, 3=70, 4=70}
2026-03-14 01:22:35,680 DEBUG [CRASH COMPLEXION_p011]          StemBuilder.java:1080 | [FAILED toString()]
2026-03-14 01:22:35,680 DEBUG [CRASH COMPLEXION_p011]          StemBuilder.java:167  | CLinker{head#3423-Clnk-BL refPt:[372.9,634.0]} lengths:{0=3, 1=3, 2=3, 3=3, 4=3}
2026-03-14 01:22:35,681 DEBUG [CRASH COMPLEXION_p011]          StemBuilder.java:1080 | [FAILED toString()]
2026-03-14 01:22:35,682 DEBUG [CRASH COMPLEXION_p011]          StemBuilder.java:167  | CLinker{head#3423-Clnk-TL refPt:[372.9,630.0]} lengths:{0=7, 1=7, 2=7, 3=7, 4=7}
2026-03-14 01:22:35,683 DEBUG [CRASH COMPLEXION_p011]          StemBuilder.java:1080 | [FAILED toString()]
2026-03-14 01:22:35,684 DEBUG [CRASH COMPLEXION_p011]          StemBuilder.java:167  | CLinker{head#3423-Clnk-BR refPt:[385.7,630.0]} lengths:{0=7, 1=7, 2=7, 3=7, 4=7}
2026-03-14 01:22:35,686 DEBUG [CRASH COMPLEXION_p011]          StemBuilder.java:1080 | [FAILED toString()]
2026-03-14 01:22:35,686 DEBUG [CRASH COMPLEXION_p011]          StemBuilder.java:167  | CLinker{head#3417-Clnk-TR Glyph{#537 [VERTICAL_SEED]}} lengths:{0=64, 1=64, 2=64, 3=64, 4=64}
2026-03-14 01:22:35,687 DEBUG [CRASH COMPLEXION_p011]          StemBuilder.java:1080 | [FAILED toString()]
2026-03-14 01:22:35,688 DEBUG [CRASH COMPLEXION_p011]          StemBuilder.java:167  | CLinker{head#3417-Clnk-BL Glyph{#18659 [STUMP]}} lengths:{0=9, 1=9, 2=9, 3=9, 4=9}
2026-03-14 01:22:35,689 DEBUG [CRASH COMPLEXION_p011]          StemBuilder.java:1080 | [FAILED toString()]
2026-03-14 01:22:35,689 DEBUG [CRASH COMPLEXION_p011]          StemBuilder.java:167  | CLinker{head#3417-Clnk-TL refPt:[373.9,624.0]} lengths:{0=7, 1=7, 2=7, 3=7, 4=7}
2026-03-14 01:22:35,690 DEBUG [CRASH COMPLEXION_p011]          StemBuilder.java:1080 | [FAILED toString()]
2026-03-14 01:22:35,691 DEBUG [CRASH COMPLEXION_p011]          StemBuilder.java:167  | CLinker{head#3417-Clnk-BR Glyph{#537 [VERTICAL_SEED]}} lengths:{0=9, 1=9, 2=9, 3=9, 4=9}
2026-03-14 01:22:35,692 DEBUG [CRASH COMPLEXION_p011]          StemBuilder.java:1080 | [FAILED toString()]
2026-03-14 01:22:35,694 DEBUG [CRASH COMPLEXION_p011]          StemBuilder.java:167  | CLinker{head#4009-Clnk-TR Glyph{#585 [VERTICAL_SEED]}} lengths:{0=50, 1=50, 2=50, 3=50, 4=50}
2026-03-14 01:22:35,697 DEBUG [CRASH COMPLEXION_p011]          StemBuilder.java:1080 | [FAILED toString()]
2026-03-14 01:22:35,699 DEBUG [CRASH COMPLEXION_p011]          StemBuilder.java:167  | CLinker{head#4009-Clnk-BL refPt:[373.9,1029.0]} lengths:{0=3, 1=3, 2=3, 3=3, 4=3}
2026-03-14 01:22:35,702 DEBUG [CRASH COMPLEXION_p011]          StemBuilder.java:1080 | [FAILED toString()]
2026-03-14 01:22:35,703 DEBUG [CRASH COMPLEXION_p011]          StemBuilder.java:167  | CLinker{head#4009-Clnk-TL refPt:[373.9,1025.0]} lengths:{0=7, 1=7, 2=7, 3=7, 4=7}
2026-03-14 01:22:35,704 DEBUG [CRASH COMPLEXION_p011]          StemBuilder.java:1080 | [FAILED toString()]
2026-03-14 01:22:35,705 DEBUG [CRASH COMPLEXION_p011]          StemBuilder.java:167  | CLinker{head#4009-Clnk-BR refPt:[387.7,1025.0]} lengths:{0=7, 1=7, 2=7, 3=7, 4=7}
2026-03-14 01:22:35,707 DEBUG [CRASH COMPLEXION_p011]          StemBuilder.java:1080 | [FAILED toString()]
2026-03-14 01:22:35,707 DEBUG [CRASH COMPLEXION_p011]          StemBuilder.java:167  | CLinker{head#4013-Clnk-TR Glyph{#585 [VERTICAL_SEED]}} lengths:{0=50, 1=50, 2=50, 3=50, 4=50}
2026-03-14 01:22:35,708 DEBUG [CRASH COMPLEXION_p011]          StemBuilder.java:1080 | [FAILED toString()]
2026-03-14 01:22:35,711 DEBUG [CRASH COMPLEXION_p011]          StemBuilder.java:167  | CLinker{head#4013-Clnk-BL refPt:[373.9,1029.0]} lengths:{0=3, 1=3, 2=3, 3=3, 4=3}
2026-03-14 01:22:35,712 DEBUG [CRASH COMPLEXION_p011]          StemBuilder.java:1080 | [FAILED toString()]
2026-03-14 01:22:35,713 DEBUG [CRASH COMPLEXION_p011]          StemBuilder.java:167  | CLinker{head#4013-Clnk-TL refPt:[373.9,1025.0]} lengths:{0=7, 1=7, 2=7, 3=7, 4=7}
2026-03-14 01:22:35,714 DEBUG [CRASH COMPLEXION_p011]          StemBuilder.java:1080 | [FAILED toString()]
2026-03-14 01:22:35,714 DEBUG [CRASH COMPLEXION_p011]          StemBuilder.java:167  | CLinker{head#4013-Clnk-BR refPt:[387.7,1025.0]} lengths:{0=7, 1=7, 2=7, 3=7, 4=7}
2026-03-14 01:22:35,716 DEBUG [CRASH COMPLEXION_p011]          StemBuilder.java:1080 | [FAILED toString()]
2026-03-14 01:22:35,716 DEBUG [CRASH COMPLEXION_p011]          StemBuilder.java:167  | CLinker{head#3819-Clnk-TR Glyph{#600 [VERTICAL_SEED]}} lengths:{0=39, 1=39, 2=39, 3=39, 4=39}
2026-03-14 01:22:35,717 DEBUG [CRASH COMPLEXION_p011]          StemBuilder.java:1080 | [FAILED toString()]
2026-03-14 01:22:35,718 DEBUG [CRASH COMPLEXION_p011]          StemBuilder.java:167  | CLinker{head#3819-Clnk-BL refPt:[375.9,865.0]} lengths:{0=4, 1=4, 2=4, 3=4, 4=4}
2026-03-14 01:22:35,719 DEBUG [CRASH COMPLEXION_p011]          StemBuilder.java:1080 | [FAILED toString()]
2026-03-14 01:22:35,719 DEBUG [CRASH COMPLEXION_p011]          StemBuilder.java:167  | CLinker{head#3819-Clnk-TL Glyph{#18664 [STUMP]}} lengths:{0=8, 1=8, 2=8, 3=8, 4=8}
2026-03-14 01:22:35,720 DEBUG [CRASH COMPLEXION_p011]          StemBuilder.java:1080 | [FAILED toString()]
2026-03-14 01:22:35,721 DEBUG [CRASH COMPLEXION_p011]          StemBuilder.java:167  | CLinker{head#3819-Clnk-BR refPt:[389.7,861.0]} lengths:{0=8, 1=8, 2=8, 3=8, 4=8}
2026-03-14 01:22:35,722 DEBUG [CRASH COMPLEXION_p011]          StemBuilder.java:1080 | [FAILED toString()]
2026-03-14 01:22:35,723 DEBUG [CRASH COMPLEXION_p011]          StemBuilder.java:167  | CLinker{head#3959-Clnk-TR Glyph{#585 [VERTICAL_SEED]}} lengths:{0=43, 1=43, 2=43, 3=43, 4=43}
2026-03-14 01:22:35,724 DEBUG [CRASH COMPLEXION_p011]          StemBuilder.java:1080 | [FAILED toString()]
2026-03-14 01:22:35,724 DEBUG [CRASH COMPLEXION_p011]          StemBuilder.java:167  | CLinker{head#3959-Clnk-BL Glyph{#18666 [STUMP]}} lengths:{0=10, 1=10, 2=10, 3=10, 4=10}
2026-03-14 01:22:35,725 DEBUG [CRASH COMPLEXION_p011]          StemBuilder.java:1080 | [FAILED toString()]
2026-03-14 01:22:35,729 DEBUG [CRASH COMPLEXION_p011]          StemBuilder.java:167  | CLinker{head#3959-Clnk-TL refPt:[375.9,1018.0]} lengths:{0=7, 1=7, 2=7, 3=7, 4=7}
2026-03-14 01:22:35,730 DEBUG [CRASH COMPLEXION_p011]          StemBuilder.java:1080 | [FAILED toString()]
2026-03-14 01:22:35,732 DEBUG [CRASH COMPLEXION_p011]          StemBuilder.java:167  | CLinker{head#3959-Clnk-BR Glyph{#585 [VERTICAL_SEED]}} lengths:{0=9, 1=9, 2=9, 3=9, 4=9}
2026-03-14 01:22:35,733 DEBUG [CRASH COMPLEXION_p011]          StemBuilder.java:1080 | [FAILED toString()]
2026-03-14 01:22:35,734 DEBUG [CRASH COMPLEXION_p011]          StemBuilder.java:167  | CLinker{head#3026-Clnk-TR refPt:[390.7,73.0]} lengths:{0=9, 1=9, 2=9, 3=9, 4=9}
2026-03-14 01:22:35,735 DEBUG [CRASH COMPLEXION_p011]          StemBuilder.java:1080 | [FAILED toString()]
2026-03-14 01:22:35,739 DEBUG [CRASH COMPLEXION_p011]          StemBuilder.java:167  | CLinker{head#3026-Clnk-BL Glyph{#571 [VERTICAL_SEED]}} lengths:{0=48, 1=48, 2=48, 3=48, 4=48}
2026-03-14 01:22:35,741 DEBUG [CRASH COMPLEXION_p011]          StemBuilder.java:1080 | [FAILED toString()]
2026-03-14 01:22:35,744 DEBUG [CRASH COMPLEXION_p011]          StemBuilder.java:167  | CLinker{head#3026-Clnk-TL Glyph{#571 [VERTICAL_SEED]}} lengths:{0=8, 1=8, 2=8, 3=8, 4=8}
2026-03-14 01:22:35,746 DEBUG [CRASH COMPLEXION_p011]          StemBuilder.java:1080 | [FAILED toString()]
2026-03-14 01:22:35,746 DEBUG [CRASH COMPLEXION_p011]          StemBuilder.java:167  | CLinker{head#3026-Clnk-BR refPt:[390.7,78.0]} lengths:{0=7, 1=7, 2=7, 3=7, 4=7}
2026-03-14 01:22:35,747 DEBUG [CRASH COMPLEXION_p011]          StemBuilder.java:1080 | [FAILED toString()]
2026-03-14 01:22:35,748 DEBUG [CRASH COMPLEXION_p011]          StemBuilder.java:167  | CLinker{head#3961-Clnk-TR Glyph{#585 [VERTICAL_SEED]}} lengths:{0=43, 1=43, 2=43, 3=43, 4=43}
2026-03-14 01:22:35,749 DEBUG [CRASH COMPLEXION_p011]          StemBuilder.java:1080 | [FAILED toString()]
2026-03-14 01:22:35,749 DEBUG [CRASH COMPLEXION_p011]          StemBuilder.java:167  | CLinker{head#3961-Clnk-BL Glyph{#18668 [STUMP]}} lengths:{0=11, 1=11, 2=11, 3=11, 4=11}
2026-03-14 01:22:35,750 DEBUG [CRASH COMPLEXION_p011]          StemBuilder.java:1080 | [FAILED toString()]
2026-03-14 01:22:35,751 DEBUG [CRASH COMPLEXION_p011]          StemBuilder.java:167  | CLinker{head#3961-Clnk-TL refPt:[376.9,1018.0]} lengths:{0=7, 1=7, 2=7, 3=7, 4=7}
2026-03-14 01:22:35,752 DEBUG [CRASH COMPLEXION_p011]          StemBuilder.java:1080 | [FAILED toString()]
2026-03-14 01:22:35,752 DEBUG [CRASH COMPLEXION_p011]          StemBuilder.java:167  | CLinker{head#3961-Clnk-BR Glyph{#585 [VERTICAL_SEED]}} lengths:{0=9, 1=9, 2=9, 3=9, 4=9}
2026-03-14 01:22:35,753 DEBUG [CRASH COMPLEXION_p011]          StemBuilder.java:1080 | [FAILED toString()]
2026-03-14 01:22:35,755 DEBUG [CRASH COMPLEXION_p011]          StemBuilder.java:167  | CLinker{head#4547-Clnk-TR refPt:[390.7,1284.0]} lengths:{0=2, 1=2, 2=2, 3=2, 4=2}
2026-03-14 01:22:35,756 DEBUG [CRASH COMPLEXION_p011]          StemBuilder.java:1080 | [FAILED toString()]
2026-03-14 01:22:35,757 DEBUG [CRASH COMPLEXION_p011]          StemBuilder.java:167  | CLinker{head#4547-Clnk-BL Glyph{#633 [VERTICAL_SEED]}} lengths:{0=31, 1=31, 2=31, 3=31, 4=31}
2026-03-14 01:22:35,758 DEBUG [CRASH COMPLEXION_p011]          StemBuilder.java:1080 | [FAILED toString()]
2026-03-14 01:22:35,760 DEBUG [CRASH COMPLEXION_p011]          StemBuilder.java:167  | CLinker{head#4547-Clnk-TL Glyph{#633 [VERTICAL_SEED]}} lengths:{0=9, 1=9, 2=9, 3=9, 4=9}
2026-03-14 01:22:35,761 DEBUG [CRASH COMPLEXION_p011]          StemBuilder.java:1080 | [FAILED toString()]
2026-03-14 01:22:35,761 DEBUG [CRASH COMPLEXION_p011]          StemBuilder.java:167  | CLinker{head#4547-Clnk-BR refPt:[390.7,1289.0]} lengths:{0=7, 1=7, 2=7, 3=7, 4=7}
2026-03-14 01:22:35,763 DEBUG [CRASH COMPLEXION_p011]          StemBuilder.java:1080 | [FAILED toString()]
2026-03-14 01:22:35,766 DEBUG [CRASH COMPLEXION_p011]          StemBuilder.java:167  | CLinker{head#3861-Clnk-TR refPt:[391.7,919.0]} lengths:{0=2, 1=2, 2=2, 3=2, 4=2}
2026-03-14 01:22:35,767 DEBUG [CRASH COMPLEXION_p011]          StemBuilder.java:1080 | [FAILED toString()]
2026-03-14 01:22:35,767 DEBUG [CRASH COMPLEXION_p011]          StemBuilder.java:167  | CLinker{head#3861-Clnk-BL refPt:[377.9,928.0]} lengths:{0=4, 1=4, 2=4, 3=4, 4=4}
2026-03-14 01:22:35,768 DEBUG [CRASH COMPLEXION_p011]          StemBuilder.java:1080 | [FAILED toString()]
2026-03-14 01:22:35,769 DEBUG [CRASH COMPLEXION_p011]          StemBuilder.java:167  | CLinker{head#3861-Clnk-TL refPt:[377.9,924.0]} lengths:{0=7, 1=7, 2=7, 3=7, 4=7}
2026-03-14 01:22:35,770 DEBUG [CRASH COMPLEXION_p011]          StemBuilder.java:1080 | [FAILED toString()]
2026-03-14 01:22:35,770 DEBUG [CRASH COMPLEXION_p011]          StemBuilder.java:167  | CLinker{head#3861-Clnk-BR refPt:[391.7,924.0]} lengths:{0=9, 1=9, 2=9, 3=9, 4=9}
2026-03-14 01:22:35,772 DEBUG [CRASH COMPLEXION_p011]          StemBuilder.java:1080 | [FAILED toString()]
2026-03-14 01:22:35,772 DEBUG [CRASH COMPLEXION_p011]          StemBuilder.java:167  | CLinker{head#3010-Clnk-TR refPt:[392.7,68.0]} lengths:{0=4, 1=4, 2=4, 3=4, 4=4}
2026-03-14 01:22:35,773 DEBUG [CRASH COMPLEXION_p011]          StemBuilder.java:1080 | [FAILED toString()]
2026-03-14 01:22:35,774 DEBUG [CRASH COMPLEXION_p011]          StemBuilder.java:167  | CLinker{head#3010-Clnk-BL Glyph{#571 [VERTICAL_SEED]}} lengths:{0=53, 1=53, 2=53, 3=53, 4=53}
2026-03-14 01:22:35,775 DEBUG [CRASH COMPLEXION_p011]          StemBuilder.java:1080 | [FAILED toString()]
2026-03-14 01:22:35,775 DEBUG [CRASH COMPLEXION_p011]          StemBuilder.java:167  | CLinker{head#3010-Clnk-TL refPt:[378.9,73.0]} lengths:{0=7, 1=7, 2=7, 3=7, 4=7}
2026-03-14 01:22:35,777 DEBUG [CRASH COMPLEXION_p011]          StemBuilder.java:1080 | [FAILED toString()]
2026-03-14 01:22:35,777 DEBUG [CRASH COMPLEXION_p011]          StemBuilder.java:167  | CLinker{head#3010-Clnk-BR refPt:[392.7,73.0]} lengths:{0=7, 1=7, 2=7, 3=7, 4=7}
2026-03-14 01:22:35,778 DEBUG [CRASH COMPLEXION_p011]          StemBuilder.java:1080 | [FAILED toString()]
2026-03-14 01:22:35,779 DEBUG [CRASH COMPLEXION_p011]          StemBuilder.java:167  | CLinker{head#4413-Clnk-TR refPt:[393.7,1278.0]} lengths:{0=2, 1=2, 2=2, 3=2, 4=2}
2026-03-14 01:22:35,780 DEBUG [CRASH COMPLEXION_p011]          StemBuilder.java:1080 | [FAILED toString()]
2026-03-14 01:22:35,780 DEBUG [CRASH COMPLEXION_p011]          StemBuilder.java:167  | CLinker{head#4413-Clnk-BL Glyph{#633 [VERTICAL_SEED]}} lengths:{0=37, 1=37, 2=37, 3=37, 4=37}
2026-03-14 01:22:35,781 DEBUG [CRASH COMPLEXION_p011]          StemBuilder.java:1080 | [FAILED toString()]
2026-03-14 01:22:35,782 DEBUG [CRASH COMPLEXION_p011]          StemBuilder.java:167  | CLinker{head#4413-Clnk-TL refPt:[379.9,1283.0]} lengths:{0=7, 1=7, 2=7, 3=7, 4=7}
2026-03-14 01:22:35,783 DEBUG [CRASH COMPLEXION_p011]          StemBuilder.java:1080 | [FAILED toString()]
2026-03-14 01:22:35,783 DEBUG [CRASH COMPLEXION_p011]          StemBuilder.java:167  | CLinker{head#4413-Clnk-BR refPt:[393.7,1283.0]} lengths:{0=7, 1=7, 2=7, 3=7, 4=7}
2026-03-14 01:22:35,784 DEBUG [CRASH COMPLEXION_p011]          StemBuilder.java:1080 | [FAILED toString()]
2026-03-14 01:22:35,784 DEBUG [CRASH COMPLEXION_p011]          StemBuilder.java:167  | CLinker{head#4417-Clnk-TR refPt:[393.7,1278.0]} lengths:{0=2, 1=2, 2=2, 3=2, 4=2}
2026-03-14 01:22:35,785 DEBUG [CRASH COMPLEXION_p011]          StemBuilder.java:1080 | [FAILED toString()]
2026-03-14 01:22:35,786 DEBUG [CRASH COMPLEXION_p011]          StemBuilder.java:167  | CLinker{head#4417-Clnk-BL Glyph{#633 [VERTICAL_SEED]}} lengths:{0=37, 1=37, 2=37, 3=37, 4=37}
2026-03-14 01:22:35,787 DEBUG [CRASH COMPLEXION_p011]          StemBuilder.java:1080 | [FAILED toString()]
2026-03-14 01:22:35,788 DEBUG [CRASH COMPLEXION_p011]          StemBuilder.java:167  | CLinker{head#4417-Clnk-TL refPt:[379.9,1283.0]} lengths:{0=7, 1=7, 2=7, 3=7, 4=7}
2026-03-14 01:22:35,789 DEBUG [CRASH COMPLEXION_p011]          StemBuilder.java:1080 | [FAILED toString()]
2026-03-14 01:22:35,791 DEBUG [CRASH COMPLEXION_p011]          StemBuilder.java:167  | CLinker{head#4417-Clnk-BR refPt:[393.7,1283.0]} lengths:{0=7, 1=7, 2=7, 3=7, 4=7}
2026-03-14 01:22:35,792 DEBUG [CRASH COMPLEXION_p011]          StemBuilder.java:1080 | [FAILED toString()]
2026-03-14 01:22:35,793 DEBUG [CRASH COMPLEXION_p011]          StemBuilder.java:167  | CLinker{head#4711-Clnk-TR refPt:[395.7,1226.0]} lengths:{0=2, 1=2, 2=2, 3=2, 4=2}
2026-03-14 01:22:35,796 DEBUG [CRASH COMPLEXION_p011]          StemBuilder.java:1080 | [FAILED toString()]
2026-03-14 01:22:35,796 DEBUG [CRASH COMPLEXION_p011]          StemBuilder.java:167  | CLinker{head#4711-Clnk-BL refPt:[386.9,1235.0]} lengths:{0=3, 1=3, 2=3, 3=3, 4=3}
2026-03-14 01:22:35,798 DEBUG [CRASH COMPLEXION_p011]          StemBuilder.java:1080 | [FAILED toString()]
2026-03-14 01:22:35,798 DEBUG [CRASH COMPLEXION_p011]          StemBuilder.java:167  | CLinker{head#4711-Clnk-TL Glyph{#18677 [STUMP]}} lengths:{0=38, 1=38, 2=38, 3=38, 4=38}
2026-03-14 01:22:35,799 DEBUG [CRASH COMPLEXION_p011]          StemBuilder.java:1080 | [FAILED toString()]
2026-03-14 01:22:35,799 DEBUG [CRASH COMPLEXION_p011]          StemBuilder.java:167  | CLinker{head#4711-Clnk-BR refPt:[395.7,1231.0]} lengths:{0=6, 1=6, 2=6, 3=6, 4=6}
2026-03-14 01:22:35,800 DEBUG [CRASH COMPLEXION_p011]          StemBuilder.java:1080 | [FAILED toString()]
2026-03-14 01:22:35,801 DEBUG [CRASH COMPLEXION_p011]          StemBuilder.java:167  | CLinker{head#3485-Clnk-TR Glyph{#522 [VERTICAL_SEED]}} lengths:{0=79, 1=79, 2=79, 3=79, 4=79}
2026-03-14 01:22:35,801 DEBUG [CRASH COMPLEXION_p011]          StemBuilder.java:1080 | [FAILED toString()]
2026-03-14 01:22:35,802 DEBUG [CRASH COMPLEXION_p011]          StemBuilder.java:167  | CLinker{head#3485-Clnk-BL refPt:[394.9,647.0]} lengths:{0=3, 1=3, 2=3, 3=3, 4=3}
2026-03-14 01:22:35,803 DEBUG [CRASH COMPLEXION_p011]          StemBuilder.java:1080 | [FAILED toString()]
2026-03-14 01:22:35,805 DEBUG [CRASH COMPLEXION_p011]          StemBuilder.java:167  | CLinker{head#3485-Clnk-TL refPt:[394.9,643.0]} lengths:{0=7, 1=7, 2=7, 3=7, 4=7}
2026-03-14 01:22:35,806 DEBUG [CRASH COMPLEXION_p011]          StemBuilder.java:1080 | [FAILED toString()]
2026-03-14 01:22:35,806 DEBUG [CRASH COMPLEXION_p011]          StemBuilder.java:167  | CLinker{head#3485-Clnk-BR refPt:[408.7,643.0]} lengths:{0=7, 1=7, 2=7, 3=7, 4=7}
2026-03-14 01:22:35,807 DEBUG [CRASH COMPLEXION_p011]          StemBuilder.java:1080 | [FAILED toString()]
2026-03-14 01:22:35,807 DEBUG [CRASH COMPLEXION_p011]          StemBuilder.java:167  | CLinker{head#3487-Clnk-TR Glyph{#522 [VERTICAL_SEED]}} lengths:{0=79, 1=79, 2=79, 3=79, 4=79}
2026-03-14 01:22:35,808 DEBUG [CRASH COMPLEXION_p011]          StemBuilder.java:1080 | [FAILED toString()]
2026-03-14 01:22:35,808 DEBUG [CRASH COMPLEXION_p011]          StemBuilder.java:167  | CLinker{head#3487-Clnk-BL refPt:[394.9,647.0]} lengths:{0=3, 1=3, 2=3, 3=3, 4=3}
2026-03-14 01:22:35,809 DEBUG [CRASH COMPLEXION_p011]          StemBuilder.java:1080 | [FAILED toString()]
2026-03-14 01:22:35,809 DEBUG [CRASH COMPLEXION_p011]          StemBuilder.java:167  | CLinker{head#3487-Clnk-TL refPt:[394.9,643.0]} lengths:{0=7, 1=7, 2=7, 3=7, 4=7}
2026-03-14 01:22:35,810 DEBUG [CRASH COMPLEXION_p011]          StemBuilder.java:1080 | [FAILED toString()]
2026-03-14 01:22:35,810 DEBUG [CRASH COMPLEXION_p011]          StemBuilder.java:167  | CLinker{head#3487-Clnk-BR refPt:[408.7,643.0]} lengths:{0=7, 1=7, 2=7, 3=7, 4=7}
2026-03-14 01:22:35,811 DEBUG [CRASH COMPLEXION_p011]          StemBuilder.java:1080 | [FAILED toString()]
2026-03-14 01:22:35,811 DEBUG [CRASH COMPLEXION_p011]          StemBuilder.java:167  | CLinker{head#3619-Clnk-TR Glyph{#521 [VERTICAL_SEED]}} lengths:{0=51, 1=51, 2=51, 3=51, 4=51}
2026-03-14 01:22:35,812 DEBUG [CRASH COMPLEXION_p011]          StemBuilder.java:1080 | [FAILED toString()]
2026-03-14 01:22:35,812 DEBUG [CRASH COMPLEXION_p011]          StemBuilder.java:167  | CLinker{head#3619-Clnk-BL refPt:[414.9,622.0]} lengths:{0=3, 1=3, 2=3, 3=3, 4=3}
2026-03-14 01:22:35,813 DEBUG [CRASH COMPLEXION_p011]          StemBuilder.java:1080 | [FAILED toString()]
2026-03-14 01:22:35,813 DEBUG [CRASH COMPLEXION_p011]          StemBuilder.java:167  | CLinker{head#3619-Clnk-TL refPt:[414.9,618.0]} lengths:{0=7, 1=7, 2=7, 3=7, 4=7}
2026-03-14 01:22:35,814 DEBUG [CRASH COMPLEXION_p011]          StemBuilder.java:1080 | [FAILED toString()]
2026-03-14 01:22:35,814 DEBUG [CRASH COMPLEXION_p011]          StemBuilder.java:167  | CLinker{head#3619-Clnk-BR Glyph{#521 [VERTICAL_SEED]}} lengths:{0=33, 1=33, 2=33, 3=33, 4=33}
2026-03-14 01:22:35,815 DEBUG [CRASH COMPLEXION_p011]          StemBuilder.java:1080 | [FAILED toString()]
2026-03-14 01:22:35,815 DEBUG [CRASH COMPLEXION_p011]          StemBuilder.java:167  | CLinker{head#4107-Clnk-TR Glyph{#543 [VERTICAL_SEED]}} lengths:{0=64, 1=64, 2=64, 3=64, 4=64}
2026-03-14 01:22:35,816 DEBUG [CRASH COMPLEXION_p011]          StemBuilder.java:1080 | [FAILED toString()]
2026-03-14 01:22:35,816 DEBUG [CRASH COMPLEXION_p011]          StemBuilder.java:167  | CLinker{head#4107-Clnk-BL refPt:[419.9,1042.0]} lengths:{0=3, 1=3, 2=3, 3=3, 4=3}
2026-03-14 01:22:35,817 DEBUG [CRASH COMPLEXION_p011]          StemBuilder.java:1080 | [FAILED toString()]
2026-03-14 01:22:35,817 DEBUG [CRASH COMPLEXION_p011]          StemBuilder.java:167  | CLinker{head#4107-Clnk-TL refPt:[419.9,1038.0]} lengths:{0=7, 1=7, 2=7, 3=7, 4=7}
2026-03-14 01:22:35,818 DEBUG [CRASH COMPLEXION_p011]          StemBuilder.java:1080 | [FAILED toString()]
2026-03-14 01:22:35,818 DEBUG [CRASH COMPLEXION_p011]          StemBuilder.java:167  | CLinker{head#4107-Clnk-BR refPt:[433.7,1038.0]} lengths:{0=7, 1=7, 2=7, 3=7, 4=7}
2026-03-14 01:22:35,819 DEBUG [CRASH COMPLEXION_p011]          StemBuilder.java:1080 | [FAILED toString()]
2026-03-14 01:22:35,822 DEBUG [CRASH COMPLEXION_p011]          StemBuilder.java:167  | CLinker{head#4111-Clnk-TR Glyph{#543 [VERTICAL_SEED]}} lengths:{0=64, 1=64, 2=64, 3=64, 4=64}
2026-03-14 01:22:35,823 DEBUG [CRASH COMPLEXION_p011]          StemBuilder.java:1080 | [FAILED toString()]
2026-03-14 01:22:35,824 DEBUG [CRASH COMPLEXION_p011]          StemBuilder.java:167  | CLinker{head#4111-Clnk-BL refPt:[419.9,1042.0]} lengths:{0=3, 1=3, 2=3, 3=3, 4=3}
2026-03-14 01:22:35,825 DEBUG [CRASH COMPLEXION_p011]          StemBuilder.java:1080 | [FAILED toString()]
2026-03-14 01:22:35,826 DEBUG [CRASH COMPLEXION_p011]          StemBuilder.java:167  | CLinker{head#4111-Clnk-TL refPt:[419.9,1038.0]} lengths:{0=7, 1=7, 2=7, 3=7, 4=7}
2026-03-14 01:22:35,827 DEBUG [CRASH COMPLEXION_p011]          StemBuilder.java:1080 | [FAILED toString()]
2026-03-14 01:22:35,828 DEBUG [CRASH COMPLEXION_p011]          StemBuilder.java:167  | CLinker{head#4111-Clnk-BR refPt:[433.7,1038.0]} lengths:{0=7, 1=7, 2=7, 3=7, 4=7}
2026-03-14 01:22:35,828 DEBUG [CRASH COMPLEXION_p011]          StemBuilder.java:1080 | [FAILED toString()]
2026-03-14 01:22:35,829 DEBUG [CRASH COMPLEXION_p011]          StemBuilder.java:167  | CLinker{head#4067-Clnk-TR Glyph{#543 [VERTICAL_SEED]}} lengths:{0=60, 1=60, 2=60, 3=60, 4=60}
2026-03-14 01:22:35,829 DEBUG [CRASH COMPLEXION_p011]          StemBuilder.java:1080 | [FAILED toString()]
2026-03-14 01:22:35,830 DEBUG [CRASH COMPLEXION_p011]          StemBuilder.java:167  | CLinker{head#4067-Clnk-BL refPt:[421.9,1038.0]} lengths:{0=7, 1=7, 2=7, 3=7, 4=7}
2026-03-14 01:22:35,830 DEBUG [CRASH COMPLEXION_p011]          StemBuilder.java:1080 | [FAILED toString()]
2026-03-14 01:22:35,831 DEBUG [CRASH COMPLEXION_p011]          StemBuilder.java:167  | CLinker{head#4067-Clnk-TL refPt:[421.9,1034.0]} lengths:{0=7, 1=7, 2=7, 3=7, 4=7}
2026-03-14 01:22:35,831 DEBUG [CRASH COMPLEXION_p011]          StemBuilder.java:1080 | [FAILED toString()]
2026-03-14 01:22:35,832 DEBUG [CRASH COMPLEXION_p011]          StemBuilder.java:167  | CLinker{head#4067-Clnk-BR refPt:[434.7,1034.0]} lengths:{0=7, 1=7, 2=7, 3=7, 4=7}
2026-03-14 01:22:35,832 DEBUG [CRASH COMPLEXION_p011]          StemBuilder.java:1080 | [FAILED toString()]
2026-03-14 01:22:35,833 DEBUG [CRASH COMPLEXION_p011]          StemBuilder.java:167  | CLinker{head#3491-Clnk-TR Glyph{#528 [VERTICAL_SEED]}} lengths:{0=74, 1=74, 2=74, 3=74, 4=74}
2026-03-14 01:22:35,833 DEBUG [CRASH COMPLEXION_p011]          StemBuilder.java:1080 | [FAILED toString()]
2026-03-14 01:22:35,834 DEBUG [CRASH COMPLEXION_p011]          StemBuilder.java:167  | CLinker{head#3491-Clnk-BL refPt:[438.9,648.0]} lengths:{0=3, 1=3, 2=3, 3=3, 4=3}
2026-03-14 01:22:35,834 DEBUG [CRASH COMPLEXION_p011]          StemBuilder.java:1080 | [FAILED toString()]
2026-03-14 01:22:35,835 DEBUG [CRASH COMPLEXION_p011]          StemBuilder.java:167  | CLinker{head#3491-Clnk-TL refPt:[438.9,644.0]} lengths:{0=7, 1=7, 2=7, 3=7, 4=7}
2026-03-14 01:22:35,836 DEBUG [CRASH COMPLEXION_p011]          StemBuilder.java:1080 | [FAILED toString()]
2026-03-14 01:22:35,837 DEBUG [CRASH COMPLEXION_p011]          StemBuilder.java:167  | CLinker{head#3491-Clnk-BR refPt:[451.7,644.0]} lengths:{0=7, 1=7, 2=7, 3=7, 4=7}
2026-03-14 01:22:35,838 DEBUG [CRASH COMPLEXION_p011]          StemBuilder.java:1080 | [FAILED toString()]
2026-03-14 01:22:35,838 DEBUG [CRASH COMPLEXION_p011]          StemBuilder.java:167  | CLinker{head#3495-Clnk-TR Glyph{#528 [VERTICAL_SEED]}} lengths:{0=74, 1=74, 2=74, 3=74, 4=74}
2026-03-14 01:22:35,839 DEBUG [CRASH COMPLEXION_p011]          StemBuilder.java:1080 | [FAILED toString()]
2026-03-14 01:22:35,839 DEBUG [CRASH COMPLEXION_p011]          StemBuilder.java:167  | CLinker{head#3495-Clnk-BL refPt:[438.9,648.0]} lengths:{0=3, 1=3, 2=3, 3=3, 4=3}
2026-03-14 01:22:35,840 DEBUG [CRASH COMPLEXION_p011]          StemBuilder.java:1080 | [FAILED toString()]
2026-03-14 01:22:35,841 DEBUG [CRASH COMPLEXION_p011]          StemBuilder.java:167  | CLinker{head#3495-Clnk-TL refPt:[438.9,644.0]} lengths:{0=7, 1=7, 2=7, 3=7, 4=7}
2026-03-14 01:22:35,842 DEBUG [CRASH COMPLEXION_p011]          StemBuilder.java:1080 | [FAILED toString()]
2026-03-14 01:22:35,842 DEBUG [CRASH COMPLEXION_p011]          StemBuilder.java:167  | CLinker{head#3495-Clnk-BR refPt:[451.7,644.0]} lengths:{0=7, 1=7, 2=7, 3=7, 4=7}
2026-03-14 01:22:35,843 DEBUG [CRASH COMPLEXION_p011]          StemBuilder.java:1080 | [FAILED toString()]
2026-03-14 01:22:35,844 DEBUG [CRASH COMPLEXION_p011]          StemBuilder.java:167  | CLinker{head#4017-Clnk-TR Glyph{#586 [VERTICAL_SEED]}} lengths:{0=50, 1=50, 2=50, 3=50, 4=50}
2026-03-14 01:22:35,844 DEBUG [CRASH COMPLEXION_p011]          StemBuilder.java:1080 | [FAILED toString()]
2026-03-14 01:22:35,845 DEBUG [CRASH COMPLEXION_p011]          StemBuilder.java:167  | CLinker{head#4017-Clnk-BL refPt:[463.9,1028.0]} lengths:{0=0, 1=0, 2=0, 3=0, 4=0}
2026-03-14 01:22:35,846 DEBUG [CRASH COMPLEXION_p011]          StemBuilder.java:1080 | [FAILED toString()]
2026-03-14 01:22:35,846 DEBUG [CRASH COMPLEXION_p011]          StemBuilder.java:167  | CLinker{head#4017-Clnk-TL refPt:[463.9,1024.0]} lengths:{0=9, 1=9, 2=9, 3=9, 4=9}
2026-03-14 01:22:35,847 DEBUG [CRASH COMPLEXION_p011]          StemBuilder.java:1080 | [FAILED toString()]
2026-03-14 01:22:35,847 DEBUG [CRASH COMPLEXION_p011]          StemBuilder.java:167  | CLinker{head#4017-Clnk-BR refPt:[477.7,1024.0]} lengths:{0=3, 1=3, 2=3, 3=3, 4=3}
2026-03-14 01:22:35,848 DEBUG [CRASH COMPLEXION_p011]          StemBuilder.java:1080 | [FAILED toString()]
2026-03-14 01:22:35,849 DEBUG [CRASH COMPLEXION_p011]          StemBuilder.java:167  | CLinker{head#3427-Clnk-TR Glyph{#542 [VERTICAL_SEED]}} lengths:{0=64, 1=64, 2=64, 3=64, 4=64}
2026-03-14 01:22:35,850 DEBUG [CRASH COMPLEXION_p011]          StemBuilder.java:1080 | [FAILED toString()]
2026-03-14 01:22:35,850 DEBUG [CRASH COMPLEXION_p011]          StemBuilder.java:167  | CLinker{head#3427-Clnk-BL refPt:[464.9,627.0]} lengths:{0=6, 1=19, 2=19, 3=19, 4=19}
2026-03-14 01:22:35,851 DEBUG [CRASH COMPLEXION_p011]          StemBuilder.java:1080 | [FAILED toString()]
2026-03-14 01:22:35,853 DEBUG [CRASH COMPLEXION_p011]          StemBuilder.java:167  | CLinker{head#3427-Clnk-TL refPt:[464.9,623.0]} lengths:{0=7, 1=7, 2=7, 3=7, 4=7}
2026-03-14 01:22:35,855 DEBUG [CRASH COMPLEXION_p011]          StemBuilder.java:1080 | [FAILED toString()]
2026-03-14 01:22:35,856 DEBUG [CRASH COMPLEXION_p011]          StemBuilder.java:167  | CLinker{head#3427-Clnk-BR refPt:[478.7,623.0]} lengths:{0=7, 1=7, 2=7, 3=7, 4=7}
2026-03-14 01:22:35,858 DEBUG [CRASH COMPLEXION_p011]          StemBuilder.java:1080 | [FAILED toString()]
2026-03-14 01:22:35,859 DEBUG [CRASH COMPLEXION_p011]          StemBuilder.java:167  | CLinker{head#3431-Clnk-TR Glyph{#542 [VERTICAL_SEED]}} lengths:{0=64, 1=64, 2=64, 3=64, 4=64}
2026-03-14 01:22:35,861 DEBUG [CRASH COMPLEXION_p011]          StemBuilder.java:1080 | [FAILED toString()]
2026-03-14 01:22:35,861 DEBUG [CRASH COMPLEXION_p011]          StemBuilder.java:167  | CLinker{head#3431-Clnk-BL refPt:[464.9,627.0]} lengths:{0=6, 1=19, 2=19, 3=19, 4=19}
2026-03-14 01:22:35,862 DEBUG [CRASH COMPLEXION_p011]          StemBuilder.java:1080 | [FAILED toString()]
2026-03-14 01:22:35,863 DEBUG [CRASH COMPLEXION_p011]          StemBuilder.java:167  | CLinker{head#3431-Clnk-TL refPt:[464.9,623.0]} lengths:{0=7, 1=7, 2=7, 3=7, 4=7}
2026-03-14 01:22:35,863 DEBUG [CRASH COMPLEXION_p011]          StemBuilder.java:1080 | [FAILED toString()]
2026-03-14 01:22:35,864 DEBUG [CRASH COMPLEXION_p011]          StemBuilder.java:167  | CLinker{head#3431-Clnk-BR refPt:[478.7,623.0]} lengths:{0=7, 1=7, 2=7, 3=7, 4=7}
2026-03-14 01:22:35,865 DEBUG [CRASH COMPLEXION_p011]          StemBuilder.java:1080 | [FAILED toString()]
2026-03-14 01:22:35,865 DEBUG [CRASH COMPLEXION_p011]          StemBuilder.java:167  | CLinker{head#3381-Clnk-TR Glyph{#542 [VERTICAL_SEED]}} lengths:{0=57, 1=57, 2=57, 3=57, 4=57}
2026-03-14 01:22:35,866 DEBUG [CRASH COMPLEXION_p011]          StemBuilder.java:1080 | [FAILED toString()]
2026-03-14 01:22:35,867 DEBUG [CRASH COMPLEXION_p011]          StemBuilder.java:167  | CLinker{head#3381-Clnk-BL Glyph{#18686 [STUMP]}} lengths:{0=13, 1=28, 2=28, 3=28, 4=28}
2026-03-14 01:22:35,867 DEBUG [CRASH COMPLEXION_p011]          StemBuilder.java:1080 | [FAILED toString()]
2026-03-14 01:22:35,868 DEBUG [CRASH COMPLEXION_p011]          StemBuilder.java:167  | CLinker{head#3381-Clnk-TL refPt:[465.9,616.0]} lengths:{0=7, 1=7, 2=7, 3=7, 4=7}
2026-03-14 01:22:35,869 DEBUG [CRASH COMPLEXION_p011]          StemBuilder.java:1080 | [FAILED toString()]
2026-03-14 01:22:35,870 DEBUG [CRASH COMPLEXION_p011]          StemBuilder.java:167  | CLinker{head#3381-Clnk-BR Glyph{#542 [VERTICAL_SEED]}} lengths:{0=11, 1=11, 2=11, 3=11, 4=11}
2026-03-14 01:22:35,871 DEBUG [CRASH COMPLEXION_p011]          StemBuilder.java:1080 | [FAILED toString()]
2026-03-14 01:22:35,872 DEBUG [CRASH COMPLEXION_p011]          StemBuilder.java:167  | CLinker{head#3965-Clnk-TR Glyph{#586 [VERTICAL_SEED]}} lengths:{0=44, 1=44, 2=44, 3=44, 4=44}
2026-03-14 01:22:35,873 DEBUG [CRASH COMPLEXION_p011]          StemBuilder.java:1080 | [FAILED toString()]
2026-03-14 01:22:35,874 DEBUG [CRASH COMPLEXION_p011]          StemBuilder.java:167  | CLinker{head#3965-Clnk-BL refPt:[465.9,1022.0]} lengths:{0=4, 1=4, 2=4, 3=4, 4=4}
2026-03-14 01:22:35,874 DEBUG [CRASH COMPLEXION_p011]          StemBuilder.java:1080 | [FAILED toString()]
2026-03-14 01:22:35,875 DEBUG [CRASH COMPLEXION_p011]          StemBuilder.java:167  | CLinker{head#3965-Clnk-TL refPt:[465.9,1018.0]} lengths:{0=7, 1=7, 2=7, 3=7, 4=7}
2026-03-14 01:22:35,876 DEBUG [CRASH COMPLEXION_p011]          StemBuilder.java:1080 | [FAILED toString()]
2026-03-14 01:22:35,876 DEBUG [CRASH COMPLEXION_p011]          StemBuilder.java:167  | CLinker{head#3965-Clnk-BR refPt:[479.7,1018.0]} lengths:{0=8, 1=8, 2=8, 3=8, 4=8}
2026-03-14 01:22:35,877 DEBUG [CRASH COMPLEXION_p011]          StemBuilder.java:1080 | [FAILED toString()]
2026-03-14 01:22:35,877 DEBUG [CRASH COMPLEXION_p011]          StemBuilder.java:167  | CLinker{head#3969-Clnk-TR Glyph{#586 [VERTICAL_SEED]}} lengths:{0=44, 1=44, 2=44, 3=44, 4=44}
2026-03-14 01:22:35,879 DEBUG [CRASH COMPLEXION_p011]          StemBuilder.java:1080 | [FAILED toString()]
2026-03-14 01:22:35,880 DEBUG [CRASH COMPLEXION_p011]          StemBuilder.java:167  | CLinker{head#3969-Clnk-BL refPt:[465.9,1022.0]} lengths:{0=4, 1=4, 2=4, 3=4, 4=4}
2026-03-14 01:22:35,881 DEBUG [CRASH COMPLEXION_p011]          StemBuilder.java:1080 | [FAILED toString()]
2026-03-14 01:22:35,882 DEBUG [CRASH COMPLEXION_p011]          StemBuilder.java:167  | CLinker{head#3969-Clnk-TL refPt:[465.9,1018.0]} lengths:{0=7, 1=7, 2=7, 3=7, 4=7}
2026-03-14 01:22:35,884 DEBUG [CRASH COMPLEXION_p011]          StemBuilder.java:1080 | [FAILED toString()]
2026-03-14 01:22:35,885 DEBUG [CRASH COMPLEXION_p011]          StemBuilder.java:167  | CLinker{head#3969-Clnk-BR refPt:[479.7,1018.0]} lengths:{0=8, 1=8, 2=8, 3=8, 4=8}
2026-03-14 01:22:35,886 DEBUG [CRASH COMPLEXION_p011]          StemBuilder.java:1080 | [FAILED toString()]
2026-03-14 01:22:35,888 DEBUG [CRASH COMPLEXION_p011]          StemBuilder.java:167  | CLinker{head#3062-Clnk-TR Glyph{#572 [VERTICAL_SEED]}} lengths:{0=40, 1=40, 2=40, 3=40, 4=40}
2026-03-14 01:22:35,890 DEBUG [CRASH COMPLEXION_p011]          StemBuilder.java:1080 | [FAILED toString()]
2026-03-14 01:22:35,891 DEBUG [CRASH COMPLEXION_p011]          StemBuilder.java:167  | CLinker{head#3062-Clnk-BL refPt:[467.9,97.0]} lengths:{0=3, 1=3, 2=3, 3=3, 4=3}
2026-03-14 01:22:35,892 DEBUG [CRASH COMPLEXION_p011]          StemBuilder.java:1080 | [FAILED toString()]
2026-03-14 01:22:35,893 DEBUG [CRASH COMPLEXION_p011]          StemBuilder.java:167  | CLinker{head#3062-Clnk-TL refPt:[467.9,93.0]} lengths:{0=7, 1=7, 2=7, 3=7, 4=7}
2026-03-14 01:22:35,894 DEBUG [CRASH COMPLEXION_p011]          StemBuilder.java:1080 | [FAILED toString()]
2026-03-14 01:22:35,895 DEBUG [CRASH COMPLEXION_p011]          StemBuilder.java:167  | CLinker{head#3062-Clnk-BR Glyph{#572 [VERTICAL_SEED]}} lengths:{0=15, 1=15, 2=15, 3=15, 4=15}
2026-03-14 01:22:35,896 DEBUG [CRASH COMPLEXION_p011]          StemBuilder.java:1080 | [FAILED toString()]
2026-03-14 01:22:35,897 DEBUG [CRASH COMPLEXION_p011]          StemBuilder.java:167  | CLinker{head#3066-Clnk-TR Glyph{#572 [VERTICAL_SEED]}} lengths:{0=39, 1=39, 2=39, 3=39, 4=39}
2026-03-14 01:22:35,898 DEBUG [CRASH COMPLEXION_p011]          StemBuilder.java:1080 | [FAILED toString()]
2026-03-14 01:22:35,899 DEBUG [CRASH COMPLEXION_p011]          StemBuilder.java:167  | CLinker{head#3066-Clnk-BL refPt:[467.9,96.0]} lengths:{0=3, 1=3, 2=3, 3=3, 4=3}
2026-03-14 01:22:35,900 DEBUG [CRASH COMPLEXION_p011]          StemBuilder.java:1080 | [FAILED toString()]
2026-03-14 01:22:35,901 DEBUG [CRASH COMPLEXION_p011]          StemBuilder.java:167  | CLinker{head#3066-Clnk-TL refPt:[467.9,92.0]} lengths:{0=7, 1=7, 2=7, 3=7, 4=7}
2026-03-14 01:22:35,902 DEBUG [CRASH COMPLEXION_p011]          StemBuilder.java:1080 | [FAILED toString()]
2026-03-14 01:22:35,902 DEBUG [CRASH COMPLEXION_p011]          StemBuilder.java:167  | CLinker{head#3066-Clnk-BR Glyph{#572 [VERTICAL_SEED]}} lengths:{0=16, 1=16, 2=16, 3=16, 4=16}
2026-03-14 01:22:35,903 DEBUG [CRASH COMPLEXION_p011]          StemBuilder.java:1080 | [FAILED toString()]
2026-03-14 01:22:35,904 DEBUG [CRASH COMPLEXION_p011]          StemBuilder.java:167  | CLinker{head#3094-Clnk-TR Glyph{#572 [VERTICAL_SEED]}} lengths:{0=47, 1=47, 2=47, 3=47, 4=47}
2026-03-14 01:22:35,905 DEBUG [CRASH COMPLEXION_p011]          StemBuilder.java:1080 | [FAILED toString()]
2026-03-14 01:22:35,906 DEBUG [CRASH COMPLEXION_p011]          StemBuilder.java:167  | CLinker{head#3094-Clnk-BL refPt:[468.9,104.0]} lengths:{0=3, 1=3, 2=3, 3=3, 4=3}
2026-03-14 01:22:35,906 DEBUG [CRASH COMPLEXION_p011]          StemBuilder.java:1080 | [FAILED toString()]
2026-03-14 01:22:35,907 DEBUG [CRASH COMPLEXION_p011]          StemBuilder.java:167  | CLinker{head#3094-Clnk-TL Glyph{#18692 [STUMP]}} lengths:{0=11, 1=21, 2=21, 3=21, 4=21}
2026-03-14 01:22:35,908 DEBUG [CRASH COMPLEXION_p011]          StemBuilder.java:1080 | [FAILED toString()]
2026-03-14 01:22:35,908 DEBUG [CRASH COMPLEXION_p011]          StemBuilder.java:167  | CLinker{head#3094-Clnk-BR refPt:[481.7,100.0]} lengths:{0=8, 1=8, 2=8, 3=8, 4=8}
2026-03-14 01:22:35,909 DEBUG [CRASH COMPLEXION_p011]          StemBuilder.java:1080 | [FAILED toString()]
2026-03-14 01:22:35,909 DEBUG [CRASH COMPLEXION_p011]          StemBuilder.java:167  | CLinker{head#4315-Clnk-TR Glyph{#556 [VERTICAL_SEED]}} lengths:{0=58, 1=58, 2=58, 3=58, 4=58}
2026-03-14 01:22:35,910 DEBUG [CRASH COMPLEXION_p011]          StemBuilder.java:1080 | [FAILED toString()]
2026-03-14 01:22:35,910 DEBUG [CRASH COMPLEXION_p011]          StemBuilder.java:167  | CLinker{head#4315-Clnk-BL refPt:[468.9,1260.0]} lengths:{0=3, 1=3, 2=3, 3=3, 4=3}
2026-03-14 01:22:35,911 DEBUG [CRASH COMPLEXION_p011]          StemBuilder.java:1080 | [FAILED toString()]
2026-03-14 01:22:35,911 DEBUG [CRASH COMPLEXION_p011]          StemBuilder.java:167  | CLinker{head#4315-Clnk-TL refPt:[468.9,1256.0]} lengths:{0=7, 1=7, 2=7, 3=7, 4=7}
2026-03-14 01:22:35,912 DEBUG [CRASH COMPLEXION_p011]          StemBuilder.java:1080 | [FAILED toString()]
2026-03-14 01:22:35,913 DEBUG [CRASH COMPLEXION_p011]          StemBuilder.java:167  | CLinker{head#4315-Clnk-BR refPt:[481.7,1256.0]} lengths:{0=7, 1=7, 2=7, 3=7, 4=7}
2026-03-14 01:22:35,913 DEBUG [CRASH COMPLEXION_p011]          StemBuilder.java:1080 | [FAILED toString()]
2026-03-14 01:22:35,915 DEBUG [CRASH COMPLEXION_p011]          StemBuilder.java:167  | CLinker{head#3040-Clnk-TR Glyph{#572 [VERTICAL_SEED]}} lengths:{0=33, 1=33, 2=33, 3=33, 4=33}
2026-03-14 01:22:35,916 DEBUG [CRASH COMPLEXION_p011]          StemBuilder.java:1080 | [FAILED toString()]
2026-03-14 01:22:35,916 DEBUG [CRASH COMPLEXION_p011]          StemBuilder.java:167  | CLinker{head#3040-Clnk-BL Glyph{#18696 [STUMP]}} lengths:{0=10, 1=17, 2=17, 3=17, 4=17}
2026-03-14 01:22:35,917 DEBUG [CRASH COMPLEXION_p011]          StemBuilder.java:1080 | [FAILED toString()]
2026-03-14 01:22:35,919 DEBUG [CRASH COMPLEXION_p011]          StemBuilder.java:167  | CLinker{head#3040-Clnk-TL refPt:[470.9,86.0]} lengths:{0=7, 1=7, 2=7, 3=7, 4=7}
2026-03-14 01:22:35,920 DEBUG [CRASH COMPLEXION_p011]          StemBuilder.java:1080 | [FAILED toString()]
2026-03-14 01:22:35,920 DEBUG [CRASH COMPLEXION_p011]          StemBuilder.java:167  | CLinker{head#3040-Clnk-BR Glyph{#572 [VERTICAL_SEED]}} lengths:{0=22, 1=22, 2=22, 3=22, 4=22}
2026-03-14 01:22:35,920 DEBUG [CRASH COMPLEXION_p011]          StemBuilder.java:1080 | [FAILED toString()]
2026-03-14 01:22:35,921 DEBUG [CRASH COMPLEXION_p011]          StemBuilder.java:167  | CLinker{head#4115-Clnk-TR Glyph{#539 [VERTICAL_SEED]}} lengths:{0=65, 1=65, 2=65, 3=65, 4=65}
2026-03-14 01:22:35,922 DEBUG [CRASH COMPLEXION_p011]          StemBuilder.java:1080 | [FAILED toString()]
2026-03-14 01:22:35,922 DEBUG [CRASH COMPLEXION_p011]          StemBuilder.java:167  | CLinker{head#4115-Clnk-BL refPt:[506.9,1043.0]} lengths:{0=4, 1=4, 2=4, 3=4, 4=4}
2026-03-14 01:22:35,923 DEBUG [CRASH COMPLEXION_p011]          StemBuilder.java:1080 | [FAILED toString()]
2026-03-14 01:22:35,923 DEBUG [CRASH COMPLEXION_p011]          StemBuilder.java:167  | CLinker{head#4115-Clnk-TL refPt:[506.9,1039.0]} lengths:{0=7, 1=7, 2=7, 3=7, 4=7}
2026-03-14 01:22:35,924 DEBUG [CRASH COMPLEXION_p011]          StemBuilder.java:1080 | [FAILED toString()]
2026-03-14 01:22:35,924 DEBUG [CRASH COMPLEXION_p011]          StemBuilder.java:167  | CLinker{head#4115-Clnk-BR refPt:[520.7,1039.0]} lengths:{0=7, 1=7, 2=7, 3=7, 4=7}
2026-03-14 01:22:35,925 DEBUG [CRASH COMPLEXION_p011]          StemBuilder.java:1080 | [FAILED toString()]
2026-03-14 01:22:35,926 DEBUG [CRASH COMPLEXION_p011]          StemBuilder.java:167  | CLinker{head#4119-Clnk-TR Glyph{#539 [VERTICAL_SEED]}} lengths:{0=65, 1=65, 2=65, 3=65, 4=65}
2026-03-14 01:22:35,928 DEBUG [CRASH COMPLEXION_p011]          StemBuilder.java:1080 | [FAILED toString()]
2026-03-14 01:22:35,928 DEBUG [CRASH COMPLEXION_p011]          StemBuilder.java:167  | CLinker{head#4119-Clnk-BL refPt:[506.9,1043.0]} lengths:{0=4, 1=4, 2=4, 3=4, 4=4}
2026-03-14 01:22:35,929 DEBUG [CRASH COMPLEXION_p011]          StemBuilder.java:1080 | [FAILED toString()]
2026-03-14 01:22:35,930 DEBUG [CRASH COMPLEXION_p011]          StemBuilder.java:167  | CLinker{head#4119-Clnk-TL refPt:[506.9,1039.0]} lengths:{0=7, 1=7, 2=7, 3=7, 4=7}
2026-03-14 01:22:35,930 DEBUG [CRASH COMPLEXION_p011]          StemBuilder.java:1080 | [FAILED toString()]
2026-03-14 01:22:35,931 DEBUG [CRASH COMPLEXION_p011]          StemBuilder.java:167  | CLinker{head#4119-Clnk-BR refPt:[520.7,1039.0]} lengths:{0=7, 1=7, 2=7, 3=7, 4=7}
2026-03-14 01:22:35,932 DEBUG [CRASH COMPLEXION_p011]          StemBuilder.java:1080 | [FAILED toString()]
2026-03-14 01:22:35,932 DEBUG [CRASH COMPLEXION_p011]          StemBuilder.java:167  | CLinker{head#4071-Clnk-TR Glyph{#539 [VERTICAL_SEED]}} lengths:{0=60, 1=60, 2=60, 3=60, 4=60}
2026-03-14 01:22:35,933 DEBUG [CRASH COMPLEXION_p011]          StemBuilder.java:1080 | [FAILED toString()]
2026-03-14 01:22:35,933 DEBUG [CRASH COMPLEXION_p011]          StemBuilder.java:167  | CLinker{head#4071-Clnk-BL Glyph{#18700 [STUMP]}} lengths:{0=9, 1=9, 2=9, 3=9, 4=9}
2026-03-14 01:22:35,934 DEBUG [CRASH COMPLEXION_p011]          StemBuilder.java:1080 | [FAILED toString()]
2026-03-14 01:22:35,934 DEBUG [CRASH COMPLEXION_p011]          StemBuilder.java:167  | CLinker{head#4071-Clnk-TL refPt:[508.9,1034.0]} lengths:{0=7, 1=7, 2=7, 3=7, 4=7}
2026-03-14 01:22:35,935 DEBUG [CRASH COMPLEXION_p011]          StemBuilder.java:1080 | [FAILED toString()]
2026-03-14 01:22:35,936 DEBUG [CRASH COMPLEXION_p011]          StemBuilder.java:167  | CLinker{head#4071-Clnk-BR Glyph{#539 [VERTICAL_SEED]}} lengths:{0=9, 1=9, 2=9, 3=9, 4=9}
2026-03-14 01:22:35,937 DEBUG [CRASH COMPLEXION_p011]          StemBuilder.java:1080 | [FAILED toString()]
2026-03-14 01:22:35,937 DEBUG [CRASH COMPLEXION_p011]          StemBuilder.java:167  | CLinker{head#3621-Clnk-TR Glyph{#536 [VERTICAL_SEED]}} lengths:{0=60, 1=60, 2=60, 3=60, 4=60}
2026-03-14 01:22:35,938 DEBUG [CRASH COMPLEXION_p011]          StemBuilder.java:1080 | [FAILED toString()]
2026-03-14 01:22:35,938 DEBUG [CRASH COMPLEXION_p011]          StemBuilder.java:167  | CLinker{head#3621-Clnk-BL Glyph{#18701 [STUMP]}} lengths:{0=16, 1=16, 2=16, 3=16, 4=16}
2026-03-14 01:22:35,939 DEBUG [CRASH COMPLEXION_p011]          StemBuilder.java:1080 | [FAILED toString()]
2026-03-14 01:22:35,939 DEBUG [CRASH COMPLEXION_p011]          StemBuilder.java:167  | CLinker{head#3621-Clnk-TL refPt:[535.9,630.0]} lengths:{0=7, 1=7, 2=7, 3=7, 4=7}
2026-03-14 01:22:35,940 DEBUG [CRASH COMPLEXION_p011]          StemBuilder.java:1080 | [FAILED toString()]
2026-03-14 01:22:35,941 DEBUG [CRASH COMPLEXION_p011]          StemBuilder.java:167  | CLinker{head#3621-Clnk-BR Glyph{#536 [VERTICAL_SEED]}} lengths:{0=14, 1=14, 2=14, 3=14, 4=14}
2026-03-14 01:22:35,941 DEBUG [CRASH COMPLEXION_p011]          StemBuilder.java:1080 | [FAILED toString()]
2026-03-14 01:22:35,942 DEBUG [CRASH COMPLEXION_p011]          StemBuilder.java:167  | CLinker{head#3853-Clnk-TR refPt:[563.7,841.0]} lengths:{0=2, 1=2, 2=2, 3=2, 4=2}
2026-03-14 01:22:35,943 DEBUG [CRASH COMPLEXION_p011]          StemBuilder.java:1080 | [FAILED toString()]
2026-03-14 01:22:35,943 DEBUG [CRASH COMPLEXION_p011]          StemBuilder.java:167  | CLinker{head#3853-Clnk-BL Glyph{#615 [VERTICAL_SEED]}} lengths:{0=47, 1=47, 2=47, 3=47, 4=47}
2026-03-14 01:22:35,944 DEBUG [CRASH COMPLEXION_p011]          StemBuilder.java:1080 | [FAILED toString()]
2026-03-14 01:22:35,946 DEBUG [CRASH COMPLEXION_p011]          StemBuilder.java:167  | CLinker{head#3853-Clnk-TL refPt:[552.9,846.0]} lengths:{0=7, 1=7, 2=7, 3=7, 4=7}
2026-03-14 01:22:35,947 DEBUG [CRASH COMPLEXION_p011]          StemBuilder.java:1080 | [FAILED toString()]
2026-03-14 01:22:35,948 DEBUG [CRASH COMPLEXION_p011]          StemBuilder.java:167  | CLinker{head#3853-Clnk-BR Glyph{#615 [VERTICAL_SEED]}} lengths:{0=51, 1=51, 2=51, 3=51, 4=51}
2026-03-14 01:22:35,949 DEBUG [CRASH COMPLEXION_p011]          StemBuilder.java:1080 | [FAILED toString()]
2026-03-14 01:22:35,950 DEBUG [CRASH COMPLEXION_p011]          StemBuilder.java:167  | CLinker{head#3108-Clnk-TR refPt:[566.7,95.0]} lengths:{0=46, 1=46, 2=46, 3=46, 4=46}
2026-03-14 01:22:35,952 DEBUG [CRASH COMPLEXION_p011]          StemBuilder.java:1080 | [FAILED toString()]
2026-03-14 01:22:35,952 DEBUG [CRASH COMPLEXION_p011]          StemBuilder.java:167  | CLinker{head#3108-Clnk-BL refPt:[553.9,104.0]} lengths:{0=4, 1=4, 2=4, 3=4, 4=4}
2026-03-14 01:22:35,953 DEBUG [CRASH COMPLEXION_p011]          StemBuilder.java:1080 | [FAILED toString()]
2026-03-14 01:22:35,953 DEBUG [CRASH COMPLEXION_p011]          StemBuilder.java:167  | CLinker{head#3108-Clnk-TL refPt:[553.9,100.0]} lengths:{0=7, 1=7, 2=7, 3=7, 4=7}
2026-03-14 01:22:35,954 DEBUG [CRASH COMPLEXION_p011]          StemBuilder.java:1080 | [FAILED toString()]
2026-03-14 01:22:35,954 DEBUG [CRASH COMPLEXION_p011]          StemBuilder.java:167  | CLinker{head#3108-Clnk-BR Glyph{#711 [VERTICAL_SEED]}} lengths:{0=22, 1=22, 2=22, 3=22, 4=22}
2026-03-14 01:22:35,955 DEBUG [CRASH COMPLEXION_p011]          StemBuilder.java:1080 | [FAILED toString()]
2026-03-14 01:22:35,955 DEBUG [CRASH COMPLEXION_p011]          StemBuilder.java:167  | CLinker{head#4021-Clnk-TR Glyph{#566 [VERTICAL_SEED]}} lengths:{0=56, 1=56, 2=56, 3=56, 4=56}
2026-03-14 01:22:35,956 DEBUG [CRASH COMPLEXION_p011]          StemBuilder.java:1080 | [FAILED toString()]
2026-03-14 01:22:35,956 DEBUG [CRASH COMPLEXION_p011]          StemBuilder.java:167  | CLinker{head#4021-Clnk-BL refPt:[553.9,1028.0]} lengths:{0=3, 1=3, 2=3, 3=3, 4=3}
2026-03-14 01:22:35,957 DEBUG [CRASH COMPLEXION_p011]          StemBuilder.java:1080 | [FAILED toString()]
2026-03-14 01:22:35,958 DEBUG [CRASH COMPLEXION_p011]          StemBuilder.java:167  | CLinker{head#4021-Clnk-TL refPt:[553.9,1024.0]} lengths:{0=7, 1=7, 2=7, 3=7, 4=7}
2026-03-14 01:22:35,958 DEBUG [CRASH COMPLEXION_p011]          StemBuilder.java:1080 | [FAILED toString()]
2026-03-14 01:22:35,959 DEBUG [CRASH COMPLEXION_p011]          StemBuilder.java:167  | CLinker{head#4021-Clnk-BR refPt:[567.7,1024.0]} lengths:{0=7, 1=7, 2=7, 3=7, 4=7}
2026-03-14 01:22:35,960 DEBUG [CRASH COMPLEXION_p011]          StemBuilder.java:1080 | [FAILED toString()]
2026-03-14 01:22:35,961 DEBUG [CRASH COMPLEXION_p011]          StemBuilder.java:167  | CLinker{head#4025-Clnk-TR Glyph{#566 [VERTICAL_SEED]}} lengths:{0=56, 1=56, 2=56, 3=56, 4=56}
2026-03-14 01:22:35,962 DEBUG [CRASH COMPLEXION_p011]          StemBuilder.java:1080 | [FAILED toString()]
2026-03-14 01:22:35,962 DEBUG [CRASH COMPLEXION_p011]          StemBuilder.java:167  | CLinker{head#4025-Clnk-BL refPt:[553.9,1028.0]} lengths:{0=3, 1=3, 2=3, 3=3, 4=3}
2026-03-14 01:22:35,963 DEBUG [CRASH COMPLEXION_p011]          StemBuilder.java:1080 | [FAILED toString()]
2026-03-14 01:22:35,964 DEBUG [CRASH COMPLEXION_p011]          StemBuilder.java:167  | CLinker{head#4025-Clnk-TL refPt:[553.9,1024.0]} lengths:{0=7, 1=7, 2=7, 3=7, 4=7}
2026-03-14 01:22:35,964 DEBUG [CRASH COMPLEXION_p011]          StemBuilder.java:1080 | [FAILED toString()]
2026-03-14 01:22:35,965 DEBUG [CRASH COMPLEXION_p011]          StemBuilder.java:167  | CLinker{head#4025-Clnk-BR refPt:[567.7,1024.0]} lengths:{0=7, 1=7, 2=7, 3=7, 4=7}
2026-03-14 01:22:35,966 DEBUG [CRASH COMPLEXION_p011]          StemBuilder.java:1080 | [FAILED toString()]
2026-03-14 01:22:35,966 DEBUG [CRASH COMPLEXION_p011]          StemBuilder.java:167  | CLinker{head#3973-Clnk-TR Glyph{#566 [VERTICAL_SEED]}} lengths:{0=50, 1=50, 2=50, 3=50, 4=50}
2026-03-14 01:22:35,967 DEBUG [CRASH COMPLEXION_p011]          StemBuilder.java:1080 | [FAILED toString()]
2026-03-14 01:22:35,967 DEBUG [CRASH COMPLEXION_p011]          StemBuilder.java:167  | CLinker{head#3973-Clnk-BL Glyph{#18703 [STUMP]}} lengths:{0=9, 1=9, 2=9, 3=9, 4=9}
2026-03-14 01:22:35,968 DEBUG [CRASH COMPLEXION_p011]          StemBuilder.java:1080 | [FAILED toString()]
2026-03-14 01:22:35,969 DEBUG [CRASH COMPLEXION_p011]          StemBuilder.java:167  | CLinker{head#3973-Clnk-TL refPt:[555.9,1018.0]} lengths:{0=7, 1=7, 2=7, 3=7, 4=7}
2026-03-14 01:22:35,969 DEBUG [CRASH COMPLEXION_p011]          StemBuilder.java:1080 | [FAILED toString()]
2026-03-14 01:22:35,970 DEBUG [CRASH COMPLEXION_p011]          StemBuilder.java:167  | CLinker{head#3973-Clnk-BR Glyph{#18704 [STUMP]}} lengths:{0=9, 1=9, 2=9, 3=9, 4=9}
2026-03-14 01:22:35,970 DEBUG [CRASH COMPLEXION_p011]          StemBuilder.java:1080 | [FAILED toString()]
2026-03-14 01:22:35,971 DEBUG [CRASH COMPLEXION_p011]          StemBuilder.java:167  | CLinker{head#3854-Clnk-TR refPt:[570.7,847.0]} lengths:{0=2, 1=2, 2=2, 3=2, 4=2}
2026-03-14 01:22:35,971 DEBUG [CRASH COMPLEXION_p011]          StemBuilder.java:1080 | [FAILED toString()]
2026-03-14 01:22:35,972 DEBUG [CRASH COMPLEXION_p011]          StemBuilder.java:167  | CLinker{head#3854-Clnk-BL Glyph{#615 [VERTICAL_SEED]}} lengths:{0=41, 1=41, 2=41, 3=41, 4=41}
2026-03-14 01:22:35,973 DEBUG [CRASH COMPLEXION_p011]          StemBuilder.java:1080 | [FAILED toString()]
2026-03-14 01:22:35,973 DEBUG [CRASH COMPLEXION_p011]          StemBuilder.java:167  | CLinker{head#3854-Clnk-TL refPt:[556.9,852.0]} lengths:{0=7, 1=7, 2=7, 3=7, 4=7}
2026-03-14 01:22:35,974 DEBUG [CRASH COMPLEXION_p011]          StemBuilder.java:1080 | [FAILED toString()]
2026-03-14 01:22:35,975 DEBUG [CRASH COMPLEXION_p011]          StemBuilder.java:167  | CLinker{head#3854-Clnk-BR refPt:[570.7,852.0]} lengths:{0=8, 1=8, 2=8, 3=8, 4=8}
2026-03-14 01:22:35,979 DEBUG [CRASH COMPLEXION_p011]          StemBuilder.java:1080 | [FAILED toString()]
2026-03-14 01:22:35,984 DEBUG [CRASH COMPLEXION_p011]          StemBuilder.java:167  | CLinker{head#3115-Clnk-TR Glyph{#562 [VERTICAL_SEED]}} lengths:{0=46, 1=46, 2=46, 3=46, 4=46}
2026-03-14 01:22:35,985 DEBUG [CRASH COMPLEXION_p011]          StemBuilder.java:1080 | [FAILED toString()]
2026-03-14 01:22:35,986 DEBUG [CRASH COMPLEXION_p011]          StemBuilder.java:167  | CLinker{head#3115-Clnk-BL Glyph{#711 [VERTICAL_SEED]}} lengths:{0=18, 1=18, 2=18, 3=18, 4=18}
2026-03-14 01:22:35,987 DEBUG [CRASH COMPLEXION_p011]          StemBuilder.java:1080 | [FAILED toString()]
2026-03-14 01:22:35,988 DEBUG [CRASH COMPLEXION_p011]          StemBuilder.java:167  | CLinker{head#3115-Clnk-TL Glyph{#711 [VERTICAL_SEED]}} lengths:{0=9, 1=9, 2=9, 3=9, 4=9}
2026-03-14 01:22:35,989 DEBUG [CRASH COMPLEXION_p011]          StemBuilder.java:1080 | [FAILED toString()]
2026-03-14 01:22:35,989 DEBUG [CRASH COMPLEXION_p011]          StemBuilder.java:167  | CLinker{head#3115-Clnk-BR Glyph{#562 [VERTICAL_SEED]}} lengths:{0=13, 1=13, 2=13, 3=13, 4=13}
2026-03-14 01:22:35,990 DEBUG [CRASH COMPLEXION_p011]          StemBuilder.java:1080 | [FAILED toString()]
2026-03-14 01:22:35,991 DEBUG [CRASH COMPLEXION_p011]          StemBuilder.java:167  | CLinker{head#3441-Clnk-TR Glyph{#519 [VERTICAL_SEED]}} lengths:{0=101, 1=101, 2=101, 3=101, 4=101}
2026-03-14 01:22:35,992 DEBUG [CRASH COMPLEXION_p011]          StemBuilder.java:1080 | [FAILED toString()]
2026-03-14 01:22:35,992 DEBUG [CRASH COMPLEXION_p011]          StemBuilder.java:167  | CLinker{head#3441-Clnk-BL refPt:[557.9,633.0]} lengths:{0=3, 1=16, 2=16, 3=16, 4=16}
2026-03-14 01:22:35,993 DEBUG [CRASH COMPLEXION_p011]          StemBuilder.java:1080 | [FAILED toString()]
2026-03-14 01:22:35,993 DEBUG [CRASH COMPLEXION_p011]          StemBuilder.java:167  | CLinker{head#3441-Clnk-TL refPt:[557.9,629.0]} lengths:{0=7, 1=7, 2=7, 3=7, 4=7}
2026-03-14 01:22:35,994 DEBUG [CRASH COMPLEXION_p011]          StemBuilder.java:1080 | [FAILED toString()]
2026-03-14 01:22:35,995 DEBUG [CRASH COMPLEXION_p011]          StemBuilder.java:167  | CLinker{head#3441-Clnk-BR refPt:[571.7,629.0]} lengths:{0=7, 1=7, 2=7, 3=7, 4=7}
2026-03-14 01:22:35,995 DEBUG [CRASH COMPLEXION_p011]          StemBuilder.java:1080 | [FAILED toString()]
2026-03-14 01:22:35,996 DEBUG [CRASH COMPLEXION_p011]          StemBuilder.java:167  | CLinker{head#4559-Clnk-TR Glyph{#18709 [STUMP]}} lengths:{0=8, 1=8, 2=8, 3=8, 4=8}
2026-03-14 01:22:35,997 DEBUG [CRASH COMPLEXION_p011]          StemBuilder.java:1080 | [FAILED toString()]
2026-03-14 01:22:35,997 DEBUG [CRASH COMPLEXION_p011]          StemBuilder.java:167  | CLinker{head#4559-Clnk-BL Glyph{#627 [VERTICAL_SEED]}} lengths:{0=28, 1=28, 2=28, 3=28, 4=28}
2026-03-14 01:22:35,998 DEBUG [CRASH COMPLEXION_p011]          StemBuilder.java:1080 | [FAILED toString()]
2026-03-14 01:22:35,998 DEBUG [CRASH COMPLEXION_p011]          StemBuilder.java:167  | CLinker{head#4559-Clnk-TL Glyph{#627 [VERTICAL_SEED]}} lengths:{0=13, 1=13, 2=13, 3=13, 4=13}
2026-03-14 01:22:35,999 DEBUG [CRASH COMPLEXION_p011]          StemBuilder.java:1080 | [FAILED toString()]
2026-03-14 01:22:36,000 DEBUG [CRASH COMPLEXION_p011]          StemBuilder.java:167  | CLinker{head#4559-Clnk-BR refPt:[571.7,1289.0]} lengths:{0=7, 1=7, 2=7, 3=7, 4=7}
2026-03-14 01:22:36,000 DEBUG [CRASH COMPLEXION_p011]          StemBuilder.java:1080 | [FAILED toString()]
2026-03-14 01:22:36,001 DEBUG [CRASH COMPLEXION_p011]          StemBuilder.java:167  | CLinker{head#3163-Clnk-TR Glyph{#562 [VERTICAL_SEED]}} lengths:{0=52, 1=52, 2=52, 3=52, 4=52}
2026-03-14 01:22:36,002 DEBUG [CRASH COMPLEXION_p011]          StemBuilder.java:1080 | [FAILED toString()]
2026-03-14 01:22:36,002 DEBUG [CRASH COMPLEXION_p011]          StemBuilder.java:167  | CLinker{head#3163-Clnk-BL Glyph{#711 [VERTICAL_SEED]}} lengths:{0=12, 1=12, 2=12, 3=12, 4=12}
2026-03-14 01:22:36,003 DEBUG [CRASH COMPLEXION_p011]          StemBuilder.java:1080 | [FAILED toString()]
2026-03-14 01:22:36,003 DEBUG [CRASH COMPLEXION_p011]          StemBuilder.java:167  | CLinker{head#3163-Clnk-TL Glyph{#711 [VERTICAL_SEED]}} lengths:{0=15, 1=15, 2=15, 3=15, 4=15}
2026-03-14 01:22:36,005 DEBUG [CRASH COMPLEXION_p011]          StemBuilder.java:1080 | [FAILED toString()]
2026-03-14 01:22:36,006 DEBUG [CRASH COMPLEXION_p011]          StemBuilder.java:167  | CLinker{head#3163-Clnk-BR refPt:[572.7,106.0]} lengths:{0=9, 1=9, 2=9, 3=9, 4=9}
2026-03-14 01:22:36,008 DEBUG [CRASH COMPLEXION_p011]          StemBuilder.java:1080 | [FAILED toString()]
2026-03-14 01:22:36,009 DEBUG [CRASH COMPLEXION_p011]          StemBuilder.java:167  | CLinker{head#3166-Clnk-TR Glyph{#562 [VERTICAL_SEED]}} lengths:{0=51, 1=51, 2=51, 3=51, 4=51}
2026-03-14 01:22:36,011 DEBUG [CRASH COMPLEXION_p011]          StemBuilder.java:1080 | [FAILED toString()]
2026-03-14 01:22:36,014 DEBUG [CRASH COMPLEXION_p011]          StemBuilder.java:167  | CLinker{head#3166-Clnk-BL Glyph{#711 [VERTICAL_SEED]}} lengths:{0=13, 1=13, 2=13, 3=13, 4=13}
2026-03-14 01:22:36,015 DEBUG [CRASH COMPLEXION_p011]          StemBuilder.java:1080 | [FAILED toString()]
2026-03-14 01:22:36,015 DEBUG [CRASH COMPLEXION_p011]          StemBuilder.java:167  | CLinker{head#3166-Clnk-TL Glyph{#711 [VERTICAL_SEED]}} lengths:{0=14, 1=14, 2=14, 3=14, 4=14}
2026-03-14 01:22:36,016 DEBUG [CRASH COMPLEXION_p011]          StemBuilder.java:1080 | [FAILED toString()]
2026-03-14 01:22:36,016 DEBUG [CRASH COMPLEXION_p011]          StemBuilder.java:167  | CLinker{head#3166-Clnk-BR refPt:[572.7,105.0]} lengths:{0=10, 1=10, 2=10, 3=10, 4=10}
2026-03-14 01:22:36,017 DEBUG [CRASH COMPLEXION_p011]          StemBuilder.java:1080 | [FAILED toString()]
2026-03-14 01:22:36,018 DEBUG [CRASH COMPLEXION_p011]          StemBuilder.java:167  | CLinker{head#4423-Clnk-TR refPt:[573.7,1278.0]} lengths:{0=2, 1=2, 2=2, 3=2, 4=2}
2026-03-14 01:22:36,018 DEBUG [CRASH COMPLEXION_p011]          StemBuilder.java:1080 | [FAILED toString()]
2026-03-14 01:22:36,019 DEBUG [CRASH COMPLEXION_p011]          StemBuilder.java:167  | CLinker{head#4423-Clnk-BL Glyph{#627 [VERTICAL_SEED]}} lengths:{0=34, 1=34, 2=34, 3=34, 4=34}
2026-03-14 01:22:36,020 DEBUG [CRASH COMPLEXION_p011]          StemBuilder.java:1080 | [FAILED toString()]
2026-03-14 01:22:36,020 DEBUG [CRASH COMPLEXION_p011]          StemBuilder.java:167  | CLinker{head#4423-Clnk-TL refPt:[559.9,1283.0]} lengths:{0=7, 1=7, 2=7, 3=7, 4=7}
2026-03-14 01:22:36,021 DEBUG [CRASH COMPLEXION_p011]          StemBuilder.java:1080 | [FAILED toString()]
2026-03-14 01:22:36,021 DEBUG [CRASH COMPLEXION_p011]          StemBuilder.java:167  | CLinker{head#4423-Clnk-BR refPt:[573.7,1283.0]} lengths:{0=7, 1=7, 2=7, 3=7, 4=7}
2026-03-14 01:22:36,023 DEBUG [CRASH COMPLEXION_p011]          StemBuilder.java:1080 | [FAILED toString()]
2026-03-14 01:22:36,023 DEBUG [CRASH COMPLEXION_p011]          StemBuilder.java:167  | CLinker{head#3102-Clnk-TR Glyph{#562 [VERTICAL_SEED]}} lengths:{0=45, 1=45, 2=45, 3=45, 4=45}
2026-03-14 01:22:36,024 DEBUG [CRASH COMPLEXION_p011]          StemBuilder.java:1080 | [FAILED toString()]
2026-03-14 01:22:36,025 DEBUG [CRASH COMPLEXION_p011]          StemBuilder.java:167  | CLinker{head#3102-Clnk-BL Glyph{#711 [VERTICAL_SEED]}} lengths:{0=19, 1=19, 2=19, 3=19, 4=19}
2026-03-14 01:22:36,026 DEBUG [CRASH COMPLEXION_p011]          StemBuilder.java:1080 | [FAILED toString()]
2026-03-14 01:22:36,026 DEBUG [CRASH COMPLEXION_p011]          StemBuilder.java:167  | CLinker{head#3102-Clnk-TL Glyph{#711 [VERTICAL_SEED]}} lengths:{0=8, 1=8, 2=8, 3=8, 4=8}
2026-03-14 01:22:36,027 DEBUG [CRASH COMPLEXION_p011]          StemBuilder.java:1080 | [FAILED toString()]
2026-03-14 01:22:36,027 DEBUG [CRASH COMPLEXION_p011]          StemBuilder.java:167  | CLinker{head#3102-Clnk-BR Glyph{#562 [VERTICAL_SEED]}} lengths:{0=14, 1=14, 2=14, 3=14, 4=14}
2026-03-14 01:22:36,028 DEBUG [CRASH COMPLEXION_p011]          StemBuilder.java:1080 | [FAILED toString()]
2026-03-14 01:22:36,029 DEBUG [CRASH COMPLEXION_p011]          StemBuilder.java:167  | CLinker{head#3157-Clnk-TR Glyph{#562 [VERTICAL_SEED]}} lengths:{0=51, 1=51, 2=51, 3=51, 4=51}
2026-03-14 01:22:36,029 DEBUG [CRASH COMPLEXION_p011]          StemBuilder.java:1080 | [FAILED toString()]
2026-03-14 01:22:36,030 DEBUG [CRASH COMPLEXION_p011]          StemBuilder.java:167  | CLinker{head#3157-Clnk-BL Glyph{#711 [VERTICAL_SEED]}} lengths:{0=13, 1=13, 2=13, 3=13, 4=13}
2026-03-14 01:22:36,031 DEBUG [CRASH COMPLEXION_p011]          StemBuilder.java:1080 | [FAILED toString()]
2026-03-14 01:22:36,031 DEBUG [CRASH COMPLEXION_p011]          StemBuilder.java:167  | CLinker{head#3157-Clnk-TL Glyph{#711 [VERTICAL_SEED]}} lengths:{0=14, 1=14, 2=14, 3=14, 4=14}
2026-03-14 01:22:36,032 DEBUG [CRASH COMPLEXION_p011]          StemBuilder.java:1080 | [FAILED toString()]
2026-03-14 01:22:36,032 DEBUG [CRASH COMPLEXION_p011]          StemBuilder.java:167  | CLinker{head#3157-Clnk-BR refPt:[575.7,105.0]} lengths:{0=8, 1=8, 2=8, 3=8, 4=8}
2026-03-14 01:22:36,033 DEBUG [CRASH COMPLEXION_p011]          StemBuilder.java:1080 | [FAILED toString()]
2026-03-14 01:22:36,034 DEBUG [CRASH COMPLEXION_p011]          StemBuilder.java:167  | CLinker{head#3112-Clnk-TR Glyph{#18715 [STUMP]}} lengths:{0=17, 1=17, 2=17, 3=17, 4=17}
2026-03-14 01:22:36,034 DEBUG [CRASH COMPLEXION_p011]          StemBuilder.java:1080 | [FAILED toString()]
2026-03-14 01:22:36,035 DEBUG [CRASH COMPLEXION_p011]          StemBuilder.java:167  | CLinker{head#3112-Clnk-BL Glyph{#562 [VERTICAL_SEED]}} lengths:{0=9, 1=9, 2=9, 3=9, 4=9}
2026-03-14 01:22:36,036 DEBUG [CRASH COMPLEXION_p011]          StemBuilder.java:1080 | [FAILED toString()]
2026-03-14 01:22:36,036 DEBUG [CRASH COMPLEXION_p011]          StemBuilder.java:167  | CLinker{head#3112-Clnk-TL Glyph{#562 [VERTICAL_SEED]}} lengths:{0=51, 1=51, 2=51, 3=51, 4=51}
2026-03-14 01:22:36,037 DEBUG [CRASH COMPLEXION_p011]          StemBuilder.java:1080 | [FAILED toString()]
2026-03-14 01:22:36,038 DEBUG [CRASH COMPLEXION_p011]          StemBuilder.java:167  | CLinker{head#3112-Clnk-BR refPt:[583.7,100.0]} lengths:{0=7, 1=7, 2=7, 3=7, 4=7}
2026-03-14 01:22:36,039 DEBUG [CRASH COMPLEXION_p011]          StemBuilder.java:1080 | [FAILED toString()]
2026-03-14 01:22:36,041 DEBUG [CRASH COMPLEXION_p011]          StemBuilder.java:167  | CLinker{head#3256-Clnk-TR refPt:[586.7,81.0]} lengths:{0=22, 1=22, 2=22, 3=22, 4=22}
2026-03-14 01:22:36,042 DEBUG [CRASH COMPLEXION_p011]          StemBuilder.java:1080 | [FAILED toString()]
2026-03-14 01:22:36,045 DEBUG [CRASH COMPLEXION_p011]          StemBuilder.java:167  | CLinker{head#3256-Clnk-BL Glyph{#562 [VERTICAL_SEED]}} lengths:{0=23, 1=23, 2=23, 3=23, 4=23}
2026-03-14 01:22:36,046 DEBUG [CRASH COMPLEXION_p011]          StemBuilder.java:1080 | [FAILED toString()]
2026-03-14 01:22:36,047 DEBUG [CRASH COMPLEXION_p011]          StemBuilder.java:167  | CLinker{head#3256-Clnk-TL Glyph{#562 [VERTICAL_SEED]}} lengths:{0=37, 1=37, 2=37, 3=37, 4=37}
2026-03-14 01:22:36,048 DEBUG [CRASH COMPLEXION_p011]          StemBuilder.java:1080 | [FAILED toString()]
2026-03-14 01:22:36,049 DEBUG [CRASH COMPLEXION_p011]          StemBuilder.java:167  | CLinker{head#3256-Clnk-BR refPt:[586.7,86.0]} lengths:{0=7, 1=7, 2=7, 3=7, 4=7}
2026-03-14 01:22:36,050 DEBUG [CRASH COMPLEXION_p011]          StemBuilder.java:1080 | [FAILED toString()]
2026-03-14 01:22:36,050 DEBUG [CRASH COMPLEXION_p011]          StemBuilder.java:167  | CLinker{head#3618-Clnk-TR Glyph{#518 [VERTICAL_SEED]}} lengths:{0=60, 1=60, 2=60, 3=60, 4=60}
2026-03-14 01:22:36,051 DEBUG [CRASH COMPLEXION_p011]          StemBuilder.java:1080 | [FAILED toString()]
2026-03-14 01:22:36,052 DEBUG [CRASH COMPLEXION_p011]          StemBuilder.java:167  | CLinker{head#3618-Clnk-BL Glyph{#721 [VERTICAL_SEED]}} lengths:{0=15, 1=15, 2=15, 3=15, 4=15}
2026-03-14 01:22:36,053 DEBUG [CRASH COMPLEXION_p011]          StemBuilder.java:1080 | [FAILED toString()]
2026-03-14 01:22:36,053 DEBUG [CRASH COMPLEXION_p011]          StemBuilder.java:167  | CLinker{head#3618-Clnk-TL refPt:[575.9,588.0]} lengths:{0=7, 1=7, 2=7, 3=7, 4=7}
2026-03-14 01:22:36,054 DEBUG [CRASH COMPLEXION_p011]          StemBuilder.java:1080 | [FAILED toString()]
2026-03-14 01:22:36,055 DEBUG [CRASH COMPLEXION_p011]          StemBuilder.java:167  | CLinker{head#3618-Clnk-BR Glyph{#518 [VERTICAL_SEED]}} lengths:{0=58, 1=58, 2=58, 3=58, 4=58}
2026-03-14 01:22:36,056 DEBUG [CRASH COMPLEXION_p011]          StemBuilder.java:1080 | [FAILED toString()]
2026-03-14 01:22:36,056 DEBUG [CRASH COMPLEXION_p011]          StemBuilder.java:167  | CLinker{head#4125-Clnk-TR Glyph{#527 [VERTICAL_SEED]}} lengths:{0=76, 1=76, 2=76, 3=76, 4=76}
2026-03-14 01:22:36,057 DEBUG [CRASH COMPLEXION_p011]          StemBuilder.java:1080 | [FAILED toString()]
2026-03-14 01:22:36,057 DEBUG [CRASH COMPLEXION_p011]          StemBuilder.java:167  | CLinker{head#4125-Clnk-BL refPt:[578.9,1042.0]} lengths:{0=3, 1=3, 2=3, 3=3, 4=3}
2026-03-14 01:22:36,058 DEBUG [CRASH COMPLEXION_p011]          StemBuilder.java:1080 | [FAILED toString()]
2026-03-14 01:22:36,059 DEBUG [CRASH COMPLEXION_p011]          StemBuilder.java:167  | CLinker{head#4125-Clnk-TL refPt:[578.9,1038.0]} lengths:{0=7, 1=7, 2=7, 3=7, 4=7}
2026-03-14 01:22:36,059 DEBUG [CRASH COMPLEXION_p011]          StemBuilder.java:1080 | [FAILED toString()]
2026-03-14 01:22:36,060 DEBUG [CRASH COMPLEXION_p011]          StemBuilder.java:167  | CLinker{head#4125-Clnk-BR refPt:[592.7,1038.0]} lengths:{0=7, 1=7, 2=7, 3=7, 4=7}
2026-03-14 01:22:36,061 DEBUG [CRASH COMPLEXION_p011]          StemBuilder.java:1080 | [FAILED toString()]
2026-03-14 01:22:36,061 DEBUG [CRASH COMPLEXION_p011]          StemBuilder.java:167  | CLinker{head#4129-Clnk-TR Glyph{#527 [VERTICAL_SEED]}} lengths:{0=76, 1=76, 2=76, 3=76, 4=76}
2026-03-14 01:22:36,062 DEBUG [CRASH COMPLEXION_p011]          StemBuilder.java:1080 | [FAILED toString()]
2026-03-14 01:22:36,063 DEBUG [CRASH COMPLEXION_p011]          StemBuilder.java:167  | CLinker{head#4129-Clnk-BL refPt:[578.9,1042.0]} lengths:{0=3, 1=3, 2=3, 3=3, 4=3}
2026-03-14 01:22:36,063 DEBUG [CRASH COMPLEXION_p011]          StemBuilder.java:1080 | [FAILED toString()]
2026-03-14 01:22:36,064 DEBUG [CRASH COMPLEXION_p011]          StemBuilder.java:167  | CLinker{head#4129-Clnk-TL refPt:[578.9,1038.0]} lengths:{0=7, 1=7, 2=7, 3=7, 4=7}
2026-03-14 01:22:36,065 DEBUG [CRASH COMPLEXION_p011]          StemBuilder.java:1080 | [FAILED toString()]
2026-03-14 01:22:36,065 DEBUG [CRASH COMPLEXION_p011]          StemBuilder.java:167  | CLinker{head#4129-Clnk-BR refPt:[592.7,1038.0]} lengths:{0=7, 1=7, 2=7, 3=7, 4=7}
2026-03-14 01:22:36,066 DEBUG [CRASH COMPLEXION_p011]          StemBuilder.java:1080 | [FAILED toString()]
2026-03-14 01:22:36,066 DEBUG [CRASH COMPLEXION_p011]          StemBuilder.java:167  | CLinker{head#3501-Clnk-TR Glyph{#518 [VERTICAL_SEED]}} lengths:{0=113, 1=113, 2=113, 3=113, 4=113}
2026-03-14 01:22:36,067 DEBUG [CRASH COMPLEXION_p011]          StemBuilder.java:1080 | [FAILED toString()]
2026-03-14 01:22:36,068 DEBUG [CRASH COMPLEXION_p011]          StemBuilder.java:167  | CLinker{head#3501-Clnk-BL refPt:[579.9,645.0]} lengths:{0=3, 1=3, 2=3, 3=3, 4=3}
2026-03-14 01:22:36,069 DEBUG [CRASH COMPLEXION_p011]          StemBuilder.java:1080 | [FAILED toString()]
2026-03-14 01:22:36,069 DEBUG [CRASH COMPLEXION_p011]          StemBuilder.java:167  | CLinker{head#3501-Clnk-TL refPt:[579.9,641.0]} lengths:{0=7, 1=7, 2=7, 3=7, 4=7}
2026-03-14 01:22:36,072 DEBUG [CRASH COMPLEXION_p011]          StemBuilder.java:1080 | [FAILED toString()]
2026-03-14 01:22:36,073 DEBUG [CRASH COMPLEXION_p011]          StemBuilder.java:167  | CLinker{head#3501-Clnk-BR refPt:[592.7,641.0]} lengths:{0=7, 1=7, 2=7, 3=7, 4=7}
2026-03-14 01:22:36,074 DEBUG [CRASH COMPLEXION_p011]          StemBuilder.java:1080 | [FAILED toString()]
2026-03-14 01:22:36,077 DEBUG [CRASH COMPLEXION_p011]          StemBuilder.java:167  | CLinker{head#4075-Clnk-TR Glyph{#527 [VERTICAL_SEED]}} lengths:{0=72, 1=72, 2=72, 3=72, 4=72}
2026-03-14 01:22:36,078 DEBUG [CRASH COMPLEXION_p011]          StemBuilder.java:1080 | [FAILED toString()]
2026-03-14 01:22:36,078 DEBUG [CRASH COMPLEXION_p011]          StemBuilder.java:167  | CLinker{head#4075-Clnk-BL refPt:[580.9,1038.0]} lengths:{0=7, 1=7, 2=7, 3=7, 4=7}
2026-03-14 01:22:36,079 DEBUG [CRASH COMPLEXION_p011]          StemBuilder.java:1080 | [FAILED toString()]
2026-03-14 01:22:36,079 DEBUG [CRASH COMPLEXION_p011]          StemBuilder.java:167  | CLinker{head#4075-Clnk-TL refPt:[580.9,1034.0]} lengths:{0=7, 1=7, 2=7, 3=7, 4=7}
2026-03-14 01:22:36,080 DEBUG [CRASH COMPLEXION_p011]          StemBuilder.java:1080 | [FAILED toString()]
2026-03-14 01:22:36,081 DEBUG [CRASH COMPLEXION_p011]          StemBuilder.java:167  | CLinker{head#4075-Clnk-BR refPt:[592.7,1034.0]} lengths:{0=7, 1=7, 2=7, 3=7, 4=7}
2026-03-14 01:22:36,081 DEBUG [CRASH COMPLEXION_p011]          StemBuilder.java:1080 | [FAILED toString()]
2026-03-14 01:22:36,082 DEBUG [CRASH COMPLEXION_p011]          StemBuilder.java:167  | CLinker{head#3169-Clnk-TR Glyph{#587 [VERTICAL_SEED]}} lengths:{0=37, 1=37, 2=37, 3=37, 4=37}
2026-03-14 01:22:36,082 DEBUG [CRASH COMPLEXION_p011]          StemBuilder.java:1080 | [FAILED toString()]
2026-03-14 01:22:36,083 DEBUG [CRASH COMPLEXION_p011]          StemBuilder.java:167  | CLinker{head#3169-Clnk-BL refPt:[605.9,110.0]} lengths:{0=3, 1=3, 2=3, 3=3, 4=3}
2026-03-14 01:22:36,083 DEBUG [CRASH COMPLEXION_p011]          StemBuilder.java:1080 | [FAILED toString()]
2026-03-14 01:22:36,084 DEBUG [CRASH COMPLEXION_p011]          StemBuilder.java:167  | CLinker{head#3169-Clnk-TL refPt:[605.9,106.0]} lengths:{0=7, 1=7, 2=7, 3=7, 4=7}
2026-03-14 01:22:36,085 DEBUG [CRASH COMPLEXION_p011]          StemBuilder.java:1080 | [FAILED toString()]
2026-03-14 01:22:36,085 DEBUG [CRASH COMPLEXION_p011]          StemBuilder.java:167  | CLinker{head#3169-Clnk-BR Glyph{#587 [VERTICAL_SEED]}} lengths:{0=15, 1=15, 2=15, 3=15, 4=15}
2026-03-14 01:22:36,086 DEBUG [CRASH COMPLEXION_p011]          StemBuilder.java:1080 | [FAILED toString()]
2026-03-14 01:22:36,087 DEBUG [CRASH COMPLEXION_p011]          StemBuilder.java:167  | CLinker{head#3173-Clnk-TR Glyph{#587 [VERTICAL_SEED]}} lengths:{0=36, 1=36, 2=36, 3=36, 4=36}
2026-03-14 01:22:36,088 DEBUG [CRASH COMPLEXION_p011]          StemBuilder.java:1080 | [FAILED toString()]
2026-03-14 01:22:36,089 DEBUG [CRASH COMPLEXION_p011]          StemBuilder.java:167  | CLinker{head#3173-Clnk-BL refPt:[606.9,109.0]} lengths:{0=3, 1=3, 2=3, 3=3, 4=3}
2026-03-14 01:22:36,089 DEBUG [CRASH COMPLEXION_p011]          StemBuilder.java:1080 | [FAILED toString()]
2026-03-14 01:22:36,090 DEBUG [CRASH COMPLEXION_p011]          StemBuilder.java:167  | CLinker{head#3173-Clnk-TL refPt:[606.9,105.0]} lengths:{0=7, 1=7, 2=7, 3=7, 4=7}
2026-03-14 01:22:36,091 DEBUG [CRASH COMPLEXION_p011]          StemBuilder.java:1080 | [FAILED toString()]
2026-03-14 01:22:36,092 DEBUG [CRASH COMPLEXION_p011]          StemBuilder.java:167  | CLinker{head#3173-Clnk-BR Glyph{#587 [VERTICAL_SEED]}} lengths:{0=16, 1=16, 2=16, 3=16, 4=16}
2026-03-14 01:22:36,094 DEBUG [CRASH COMPLEXION_p011]          StemBuilder.java:1080 | [FAILED toString()]
2026-03-14 01:22:36,095 DEBUG [CRASH COMPLEXION_p011]          StemBuilder.java:167  | CLinker{head#3118-Clnk-TR Glyph{#587 [VERTICAL_SEED]}} lengths:{0=31, 1=31, 2=31, 3=31, 4=31}
2026-03-14 01:22:36,096 DEBUG [CRASH COMPLEXION_p011]          StemBuilder.java:1080 | [FAILED toString()]
2026-03-14 01:22:36,097 DEBUG [CRASH COMPLEXION_p011]          StemBuilder.java:167  | CLinker{head#3118-Clnk-BL Glyph{#18726 [STUMP]}} lengths:{0=9, 1=9, 2=9, 3=9, 4=9}
2026-03-14 01:22:36,098 DEBUG [CRASH COMPLEXION_p011]          StemBuilder.java:1080 | [FAILED toString()]
2026-03-14 01:22:36,099 DEBUG [CRASH COMPLEXION_p011]          StemBuilder.java:167  | CLinker{head#3118-Clnk-TL refPt:[608.9,100.0]} lengths:{0=7, 1=7, 2=7, 3=7, 4=7}
2026-03-14 01:22:36,100 DEBUG [CRASH COMPLEXION_p011]          StemBuilder.java:1080 | [FAILED toString()]
2026-03-14 01:22:36,102 DEBUG [CRASH COMPLEXION_p011]          StemBuilder.java:167  | CLinker{head#3118-Clnk-BR Glyph{#587 [VERTICAL_SEED]}} lengths:{0=21, 1=21, 2=21, 3=21, 4=21}
2026-03-14 01:22:36,103 DEBUG [CRASH COMPLEXION_p011]          StemBuilder.java:1080 | [FAILED toString()]
2026-03-14 01:22:36,104 DEBUG [CRASH COMPLEXION_p011]          StemBuilder.java:167  | CLinker{head#3220-Clnk-TR Glyph{#587 [VERTICAL_SEED]}} lengths:{0=44, 1=44, 2=44, 3=44, 4=44}
2026-03-14 01:22:36,105 DEBUG [CRASH COMPLEXION_p011]          StemBuilder.java:1080 | [FAILED toString()]
2026-03-14 01:22:36,107 DEBUG [CRASH COMPLEXION_p011]          StemBuilder.java:167  | CLinker{head#3220-Clnk-BL refPt:[608.9,117.0]} lengths:{0=3, 1=3, 2=3, 3=3, 4=3}
2026-03-14 01:22:36,108 DEBUG [CRASH COMPLEXION_p011]          StemBuilder.java:1080 | [FAILED toString()]
2026-03-14 01:22:36,109 DEBUG [CRASH COMPLEXION_p011]          StemBuilder.java:167  | CLinker{head#3220-Clnk-TL Glyph{#18726 [STUMP]}} lengths:{0=12, 1=12, 2=12, 3=12, 4=12}
2026-03-14 01:22:36,110 DEBUG [CRASH COMPLEXION_p011]          StemBuilder.java:1080 | [FAILED toString()]
2026-03-14 01:22:36,110 DEBUG [CRASH COMPLEXION_p011]          StemBuilder.java:167  | CLinker{head#3220-Clnk-BR refPt:[621.7,113.0]} lengths:{0=8, 1=8, 2=8, 3=8, 4=8}
2026-03-14 01:22:36,111 DEBUG [CRASH COMPLEXION_p011]          StemBuilder.java:1080 | [FAILED toString()]
2026-03-14 01:22:36,111 DEBUG [CRASH COMPLEXION_p011]          StemBuilder.java:167  | CLinker{head#3365-Clnk-TR refPt:[627.7,583.0]} lengths:{0=2, 1=2, 2=2, 3=2, 4=2}
2026-03-14 01:22:36,112 DEBUG [CRASH COMPLEXION_p011]          StemBuilder.java:1080 | [FAILED toString()]
2026-03-14 01:22:36,113 DEBUG [CRASH COMPLEXION_p011]          StemBuilder.java:167  | CLinker{head#3365-Clnk-BL Glyph{#517 [VERTICAL_SEED]}} lengths:{0=54, 1=54, 2=54, 3=54, 4=54}
2026-03-14 01:22:36,113 DEBUG [CRASH COMPLEXION_p011]          StemBuilder.java:1080 | [FAILED toString()]
2026-03-14 01:22:36,114 DEBUG [CRASH COMPLEXION_p011]          StemBuilder.java:167  | CLinker{head#3365-Clnk-TL Glyph{#517 [VERTICAL_SEED]}} lengths:{0=65, 1=65, 2=65, 3=65, 4=65}
2026-03-14 01:22:36,115 DEBUG [CRASH COMPLEXION_p011]          StemBuilder.java:1080 | [FAILED toString()]
2026-03-14 01:22:36,115 DEBUG [CRASH COMPLEXION_p011]          StemBuilder.java:167  | CLinker{head#3365-Clnk-BR Glyph{#18727 [STUMP]}} lengths:{0=14, 1=14, 2=14, 3=14, 4=14}
2026-03-14 01:22:36,116 DEBUG [CRASH COMPLEXION_p011]          StemBuilder.java:1080 | [FAILED toString()]
2026-03-14 01:22:36,117 DEBUG [CRASH COMPLEXION_p011]          StemBuilder.java:167  | CLinker{head#3288-Clnk-TR refPt:[628.7,557.0]} lengths:{0=2, 1=2, 2=2, 3=2, 4=2}
2026-03-14 01:22:36,118 DEBUG [CRASH COMPLEXION_p011]          StemBuilder.java:1080 | [FAILED toString()]
2026-03-14 01:22:36,118 DEBUG [CRASH COMPLEXION_p011]          StemBuilder.java:167  | CLinker{head#3288-Clnk-BL Glyph{#517 [VERTICAL_SEED]}} lengths:{0=80, 1=80, 2=80, 3=80, 4=80}
2026-03-14 01:22:36,119 DEBUG [CRASH COMPLEXION_p011]          StemBuilder.java:1080 | [FAILED toString()]
2026-03-14 01:22:36,120 DEBUG [CRASH COMPLEXION_p011]          StemBuilder.java:167  | CLinker{head#3288-Clnk-TL Glyph{#517 [VERTICAL_SEED]}} lengths:{0=39, 1=39, 2=39, 3=39, 4=39}
2026-03-14 01:22:36,120 DEBUG [CRASH COMPLEXION_p011]          StemBuilder.java:1080 | [FAILED toString()]
2026-03-14 01:22:36,121 DEBUG [CRASH COMPLEXION_p011]          StemBuilder.java:167  | CLinker{head#3288-Clnk-BR Glyph{#18728 [STUMP]}} lengths:{0=14, 1=21, 2=21, 3=21, 4=21}
2026-03-14 01:22:36,122 DEBUG [CRASH COMPLEXION_p011]          StemBuilder.java:1080 | [FAILED toString()]
2026-03-14 01:22:36,122 DEBUG [CRASH COMPLEXION_p011]          StemBuilder.java:167  | CLinker{head#4381-Clnk-TR Glyph{#557 [VERTICAL_SEED]}} lengths:{0=65, 1=65, 2=65, 3=65, 4=65}
2026-03-14 01:22:36,123 DEBUG [CRASH COMPLEXION_p011]          StemBuilder.java:1080 | [FAILED toString()]
2026-03-14 01:22:36,123 DEBUG [CRASH COMPLEXION_p011]          StemBuilder.java:167  | CLinker{head#4381-Clnk-BL refPt:[617.9,1267.0]} lengths:{0=0, 1=0, 2=0, 3=0, 4=0}
2026-03-14 01:22:36,124 DEBUG [CRASH COMPLEXION_p011]          StemBuilder.java:1080 | [FAILED toString()]
2026-03-14 01:22:36,125 DEBUG [CRASH COMPLEXION_p011]          StemBuilder.java:167  | CLinker{head#4381-Clnk-TL refPt:[617.9,1263.0]} lengths:{0=7, 1=7, 2=7, 3=7, 4=7}
2026-03-14 01:22:36,126 DEBUG [CRASH COMPLEXION_p011]          StemBuilder.java:1080 | [FAILED toString()]
2026-03-14 01:22:36,126 DEBUG [CRASH COMPLEXION_p011]          StemBuilder.java:167  | CLinker{head#4381-Clnk-BR refPt:[631.7,1263.0]} lengths:{0=2, 1=2, 2=2, 3=2, 4=2}
2026-03-14 01:22:36,127 DEBUG [CRASH COMPLEXION_p011]          StemBuilder.java:1080 | [FAILED toString()]
2026-03-14 01:22:36,127 DEBUG [CRASH COMPLEXION_p011]          StemBuilder.java:167  | CLinker{head#4321-Clnk-TR Glyph{#557 [VERTICAL_SEED]}} lengths:{0=58, 1=58, 2=58, 3=58, 4=58}
2026-03-14 01:22:36,128 DEBUG [CRASH COMPLEXION_p011]          StemBuilder.java:1080 | [FAILED toString()]
2026-03-14 01:22:36,129 DEBUG [CRASH COMPLEXION_p011]          StemBuilder.java:167  | CLinker{head#4321-Clnk-BL refPt:[619.9,1260.0]} lengths:{0=5, 1=5, 2=5, 3=5, 4=5}
2026-03-14 01:22:36,130 DEBUG [CRASH COMPLEXION_p011]          StemBuilder.java:1080 | [FAILED toString()]
2026-03-14 01:22:36,130 DEBUG [CRASH COMPLEXION_p011]          StemBuilder.java:167  | CLinker{head#4321-Clnk-TL refPt:[619.9,1256.0]} lengths:{0=7, 1=7, 2=7, 3=7, 4=7}
2026-03-14 01:22:36,131 DEBUG [CRASH COMPLEXION_p011]          StemBuilder.java:1080 | [FAILED toString()]
2026-03-14 01:22:36,131 DEBUG [CRASH COMPLEXION_p011]          StemBuilder.java:167  | CLinker{head#4321-Clnk-BR refPt:[633.7,1256.0]} lengths:{0=7, 1=7, 2=7, 3=7, 4=7}
2026-03-14 01:22:36,132 DEBUG [CRASH COMPLEXION_p011]          StemBuilder.java:1080 | [FAILED toString()]
2026-03-14 01:22:36,132 DEBUG [CRASH COMPLEXION_p011]          StemBuilder.java:167  | CLinker{head#3371-Clnk-TR Glyph{#540 [VERTICAL_SEED]}} lengths:{0=67, 1=67, 2=67, 3=67, 4=67}
2026-03-14 01:22:36,134 DEBUG [CRASH COMPLEXION_p011]          StemBuilder.java:1080 | [FAILED toString()]
2026-03-14 01:22:36,134 DEBUG [CRASH COMPLEXION_p011]          StemBuilder.java:167  | CLinker{head#3371-Clnk-BL refPt:[620.9,599.0]} lengths:{0=3, 1=3, 2=3, 3=3, 4=3}
2026-03-14 01:22:36,136 DEBUG [CRASH COMPLEXION_p011]          StemBuilder.java:1080 | [FAILED toString()]
2026-03-14 01:22:36,138 DEBUG [CRASH COMPLEXION_p011]          StemBuilder.java:167  | CLinker{head#3371-Clnk-TL refPt:[620.9,595.0]} lengths:{0=7, 1=7, 2=7, 3=7, 4=7}
2026-03-14 01:22:36,139 DEBUG [CRASH COMPLEXION_p011]          StemBuilder.java:1080 | [FAILED toString()]
2026-03-14 01:22:36,140 DEBUG [CRASH COMPLEXION_p011]          StemBuilder.java:167  | CLinker{head#3371-Clnk-BR refPt:[634.7,595.0]} lengths:{0=7, 1=7, 2=7, 3=7, 4=7}
2026-03-14 01:22:36,141 DEBUG [CRASH COMPLEXION_p011]          StemBuilder.java:1080 | [FAILED toString()]
2026-03-14 01:22:36,141 DEBUG [CRASH COMPLEXION_p011]          StemBuilder.java:167  | CLinker{head#3375-Clnk-TR Glyph{#540 [VERTICAL_SEED]}} lengths:{0=67, 1=67, 2=67, 3=67, 4=67}
2026-03-14 01:22:36,142 DEBUG [CRASH COMPLEXION_p011]          StemBuilder.java:1080 | [FAILED toString()]
2026-03-14 01:22:36,142 DEBUG [CRASH COMPLEXION_p011]          StemBuilder.java:167  | CLinker{head#3375-Clnk-BL refPt:[620.9,599.0]} lengths:{0=3, 1=3, 2=3, 3=3, 4=3}
2026-03-14 01:22:36,143 DEBUG [CRASH COMPLEXION_p011]          StemBuilder.java:1080 | [FAILED toString()]
2026-03-14 01:22:36,144 DEBUG [CRASH COMPLEXION_p011]          StemBuilder.java:167  | CLinker{head#3375-Clnk-TL refPt:[620.9,595.0]} lengths:{0=7, 1=7, 2=7, 3=7, 4=7}
2026-03-14 01:22:36,144 DEBUG [CRASH COMPLEXION_p011]          StemBuilder.java:1080 | [FAILED toString()]
2026-03-14 01:22:36,145 DEBUG [CRASH COMPLEXION_p011]          StemBuilder.java:167  | CLinker{head#3375-Clnk-BR refPt:[634.7,595.0]} lengths:{0=7, 1=7, 2=7, 3=7, 4=7}
2026-03-14 01:22:36,145 DEBUG [CRASH COMPLEXION_p011]          StemBuilder.java:1080 | [FAILED toString()]
2026-03-14 01:22:36,146 DEBUG [CRASH COMPLEXION_p011]          StemBuilder.java:167  | CLinker{head#3903-Clnk-TR Glyph{#616 [VERTICAL_SEED]}} lengths:{0=45, 1=63, 2=63, 3=63, 4=63}
2026-03-14 01:22:36,149 DEBUG [CRASH COMPLEXION_p011]          StemBuilder.java:1080 | [FAILED toString()]
2026-03-14 01:22:36,150 DEBUG [CRASH COMPLEXION_p011]          StemBuilder.java:167  | CLinker{head#3903-Clnk-BL refPt:[620.9,1000.0]} lengths:{0=0, 1=0, 2=0, 3=0, 4=0}
2026-03-14 01:22:36,151 DEBUG [CRASH COMPLEXION_p011]          StemBuilder.java:1080 | [FAILED toString()]
2026-03-14 01:22:36,152 DEBUG [CRASH COMPLEXION_p011]          StemBuilder.java:167  | CLinker{head#3903-Clnk-TL Glyph{#18734 [STUMP]}} lengths:{0=8, 1=8, 2=8, 3=8, 4=8}
2026-03-14 01:22:36,153 DEBUG [CRASH COMPLEXION_p011]          StemBuilder.java:1080 | [FAILED toString()]
2026-03-14 01:22:36,155 DEBUG [CRASH COMPLEXION_p011]          StemBuilder.java:167  | CLinker{head#3903-Clnk-BR refPt:[634.7,996.0]} lengths:{0=3, 1=3, 2=3, 3=3, 4=3}
2026-03-14 01:22:36,156 DEBUG [CRASH COMPLEXION_p011]          StemBuilder.java:1080 | [FAILED toString()]
2026-03-14 01:22:36,157 DEBUG [CRASH COMPLEXION_p011]          StemBuilder.java:167  | CLinker{head#3298-Clnk-TR Glyph{#540 [VERTICAL_SEED]}} lengths:{0=40, 1=40, 2=40, 3=40, 4=40}
2026-03-14 01:22:36,158 DEBUG [CRASH COMPLEXION_p011]          StemBuilder.java:1080 | [FAILED toString()]
2026-03-14 01:22:36,159 DEBUG [CRASH COMPLEXION_p011]          StemBuilder.java:167  | CLinker{head#3298-Clnk-BL refPt:[621.9,572.0]} lengths:{0=4, 1=4, 2=4, 3=4, 4=4}
2026-03-14 01:22:36,160 DEBUG [CRASH COMPLEXION_p011]          StemBuilder.java:1080 | [FAILED toString()]
2026-03-14 01:22:36,162 DEBUG [CRASH COMPLEXION_p011]          StemBuilder.java:167  | CLinker{head#3298-Clnk-TL refPt:[621.9,568.0]} lengths:{0=7, 1=7, 2=7, 3=7, 4=7}
2026-03-14 01:22:36,163 DEBUG [CRASH COMPLEXION_p011]          StemBuilder.java:1080 | [FAILED toString()]
2026-03-14 01:22:36,165 DEBUG [CRASH COMPLEXION_p011]          StemBuilder.java:167  | CLinker{head#3298-Clnk-BR Glyph{#540 [VERTICAL_SEED]}} lengths:{0=34, 1=34, 2=34, 3=34, 4=34}
2026-03-14 01:22:36,166 DEBUG [CRASH COMPLEXION_p011]          StemBuilder.java:1080 | [FAILED toString()]
2026-03-14 01:22:36,168 DEBUG [CRASH COMPLEXION_p011]          StemBuilder.java:167  | CLinker{head#3302-Clnk-TR Glyph{#540 [VERTICAL_SEED]}} lengths:{0=40, 1=40, 2=40, 3=40, 4=40}
2026-03-14 01:22:36,169 DEBUG [CRASH COMPLEXION_p011]          StemBuilder.java:1080 | [FAILED toString()]
2026-03-14 01:22:36,170 DEBUG [CRASH COMPLEXION_p011]          StemBuilder.java:167  | CLinker{head#3302-Clnk-BL refPt:[621.9,572.0]} lengths:{0=4, 1=4, 2=4, 3=4, 4=4}
2026-03-14 01:22:36,171 DEBUG [CRASH COMPLEXION_p011]          StemBuilder.java:1080 | [FAILED toString()]
2026-03-14 01:22:36,172 DEBUG [CRASH COMPLEXION_p011]          StemBuilder.java:167  | CLinker{head#3302-Clnk-TL refPt:[621.9,568.0]} lengths:{0=7, 1=7, 2=7, 3=7, 4=7}
2026-03-14 01:22:36,173 DEBUG [CRASH COMPLEXION_p011]          StemBuilder.java:1080 | [FAILED toString()]
2026-03-14 01:22:36,174 DEBUG [CRASH COMPLEXION_p011]          StemBuilder.java:167  | CLinker{head#3302-Clnk-BR Glyph{#540 [VERTICAL_SEED]}} lengths:{0=34, 1=34, 2=34, 3=34, 4=34}
2026-03-14 01:22:36,175 DEBUG [CRASH COMPLEXION_p011]          StemBuilder.java:1080 | [FAILED toString()]
2026-03-14 01:22:36,177 DEBUG [CRASH COMPLEXION_p011]          StemBuilder.java:167  | CLinker{head#3367-Clnk-TR Glyph{#540 [VERTICAL_SEED]}} lengths:{0=61, 1=61, 2=61, 3=61, 4=61}
2026-03-14 01:22:36,177 DEBUG [CRASH COMPLEXION_p011]          StemBuilder.java:1080 | [FAILED toString()]
2026-03-14 01:22:36,179 DEBUG [CRASH COMPLEXION_p011]          StemBuilder.java:167  | CLinker{head#3367-Clnk-BL refPt:[622.9,593.0]} lengths:{0=8, 1=8, 2=8, 3=8, 4=8}
2026-03-14 01:22:36,180 DEBUG [CRASH COMPLEXION_p011]          StemBuilder.java:1080 | [FAILED toString()]
2026-03-14 01:22:36,182 DEBUG [CRASH COMPLEXION_p011]          StemBuilder.java:167  | CLinker{head#3367-Clnk-TL refPt:[622.9,589.0]} lengths:{0=7, 1=7, 2=7, 3=7, 4=7}
2026-03-14 01:22:36,183 DEBUG [CRASH COMPLEXION_p011]          StemBuilder.java:1080 | [FAILED toString()]
2026-03-14 01:22:36,184 DEBUG [CRASH COMPLEXION_p011]          StemBuilder.java:167  | CLinker{head#3367-Clnk-BR refPt:[635.7,589.0]} lengths:{0=8, 1=8, 2=8, 3=8, 4=8}
2026-03-14 01:22:36,185 DEBUG [CRASH COMPLEXION_p011]          StemBuilder.java:1080 | [FAILED toString()]
2026-03-14 01:22:36,186 DEBUG [CRASH COMPLEXION_p011]          StemBuilder.java:167  | CLinker{head#3877-Clnk-TR Glyph{#616 [VERTICAL_SEED]}} lengths:{0=39, 1=57, 2=57, 3=57, 4=57}
2026-03-14 01:22:36,187 DEBUG [CRASH COMPLEXION_p011]          StemBuilder.java:1080 | [FAILED toString()]
2026-03-14 01:22:36,189 DEBUG [CRASH COMPLEXION_p011]          StemBuilder.java:167  | CLinker{head#3877-Clnk-BL refPt:[622.9,994.0]} lengths:{0=5, 1=5, 2=5, 3=5, 4=5}
2026-03-14 01:22:36,190 DEBUG [CRASH COMPLEXION_p011]          StemBuilder.java:1080 | [FAILED toString()]
2026-03-14 01:22:36,192 DEBUG [CRASH COMPLEXION_p011]          StemBuilder.java:167  | CLinker{head#3877-Clnk-TL refPt:[622.9,990.0]} lengths:{0=7, 1=7, 2=7, 3=7, 4=7}
2026-03-14 01:22:36,194 DEBUG [CRASH COMPLEXION_p011]          StemBuilder.java:1080 | [FAILED toString()]
2026-03-14 01:22:36,196 DEBUG [CRASH COMPLEXION_p011]          StemBuilder.java:167  | CLinker{head#3877-Clnk-BR refPt:[636.7,990.0]} lengths:{0=7, 1=7, 2=7, 3=7, 4=7}
2026-03-14 01:22:36,197 DEBUG [CRASH COMPLEXION_p011]          StemBuilder.java:1080 | [FAILED toString()]
2026-03-14 01:22:36,199 DEBUG [CRASH COMPLEXION_p011]          StemBuilder.java:167  | CLinker{head#3326-Clnk-TR Glyph{#540 [VERTICAL_SEED]}} lengths:{0=48, 1=48, 2=48, 3=48, 4=48}
2026-03-14 01:22:36,200 DEBUG [CRASH COMPLEXION_p011]          StemBuilder.java:1080 | [FAILED toString()]
2026-03-14 01:22:36,201 DEBUG [CRASH COMPLEXION_p011]          StemBuilder.java:167  | CLinker{head#3326-Clnk-BL refPt:[624.9,580.0]} lengths:{0=3, 1=3, 2=3, 3=3, 4=3}
2026-03-14 01:22:36,202 DEBUG [CRASH COMPLEXION_p011]          StemBuilder.java:1080 | [FAILED toString()]
2026-03-14 01:22:36,204 DEBUG [CRASH COMPLEXION_p011]          StemBuilder.java:167  | CLinker{head#3326-Clnk-TL Glyph{#18736 [STUMP]}} lengths:{0=12, 1=12, 2=12, 3=12, 4=12}
2026-03-14 01:22:36,204 DEBUG [CRASH COMPLEXION_p011]          StemBuilder.java:1080 | [FAILED toString()]
2026-03-14 01:22:36,206 DEBUG [CRASH COMPLEXION_p011]          StemBuilder.java:167  | CLinker{head#3326-Clnk-BR Glyph{#540 [VERTICAL_SEED]}} lengths:{0=26, 1=26, 2=26, 3=26, 4=26}
2026-03-14 01:22:36,207 DEBUG [CRASH COMPLEXION_p011]          StemBuilder.java:1080 | [FAILED toString()]
2026-03-14 01:22:36,214 DEBUG [CRASH COMPLEXION_p011]          StemBuilder.java:167  | CLinker{head#4765-Clnk-TR refPt:[651.7,1278.0]} lengths:{0=2, 1=2, 2=2, 3=2, 4=2}
2026-03-14 01:22:36,215 DEBUG [CRASH COMPLEXION_p011]          StemBuilder.java:1080 | [FAILED toString()]
2026-03-14 01:22:36,217 DEBUG [CRASH COMPLEXION_p011]          StemBuilder.java:167  | CLinker{head#4765-Clnk-BL refPt:[640.9,1287.0]} lengths:{0=3, 1=3, 2=3, 3=3, 4=3}
2026-03-14 01:22:36,218 DEBUG [CRASH COMPLEXION_p011]          StemBuilder.java:1080 | [FAILED toString()]
2026-03-14 01:22:36,219 DEBUG [CRASH COMPLEXION_p011]          StemBuilder.java:167  | CLinker{head#4765-Clnk-TL refPt:[640.9,1283.0]} lengths:{0=7, 1=7, 2=7, 3=7, 4=7}
2026-03-14 01:22:36,220 DEBUG [CRASH COMPLEXION_p011]          StemBuilder.java:1080 | [FAILED toString()]
2026-03-14 01:22:36,220 DEBUG [CRASH COMPLEXION_p011]          StemBuilder.java:167  | CLinker{head#4765-Clnk-BR Glyph{#18738 [STUMP]}} lengths:{0=16, 1=16, 2=16, 3=16, 4=16}
2026-03-14 01:22:36,221 DEBUG [CRASH COMPLEXION_p011]          StemBuilder.java:1080 | [FAILED toString()]
2026-03-14 01:22:36,222 DEBUG [CRASH COMPLEXION_p011]          StemBuilder.java:167  | CLinker{head#4217-Clnk-TR refPt:[653.7,999.0]} lengths:{0=4, 1=4, 2=4, 3=4, 4=4}
2026-03-14 01:22:36,223 DEBUG [CRASH COMPLEXION_p011]          StemBuilder.java:1080 | [FAILED toString()]
2026-03-14 01:22:36,225 DEBUG [CRASH COMPLEXION_p011]          StemBuilder.java:167  | CLinker{head#4217-Clnk-BL refPt:[642.9,1008.0]} lengths:{0=3, 1=3, 2=3, 3=3, 4=3}
2026-03-14 01:22:36,226 DEBUG [CRASH COMPLEXION_p011]          StemBuilder.java:1080 | [FAILED toString()]
2026-03-14 01:22:36,231 DEBUG [CRASH COMPLEXION_p011]          StemBuilder.java:167  | CLinker{head#4217-Clnk-TL refPt:[642.9,1004.0]} lengths:{0=7, 1=7, 2=7, 3=7, 4=7}
2026-03-14 01:22:36,235 DEBUG [CRASH COMPLEXION_p011]          StemBuilder.java:1080 | [FAILED toString()]
2026-03-14 01:22:36,236 DEBUG [CRASH COMPLEXION_p011]          StemBuilder.java:167  | CLinker{head#4217-Clnk-BR Glyph{#18740 [STUMP]}} lengths:{0=9, 1=9, 2=9, 3=9, 4=9}
2026-03-14 01:22:36,237 DEBUG [CRASH COMPLEXION_p011]          StemBuilder.java:1080 | [FAILED toString()]
2026-03-14 01:22:36,238 DEBUG [CRASH COMPLEXION_p011]          StemBuilder.java:167  | CLinker{head#3579-Clnk-TR refPt:[654.7,556.0]} lengths:{0=2, 1=2, 2=2, 3=2, 4=2}
2026-03-14 01:22:36,239 DEBUG [CRASH COMPLEXION_p011]          StemBuilder.java:1080 | [FAILED toString()]
2026-03-14 01:22:36,240 DEBUG [CRASH COMPLEXION_p011]          StemBuilder.java:167  | CLinker{head#3579-Clnk-BL refPt:[643.9,565.0]} lengths:{0=3, 1=3, 2=3, 3=3, 4=3}
2026-03-14 01:22:36,241 DEBUG [CRASH COMPLEXION_p011]          StemBuilder.java:1080 | [FAILED toString()]
2026-03-14 01:22:36,242 DEBUG [CRASH COMPLEXION_p011]          StemBuilder.java:167  | CLinker{head#3579-Clnk-TL refPt:[643.9,561.0]} lengths:{0=7, 1=7, 2=7, 3=7, 4=7}
2026-03-14 01:22:36,243 DEBUG [CRASH COMPLEXION_p011]          StemBuilder.java:1080 | [FAILED toString()]
2026-03-14 01:22:36,243 DEBUG [CRASH COMPLEXION_p011]          StemBuilder.java:167  | CLinker{head#3579-Clnk-BR Glyph{#18741 [STUMP]}} lengths:{0=16, 1=22, 2=22, 3=22, 4=22}
2026-03-14 01:22:36,244 DEBUG [CRASH COMPLEXION_p011]          StemBuilder.java:1080 | [FAILED toString()]
2026-03-14 01:22:36,244 DEBUG [CRASH COMPLEXION_p011]          StemBuilder.java:167  | CLinker{head#3607-Clnk-TR refPt:[662.7,571.0]} lengths:{0=2, 1=2, 2=2, 3=2, 4=2}
2026-03-14 01:22:36,245 DEBUG [CRASH COMPLEXION_p011]          StemBuilder.java:1080 | [FAILED toString()]
2026-03-14 01:22:36,246 DEBUG [CRASH COMPLEXION_p011]          StemBuilder.java:167  | CLinker{head#3607-Clnk-BL refPt:[651.9,580.0]} lengths:{0=4, 1=4, 2=4, 3=4, 4=4}
2026-03-14 01:22:36,247 DEBUG [CRASH COMPLEXION_p011]          StemBuilder.java:1080 | [FAILED toString()]
2026-03-14 01:22:36,247 DEBUG [CRASH COMPLEXION_p011]          StemBuilder.java:167  | CLinker{head#3607-Clnk-TL refPt:[651.9,576.0]} lengths:{0=14, 1=14, 2=14, 3=14, 4=14}
2026-03-14 01:22:36,248 DEBUG [CRASH COMPLEXION_p011]          StemBuilder.java:1080 | [FAILED toString()]
2026-03-14 01:22:36,248 DEBUG [CRASH COMPLEXION_p011]          StemBuilder.java:167  | CLinker{head#3607-Clnk-BR refPt:[662.7,576.0]} lengths:{0=7, 1=7, 2=7, 3=7, 4=7}
2026-03-14 01:22:36,249 DEBUG [CRASH COMPLEXION_p011]          StemBuilder.java:1080 | [FAILED toString()]
2026-03-14 01:22:36,249 DEBUG [CRASH COMPLEXION_p011]          StemBuilder.java:167  | CLinker{head#4079-Clnk-TR Glyph{#576 [VERTICAL_SEED]}} lengths:{0=44, 1=44, 2=44, 3=44, 4=44}
2026-03-14 01:22:36,250 DEBUG [CRASH COMPLEXION_p011]          StemBuilder.java:1080 | [FAILED toString()]
2026-03-14 01:22:36,251 DEBUG [CRASH COMPLEXION_p011]          StemBuilder.java:167  | CLinker{head#4079-Clnk-BL Glyph{#18744 [STUMP]}} lengths:{0=10, 1=10, 2=10, 3=10, 4=10}
2026-03-14 01:22:36,251 DEBUG [CRASH COMPLEXION_p011]          StemBuilder.java:1080 | [FAILED toString()]
2026-03-14 01:22:36,252 DEBUG [CRASH COMPLEXION_p011]          StemBuilder.java:167  | CLinker{head#4079-Clnk-TL refPt:[681.9,1031.0]} lengths:{0=7, 1=7, 2=7, 3=7, 4=7}
2026-03-14 01:22:36,253 DEBUG [CRASH COMPLEXION_p011]          StemBuilder.java:1080 | [FAILED toString()]
2026-03-14 01:22:36,253 DEBUG [CRASH COMPLEXION_p011]          StemBuilder.java:167  | CLinker{head#4079-Clnk-BR Glyph{#576 [VERTICAL_SEED]}} lengths:{0=11, 1=11, 2=11, 3=11, 4=11}
2026-03-14 01:22:36,255 DEBUG [CRASH COMPLEXION_p011]          StemBuilder.java:1080 | [FAILED toString()]
2026-03-14 01:22:36,255 DEBUG [CRASH COMPLEXION_p011]          StemBuilder.java:167  | CLinker{head#4135-Clnk-TR Glyph{#576 [VERTICAL_SEED]}} lengths:{0=51, 1=51, 2=51, 3=51, 4=51}
2026-03-14 01:22:36,256 DEBUG [CRASH COMPLEXION_p011]          StemBuilder.java:1080 | [FAILED toString()]
2026-03-14 01:22:36,257 DEBUG [CRASH COMPLEXION_p011]          StemBuilder.java:167  | CLinker{head#4135-Clnk-BL refPt:[681.9,1042.0]} lengths:{0=3, 1=3, 2=3, 3=3, 4=3}
2026-03-14 01:22:36,262 DEBUG [CRASH COMPLEXION_p011]          StemBuilder.java:1080 | [FAILED toString()]
2026-03-14 01:22:36,263 DEBUG [CRASH COMPLEXION_p011]          StemBuilder.java:167  | CLinker{head#4135-Clnk-TL refPt:[681.9,1038.0]} lengths:{0=7, 1=7, 2=7, 3=7, 4=7}
2026-03-14 01:22:36,264 DEBUG [CRASH COMPLEXION_p011]          StemBuilder.java:1080 | [FAILED toString()]
2026-03-14 01:22:36,265 DEBUG [CRASH COMPLEXION_p011]          StemBuilder.java:167  | CLinker{head#4135-Clnk-BR refPt:[695.7,1038.0]} lengths:{0=7, 1=7, 2=7, 3=7, 4=7}
2026-03-14 01:22:36,266 DEBUG [CRASH COMPLEXION_p011]          StemBuilder.java:1080 | [FAILED toString()]
2026-03-14 01:22:36,266 DEBUG [CRASH COMPLEXION_p011]          StemBuilder.java:167  | CLinker{head#4139-Clnk-TR Glyph{#576 [VERTICAL_SEED]}} lengths:{0=51, 1=51, 2=51, 3=51, 4=51}
2026-03-14 01:22:36,267 DEBUG [CRASH COMPLEXION_p011]          StemBuilder.java:1080 | [FAILED toString()]
2026-03-14 01:22:36,268 DEBUG [CRASH COMPLEXION_p011]          StemBuilder.java:167  | CLinker{head#4139-Clnk-BL refPt:[681.9,1042.0]} lengths:{0=3, 1=3, 2=3, 3=3, 4=3}
2026-03-14 01:22:36,269 DEBUG [CRASH COMPLEXION_p011]          StemBuilder.java:1080 | [FAILED toString()]
2026-03-14 01:22:36,269 DEBUG [CRASH COMPLEXION_p011]          StemBuilder.java:167  | CLinker{head#4139-Clnk-TL refPt:[681.9,1038.0]} lengths:{0=7, 1=7, 2=7, 3=7, 4=7}
2026-03-14 01:22:36,271 DEBUG [CRASH COMPLEXION_p011]          StemBuilder.java:1080 | [FAILED toString()]
2026-03-14 01:22:36,272 DEBUG [CRASH COMPLEXION_p011]          StemBuilder.java:167  | CLinker{head#4139-Clnk-BR refPt:[695.7,1038.0]} lengths:{0=7, 1=7, 2=7, 3=7, 4=7}
2026-03-14 01:22:36,272 DEBUG [CRASH COMPLEXION_p011]          StemBuilder.java:1080 | [FAILED toString()]
2026-03-14 01:22:36,273 DEBUG [CRASH COMPLEXION_p011]          StemBuilder.java:167  | CLinker{head#3505-Clnk-TR Glyph{#529 [VERTICAL_SEED]}} lengths:{0=73, 1=73, 2=73, 3=73, 4=73}
2026-03-14 01:22:36,274 DEBUG [CRASH COMPLEXION_p011]          StemBuilder.java:1080 | [FAILED toString()]
2026-03-14 01:22:36,274 DEBUG [CRASH COMPLEXION_p011]          StemBuilder.java:167  | CLinker{head#3505-Clnk-BL refPt:[682.9,646.0]} lengths:{0=3, 1=3, 2=3, 3=3, 4=3}
2026-03-14 01:22:36,275 DEBUG [CRASH COMPLEXION_p011]          StemBuilder.java:1080 | [FAILED toString()]
2026-03-14 01:22:36,275 DEBUG [CRASH COMPLEXION_p011]          StemBuilder.java:167  | CLinker{head#3505-Clnk-TL refPt:[682.9,642.0]} lengths:{0=7, 1=7, 2=7, 3=7, 4=7}
2026-03-14 01:22:36,276 DEBUG [CRASH COMPLEXION_p011]          StemBuilder.java:1080 | [FAILED toString()]
2026-03-14 01:22:36,276 DEBUG [CRASH COMPLEXION_p011]          StemBuilder.java:167  | CLinker{head#3505-Clnk-BR refPt:[695.7,642.0]} lengths:{0=7, 1=7, 2=7, 3=7, 4=7}
2026-03-14 01:22:36,277 DEBUG [CRASH COMPLEXION_p011]          StemBuilder.java:1080 | [FAILED toString()]
2026-03-14 01:22:36,278 DEBUG [CRASH COMPLEXION_p011]          StemBuilder.java:167  | CLinker{head#3507-Clnk-TR Glyph{#529 [VERTICAL_SEED]}} lengths:{0=73, 1=73, 2=73, 3=73, 4=73}
2026-03-14 01:22:36,278 DEBUG [CRASH COMPLEXION_p011]          StemBuilder.java:1080 | [FAILED toString()]
2026-03-14 01:22:36,279 DEBUG [CRASH COMPLEXION_p011]          StemBuilder.java:167  | CLinker{head#3507-Clnk-BL refPt:[682.9,646.0]} lengths:{0=3, 1=3, 2=3, 3=3, 4=3}
2026-03-14 01:22:36,280 DEBUG [CRASH COMPLEXION_p011]          StemBuilder.java:1080 | [FAILED toString()]
2026-03-14 01:22:36,280 DEBUG [CRASH COMPLEXION_p011]          StemBuilder.java:167  | CLinker{head#3507-Clnk-TL refPt:[682.9,642.0]} lengths:{0=7, 1=7, 2=7, 3=7, 4=7}
2026-03-14 01:22:36,281 DEBUG [CRASH COMPLEXION_p011]          StemBuilder.java:1080 | [FAILED toString()]
2026-03-14 01:22:36,281 DEBUG [CRASH COMPLEXION_p011]          StemBuilder.java:167  | CLinker{head#3507-Clnk-BR refPt:[695.7,642.0]} lengths:{0=7, 1=7, 2=7, 3=7, 4=7}
2026-03-14 01:22:36,282 DEBUG [CRASH COMPLEXION_p011]          StemBuilder.java:1080 | [FAILED toString()]
2026-03-14 01:22:36,282 DEBUG [CRASH COMPLEXION_p011]          StemBuilder.java:167  | CLinker{head#4081-Clnk-TR Glyph{#576 [VERTICAL_SEED]}} lengths:{0=46, 1=46, 2=46, 3=46, 4=46}
2026-03-14 01:22:36,283 DEBUG [CRASH COMPLEXION_p011]          StemBuilder.java:1080 | [FAILED toString()]
2026-03-14 01:22:36,284 DEBUG [CRASH COMPLEXION_p011]          StemBuilder.java:167  | CLinker{head#4081-Clnk-BL refPt:[682.9,1037.0]} lengths:{0=8, 1=8, 2=8, 3=8, 4=8}
2026-03-14 01:22:36,284 DEBUG [CRASH COMPLEXION_p011]          StemBuilder.java:1080 | [FAILED toString()]
2026-03-14 01:22:36,285 DEBUG [CRASH COMPLEXION_p011]          StemBuilder.java:167  | CLinker{head#4081-Clnk-TL refPt:[682.9,1033.0]} lengths:{0=7, 1=7, 2=7, 3=7, 4=7}
2026-03-14 01:22:36,286 DEBUG [CRASH COMPLEXION_p011]          StemBuilder.java:1080 | [FAILED toString()]
2026-03-14 01:22:36,286 DEBUG [CRASH COMPLEXION_p011]          StemBuilder.java:167  | CLinker{head#4081-Clnk-BR Glyph{#576 [VERTICAL_SEED]}} lengths:{0=9, 1=9, 2=9, 3=9, 4=9}
2026-03-14 01:22:36,287 DEBUG [CRASH COMPLEXION_p011]          StemBuilder.java:1080 | [FAILED toString()]
2026-03-14 01:22:36,287 DEBUG [CRASH COMPLEXION_p011]          StemBuilder.java:167  | CLinker{head#4563-Clnk-TR refPt:[704.7,1285.0]} lengths:{0=9, 1=9, 2=9, 3=9, 4=9}
2026-03-14 01:22:36,288 DEBUG [CRASH COMPLEXION_p011]          StemBuilder.java:1080 | [FAILED toString()]
2026-03-14 01:22:36,292 DEBUG [CRASH COMPLEXION_p011]          StemBuilder.java:167  | CLinker{head#4563-Clnk-BL Glyph{#601 [VERTICAL_SEED]}} lengths:{0=33, 1=33, 2=33, 3=33, 4=33}
2026-03-14 01:22:36,294 DEBUG [CRASH COMPLEXION_p011]          StemBuilder.java:1080 | [FAILED toString()]
2026-03-14 01:22:36,294 DEBUG [CRASH COMPLEXION_p011]          StemBuilder.java:167  | CLinker{head#4563-Clnk-TL Glyph{#601 [VERTICAL_SEED]}} lengths:{0=14, 1=14, 2=14, 3=14, 4=14}
2026-03-14 01:22:36,295 DEBUG [CRASH COMPLEXION_p011]          StemBuilder.java:1080 | [FAILED toString()]
2026-03-14 01:22:36,296 DEBUG [CRASH COMPLEXION_p011]          StemBuilder.java:167  | CLinker{head#4563-Clnk-BR refPt:[704.7,1290.0]} lengths:{0=7, 1=7, 2=7, 3=7, 4=7}
2026-03-14 01:22:36,297 DEBUG [CRASH COMPLEXION_p011]          StemBuilder.java:1080 | [FAILED toString()]
2026-03-14 01:22:36,298 DEBUG [CRASH COMPLEXION_p011]          StemBuilder.java:167  | CLinker{head#4427-Clnk-TR refPt:[707.7,1278.0]} lengths:{0=2, 1=2, 2=2, 3=2, 4=2}
2026-03-14 01:22:36,299 DEBUG [CRASH COMPLEXION_p011]          StemBuilder.java:1080 | [FAILED toString()]
2026-03-14 01:22:36,299 DEBUG [CRASH COMPLEXION_p011]          StemBuilder.java:167  | CLinker{head#4427-Clnk-BL Glyph{#601 [VERTICAL_SEED]}} lengths:{0=40, 1=40, 2=40, 3=40, 4=40}
2026-03-14 01:22:36,299 DEBUG [CRASH COMPLEXION_p011]          StemBuilder.java:1080 | [FAILED toString()]
2026-03-14 01:22:36,300 DEBUG [CRASH COMPLEXION_p011]          StemBuilder.java:167  | CLinker{head#4427-Clnk-TL refPt:[693.9,1283.0]} lengths:{0=7, 1=7, 2=7, 3=7, 4=7}
2026-03-14 01:22:36,301 DEBUG [CRASH COMPLEXION_p011]          StemBuilder.java:1080 | [FAILED toString()]
2026-03-14 01:22:36,302 DEBUG [CRASH COMPLEXION_p011]          StemBuilder.java:167  | CLinker{head#4427-Clnk-BR refPt:[707.7,1283.0]} lengths:{0=7, 1=7, 2=7, 3=7, 4=7}
2026-03-14 01:22:36,304 DEBUG [CRASH COMPLEXION_p011]          StemBuilder.java:1080 | [FAILED toString()]
2026-03-14 01:22:36,304 DEBUG [CRASH COMPLEXION_p011]          StemBuilder.java:167  | CLinker{head#4431-Clnk-TR refPt:[707.7,1279.0]} lengths:{0=3, 1=3, 2=3, 3=3, 4=3}
2026-03-14 01:22:36,305 DEBUG [CRASH COMPLEXION_p011]          StemBuilder.java:1080 | [FAILED toString()]
2026-03-14 01:22:36,306 DEBUG [CRASH COMPLEXION_p011]          StemBuilder.java:167  | CLinker{head#4431-Clnk-BL Glyph{#601 [VERTICAL_SEED]}} lengths:{0=39, 1=39, 2=39, 3=39, 4=39}
2026-03-14 01:22:36,307 DEBUG [CRASH COMPLEXION_p011]          StemBuilder.java:1080 | [FAILED toString()]
2026-03-14 01:22:36,308 DEBUG [CRASH COMPLEXION_p011]          StemBuilder.java:167  | CLinker{head#4431-Clnk-TL Glyph{#601 [VERTICAL_SEED]}} lengths:{0=8, 1=8, 2=8, 3=8, 4=8}
2026-03-14 01:22:36,309 DEBUG [CRASH COMPLEXION_p011]          StemBuilder.java:1080 | [FAILED toString()]
2026-03-14 01:22:36,309 DEBUG [CRASH COMPLEXION_p011]          StemBuilder.java:167  | CLinker{head#4431-Clnk-BR refPt:[707.7,1284.0]} lengths:{0=7, 1=26, 2=26, 3=26, 4=26}
2026-03-14 01:22:36,310 DEBUG [CRASH COMPLEXION_p011]          StemBuilder.java:1080 | [FAILED toString()]
2026-03-14 01:22:36,311 DEBUG [CRASH COMPLEXION_p011]          StemBuilder.java:167  | CLinker{head#3511-Clnk-TR Glyph{#530 [VERTICAL_SEED]}} lengths:{0=73, 1=73, 2=73, 3=73, 4=73}
2026-03-14 01:22:36,312 DEBUG [CRASH COMPLEXION_p011]          StemBuilder.java:1080 | [FAILED toString()]
2026-03-14 01:22:36,312 DEBUG [CRASH COMPLEXION_p011]          StemBuilder.java:167  | CLinker{head#3511-Clnk-BL refPt:[705.9,646.0]} lengths:{0=3, 1=3, 2=3, 3=3, 4=3}
2026-03-14 01:22:36,313 DEBUG [CRASH COMPLEXION_p011]          StemBuilder.java:1080 | [FAILED toString()]
2026-03-14 01:22:36,314 DEBUG [CRASH COMPLEXION_p011]          StemBuilder.java:167  | CLinker{head#3511-Clnk-TL refPt:[705.9,642.0]} lengths:{0=7, 1=7, 2=7, 3=7, 4=7}
2026-03-14 01:22:36,315 DEBUG [CRASH COMPLEXION_p011]          StemBuilder.java:1080 | [FAILED toString()]
2026-03-14 01:22:36,316 DEBUG [CRASH COMPLEXION_p011]          StemBuilder.java:167  | CLinker{head#3511-Clnk-BR refPt:[718.7,642.0]} lengths:{0=7, 1=7, 2=7, 3=7, 4=7}
2026-03-14 01:22:36,317 DEBUG [CRASH COMPLEXION_p011]          StemBuilder.java:1080 | [FAILED toString()]
2026-03-14 01:22:36,317 DEBUG [CRASH COMPLEXION_p011]          StemBuilder.java:167  | CLinker{head#4143-Clnk-TR Glyph{#577 [VERTICAL_SEED]}} lengths:{0=51, 1=51, 2=51, 3=51, 4=51}
2026-03-14 01:22:36,318 DEBUG [CRASH COMPLEXION_p011]          StemBuilder.java:1080 | [FAILED toString()]
2026-03-14 01:22:36,319 DEBUG [CRASH COMPLEXION_p011]          StemBuilder.java:167  | CLinker{head#4143-Clnk-BL refPt:[705.9,1042.0]} lengths:{0=3, 1=3, 2=3, 3=3, 4=3}
2026-03-14 01:22:36,319 DEBUG [CRASH COMPLEXION_p011]          StemBuilder.java:1080 | [FAILED toString()]
2026-03-14 01:22:36,323 DEBUG [CRASH COMPLEXION_p011]          StemBuilder.java:167  | CLinker{head#4143-Clnk-TL refPt:[705.9,1038.0]} lengths:{0=7, 1=7, 2=7, 3=7, 4=7}
2026-03-14 01:22:36,324 DEBUG [CRASH COMPLEXION_p011]          StemBuilder.java:1080 | [FAILED toString()]
2026-03-14 01:22:36,325 DEBUG [CRASH COMPLEXION_p011]          StemBuilder.java:167  | CLinker{head#4143-Clnk-BR refPt:[719.7,1038.0]} lengths:{0=7, 1=7, 2=7, 3=7, 4=7}
2026-03-14 01:22:36,326 DEBUG [CRASH COMPLEXION_p011]          StemBuilder.java:1080 | [FAILED toString()]
2026-03-14 01:22:36,327 DEBUG [CRASH COMPLEXION_p011]          StemBuilder.java:167  | CLinker{head#4147-Clnk-TR Glyph{#577 [VERTICAL_SEED]}} lengths:{0=51, 1=51, 2=51, 3=51, 4=51}
2026-03-14 01:22:36,328 DEBUG [CRASH COMPLEXION_p011]          StemBuilder.java:1080 | [FAILED toString()]
2026-03-14 01:22:36,328 DEBUG [CRASH COMPLEXION_p011]          StemBuilder.java:167  | CLinker{head#4147-Clnk-BL refPt:[705.9,1042.0]} lengths:{0=3, 1=3, 2=3, 3=3, 4=3}
2026-03-14 01:22:36,329 DEBUG [CRASH COMPLEXION_p011]          StemBuilder.java:1080 | [FAILED toString()]
2026-03-14 01:22:36,330 DEBUG [CRASH COMPLEXION_p011]          StemBuilder.java:167  | CLinker{head#4147-Clnk-TL refPt:[705.9,1038.0]} lengths:{0=7, 1=7, 2=7, 3=7, 4=7}
2026-03-14 01:22:36,331 DEBUG [CRASH COMPLEXION_p011]          StemBuilder.java:1080 | [FAILED toString()]
2026-03-14 01:22:36,332 DEBUG [CRASH COMPLEXION_p011]          StemBuilder.java:167  | CLinker{head#4147-Clnk-BR refPt:[719.7,1038.0]} lengths:{0=7, 1=7, 2=7, 3=7, 4=7}
2026-03-14 01:22:36,333 DEBUG [CRASH COMPLEXION_p011]          StemBuilder.java:1080 | [FAILED toString()]
2026-03-14 01:22:36,334 DEBUG [CRASH COMPLEXION_p011]          StemBuilder.java:167  | CLinker{head#4085-Clnk-TR Glyph{#577 [VERTICAL_SEED]}} lengths:{0=44, 1=44, 2=44, 3=44, 4=44}
2026-03-14 01:22:36,335 DEBUG [CRASH COMPLEXION_p011]          StemBuilder.java:1080 | [FAILED toString()]
2026-03-14 01:22:36,335 DEBUG [CRASH COMPLEXION_p011]          StemBuilder.java:167  | CLinker{head#4085-Clnk-BL Glyph{#18753 [STUMP]}} lengths:{0=9, 1=9, 2=9, 3=9, 4=9}
2026-03-14 01:22:36,336 DEBUG [CRASH COMPLEXION_p011]          StemBuilder.java:1080 | [FAILED toString()]
2026-03-14 01:22:36,337 DEBUG [CRASH COMPLEXION_p011]          StemBuilder.java:167  | CLinker{head#4085-Clnk-TL refPt:[706.9,1031.0]} lengths:{0=7, 1=7, 2=7, 3=7, 4=7}
2026-03-14 01:22:36,338 DEBUG [CRASH COMPLEXION_p011]          StemBuilder.java:1080 | [FAILED toString()]
2026-03-14 01:22:36,338 DEBUG [CRASH COMPLEXION_p011]          StemBuilder.java:167  | CLinker{head#4085-Clnk-BR Glyph{#577 [VERTICAL_SEED]}} lengths:{0=10, 1=10, 2=10, 3=10, 4=10}
2026-03-14 01:22:36,339 DEBUG [CRASH COMPLEXION_p011]          StemBuilder.java:1080 | [FAILED toString()]
2026-03-14 01:22:36,340 DEBUG [CRASH COMPLEXION_p011]          StemBuilder.java:167  | CLinker{head#4089-Clnk-TR Glyph{#577 [VERTICAL_SEED]}} lengths:{0=46, 1=46, 2=46, 3=46, 4=46}
2026-03-14 01:22:36,341 DEBUG [CRASH COMPLEXION_p011]          StemBuilder.java:1080 | [FAILED toString()]
2026-03-14 01:22:36,342 DEBUG [CRASH COMPLEXION_p011]          StemBuilder.java:167  | CLinker{head#4089-Clnk-BL refPt:[706.9,1037.0]} lengths:{0=7, 1=7, 2=7, 3=7, 4=7}
2026-03-14 01:22:36,343 DEBUG [CRASH COMPLEXION_p011]          StemBuilder.java:1080 | [FAILED toString()]
2026-03-14 01:22:36,343 DEBUG [CRASH COMPLEXION_p011]          StemBuilder.java:167  | CLinker{head#4089-Clnk-TL refPt:[706.9,1033.0]} lengths:{0=7, 1=7, 2=7, 3=7, 4=7}
2026-03-14 01:22:36,345 DEBUG [CRASH COMPLEXION_p011]          StemBuilder.java:1080 | [FAILED toString()]
2026-03-14 01:22:36,346 DEBUG [CRASH COMPLEXION_p011]          StemBuilder.java:167  | CLinker{head#4089-Clnk-BR Glyph{#18754 [STUMP]}} lengths:{0=9, 1=9, 2=9, 3=9, 4=9}
2026-03-14 01:22:36,347 DEBUG [CRASH COMPLEXION_p011]          StemBuilder.java:1080 | [FAILED toString()]
2026-03-14 01:22:36,348 DEBUG [CRASH COMPLEXION_p011]          StemBuilder.java:167  | CLinker{head#3387-Clnk-TR Glyph{#18755 [STUMP]}} lengths:{0=71, 1=71, 2=71, 3=71, 4=71}
2026-03-14 01:22:36,349 DEBUG [CRASH COMPLEXION_p011]          StemBuilder.java:1080 | [FAILED toString()]
2026-03-14 01:22:36,350 DEBUG [CRASH COMPLEXION_p011]          StemBuilder.java:167  | CLinker{head#3387-Clnk-BL Glyph{#530 [VERTICAL_SEED]}} lengths:{0=25, 1=25, 2=25, 3=25, 4=25}
2026-03-14 01:22:36,353 DEBUG [CRASH COMPLEXION_p011]          StemBuilder.java:1080 | [FAILED toString()]
2026-03-14 01:22:36,355 DEBUG [CRASH COMPLEXION_p011]          StemBuilder.java:167  | CLinker{head#3387-Clnk-TL Glyph{#530 [VERTICAL_SEED]}} lengths:{0=52, 1=52, 2=52, 3=52, 4=52}
2026-03-14 01:22:36,356 DEBUG [CRASH COMPLEXION_p011]          StemBuilder.java:1080 | [FAILED toString()]
2026-03-14 01:22:36,357 DEBUG [CRASH COMPLEXION_p011]          StemBuilder.java:167  | CLinker{head#3387-Clnk-BR Glyph{#18756 [STUMP]}} lengths:{0=141, 1=141, 2=141, 3=141, 4=141}
2026-03-14 01:22:36,358 DEBUG [CRASH COMPLEXION_p011]          StemBuilder.java:1080 | [FAILED toString()]
2026-03-14 01:22:36,358 DEBUG [CRASH COMPLEXION_p011]          StemBuilder.java:167  | CLinker{head#4029-Clnk-TR Glyph{#590 [VERTICAL_SEED]}} lengths:{0=50, 1=50, 2=50, 3=50, 4=50}
2026-03-14 01:22:36,359 DEBUG [CRASH COMPLEXION_p011]          StemBuilder.java:1080 | [FAILED toString()]
2026-03-14 01:22:36,360 DEBUG [CRASH COMPLEXION_p011]          StemBuilder.java:167  | CLinker{head#4029-Clnk-BL refPt:[767.9,1028.0]} lengths:{0=3, 1=3, 2=3, 3=3, 4=3}
2026-03-14 01:22:36,361 DEBUG [CRASH COMPLEXION_p011]          StemBuilder.java:1080 | [FAILED toString()]
2026-03-14 01:22:36,364 DEBUG [CRASH COMPLEXION_p011]          StemBuilder.java:167  | CLinker{head#4029-Clnk-TL refPt:[767.9,1024.0]} lengths:{0=7, 1=7, 2=7, 3=7, 4=7}
2026-03-14 01:22:36,365 DEBUG [CRASH COMPLEXION_p011]          StemBuilder.java:1080 | [FAILED toString()]
2026-03-14 01:22:36,367 DEBUG [CRASH COMPLEXION_p011]          StemBuilder.java:167  | CLinker{head#4029-Clnk-BR refPt:[781.7,1024.0]} lengths:{0=7, 1=7, 2=7, 3=7, 4=7}
2026-03-14 01:22:36,368 DEBUG [CRASH COMPLEXION_p011]          StemBuilder.java:1080 | [FAILED toString()]
2026-03-14 01:22:36,370 DEBUG [CRASH COMPLEXION_p011]          StemBuilder.java:167  | CLinker{head#4033-Clnk-TR Glyph{#590 [VERTICAL_SEED]}} lengths:{0=49, 1=49, 2=49, 3=49, 4=49}
2026-03-14 01:22:36,370 DEBUG [CRASH COMPLEXION_p011]          StemBuilder.java:1080 | [FAILED toString()]
2026-03-14 01:22:36,371 DEBUG [CRASH COMPLEXION_p011]          StemBuilder.java:167  | CLinker{head#4033-Clnk-BL refPt:[768.9,1027.0]} lengths:{0=3, 1=3, 2=3, 3=3, 4=3}
2026-03-14 01:22:36,372 DEBUG [CRASH COMPLEXION_p011]          StemBuilder.java:1080 | [FAILED toString()]
2026-03-14 01:22:36,372 DEBUG [CRASH COMPLEXION_p011]          StemBuilder.java:167  | CLinker{head#4033-Clnk-TL refPt:[768.9,1023.0]} lengths:{0=7, 1=7, 2=7, 3=7, 4=7}
2026-03-14 01:22:36,374 DEBUG [CRASH COMPLEXION_p011]          StemBuilder.java:1080 | [FAILED toString()]
2026-03-14 01:22:36,374 DEBUG [CRASH COMPLEXION_p011]          StemBuilder.java:167  | CLinker{head#4033-Clnk-BR refPt:[782.7,1023.0]} lengths:{0=7, 1=7, 2=7, 3=7, 4=7}
2026-03-14 01:22:36,375 DEBUG [CRASH COMPLEXION_p011]          StemBuilder.java:1080 | [FAILED toString()]
2026-03-14 01:22:36,376 DEBUG [CRASH COMPLEXION_p011]          StemBuilder.java:167  | CLinker{head#3977-Clnk-TR Glyph{#590 [VERTICAL_SEED]}} lengths:{0=43, 1=43, 2=43, 3=43, 4=43}
2026-03-14 01:22:36,377 DEBUG [CRASH COMPLEXION_p011]          StemBuilder.java:1080 | [FAILED toString()]
2026-03-14 01:22:36,377 DEBUG [CRASH COMPLEXION_p011]          StemBuilder.java:167  | CLinker{head#3977-Clnk-BL Glyph{#18760 [STUMP]}} lengths:{0=10, 1=10, 2=10, 3=10, 4=10}
2026-03-14 01:22:36,378 DEBUG [CRASH COMPLEXION_p011]          StemBuilder.java:1080 | [FAILED toString()]
2026-03-14 01:22:36,379 DEBUG [CRASH COMPLEXION_p011]          StemBuilder.java:167  | CLinker{head#3977-Clnk-TL refPt:[770.9,1017.0]} lengths:{0=7, 1=7, 2=7, 3=7, 4=7}
2026-03-14 01:22:36,380 DEBUG [CRASH COMPLEXION_p011]          StemBuilder.java:1080 | [FAILED toString()]
2026-03-14 01:22:36,380 DEBUG [CRASH COMPLEXION_p011]          StemBuilder.java:167  | CLinker{head#3977-Clnk-BR Glyph{#590 [VERTICAL_SEED]}} lengths:{0=9, 1=9, 2=9, 3=9, 4=9}
2026-03-14 01:22:36,382 DEBUG [CRASH COMPLEXION_p011]          StemBuilder.java:1080 | [FAILED toString()]
2026-03-14 01:22:36,386 DEBUG [CRASH COMPLEXION_p011]          StemBuilder.java:167  | CLinker{head#4567-Clnk-TR Glyph{#18761 [STUMP]}} lengths:{0=9, 1=9, 2=9, 3=9, 4=9}
2026-03-14 01:22:36,387 DEBUG [CRASH COMPLEXION_p011]          StemBuilder.java:1080 | [FAILED toString()]
2026-03-14 01:22:36,388 DEBUG [CRASH COMPLEXION_p011]          StemBuilder.java:167  | CLinker{head#4567-Clnk-BL Glyph{#640 [VERTICAL_SEED]}} lengths:{0=29, 1=29, 2=29, 3=29, 4=29}
2026-03-14 01:22:36,389 DEBUG [CRASH COMPLEXION_p011]          StemBuilder.java:1080 | [FAILED toString()]
2026-03-14 01:22:36,389 DEBUG [CRASH COMPLEXION_p011]          StemBuilder.java:167  | CLinker{head#4567-Clnk-TL Glyph{#640 [VERTICAL_SEED]}} lengths:{0=14, 1=14, 2=14, 3=14, 4=14}
2026-03-14 01:22:36,390 DEBUG [CRASH COMPLEXION_p011]          StemBuilder.java:1080 | [FAILED toString()]
2026-03-14 01:22:36,390 DEBUG [CRASH COMPLEXION_p011]          StemBuilder.java:167  | CLinker{head#4567-Clnk-BR refPt:[784.7,1290.0]} lengths:{0=7, 1=7, 2=7, 3=7, 4=7}
2026-03-14 01:22:36,391 DEBUG [CRASH COMPLEXION_p011]          StemBuilder.java:1080 | [FAILED toString()]
2026-03-14 01:22:36,392 DEBUG [CRASH COMPLEXION_p011]          StemBuilder.java:167  | CLinker{head#3851-Clnk-TR refPt:[785.7,841.0]} lengths:{0=3, 1=3, 2=3, 3=3, 4=3}
2026-03-14 01:22:36,393 DEBUG [CRASH COMPLEXION_p011]          StemBuilder.java:1080 | [FAILED toString()]
2026-03-14 01:22:36,393 DEBUG [CRASH COMPLEXION_p011]          StemBuilder.java:167  | CLinker{head#3851-Clnk-BL Glyph{#602 [VERTICAL_SEED]}} lengths:{0=44, 1=44, 2=44, 3=44, 4=44}
2026-03-14 01:22:36,394 DEBUG [CRASH COMPLEXION_p011]          StemBuilder.java:1080 | [FAILED toString()]
2026-03-14 01:22:36,395 DEBUG [CRASH COMPLEXION_p011]          StemBuilder.java:167  | CLinker{head#3851-Clnk-TL Glyph{#602 [VERTICAL_SEED]}} lengths:{0=8, 1=8, 2=8, 3=8, 4=8}
2026-03-14 01:22:36,396 DEBUG [CRASH COMPLEXION_p011]          StemBuilder.java:1080 | [FAILED toString()]
2026-03-14 01:22:36,396 DEBUG [CRASH COMPLEXION_p011]          StemBuilder.java:167  | CLinker{head#3851-Clnk-BR refPt:[785.7,846.0]} lengths:{0=8, 1=8, 2=8, 3=8, 4=8}
2026-03-14 01:22:36,397 DEBUG [CRASH COMPLEXION_p011]          StemBuilder.java:1080 | [FAILED toString()]
2026-03-14 01:22:36,398 DEBUG [CRASH COMPLEXION_p011]          StemBuilder.java:167  | CLinker{head#4437-Clnk-TR refPt:[786.7,1279.0]} lengths:{0=3, 1=3, 2=3, 3=3, 4=3}
2026-03-14 01:22:36,399 DEBUG [CRASH COMPLEXION_p011]          StemBuilder.java:1080 | [FAILED toString()]
2026-03-14 01:22:36,400 DEBUG [CRASH COMPLEXION_p011]          StemBuilder.java:167  | CLinker{head#4437-Clnk-BL Glyph{#640 [VERTICAL_SEED]}} lengths:{0=35, 1=35, 2=35, 3=35, 4=35}
2026-03-14 01:22:36,401 DEBUG [CRASH COMPLEXION_p011]          StemBuilder.java:1080 | [FAILED toString()]
2026-03-14 01:22:36,401 DEBUG [CRASH COMPLEXION_p011]          StemBuilder.java:167  | CLinker{head#4437-Clnk-TL Glyph{#640 [VERTICAL_SEED]}} lengths:{0=8, 1=8, 2=8, 3=8, 4=8}
2026-03-14 01:22:36,402 DEBUG [CRASH COMPLEXION_p011]          StemBuilder.java:1080 | [FAILED toString()]
2026-03-14 01:22:36,403 DEBUG [CRASH COMPLEXION_p011]          StemBuilder.java:167  | CLinker{head#4437-Clnk-BR refPt:[786.7,1284.0]} lengths:{0=7, 1=7, 2=7, 3=7, 4=7}
2026-03-14 01:22:36,404 DEBUG [CRASH COMPLEXION_p011]          StemBuilder.java:1080 | [FAILED toString()]
2026-03-14 01:22:36,405 DEBUG [CRASH COMPLEXION_p011]          StemBuilder.java:167  | CLinker{head#4151-Clnk-TR Glyph{#546 [VERTICAL_SEED]}} lengths:{0=63, 1=63, 2=63, 3=63, 4=63}
2026-03-14 01:22:36,405 DEBUG [CRASH COMPLEXION_p011]          StemBuilder.java:1080 | [FAILED toString()]
2026-03-14 01:22:36,406 DEBUG [CRASH COMPLEXION_p011]          StemBuilder.java:167  | CLinker{head#4151-Clnk-BL refPt:[808.9,1041.0]} lengths:{0=3, 1=3, 2=3, 3=3, 4=3}
2026-03-14 01:22:36,407 DEBUG [CRASH COMPLEXION_p011]          StemBuilder.java:1080 | [FAILED toString()]
2026-03-14 01:22:36,407 DEBUG [CRASH COMPLEXION_p011]          StemBuilder.java:167  | CLinker{head#4151-Clnk-TL refPt:[808.9,1037.0]} lengths:{0=7, 1=7, 2=7, 3=7, 4=7}
2026-03-14 01:22:36,408 DEBUG [CRASH COMPLEXION_p011]          StemBuilder.java:1080 | [FAILED toString()]
2026-03-14 01:22:36,409 DEBUG [CRASH COMPLEXION_p011]          StemBuilder.java:167  | CLinker{head#4151-Clnk-BR refPt:[822.7,1037.0]} lengths:{0=7, 1=7, 2=7, 3=7, 4=7}
2026-03-14 01:22:36,409 DEBUG [CRASH COMPLEXION_p011]          StemBuilder.java:1080 | [FAILED toString()]
2026-03-14 01:22:36,410 DEBUG [CRASH COMPLEXION_p011]          StemBuilder.java:167  | CLinker{head#4155-Clnk-TR Glyph{#546 [VERTICAL_SEED]}} lengths:{0=63, 1=63, 2=63, 3=63, 4=63}
2026-03-14 01:22:36,411 DEBUG [CRASH COMPLEXION_p011]          StemBuilder.java:1080 | [FAILED toString()]
2026-03-14 01:22:36,411 DEBUG [CRASH COMPLEXION_p011]          StemBuilder.java:167  | CLinker{head#4155-Clnk-BL refPt:[808.9,1041.0]} lengths:{0=3, 1=3, 2=3, 3=3, 4=3}
2026-03-14 01:22:36,412 DEBUG [CRASH COMPLEXION_p011]          StemBuilder.java:1080 | [FAILED toString()]
2026-03-14 01:22:36,412 DEBUG [CRASH COMPLEXION_p011]          StemBuilder.java:167  | CLinker{head#4155-Clnk-TL refPt:[808.9,1037.0]} lengths:{0=7, 1=7, 2=7, 3=7, 4=7}
2026-03-14 01:22:36,413 DEBUG [CRASH COMPLEXION_p011]          StemBuilder.java:1080 | [FAILED toString()]
2026-03-14 01:22:36,417 DEBUG [CRASH COMPLEXION_p011]          StemBuilder.java:167  | CLinker{head#4155-Clnk-BR refPt:[822.7,1037.0]} lengths:{0=7, 1=7, 2=7, 3=7, 4=7}
2026-03-14 01:22:36,419 DEBUG [CRASH COMPLEXION_p011]          StemBuilder.java:1080 | [FAILED toString()]
2026-03-14 01:22:36,419 DEBUG [CRASH COMPLEXION_p011]          StemBuilder.java:167  | CLinker{head#3517-Clnk-TR Glyph{#531 [VERTICAL_SEED]}} lengths:{0=75, 1=75, 2=75, 3=75, 4=75}
2026-03-14 01:22:36,420 DEBUG [CRASH COMPLEXION_p011]          StemBuilder.java:1080 | [FAILED toString()]
2026-03-14 01:22:36,420 DEBUG [CRASH COMPLEXION_p011]          StemBuilder.java:167  | CLinker{head#3517-Clnk-BL refPt:[809.9,645.0]} lengths:{0=3, 1=3, 2=3, 3=3, 4=3}
2026-03-14 01:22:36,422 DEBUG [CRASH COMPLEXION_p011]          StemBuilder.java:1080 | [FAILED toString()]
2026-03-14 01:22:36,422 DEBUG [CRASH COMPLEXION_p011]          StemBuilder.java:167  | CLinker{head#3517-Clnk-TL refPt:[809.9,641.0]} lengths:{0=7, 1=7, 2=7, 3=7, 4=7}
2026-03-14 01:22:36,424 DEBUG [CRASH COMPLEXION_p011]          StemBuilder.java:1080 | [FAILED toString()]
2026-03-14 01:22:36,424 DEBUG [CRASH COMPLEXION_p011]          StemBuilder.java:167  | CLinker{head#3517-Clnk-BR refPt:[823.7,641.0]} lengths:{0=7, 1=7, 2=7, 3=7, 4=7}
2026-03-14 01:22:36,426 DEBUG [CRASH COMPLEXION_p011]          StemBuilder.java:1080 | [FAILED toString()]
2026-03-14 01:22:36,426 DEBUG [CRASH COMPLEXION_p011]          StemBuilder.java:167  | CLinker{head#3521-Clnk-TR Glyph{#531 [VERTICAL_SEED]}} lengths:{0=75, 1=75, 2=75, 3=75, 4=75}
2026-03-14 01:22:36,427 DEBUG [CRASH COMPLEXION_p011]          StemBuilder.java:1080 | [FAILED toString()]
2026-03-14 01:22:36,428 DEBUG [CRASH COMPLEXION_p011]          StemBuilder.java:167  | CLinker{head#3521-Clnk-BL refPt:[809.9,645.0]} lengths:{0=3, 1=3, 2=3, 3=3, 4=3}
2026-03-14 01:22:36,429 DEBUG [CRASH COMPLEXION_p011]          StemBuilder.java:1080 | [FAILED toString()]
2026-03-14 01:22:36,429 DEBUG [CRASH COMPLEXION_p011]          StemBuilder.java:167  | CLinker{head#3521-Clnk-TL refPt:[809.9,641.0]} lengths:{0=7, 1=7, 2=7, 3=7, 4=7}
2026-03-14 01:22:36,431 DEBUG [CRASH COMPLEXION_p011]          StemBuilder.java:1080 | [FAILED toString()]
2026-03-14 01:22:36,431 DEBUG [CRASH COMPLEXION_p011]          StemBuilder.java:167  | CLinker{head#3521-Clnk-BR refPt:[823.7,641.0]} lengths:{0=7, 1=7, 2=7, 3=7, 4=7}
2026-03-14 01:22:36,432 DEBUG [CRASH COMPLEXION_p011]          StemBuilder.java:1080 | [FAILED toString()]
2026-03-14 01:22:36,433 DEBUG [CRASH COMPLEXION_p011]          StemBuilder.java:167  | CLinker{head#4093-Clnk-TR Glyph{#546 [VERTICAL_SEED]}} lengths:{0=59, 1=59, 2=59, 3=59, 4=59}
2026-03-14 01:22:36,434 DEBUG [CRASH COMPLEXION_p011]          StemBuilder.java:1080 | [FAILED toString()]
2026-03-14 01:22:36,434 DEBUG [CRASH COMPLEXION_p011]          StemBuilder.java:167  | CLinker{head#4093-Clnk-BL refPt:[810.9,1037.0]} lengths:{0=6, 1=6, 2=6, 3=6, 4=6}
2026-03-14 01:22:36,435 DEBUG [CRASH COMPLEXION_p011]          StemBuilder.java:1080 | [FAILED toString()]
2026-03-14 01:22:36,435 DEBUG [CRASH COMPLEXION_p011]          StemBuilder.java:167  | CLinker{head#4093-Clnk-TL refPt:[810.9,1033.0]} lengths:{0=7, 1=7, 2=7, 3=7, 4=7}
2026-03-14 01:22:36,437 DEBUG [CRASH COMPLEXION_p011]          StemBuilder.java:1080 | [FAILED toString()]
2026-03-14 01:22:36,437 DEBUG [CRASH COMPLEXION_p011]          StemBuilder.java:167  | CLinker{head#4093-Clnk-BR refPt:[824.7,1033.0]} lengths:{0=7, 1=7, 2=7, 3=7, 4=7}
2026-03-14 01:22:36,438 DEBUG [CRASH COMPLEXION_p011]          StemBuilder.java:1080 | [FAILED toString()]
2026-03-14 01:22:36,439 DEBUG [CRASH COMPLEXION_p011]          StemBuilder.java:167  | CLinker{head#3515-Clnk-TR refPt:[836.7,634.0]} lengths:{0=2, 1=2, 2=2, 3=2, 4=2}
2026-03-14 01:22:36,439 DEBUG [CRASH COMPLEXION_p011]          StemBuilder.java:1080 | [FAILED toString()]
2026-03-14 01:22:36,440 DEBUG [CRASH COMPLEXION_p011]          StemBuilder.java:167  | CLinker{head#3515-Clnk-BL refPt:[822.9,643.0]} lengths:{0=1, 1=1, 2=1, 3=1, 4=1}
2026-03-14 01:22:36,441 DEBUG [CRASH COMPLEXION_p011]          StemBuilder.java:1080 | [FAILED toString()]
2026-03-14 01:22:36,441 DEBUG [CRASH COMPLEXION_p011]          StemBuilder.java:167  | CLinker{head#3515-Clnk-TL Glyph{#531 [VERTICAL_SEED]}} lengths:{0=78, 1=78, 2=78, 3=78, 4=78}
2026-03-14 01:22:36,442 DEBUG [CRASH COMPLEXION_p011]          StemBuilder.java:1080 | [FAILED toString()]
2026-03-14 01:22:36,442 DEBUG [CRASH COMPLEXION_p011]          StemBuilder.java:167  | CLinker{head#3515-Clnk-BR refPt:[836.7,639.0]} lengths:{0=9, 1=9, 2=9, 3=9, 4=9}
2026-03-14 01:22:36,443 DEBUG [CRASH COMPLEXION_p011]          StemBuilder.java:1080 | [FAILED toString()]
2026-03-14 01:22:36,444 DEBUG [CRASH COMPLEXION_p011]          StemBuilder.java:167  | CLinker{head#3525-Clnk-TR Glyph{#533 [VERTICAL_SEED]}} lengths:{0=73, 1=73, 2=73, 3=73, 4=73}
2026-03-14 01:22:36,444 DEBUG [CRASH COMPLEXION_p011]          StemBuilder.java:1080 | [FAILED toString()]
2026-03-14 01:22:36,450 DEBUG [CRASH COMPLEXION_p011]          StemBuilder.java:167  | CLinker{head#3525-Clnk-BL refPt:[833.9,646.0]} lengths:{0=3, 1=3, 2=3, 3=3, 4=3}
2026-03-14 01:22:36,450 DEBUG [CRASH COMPLEXION_p011]          StemBuilder.java:1080 | [FAILED toString()]
2026-03-14 01:22:36,451 DEBUG [CRASH COMPLEXION_p011]          StemBuilder.java:167  | CLinker{head#3525-Clnk-TL refPt:[833.9,642.0]} lengths:{0=7, 1=10, 2=10, 3=10, 4=10}
2026-03-14 01:22:36,452 DEBUG [CRASH COMPLEXION_p011]          StemBuilder.java:1080 | [FAILED toString()]
2026-03-14 01:22:36,452 DEBUG [CRASH COMPLEXION_p011]          StemBuilder.java:167  | CLinker{head#3525-Clnk-BR refPt:[846.7,642.0]} lengths:{0=7, 1=7, 2=7, 3=7, 4=7}
2026-03-14 01:22:36,453 DEBUG [CRASH COMPLEXION_p011]          StemBuilder.java:1080 | [FAILED toString()]
2026-03-14 01:22:36,453 DEBUG [CRASH COMPLEXION_p011]          StemBuilder.java:167  | CLinker{head#3529-Clnk-TR Glyph{#533 [VERTICAL_SEED]}} lengths:{0=72, 1=72, 2=72, 3=72, 4=72}
2026-03-14 01:22:36,454 DEBUG [CRASH COMPLEXION_p011]          StemBuilder.java:1080 | [FAILED toString()]
2026-03-14 01:22:36,455 DEBUG [CRASH COMPLEXION_p011]          StemBuilder.java:167  | CLinker{head#3529-Clnk-BL refPt:[833.9,645.0]} lengths:{0=3, 1=3, 2=3, 3=3, 4=3}
2026-03-14 01:22:36,455 DEBUG [CRASH COMPLEXION_p011]          StemBuilder.java:1080 | [FAILED toString()]
2026-03-14 01:22:36,456 DEBUG [CRASH COMPLEXION_p011]          StemBuilder.java:167  | CLinker{head#3529-Clnk-TL refPt:[833.9,641.0]} lengths:{0=7, 1=7, 2=7, 3=7, 4=7}
2026-03-14 01:22:36,457 DEBUG [CRASH COMPLEXION_p011]          StemBuilder.java:1080 | [FAILED toString()]
2026-03-14 01:22:36,457 DEBUG [CRASH COMPLEXION_p011]          StemBuilder.java:167  | CLinker{head#3529-Clnk-BR refPt:[847.7,641.0]} lengths:{0=7, 1=7, 2=7, 3=7, 4=7}
2026-03-14 01:22:36,458 DEBUG [CRASH COMPLEXION_p011]          StemBuilder.java:1080 | [FAILED toString()]
2026-03-14 01:22:36,458 DEBUG [CRASH COMPLEXION_p011]          StemBuilder.java:167  | CLinker{head#3389-Clnk-TR refPt:[862.7,610.0]} lengths:{0=2, 1=2, 2=2, 3=2, 4=2}
2026-03-14 01:22:36,459 DEBUG [CRASH COMPLEXION_p011]          StemBuilder.java:1080 | [FAILED toString()]
2026-03-14 01:22:36,459 DEBUG [CRASH COMPLEXION_p011]          StemBuilder.java:167  | CLinker{head#3389-Clnk-BL Glyph{#533 [VERTICAL_SEED]}} lengths:{0=30, 1=30, 2=30, 3=30, 4=30}
2026-03-14 01:22:36,460 DEBUG [CRASH COMPLEXION_p011]          StemBuilder.java:1080 | [FAILED toString()]
2026-03-14 01:22:36,461 DEBUG [CRASH COMPLEXION_p011]          StemBuilder.java:167  | CLinker{head#3389-Clnk-TL Glyph{#533 [VERTICAL_SEED]}} lengths:{0=51, 1=51, 2=51, 3=51, 4=51}
2026-03-14 01:22:36,461 DEBUG [CRASH COMPLEXION_p011]          StemBuilder.java:1080 | [FAILED toString()]
2026-03-14 01:22:36,462 DEBUG [CRASH COMPLEXION_p011]          StemBuilder.java:167  | CLinker{head#3389-Clnk-BR Glyph{#18775 [STUMP]}} lengths:{0=14, 1=14, 2=14, 3=14, 4=14}
2026-03-14 01:22:36,463 DEBUG [CRASH COMPLEXION_p011]          StemBuilder.java:1080 | [FAILED toString()]
2026-03-14 01:22:36,463 DEBUG [CRASH COMPLEXION_p011]          StemBuilder.java:167  | CLinker{head#3449-Clnk-TR Glyph{#544 [VERTICAL_SEED]}} lengths:{0=63, 1=63, 2=63, 3=63, 4=63}
2026-03-14 01:22:36,464 DEBUG [CRASH COMPLEXION_p011]          StemBuilder.java:1080 | [FAILED toString()]
2026-03-14 01:22:36,464 DEBUG [CRASH COMPLEXION_p011]          StemBuilder.java:167  | CLinker{head#3449-Clnk-BL refPt:[855.9,625.0]} lengths:{0=3, 1=3, 2=3, 3=3, 4=3}
2026-03-14 01:22:36,465 DEBUG [CRASH COMPLEXION_p011]          StemBuilder.java:1080 | [FAILED toString()]
2026-03-14 01:22:36,466 DEBUG [CRASH COMPLEXION_p011]          StemBuilder.java:167  | CLinker{head#3449-Clnk-TL refPt:[855.9,621.0]} lengths:{0=7, 1=7, 2=7, 3=7, 4=7}
2026-03-14 01:22:36,467 DEBUG [CRASH COMPLEXION_p011]          StemBuilder.java:1080 | [FAILED toString()]
2026-03-14 01:22:36,467 DEBUG [CRASH COMPLEXION_p011]          StemBuilder.java:167  | CLinker{head#3449-Clnk-BR refPt:[869.7,621.0]} lengths:{0=7, 1=7, 2=7, 3=7, 4=7}
2026-03-14 01:22:36,468 DEBUG [CRASH COMPLEXION_p011]          StemBuilder.java:1080 | [FAILED toString()]
2026-03-14 01:22:36,468 DEBUG [CRASH COMPLEXION_p011]          StemBuilder.java:167  | CLinker{head#4037-Clnk-TR Glyph{#609 [VERTICAL_SEED]}} lengths:{0=50, 1=50, 2=50, 3=50, 4=50}
2026-03-14 01:22:36,469 DEBUG [CRASH COMPLEXION_p011]          StemBuilder.java:1080 | [FAILED toString()]
2026-03-14 01:22:36,469 DEBUG [CRASH COMPLEXION_p011]          StemBuilder.java:167  | CLinker{head#4037-Clnk-BL refPt:[855.9,1027.0]} lengths:{0=0, 1=0, 2=0, 3=0, 4=0}
2026-03-14 01:22:36,470 DEBUG [CRASH COMPLEXION_p011]          StemBuilder.java:1080 | [FAILED toString()]
2026-03-14 01:22:36,470 DEBUG [CRASH COMPLEXION_p011]          StemBuilder.java:167  | CLinker{head#4037-Clnk-TL Glyph{#18777 [STUMP]}} lengths:{0=9, 1=9, 2=9, 3=9, 4=9}
2026-03-14 01:22:36,471 DEBUG [CRASH COMPLEXION_p011]          StemBuilder.java:1080 | [FAILED toString()]
2026-03-14 01:22:36,471 DEBUG [CRASH COMPLEXION_p011]          StemBuilder.java:167  | CLinker{head#4037-Clnk-BR refPt:[869.7,1023.0]} lengths:{0=3, 1=3, 2=3, 3=3, 4=3}
2026-03-14 01:22:36,471 DEBUG [CRASH COMPLEXION_p011]          StemBuilder.java:1080 | [FAILED toString()]
2026-03-14 01:22:36,472 DEBUG [CRASH COMPLEXION_p011]          StemBuilder.java:167  | CLinker{head#3445-Clnk-TR Glyph{#544 [VERTICAL_SEED]}} lengths:{0=63, 1=63, 2=63, 3=63, 4=63}
2026-03-14 01:22:36,472 DEBUG [CRASH COMPLEXION_p011]          StemBuilder.java:1080 | [FAILED toString()]
2026-03-14 01:22:36,473 DEBUG [CRASH COMPLEXION_p011]          StemBuilder.java:167  | CLinker{head#3445-Clnk-BL refPt:[856.9,625.0]} lengths:{0=3, 1=3, 2=3, 3=3, 4=3}
2026-03-14 01:22:36,473 DEBUG [CRASH COMPLEXION_p011]          StemBuilder.java:1080 | [FAILED toString()]
2026-03-14 01:22:36,474 DEBUG [CRASH COMPLEXION_p011]          StemBuilder.java:167  | CLinker{head#3445-Clnk-TL refPt:[856.9,621.0]} lengths:{0=7, 1=7, 2=7, 3=7, 4=7}
2026-03-14 01:22:36,474 DEBUG [CRASH COMPLEXION_p011]          StemBuilder.java:1080 | [FAILED toString()]
2026-03-14 01:22:36,475 DEBUG [CRASH COMPLEXION_p011]          StemBuilder.java:167  | CLinker{head#3445-Clnk-BR refPt:[870.7,621.0]} lengths:{0=7, 1=7, 2=7, 3=7, 4=7}
2026-03-14 01:22:36,475 DEBUG [CRASH COMPLEXION_p011]          StemBuilder.java:1080 | [FAILED toString()]
2026-03-14 01:22:36,475 DEBUG [CRASH COMPLEXION_p011]          StemBuilder.java:167  | CLinker{head#3981-Clnk-TR Glyph{#609 [VERTICAL_SEED]}} lengths:{0=43, 1=43, 2=43, 3=43, 4=43}
2026-03-14 01:22:36,479 DEBUG [CRASH COMPLEXION_p011]          StemBuilder.java:1080 | [FAILED toString()]
2026-03-14 01:22:36,480 DEBUG [CRASH COMPLEXION_p011]          StemBuilder.java:167  | CLinker{head#3981-Clnk-BL refPt:[856.9,1020.0]} lengths:{0=6, 1=6, 2=6, 3=6, 4=6}
2026-03-14 01:22:36,481 DEBUG [CRASH COMPLEXION_p011]          StemBuilder.java:1080 | [FAILED toString()]
2026-03-14 01:22:36,481 DEBUG [CRASH COMPLEXION_p011]          StemBuilder.java:167  | CLinker{head#3981-Clnk-TL refPt:[856.9,1016.0]} lengths:{0=7, 1=7, 2=7, 3=7, 4=7}
2026-03-14 01:22:36,482 DEBUG [CRASH COMPLEXION_p011]          StemBuilder.java:1080 | [FAILED toString()]
2026-03-14 01:22:36,482 DEBUG [CRASH COMPLEXION_p011]          StemBuilder.java:167  | CLinker{head#3981-Clnk-BR refPt:[870.7,1016.0]} lengths:{0=7, 1=7, 2=7, 3=7, 4=7}
2026-03-14 01:22:36,483 DEBUG [CRASH COMPLEXION_p011]          StemBuilder.java:1080 | [FAILED toString()]
2026-03-14 01:22:36,484 DEBUG [CRASH COMPLEXION_p011]          StemBuilder.java:167  | CLinker{head#3985-Clnk-TR Glyph{#609 [VERTICAL_SEED]}} lengths:{0=43, 1=43, 2=43, 3=43, 4=43}
2026-03-14 01:22:36,485 DEBUG [CRASH COMPLEXION_p011]          StemBuilder.java:1080 | [FAILED toString()]
2026-03-14 01:22:36,485 DEBUG [CRASH COMPLEXION_p011]          StemBuilder.java:167  | CLinker{head#3985-Clnk-BL refPt:[856.9,1020.0]} lengths:{0=6, 1=6, 2=6, 3=6, 4=6}
2026-03-14 01:22:36,486 DEBUG [CRASH COMPLEXION_p011]          StemBuilder.java:1080 | [FAILED toString()]
2026-03-14 01:22:36,486 DEBUG [CRASH COMPLEXION_p011]          StemBuilder.java:167  | CLinker{head#3985-Clnk-TL refPt:[856.9,1016.0]} lengths:{0=7, 1=7, 2=7, 3=7, 4=7}
2026-03-14 01:22:36,487 DEBUG [CRASH COMPLEXION_p011]          StemBuilder.java:1080 | [FAILED toString()]
2026-03-14 01:22:36,488 DEBUG [CRASH COMPLEXION_p011]          StemBuilder.java:167  | CLinker{head#3985-Clnk-BR refPt:[870.7,1016.0]} lengths:{0=7, 1=7, 2=7, 3=7, 4=7}
2026-03-14 01:22:36,488 DEBUG [CRASH COMPLEXION_p011]          StemBuilder.java:1080 | [FAILED toString()]
2026-03-14 01:22:36,489 DEBUG [CRASH COMPLEXION_p011]          StemBuilder.java:167  | CLinker{head#3391-Clnk-TR Glyph{#544 [VERTICAL_SEED]}} lengths:{0=59, 1=59, 2=59, 3=59, 4=59}
2026-03-14 01:22:36,490 DEBUG [CRASH COMPLEXION_p011]          StemBuilder.java:1080 | [FAILED toString()]
2026-03-14 01:22:36,490 DEBUG [CRASH COMPLEXION_p011]          StemBuilder.java:167  | CLinker{head#3391-Clnk-BL refPt:[857.9,621.0]} lengths:{0=3, 1=3, 2=3, 3=3, 4=3}
2026-03-14 01:22:36,491 DEBUG [CRASH COMPLEXION_p011]          StemBuilder.java:1080 | [FAILED toString()]
2026-03-14 01:22:36,491 DEBUG [CRASH COMPLEXION_p011]          StemBuilder.java:167  | CLinker{head#3391-Clnk-TL refPt:[857.9,617.0]} lengths:{0=7, 1=7, 2=7, 3=7, 4=7}
2026-03-14 01:22:36,492 DEBUG [CRASH COMPLEXION_p011]          StemBuilder.java:1080 | [FAILED toString()]
2026-03-14 01:22:36,493 DEBUG [CRASH COMPLEXION_p011]          StemBuilder.java:167  | CLinker{head#3391-Clnk-BR refPt:[869.7,617.0]} lengths:{0=8, 1=8, 2=8, 3=8, 4=8}
2026-03-14 01:22:36,494 DEBUG [CRASH COMPLEXION_p011]          StemBuilder.java:1080 | [FAILED toString()]
2026-03-14 01:22:36,590 DEBUG [CRASH COMPLEXION_p011]          StemBuilder.java:167  | CLinker{head#4387-Clnk-TR Glyph{#551 [VERTICAL_SEED]}} lengths:{0=67, 1=67, 2=67, 3=67, 4=67}
2026-03-14 01:22:36,591 DEBUG [CRASH COMPLEXION_p011]          StemBuilder.java:1080 | [FAILED toString()]
2026-03-14 01:22:36,591 DEBUG [CRASH COMPLEXION_p011]          StemBuilder.java:167  | CLinker{head#4387-Clnk-BL refPt:[857.9,1266.0]} lengths:{0=0, 1=0, 2=0, 3=0, 4=0}
2026-03-14 01:22:36,592 DEBUG [CRASH COMPLEXION_p011]          StemBuilder.java:1080 | [FAILED toString()]
2026-03-14 01:22:36,593 DEBUG [CRASH COMPLEXION_p011]          StemBuilder.java:167  | CLinker{head#4387-Clnk-TL refPt:[857.9,1262.0]} lengths:{0=9, 1=9, 2=9, 3=9, 4=9}
2026-03-14 01:22:36,594 DEBUG [CRASH COMPLEXION_p011]          StemBuilder.java:1080 | [FAILED toString()]
2026-03-14 01:22:36,594 DEBUG [CRASH COMPLEXION_p011]          StemBuilder.java:167  | CLinker{head#4387-Clnk-BR refPt:[871.7,1262.0]} lengths:{0=3, 1=3, 2=3, 3=3, 4=3}
2026-03-14 01:22:36,595 DEBUG [CRASH COMPLEXION_p011]          StemBuilder.java:1080 | [FAILED toString()]
2026-03-14 01:22:36,595 DEBUG [CRASH COMPLEXION_p011]          StemBuilder.java:167  | CLinker{head#4327-Clnk-TR Glyph{#551 [VERTICAL_SEED]}} lengths:{0=62, 1=62, 2=62, 3=62, 4=62}
2026-03-14 01:22:36,596 DEBUG [CRASH COMPLEXION_p011]          StemBuilder.java:1080 | [FAILED toString()]
2026-03-14 01:22:36,596 DEBUG [CRASH COMPLEXION_p011]          StemBuilder.java:167  | CLinker{head#4327-Clnk-BL refPt:[858.9,1261.0]} lengths:{0=3, 1=3, 2=3, 3=3, 4=3}
2026-03-14 01:22:36,597 DEBUG [CRASH COMPLEXION_p011]          StemBuilder.java:1080 | [FAILED toString()]
2026-03-14 01:22:36,597 DEBUG [CRASH COMPLEXION_p011]          StemBuilder.java:167  | CLinker{head#4327-Clnk-TL refPt:[858.9,1257.0]} lengths:{0=7, 1=7, 2=7, 3=7, 4=7}
2026-03-14 01:22:36,598 DEBUG [CRASH COMPLEXION_p011]          StemBuilder.java:1080 | [FAILED toString()]
2026-03-14 01:22:36,598 DEBUG [CRASH COMPLEXION_p011]          StemBuilder.java:167  | CLinker{head#4327-Clnk-BR refPt:[872.7,1257.0]} lengths:{0=7, 1=7, 2=7, 3=7, 4=7}
2026-03-14 01:22:36,599 DEBUG [CRASH COMPLEXION_p011]          StemBuilder.java:1080 | [FAILED toString()]
2026-03-14 01:22:36,599 DEBUG [CRASH COMPLEXION_p011]          StemBuilder.java:167  | CLinker{head#3535-Clnk-TR Glyph{#520 [VERTICAL_SEED]}} lengths:{0=82, 1=82, 2=82, 3=82, 4=82}
2026-03-14 01:22:36,600 DEBUG [CRASH COMPLEXION_p011]          StemBuilder.java:1080 | [FAILED toString()]
2026-03-14 01:22:36,600 DEBUG [CRASH COMPLEXION_p011]          StemBuilder.java:167  | CLinker{head#3535-Clnk-BL refPt:[878.9,645.0]} lengths:{0=3, 1=3, 2=3, 3=3, 4=3}
2026-03-14 01:22:36,600 DEBUG [CRASH COMPLEXION_p011]          StemBuilder.java:1080 | [FAILED toString()]
2026-03-14 01:22:36,601 DEBUG [CRASH COMPLEXION_p011]          StemBuilder.java:167  | CLinker{head#3535-Clnk-TL refPt:[878.9,641.0]} lengths:{0=7, 1=7, 2=7, 3=7, 4=7}
2026-03-14 01:22:36,601 DEBUG [CRASH COMPLEXION_p011]          StemBuilder.java:1080 | [FAILED toString()]
2026-03-14 01:22:36,602 DEBUG [CRASH COMPLEXION_p011]          StemBuilder.java:167  | CLinker{head#3535-Clnk-BR refPt:[891.7,641.0]} lengths:{0=7, 1=7, 2=7, 3=7, 4=7}
2026-03-14 01:22:36,605 DEBUG [CRASH COMPLEXION_p011]          StemBuilder.java:1080 | [FAILED toString()]
2026-03-14 01:22:36,606 DEBUG [CRASH COMPLEXION_p011]          StemBuilder.java:167  | CLinker{head#3537-Clnk-TR Glyph{#520 [VERTICAL_SEED]}} lengths:{0=82, 1=82, 2=82, 3=82, 4=82}
2026-03-14 01:22:36,607 DEBUG [CRASH COMPLEXION_p011]          StemBuilder.java:1080 | [FAILED toString()]
2026-03-14 01:22:36,607 DEBUG [CRASH COMPLEXION_p011]          StemBuilder.java:167  | CLinker{head#3537-Clnk-BL refPt:[878.9,645.0]} lengths:{0=3, 1=3, 2=3, 3=3, 4=3}
2026-03-14 01:22:36,608 DEBUG [CRASH COMPLEXION_p011]          StemBuilder.java:1080 | [FAILED toString()]
2026-03-14 01:22:36,608 DEBUG [CRASH COMPLEXION_p011]          StemBuilder.java:167  | CLinker{head#3537-Clnk-TL refPt:[878.9,641.0]} lengths:{0=7, 1=7, 2=7, 3=7, 4=7}
2026-03-14 01:22:36,609 DEBUG [CRASH COMPLEXION_p011]          StemBuilder.java:1080 | [FAILED toString()]
2026-03-14 01:22:36,609 DEBUG [CRASH COMPLEXION_p011]          StemBuilder.java:167  | CLinker{head#3537-Clnk-BR refPt:[891.7,641.0]} lengths:{0=7, 1=7, 2=7, 3=7, 4=7}
2026-03-14 01:22:36,610 DEBUG [CRASH COMPLEXION_p011]          StemBuilder.java:1080 | [FAILED toString()]
2026-03-14 01:22:36,611 DEBUG [CRASH COMPLEXION_p011]          StemBuilder.java:167  | CLinker{head#3533-Clnk-TR refPt:[902.7,634.0]} lengths:{0=2, 1=2, 2=2, 3=2, 4=2}
2026-03-14 01:22:36,611 DEBUG [CRASH COMPLEXION_p011]          StemBuilder.java:1080 | [FAILED toString()]
2026-03-14 01:22:36,612 DEBUG [CRASH COMPLEXION_p011]          StemBuilder.java:167  | CLinker{head#3533-Clnk-BL refPt:[888.9,643.0]} lengths:{0=2, 1=2, 2=2, 3=2, 4=2}
2026-03-14 01:22:36,612 DEBUG [CRASH COMPLEXION_p011]          StemBuilder.java:1080 | [FAILED toString()]
2026-03-14 01:22:36,613 DEBUG [CRASH COMPLEXION_p011]          StemBuilder.java:167  | CLinker{head#3533-Clnk-TL Glyph{#520 [VERTICAL_SEED]}} lengths:{0=85, 1=85, 2=85, 3=85, 4=85}
2026-03-14 01:22:36,614 DEBUG [CRASH COMPLEXION_p011]          StemBuilder.java:1080 | [FAILED toString()]
2026-03-14 01:22:36,614 DEBUG [CRASH COMPLEXION_p011]          StemBuilder.java:167  | CLinker{head#3533-Clnk-BR refPt:[902.7,639.0]} lengths:{0=9, 1=9, 2=9, 3=9, 4=9}
2026-03-14 01:22:36,615 DEBUG [CRASH COMPLEXION_p011]          StemBuilder.java:1080 | [FAILED toString()]
2026-03-14 01:22:36,615 DEBUG [CRASH COMPLEXION_p011]          StemBuilder.java:167  | CLinker{head#4159-Clnk-TR Glyph{#545 [VERTICAL_SEED]}} lengths:{0=65, 1=65, 2=65, 3=65, 4=65}
2026-03-14 01:22:36,616 DEBUG [CRASH COMPLEXION_p011]          StemBuilder.java:1080 | [FAILED toString()]
2026-03-14 01:22:36,616 DEBUG [CRASH COMPLEXION_p011]          StemBuilder.java:167  | CLinker{head#4159-Clnk-BL refPt:[892.9,1042.0]} lengths:{0=3, 1=3, 2=3, 3=3, 4=3}
2026-03-14 01:22:36,617 DEBUG [CRASH COMPLEXION_p011]          StemBuilder.java:1080 | [FAILED toString()]
2026-03-14 01:22:36,617 DEBUG [CRASH COMPLEXION_p011]          StemBuilder.java:167  | CLinker{head#4159-Clnk-TL refPt:[892.9,1038.0]} lengths:{0=7, 1=7, 2=7, 3=7, 4=7}
2026-03-14 01:22:36,618 DEBUG [CRASH COMPLEXION_p011]          StemBuilder.java:1080 | [FAILED toString()]
2026-03-14 01:22:36,619 DEBUG [CRASH COMPLEXION_p011]          StemBuilder.java:167  | CLinker{head#4159-Clnk-BR refPt:[906.7,1038.0]} lengths:{0=7, 1=7, 2=7, 3=7, 4=7}
2026-03-14 01:22:36,619 DEBUG [CRASH COMPLEXION_p011]          StemBuilder.java:1080 | [FAILED toString()]
2026-03-14 01:22:36,620 DEBUG [CRASH COMPLEXION_p011]          StemBuilder.java:167  | CLinker{head#4163-Clnk-TR Glyph{#545 [VERTICAL_SEED]}} lengths:{0=65, 1=65, 2=65, 3=65, 4=65}
2026-03-14 01:22:36,621 DEBUG [CRASH COMPLEXION_p011]          StemBuilder.java:1080 | [FAILED toString()]
2026-03-14 01:22:36,622 DEBUG [CRASH COMPLEXION_p011]          StemBuilder.java:167  | CLinker{head#4163-Clnk-BL refPt:[892.9,1042.0]} lengths:{0=3, 1=3, 2=3, 3=3, 4=3}
2026-03-14 01:22:36,623 DEBUG [CRASH COMPLEXION_p011]          StemBuilder.java:1080 | [FAILED toString()]
2026-03-14 01:22:36,623 DEBUG [CRASH COMPLEXION_p011]          StemBuilder.java:167  | CLinker{head#4163-Clnk-TL refPt:[892.9,1038.0]} lengths:{0=7, 1=7, 2=7, 3=7, 4=7}
2026-03-14 01:22:36,624 DEBUG [CRASH COMPLEXION_p011]          StemBuilder.java:1080 | [FAILED toString()]
2026-03-14 01:22:36,624 DEBUG [CRASH COMPLEXION_p011]          StemBuilder.java:167  | CLinker{head#4163-Clnk-BR refPt:[906.7,1038.0]} lengths:{0=7, 1=7, 2=7, 3=7, 4=7}
2026-03-14 01:22:36,625 DEBUG [CRASH COMPLEXION_p011]          StemBuilder.java:1080 | [FAILED toString()]
2026-03-14 01:22:36,626 DEBUG [CRASH COMPLEXION_p011]          StemBuilder.java:167  | CLinker{head#4097-Clnk-TR Glyph{#545 [VERTICAL_SEED]}} lengths:{0=60, 1=60, 2=60, 3=60, 4=60}
2026-03-14 01:22:36,627 DEBUG [CRASH COMPLEXION_p011]          StemBuilder.java:1080 | [FAILED toString()]
2026-03-14 01:22:36,627 DEBUG [CRASH COMPLEXION_p011]          StemBuilder.java:167  | CLinker{head#4097-Clnk-BL refPt:[894.9,1037.0]} lengths:{0=8, 1=8, 2=8, 3=8, 4=8}
2026-03-14 01:22:36,628 DEBUG [CRASH COMPLEXION_p011]          StemBuilder.java:1080 | [FAILED toString()]
2026-03-14 01:22:36,628 DEBUG [CRASH COMPLEXION_p011]          StemBuilder.java:167  | CLinker{head#4097-Clnk-TL refPt:[894.9,1033.0]} lengths:{0=7, 1=7, 2=7, 3=7, 4=7}
2026-03-14 01:22:36,629 DEBUG [CRASH COMPLEXION_p011]          StemBuilder.java:1080 | [FAILED toString()]
2026-03-14 01:22:36,630 DEBUG [CRASH COMPLEXION_p011]          StemBuilder.java:167  | CLinker{head#4097-Clnk-BR refPt:[906.7,1033.0]} lengths:{0=8, 1=8, 2=8, 3=8, 4=8}
2026-03-14 01:22:36,631 DEBUG [CRASH COMPLEXION_p011]          StemBuilder.java:1080 | [FAILED toString()]
2026-03-14 01:22:36,631 DEBUG [CRASH COMPLEXION_p011]          StemBuilder.java:167  | CLinker{head#3541-Clnk-TR Glyph{#525 [VERTICAL_SEED]}} lengths:{0=76, 1=76, 2=76, 3=76, 4=76}
2026-03-14 01:22:36,632 DEBUG [CRASH COMPLEXION_p011]          StemBuilder.java:1080 | [FAILED toString()]
2026-03-14 01:22:36,632 DEBUG [CRASH COMPLEXION_p011]          StemBuilder.java:167  | CLinker{head#3541-Clnk-BL refPt:[899.9,645.0]} lengths:{0=3, 1=3, 2=3, 3=3, 4=3}
2026-03-14 01:22:36,636 DEBUG [CRASH COMPLEXION_p011]          StemBuilder.java:1080 | [FAILED toString()]
2026-03-14 01:22:36,636 DEBUG [CRASH COMPLEXION_p011]          StemBuilder.java:167  | CLinker{head#3541-Clnk-TL refPt:[899.9,641.0]} lengths:{0=7, 1=7, 2=7, 3=7, 4=7}
2026-03-14 01:22:36,637 DEBUG [CRASH COMPLEXION_p011]          StemBuilder.java:1080 | [FAILED toString()]
2026-03-14 01:22:36,638 DEBUG [CRASH COMPLEXION_p011]          StemBuilder.java:167  | CLinker{head#3541-Clnk-BR refPt:[913.7,641.0]} lengths:{0=7, 1=7, 2=7, 3=7, 4=7}
2026-03-14 01:22:36,639 DEBUG [CRASH COMPLEXION_p011]          StemBuilder.java:1080 | [FAILED toString()]
2026-03-14 01:22:36,640 DEBUG [CRASH COMPLEXION_p011]          StemBuilder.java:167  | CLinker{head#3545-Clnk-TR Glyph{#525 [VERTICAL_SEED]}} lengths:{0=76, 1=76, 2=76, 3=76, 4=76}
2026-03-14 01:22:36,640 DEBUG [CRASH COMPLEXION_p011]          StemBuilder.java:1080 | [FAILED toString()]
2026-03-14 01:22:36,641 DEBUG [CRASH COMPLEXION_p011]          StemBuilder.java:167  | CLinker{head#3545-Clnk-BL refPt:[899.9,645.0]} lengths:{0=3, 1=3, 2=3, 3=3, 4=3}
2026-03-14 01:22:36,642 DEBUG [CRASH COMPLEXION_p011]          StemBuilder.java:1080 | [FAILED toString()]
2026-03-14 01:22:36,642 DEBUG [CRASH COMPLEXION_p011]          StemBuilder.java:167  | CLinker{head#3545-Clnk-TL refPt:[899.9,641.0]} lengths:{0=7, 1=7, 2=7, 3=7, 4=7}
2026-03-14 01:22:36,643 DEBUG [CRASH COMPLEXION_p011]          StemBuilder.java:1080 | [FAILED toString()]
2026-03-14 01:22:36,643 DEBUG [CRASH COMPLEXION_p011]          StemBuilder.java:167  | CLinker{head#3545-Clnk-BR refPt:[913.7,641.0]} lengths:{0=7, 1=7, 2=7, 3=7, 4=7}
2026-03-14 01:22:36,644 DEBUG [CRASH COMPLEXION_p011]          StemBuilder.java:1080 | [FAILED toString()]
2026-03-14 01:22:36,644 DEBUG [CRASH COMPLEXION_p011]          StemBuilder.java:167  | CLinker{head#3551-Clnk-TR Glyph{#538 [VERTICAL_SEED]}} lengths:{0=73, 1=73, 2=73, 3=73, 4=73}
2026-03-14 01:22:36,645 DEBUG [CRASH COMPLEXION_p011]          StemBuilder.java:1080 | [FAILED toString()]
2026-03-14 01:22:36,645 DEBUG [CRASH COMPLEXION_p011]          StemBuilder.java:167  | CLinker{head#3551-Clnk-BL refPt:[921.9,645.0]} lengths:{0=3, 1=3, 2=3, 3=3, 4=3}
2026-03-14 01:22:36,646 DEBUG [CRASH COMPLEXION_p011]          StemBuilder.java:1080 | [FAILED toString()]
2026-03-14 01:22:36,647 DEBUG [CRASH COMPLEXION_p011]          StemBuilder.java:167  | CLinker{head#3551-Clnk-TL refPt:[921.9,641.0]} lengths:{0=7, 1=7, 2=7, 3=7, 4=7}
2026-03-14 01:22:36,648 DEBUG [CRASH COMPLEXION_p011]          StemBuilder.java:1080 | [FAILED toString()]
2026-03-14 01:22:36,648 DEBUG [CRASH COMPLEXION_p011]          StemBuilder.java:167  | CLinker{head#3551-Clnk-BR refPt:[934.7,641.0]} lengths:{0=7, 1=7, 2=7, 3=7, 4=7}
2026-03-14 01:22:36,649 DEBUG [CRASH COMPLEXION_p011]          StemBuilder.java:1080 | [FAILED toString()]
2026-03-14 01:22:36,649 DEBUG [CRASH COMPLEXION_p011]          StemBuilder.java:167  | CLinker{head#3708-Clnk-TR Glyph{#635 [VERTICAL_SEED]}} lengths:{0=9, 1=9, 2=9, 3=9, 4=9}
2026-03-14 01:22:36,650 DEBUG [CRASH COMPLEXION_p011]          StemBuilder.java:1080 | [FAILED toString()]
2026-03-14 01:22:36,650 DEBUG [CRASH COMPLEXION_p011]          StemBuilder.java:167  | CLinker{head#3708-Clnk-BL Glyph{#686 [VERTICAL_SEED]}} lengths:{0=27, 1=27, 2=27, 3=27, 4=27}
2026-03-14 01:22:36,651 DEBUG [CRASH COMPLEXION_p011]          StemBuilder.java:1080 | [FAILED toString()]
2026-03-14 01:22:36,652 DEBUG [CRASH COMPLEXION_p011]          StemBuilder.java:167  | CLinker{head#3708-Clnk-TL Glyph{#686 [VERTICAL_SEED]}} lengths:{0=8, 1=8, 2=8, 3=8, 4=8}
2026-03-14 01:22:36,652 DEBUG [CRASH COMPLEXION_p011]          StemBuilder.java:1080 | [FAILED toString()]
2026-03-14 01:22:36,653 DEBUG [CRASH COMPLEXION_p011]          StemBuilder.java:167  | CLinker{head#3708-Clnk-BR Glyph{#635 [VERTICAL_SEED]}} lengths:{0=30, 1=30, 2=30, 3=30, 4=30}
2026-03-14 01:22:36,654 DEBUG [CRASH COMPLEXION_p011]          StemBuilder.java:1080 | [FAILED toString()]
2026-03-14 01:22:36,654 DEBUG [CRASH COMPLEXION_p011]          StemBuilder.java:167  | CLinker{head#3825-Clnk-TR Glyph{#635 [VERTICAL_SEED]}} lengths:{0=29, 1=29, 2=29, 3=29, 4=29}
2026-03-14 01:22:36,655 DEBUG [CRASH COMPLEXION_p011]          StemBuilder.java:1080 | [FAILED toString()]
2026-03-14 01:22:36,655 DEBUG [CRASH COMPLEXION_p011]          StemBuilder.java:167  | CLinker{head#3825-Clnk-BL refPt:[924.9,862.0]} lengths:{0=7, 1=7, 2=7, 3=7, 4=7}
2026-03-14 01:22:36,656 DEBUG [CRASH COMPLEXION_p011]          StemBuilder.java:1080 | [FAILED toString()]
2026-03-14 01:22:36,656 DEBUG [CRASH COMPLEXION_p011]          StemBuilder.java:167  | CLinker{head#3825-Clnk-TL Glyph{#686 [VERTICAL_SEED]}} lengths:{0=28, 1=28, 2=28, 3=28, 4=28}
2026-03-14 01:22:36,657 DEBUG [CRASH COMPLEXION_p011]          StemBuilder.java:1080 | [FAILED toString()]
2026-03-14 01:22:36,658 DEBUG [CRASH COMPLEXION_p011]          StemBuilder.java:167  | CLinker{head#3825-Clnk-BR Glyph{#635 [VERTICAL_SEED]}} lengths:{0=10, 1=10, 2=10, 3=10, 4=10}
2026-03-14 01:22:36,658 DEBUG [CRASH COMPLEXION_p011]          StemBuilder.java:1080 | [FAILED toString()]
2026-03-14 01:22:36,659 DEBUG [CRASH COMPLEXION_p011]          StemBuilder.java:167  | CLinker{head#3657-Clnk-TR refPt:[936.7,826.0]} lengths:{0=2, 1=2, 2=2, 3=2, 4=2}
2026-03-14 01:22:36,660 DEBUG [CRASH COMPLEXION_p011]          StemBuilder.java:1080 | [FAILED toString()]
2026-03-14 01:22:36,660 DEBUG [CRASH COMPLEXION_p011]          StemBuilder.java:167  | CLinker{head#3657-Clnk-BL Glyph{#686 [VERTICAL_SEED]}} lengths:{0=34, 1=34, 2=34, 3=34, 4=34}
2026-03-14 01:22:36,661 DEBUG [CRASH COMPLEXION_p011]          StemBuilder.java:1080 | [FAILED toString()]
2026-03-14 01:22:36,661 DEBUG [CRASH COMPLEXION_p011]          StemBuilder.java:167  | CLinker{head#3657-Clnk-TL refPt:[925.9,831.0]} lengths:{0=7, 1=7, 2=7, 3=7, 4=7}
2026-03-14 01:22:36,662 DEBUG [CRASH COMPLEXION_p011]          StemBuilder.java:1080 | [FAILED toString()]
2026-03-14 01:22:36,662 DEBUG [CRASH COMPLEXION_p011]          StemBuilder.java:167  | CLinker{head#3657-Clnk-BR Glyph{#635 [VERTICAL_SEED]}} lengths:{0=37, 1=37, 2=37, 3=37, 4=37}
2026-03-14 01:22:36,663 DEBUG [CRASH COMPLEXION_p011]          StemBuilder.java:1080 | [FAILED toString()]
2026-03-14 01:22:36,663 DEBUG [CRASH COMPLEXION_p011]          StemBuilder.java:167  | CLinker{head#3701-Clnk-TR Glyph{#635 [VERTICAL_SEED]}} lengths:{0=9, 1=9, 2=9, 3=9, 4=9}
2026-03-14 01:22:36,664 DEBUG [CRASH COMPLEXION_p011]          StemBuilder.java:1080 | [FAILED toString()]
2026-03-14 01:22:36,667 DEBUG [CRASH COMPLEXION_p011]          StemBuilder.java:167  | CLinker{head#3701-Clnk-BL Glyph{#686 [VERTICAL_SEED]}} lengths:{0=27, 1=27, 2=27, 3=27, 4=27}
2026-03-14 01:22:36,668 DEBUG [CRASH COMPLEXION_p011]          StemBuilder.java:1080 | [FAILED toString()]
2026-03-14 01:22:36,668 DEBUG [CRASH COMPLEXION_p011]          StemBuilder.java:167  | CLinker{head#3701-Clnk-TL Glyph{#686 [VERTICAL_SEED]}} lengths:{0=8, 1=8, 2=8, 3=8, 4=8}
2026-03-14 01:22:36,669 DEBUG [CRASH COMPLEXION_p011]          StemBuilder.java:1080 | [FAILED toString()]
2026-03-14 01:22:36,670 DEBUG [CRASH COMPLEXION_p011]          StemBuilder.java:167  | CLinker{head#3701-Clnk-BR Glyph{#635 [VERTICAL_SEED]}} lengths:{0=30, 1=30, 2=30, 3=30, 4=30}
2026-03-14 01:22:36,670 DEBUG [CRASH COMPLEXION_p011]          StemBuilder.java:1080 | [FAILED toString()]
2026-03-14 01:22:36,671 DEBUG [CRASH COMPLEXION_p011]          StemBuilder.java:167  | CLinker{head#3764-Clnk-TR refPt:[949.7,840.0]} lengths:{0=2, 1=2, 2=2, 3=2, 4=2}
2026-03-14 01:22:36,671 DEBUG [CRASH COMPLEXION_p011]          StemBuilder.java:1080 | [FAILED toString()]
2026-03-14 01:22:36,672 DEBUG [CRASH COMPLEXION_p011]          StemBuilder.java:167  | CLinker{head#3764-Clnk-BL Glyph{#635 [VERTICAL_SEED]}} lengths:{0=19, 1=19, 2=19, 3=19, 4=19}
2026-03-14 01:22:36,672 DEBUG [CRASH COMPLEXION_p011]          StemBuilder.java:1080 | [FAILED toString()]
2026-03-14 01:22:36,673 DEBUG [CRASH COMPLEXION_p011]          StemBuilder.java:167  | CLinker{head#3764-Clnk-TL Glyph{#635 [VERTICAL_SEED]}} lengths:{0=21, 1=21, 2=21, 3=21, 4=21}
2026-03-14 01:22:36,673 DEBUG [CRASH COMPLEXION_p011]          StemBuilder.java:1080 | [FAILED toString()]
2026-03-14 01:22:36,674 DEBUG [CRASH COMPLEXION_p011]          StemBuilder.java:167  | CLinker{head#3764-Clnk-BR Glyph{#610 [VERTICAL_SEED]}} lengths:{0=47, 1=47, 2=47, 3=47, 4=47}
2026-03-14 01:22:36,674 DEBUG [CRASH COMPLEXION_p011]          StemBuilder.java:1080 | [FAILED toString()]
2026-03-14 01:22:36,675 DEBUG [CRASH COMPLEXION_p011]          StemBuilder.java:167  | CLinker{head#4045-Clnk-TR Glyph{#569 [VERTICAL_SEED]}} lengths:{0=53, 1=53, 2=53, 3=53, 4=53}
2026-03-14 01:22:36,676 DEBUG [CRASH COMPLEXION_p011]          StemBuilder.java:1080 | [FAILED toString()]
2026-03-14 01:22:36,676 DEBUG [CRASH COMPLEXION_p011]          StemBuilder.java:167  | CLinker{head#4045-Clnk-BL refPt:[941.9,1027.0]} lengths:{0=3, 1=3, 2=3, 3=3, 4=3}
2026-03-14 01:22:36,677 DEBUG [CRASH COMPLEXION_p011]          StemBuilder.java:1080 | [FAILED toString()]
2026-03-14 01:22:36,677 DEBUG [CRASH COMPLEXION_p011]          StemBuilder.java:167  | CLinker{head#4045-Clnk-TL refPt:[941.9,1023.0]} lengths:{0=7, 1=7, 2=7, 3=7, 4=7}
2026-03-14 01:22:36,678 DEBUG [CRASH COMPLEXION_p011]          StemBuilder.java:1080 | [FAILED toString()]
2026-03-14 01:22:36,678 DEBUG [CRASH COMPLEXION_p011]          StemBuilder.java:167  | CLinker{head#4045-Clnk-BR refPt:[955.7,1023.0]} lengths:{0=7, 1=7, 2=7, 3=7, 4=7}
2026-03-14 01:22:36,678 DEBUG [CRASH COMPLEXION_p011]          StemBuilder.java:1080 | [FAILED toString()]
2026-03-14 01:22:36,678 DEBUG [CRASH COMPLEXION_p011]          StemBuilder.java:167  | CLinker{head#4049-Clnk-TR Glyph{#569 [VERTICAL_SEED]}} lengths:{0=53, 1=53, 2=53, 3=53, 4=53}
2026-03-14 01:22:36,679 DEBUG [CRASH COMPLEXION_p011]          StemBuilder.java:1080 | [FAILED toString()]
2026-03-14 01:22:36,680 DEBUG [CRASH COMPLEXION_p011]          StemBuilder.java:167  | CLinker{head#4049-Clnk-BL refPt:[941.9,1027.0]} lengths:{0=3, 1=3, 2=3, 3=3, 4=3}
2026-03-14 01:22:36,680 DEBUG [CRASH COMPLEXION_p011]          StemBuilder.java:1080 | [FAILED toString()]
2026-03-14 01:22:36,681 DEBUG [CRASH COMPLEXION_p011]          StemBuilder.java:167  | CLinker{head#4049-Clnk-TL refPt:[941.9,1023.0]} lengths:{0=7, 1=7, 2=7, 3=7, 4=7}
2026-03-14 01:22:36,682 DEBUG [CRASH COMPLEXION_p011]          StemBuilder.java:1080 | [FAILED toString()]
2026-03-14 01:22:36,682 DEBUG [CRASH COMPLEXION_p011]          StemBuilder.java:167  | CLinker{head#4049-Clnk-BR refPt:[955.7,1023.0]} lengths:{0=7, 1=7, 2=7, 3=7, 4=7}
2026-03-14 01:22:36,683 DEBUG [CRASH COMPLEXION_p011]          StemBuilder.java:1080 | [FAILED toString()]
2026-03-14 01:22:36,684 DEBUG [CRASH COMPLEXION_p011]          StemBuilder.java:167  | CLinker{head#4577-Clnk-TR refPt:[956.7,1283.0]} lengths:{0=2, 1=2, 2=2, 3=2, 4=2}
2026-03-14 01:22:36,684 DEBUG [CRASH COMPLEXION_p011]          StemBuilder.java:1080 | [FAILED toString()]
2026-03-14 01:22:36,685 DEBUG [CRASH COMPLEXION_p011]          StemBuilder.java:167  | CLinker{head#4577-Clnk-BL Glyph{#672 [VERTICAL_SEED]}} lengths:{0=31, 1=31, 2=31, 3=31, 4=31}
2026-03-14 01:22:36,685 DEBUG [CRASH COMPLEXION_p011]          StemBuilder.java:1080 | [FAILED toString()]
2026-03-14 01:22:36,686 DEBUG [CRASH COMPLEXION_p011]          StemBuilder.java:167  | CLinker{head#4577-Clnk-TL refPt:[942.9,1288.0]} lengths:{0=8, 1=8, 2=8, 3=8, 4=8}
2026-03-14 01:22:36,686 DEBUG [CRASH COMPLEXION_p011]          StemBuilder.java:1080 | [FAILED toString()]
2026-03-14 01:22:36,687 DEBUG [CRASH COMPLEXION_p011]          StemBuilder.java:167  | CLinker{head#4577-Clnk-BR refPt:[956.7,1288.0]} lengths:{0=7, 1=7, 2=7, 3=7, 4=7}
2026-03-14 01:22:36,688 DEBUG [CRASH COMPLEXION_p011]          StemBuilder.java:1080 | [FAILED toString()]
2026-03-14 01:22:36,688 DEBUG [CRASH COMPLEXION_p011]          StemBuilder.java:167  | CLinker{head#3453-Clnk-TR Glyph{#552 [VERTICAL_SEED]}} lengths:{0=63, 1=63, 2=63, 3=63, 4=63}
2026-03-14 01:22:36,689 DEBUG [CRASH COMPLEXION_p011]          StemBuilder.java:1080 | [FAILED toString()]
2026-03-14 01:22:36,689 DEBUG [CRASH COMPLEXION_p011]          StemBuilder.java:167  | CLinker{head#3453-Clnk-BL refPt:[943.9,634.0]} lengths:{0=3, 1=3, 2=3, 3=3, 4=3}
2026-03-14 01:22:36,690 DEBUG [CRASH COMPLEXION_p011]          StemBuilder.java:1080 | [FAILED toString()]
2026-03-14 01:22:36,690 DEBUG [CRASH COMPLEXION_p011]          StemBuilder.java:167  | CLinker{head#3453-Clnk-TL refPt:[943.9,630.0]} lengths:{0=7, 1=7, 2=7, 3=7, 4=7}
2026-03-14 01:22:36,691 DEBUG [CRASH COMPLEXION_p011]          StemBuilder.java:1080 | [FAILED toString()]
2026-03-14 01:22:36,692 DEBUG [CRASH COMPLEXION_p011]          StemBuilder.java:167  | CLinker{head#3453-Clnk-BR refPt:[956.7,630.0]} lengths:{0=7, 1=7, 2=7, 3=7, 4=7}
2026-03-14 01:22:36,692 DEBUG [CRASH COMPLEXION_p011]          StemBuilder.java:1080 | [FAILED toString()]
2026-03-14 01:22:36,693 DEBUG [CRASH COMPLEXION_p011]          StemBuilder.java:167  | CLinker{head#3457-Clnk-TR Glyph{#552 [VERTICAL_SEED]}} lengths:{0=63, 1=63, 2=63, 3=63, 4=63}
2026-03-14 01:22:36,693 DEBUG [CRASH COMPLEXION_p011]          StemBuilder.java:1080 | [FAILED toString()]
2026-03-14 01:22:36,694 DEBUG [CRASH COMPLEXION_p011]          StemBuilder.java:167  | CLinker{head#3457-Clnk-BL refPt:[943.9,634.0]} lengths:{0=3, 1=3, 2=3, 3=3, 4=3}
2026-03-14 01:22:36,700 DEBUG [CRASH COMPLEXION_p011]          StemBuilder.java:1080 | [FAILED toString()]
2026-03-14 01:22:36,700 DEBUG [CRASH COMPLEXION_p011]          StemBuilder.java:167  | CLinker{head#3457-Clnk-TL refPt:[943.9,630.0]} lengths:{0=7, 1=7, 2=7, 3=7, 4=7}
2026-03-14 01:22:36,701 DEBUG [CRASH COMPLEXION_p011]          StemBuilder.java:1080 | [FAILED toString()]
2026-03-14 01:22:36,702 DEBUG [CRASH COMPLEXION_p011]          StemBuilder.java:167  | CLinker{head#3457-Clnk-BR refPt:[957.7,630.0]} lengths:{0=7, 1=7, 2=7, 3=7, 4=7}
2026-03-14 01:22:36,702 DEBUG [CRASH COMPLEXION_p011]          StemBuilder.java:1080 | [FAILED toString()]
2026-03-14 01:22:36,703 DEBUG [CRASH COMPLEXION_p011]          StemBuilder.java:167  | CLinker{head#3991-Clnk-TR Glyph{#569 [VERTICAL_SEED]}} lengths:{0=47, 1=47, 2=47, 3=47, 4=47}
2026-03-14 01:22:36,704 DEBUG [CRASH COMPLEXION_p011]          StemBuilder.java:1080 | [FAILED toString()]
2026-03-14 01:22:36,704 DEBUG [CRASH COMPLEXION_p011]          StemBuilder.java:167  | CLinker{head#3991-Clnk-BL Glyph{#18804 [STUMP]}} lengths:{0=9, 1=9, 2=9, 3=9, 4=9}
2026-03-14 01:22:36,705 DEBUG [CRASH COMPLEXION_p011]          StemBuilder.java:1080 | [FAILED toString()]
2026-03-14 01:22:36,706 DEBUG [CRASH COMPLEXION_p011]          StemBuilder.java:167  | CLinker{head#3991-Clnk-TL refPt:[943.9,1017.0]} lengths:{0=7, 1=7, 2=7, 3=7, 4=7}
2026-03-14 01:22:36,707 DEBUG [CRASH COMPLEXION_p011]          StemBuilder.java:1080 | [FAILED toString()]
2026-03-14 01:22:36,708 DEBUG [CRASH COMPLEXION_p011]          StemBuilder.java:167  | CLinker{head#3991-Clnk-BR Glyph{#569 [VERTICAL_SEED]}} lengths:{0=9, 1=13, 2=13, 3=13, 4=13}
2026-03-14 01:22:36,710 DEBUG [CRASH COMPLEXION_p011]          StemBuilder.java:1080 | [FAILED toString()]
2026-03-14 01:22:36,711 DEBUG [CRASH COMPLEXION_p011]          StemBuilder.java:167  | CLinker{head#4443-Clnk-TR refPt:[958.7,1278.0]} lengths:{0=2, 1=2, 2=2, 3=2, 4=2}
2026-03-14 01:22:36,712 DEBUG [CRASH COMPLEXION_p011]          StemBuilder.java:1080 | [FAILED toString()]
2026-03-14 01:22:36,712 DEBUG [CRASH COMPLEXION_p011]          StemBuilder.java:167  | CLinker{head#4443-Clnk-BL Glyph{#672 [VERTICAL_SEED]}} lengths:{0=36, 1=36, 2=36, 3=36, 4=36}
2026-03-14 01:22:36,713 DEBUG [CRASH COMPLEXION_p011]          StemBuilder.java:1080 | [FAILED toString()]
2026-03-14 01:22:36,714 DEBUG [CRASH COMPLEXION_p011]          StemBuilder.java:167  | CLinker{head#4443-Clnk-TL refPt:[944.9,1283.0]} lengths:{0=7, 1=7, 2=7, 3=7, 4=7}
2026-03-14 01:22:36,714 DEBUG [CRASH COMPLEXION_p011]          StemBuilder.java:1080 | [FAILED toString()]
2026-03-14 01:22:36,715 DEBUG [CRASH COMPLEXION_p011]          StemBuilder.java:167  | CLinker{head#4443-Clnk-BR refPt:[958.7,1283.0]} lengths:{0=7, 1=7, 2=7, 3=7, 4=7}
2026-03-14 01:22:36,716 DEBUG [CRASH COMPLEXION_p011]          StemBuilder.java:1080 | [FAILED toString()]
2026-03-14 01:22:36,716 DEBUG [CRASH COMPLEXION_p011]          StemBuilder.java:167  | CLinker{head#3763-Clnk-TR refPt:[961.7,840.0]} lengths:{0=2, 1=2, 2=2, 3=2, 4=2}
2026-03-14 01:22:36,717 DEBUG [CRASH COMPLEXION_p011]          StemBuilder.java:1080 | [FAILED toString()]
2026-03-14 01:22:36,717 DEBUG [CRASH COMPLEXION_p011]          StemBuilder.java:167  | CLinker{head#3763-Clnk-BL Glyph{#610 [VERTICAL_SEED]}} lengths:{0=43, 1=43, 2=43, 3=43, 4=43}
2026-03-14 01:22:36,718 DEBUG [CRASH COMPLEXION_p011]          StemBuilder.java:1080 | [FAILED toString()]
2026-03-14 01:22:36,718 DEBUG [CRASH COMPLEXION_p011]          StemBuilder.java:167  | CLinker{head#3763-Clnk-TL refPt:[947.9,845.0]} lengths:{0=7, 1=7, 2=7, 3=7, 4=7}
2026-03-14 01:22:36,719 DEBUG [CRASH COMPLEXION_p011]          StemBuilder.java:1080 | [FAILED toString()]
2026-03-14 01:22:36,720 DEBUG [CRASH COMPLEXION_p011]          StemBuilder.java:167  | CLinker{head#3763-Clnk-BR refPt:[961.7,845.0]} lengths:{0=9, 1=9, 2=9, 3=9, 4=9}
2026-03-14 01:22:36,720 DEBUG [CRASH COMPLEXION_p011]          StemBuilder.java:1080 | [FAILED toString()]
2026-03-14 01:22:36,721 DEBUG [CRASH COMPLEXION_p011]          StemBuilder.java:167  | CLinker{head#3989-Clnk-TR refPt:[967.7,1011.0]} lengths:{0=2, 1=2, 2=2, 3=2, 4=2}
2026-03-14 01:22:36,722 DEBUG [CRASH COMPLEXION_p011]          StemBuilder.java:1080 | [FAILED toString()]
2026-03-14 01:22:36,722 DEBUG [CRASH COMPLEXION_p011]          StemBuilder.java:167  | CLinker{head#3989-Clnk-BL refPt:[953.9,1020.0]} lengths:{0=7, 1=7, 2=7, 3=7, 4=7}
2026-03-14 01:22:36,723 DEBUG [CRASH COMPLEXION_p011]          StemBuilder.java:1080 | [FAILED toString()]
2026-03-14 01:22:36,723 DEBUG [CRASH COMPLEXION_p011]          StemBuilder.java:167  | CLinker{head#3989-Clnk-TL Glyph{#569 [VERTICAL_SEED]}} lengths:{0=51, 1=51, 2=51, 3=51, 4=51}
2026-03-14 01:22:36,724 DEBUG [CRASH COMPLEXION_p011]          StemBuilder.java:1080 | [FAILED toString()]
2026-03-14 01:22:36,725 DEBUG [CRASH COMPLEXION_p011]          StemBuilder.java:167  | CLinker{head#3989-Clnk-BR Glyph{#18810 [STUMP]}} lengths:{0=14, 1=14, 2=14, 3=14, 4=14}
2026-03-14 01:22:36,725 DEBUG [CRASH COMPLEXION_p011]          StemBuilder.java:1080 | [FAILED toString()]
2026-03-14 01:22:36,730 DEBUG [CRASH COMPLEXION_p011]          StemBuilder.java:167  | CLinker{head#4453-Clnk-TR refPt:[969.7,1278.0]} lengths:{0=2, 1=2, 2=2, 3=2, 4=2}
2026-03-14 01:22:36,731 DEBUG [CRASH COMPLEXION_p011]          StemBuilder.java:1080 | [FAILED toString()]
2026-03-14 01:22:36,732 DEBUG [CRASH COMPLEXION_p011]          StemBuilder.java:167  | CLinker{head#4453-Clnk-BL refPt:[955.9,1287.0]} lengths:{0=3, 1=3, 2=3, 3=3, 4=3}
2026-03-14 01:22:36,733 DEBUG [CRASH COMPLEXION_p011]          StemBuilder.java:1080 | [FAILED toString()]
2026-03-14 01:22:36,733 DEBUG [CRASH COMPLEXION_p011]          StemBuilder.java:167  | CLinker{head#4453-Clnk-TL refPt:[955.9,1283.0]} lengths:{0=7, 1=7, 2=7, 3=7, 4=7}
2026-03-14 01:22:36,734 DEBUG [CRASH COMPLEXION_p011]          StemBuilder.java:1080 | [FAILED toString()]
2026-03-14 01:22:36,735 DEBUG [CRASH COMPLEXION_p011]          StemBuilder.java:167  | CLinker{head#4453-Clnk-BR Glyph{#645 [VERTICAL_SEED]}} lengths:{0=40, 1=40, 2=40, 3=40, 4=40}
2026-03-14 01:22:36,737 DEBUG [CRASH COMPLEXION_p011]          StemBuilder.java:1080 | [FAILED toString()]
2026-03-14 01:22:36,738 DEBUG [CRASH COMPLEXION_p011]          StemBuilder.java:167  | CLinker{head#4041-Clnk-TR Glyph{#561 [VERTICAL_SEED]}} lengths:{0=57, 1=57, 2=57, 3=57, 4=57}
2026-03-14 01:22:36,739 DEBUG [CRASH COMPLEXION_p011]          StemBuilder.java:1080 | [FAILED toString()]
2026-03-14 01:22:36,740 DEBUG [CRASH COMPLEXION_p011]          StemBuilder.java:167  | CLinker{head#4041-Clnk-BL refPt:[957.9,1027.0]} lengths:{0=3, 1=3, 2=3, 3=3, 4=3}
2026-03-14 01:22:36,741 DEBUG [CRASH COMPLEXION_p011]          StemBuilder.java:1080 | [FAILED toString()]
2026-03-14 01:22:36,742 DEBUG [CRASH COMPLEXION_p011]          StemBuilder.java:167  | CLinker{head#4041-Clnk-TL Glyph{#569 [VERTICAL_SEED]}} lengths:{0=58, 1=58, 2=58, 3=58, 4=58}
2026-03-14 01:22:36,743 DEBUG [CRASH COMPLEXION_p011]          StemBuilder.java:1080 | [FAILED toString()]
2026-03-14 01:22:36,743 DEBUG [CRASH COMPLEXION_p011]          StemBuilder.java:167  | CLinker{head#4041-Clnk-BR refPt:[971.7,1023.0]} lengths:{0=7, 1=7, 2=7, 3=7, 4=7}
2026-03-14 01:22:36,744 DEBUG [CRASH COMPLEXION_p011]          StemBuilder.java:1080 | [FAILED toString()]
2026-03-14 01:22:36,745 DEBUG [CRASH COMPLEXION_p011]          StemBuilder.java:167  | CLinker{head#4053-Clnk-TR Glyph{#561 [VERTICAL_SEED]}} lengths:{0=57, 1=57, 2=57, 3=57, 4=57}
2026-03-14 01:22:36,745 DEBUG [CRASH COMPLEXION_p011]          StemBuilder.java:1080 | [FAILED toString()]
2026-03-14 01:22:36,746 DEBUG [CRASH COMPLEXION_p011]          StemBuilder.java:167  | CLinker{head#4053-Clnk-BL refPt:[960.9,1027.0]} lengths:{0=3, 1=3, 2=3, 3=3, 4=3}
2026-03-14 01:22:36,746 DEBUG [CRASH COMPLEXION_p011]          StemBuilder.java:1080 | [FAILED toString()]
2026-03-14 01:22:36,747 DEBUG [CRASH COMPLEXION_p011]          StemBuilder.java:167  | CLinker{head#4053-Clnk-TL refPt:[960.9,1023.0]} lengths:{0=7, 1=7, 2=7, 3=7, 4=7}
2026-03-14 01:22:36,748 DEBUG [CRASH COMPLEXION_p011]          StemBuilder.java:1080 | [FAILED toString()]
2026-03-14 01:22:36,748 DEBUG [CRASH COMPLEXION_p011]          StemBuilder.java:167  | CLinker{head#4053-Clnk-BR refPt:[974.7,1023.0]} lengths:{0=7, 1=7, 2=7, 3=7, 4=7}
2026-03-14 01:22:36,749 DEBUG [CRASH COMPLEXION_p011]          StemBuilder.java:1080 | [FAILED toString()]
2026-03-14 01:22:36,749 DEBUG [CRASH COMPLEXION_p011]          StemBuilder.java:167  | CLinker{head#4057-Clnk-TR Glyph{#561 [VERTICAL_SEED]}} lengths:{0=57, 1=57, 2=57, 3=57, 4=57}
2026-03-14 01:22:36,750 DEBUG [CRASH COMPLEXION_p011]          StemBuilder.java:1080 | [FAILED toString()]
2026-03-14 01:22:36,751 DEBUG [CRASH COMPLEXION_p011]          StemBuilder.java:167  | CLinker{head#4057-Clnk-BL refPt:[960.9,1027.0]} lengths:{0=3, 1=3, 2=3, 3=3, 4=3}
2026-03-14 01:22:36,751 DEBUG [CRASH COMPLEXION_p011]          StemBuilder.java:1080 | [FAILED toString()]
2026-03-14 01:22:36,752 DEBUG [CRASH COMPLEXION_p011]          StemBuilder.java:167  | CLinker{head#4057-Clnk-TL refPt:[960.9,1023.0]} lengths:{0=7, 1=7, 2=7, 3=7, 4=7}
2026-03-14 01:22:36,753 DEBUG [CRASH COMPLEXION_p011]          StemBuilder.java:1080 | [FAILED toString()]
2026-03-14 01:22:36,753 DEBUG [CRASH COMPLEXION_p011]          StemBuilder.java:167  | CLinker{head#4057-Clnk-BR refPt:[974.7,1023.0]} lengths:{0=7, 1=7, 2=7, 3=7, 4=7}
2026-03-14 01:22:36,754 DEBUG [CRASH COMPLEXION_p011]          StemBuilder.java:1080 | [FAILED toString()]
2026-03-14 01:22:36,755 DEBUG [CRASH COMPLEXION_p011]          StemBuilder.java:167  | CLinker{head#3999-Clnk-TR Glyph{#561 [VERTICAL_SEED]}} lengths:{0=51, 1=51, 2=51, 3=51, 4=51}
2026-03-14 01:22:36,756 DEBUG [CRASH COMPLEXION_p011]          StemBuilder.java:1080 | [FAILED toString()]
2026-03-14 01:22:36,756 DEBUG [CRASH COMPLEXION_p011]          StemBuilder.java:167  | CLinker{head#3999-Clnk-BL refPt:[963.9,1021.0]} lengths:{0=8, 1=8, 2=8, 3=8, 4=8}
2026-03-14 01:22:36,760 DEBUG [CRASH COMPLEXION_p011]          StemBuilder.java:1080 | [FAILED toString()]
2026-03-14 01:22:36,761 DEBUG [CRASH COMPLEXION_p011]          StemBuilder.java:167  | CLinker{head#3999-Clnk-TL refPt:[963.9,1017.0]} lengths:{0=7, 1=7, 2=7, 3=7, 4=7}
2026-03-14 01:22:36,762 DEBUG [CRASH COMPLEXION_p011]          StemBuilder.java:1080 | [FAILED toString()]
2026-03-14 01:22:36,763 DEBUG [CRASH COMPLEXION_p011]          StemBuilder.java:167  | CLinker{head#3999-Clnk-BR Glyph{#561 [VERTICAL_SEED]}} lengths:{0=9, 1=9, 2=9, 3=9, 4=9}
2026-03-14 01:22:36,764 DEBUG [CRASH COMPLEXION_p011]          StemBuilder.java:1080 | [FAILED toString()]
2026-03-14 01:22:36,764 DEBUG [CRASH COMPLEXION_p011]          StemBuilder.java:167  | CLinker{head#4581-Clnk-TR refPt:[978.7,1283.0]} lengths:{0=8, 1=8, 2=8, 3=8, 4=8}
2026-03-14 01:22:36,765 DEBUG [CRASH COMPLEXION_p011]          StemBuilder.java:1080 | [FAILED toString()]
2026-03-14 01:22:36,765 DEBUG [CRASH COMPLEXION_p011]          StemBuilder.java:167  | CLinker{head#4581-Clnk-BL Glyph{#645 [VERTICAL_SEED]}} lengths:{0=31, 1=31, 2=31, 3=31, 4=31}
2026-03-14 01:22:36,766 DEBUG [CRASH COMPLEXION_p011]          StemBuilder.java:1080 | [FAILED toString()]
2026-03-14 01:22:36,766 DEBUG [CRASH COMPLEXION_p011]          StemBuilder.java:167  | CLinker{head#4581-Clnk-TL Glyph{#645 [VERTICAL_SEED]}} lengths:{0=8, 1=8, 2=8, 3=8, 4=8}
2026-03-14 01:22:36,767 DEBUG [CRASH COMPLEXION_p011]          StemBuilder.java:1080 | [FAILED toString()]
2026-03-14 01:22:36,767 DEBUG [CRASH COMPLEXION_p011]          StemBuilder.java:167  | CLinker{head#4581-Clnk-BR refPt:[978.7,1288.0]} lengths:{0=7, 1=7, 2=7, 3=7, 4=7}
2026-03-14 01:22:36,768 DEBUG [CRASH COMPLEXION_p011]          StemBuilder.java:1080 | [FAILED toString()]
2026-03-14 01:22:36,769 DEBUG [CRASH COMPLEXION_p011]          StemBuilder.java:167  | CLinker{head#3463-Clnk-TR Glyph{#541 [VERTICAL_SEED]}} lengths:{0=65, 1=65, 2=65, 3=65, 4=65}
2026-03-14 01:22:36,769 DEBUG [CRASH COMPLEXION_p011]          StemBuilder.java:1080 | [FAILED toString()]
2026-03-14 01:22:36,770 DEBUG [CRASH COMPLEXION_p011]          StemBuilder.java:167  | CLinker{head#3463-Clnk-BL refPt:[966.9,634.0]} lengths:{0=3, 1=3, 2=3, 3=3, 4=3}
2026-03-14 01:22:36,771 DEBUG [CRASH COMPLEXION_p011]          StemBuilder.java:1080 | [FAILED toString()]
2026-03-14 01:22:36,771 DEBUG [CRASH COMPLEXION_p011]          StemBuilder.java:167  | CLinker{head#3463-Clnk-TL refPt:[966.9,630.0]} lengths:{0=7, 1=7, 2=7, 3=7, 4=7}
2026-03-14 01:22:36,772 DEBUG [CRASH COMPLEXION_p011]          StemBuilder.java:1080 | [FAILED toString()]
2026-03-14 01:22:36,772 DEBUG [CRASH COMPLEXION_p011]          StemBuilder.java:167  | CLinker{head#3463-Clnk-BR refPt:[979.7,630.0]} lengths:{0=7, 1=7, 2=7, 3=7, 4=7}
2026-03-14 01:22:36,773 DEBUG [CRASH COMPLEXION_p011]          StemBuilder.java:1080 | [FAILED toString()]
2026-03-14 01:22:36,774 DEBUG [CRASH COMPLEXION_p011]          StemBuilder.java:167  | CLinker{head#3467-Clnk-TR Glyph{#541 [VERTICAL_SEED]}} lengths:{0=65, 1=65, 2=65, 3=65, 4=65}
2026-03-14 01:22:36,774 DEBUG [CRASH COMPLEXION_p011]          StemBuilder.java:1080 | [FAILED toString()]
2026-03-14 01:22:36,775 DEBUG [CRASH COMPLEXION_p011]          StemBuilder.java:167  | CLinker{head#3467-Clnk-BL refPt:[966.9,634.0]} lengths:{0=3, 1=3, 2=3, 3=3, 4=3}
2026-03-14 01:22:36,776 DEBUG [CRASH COMPLEXION_p011]          StemBuilder.java:1080 | [FAILED toString()]
2026-03-14 01:22:36,776 DEBUG [CRASH COMPLEXION_p011]          StemBuilder.java:167  | CLinker{head#3467-Clnk-TL refPt:[966.9,630.0]} lengths:{0=7, 1=7, 2=7, 3=7, 4=7}
2026-03-14 01:22:36,777 DEBUG [CRASH COMPLEXION_p011]          StemBuilder.java:1080 | [FAILED toString()]
2026-03-14 01:22:36,777 DEBUG [CRASH COMPLEXION_p011]          StemBuilder.java:167  | CLinker{head#3467-Clnk-BR refPt:[979.7,630.0]} lengths:{0=7, 1=7, 2=7, 3=7, 4=7}
2026-03-14 01:22:36,778 DEBUG [CRASH COMPLEXION_p011]          StemBuilder.java:1080 | [FAILED toString()]
2026-03-14 01:22:36,779 DEBUG [CRASH COMPLEXION_p011]          StemBuilder.java:167  | CLinker{head#4449-Clnk-TR refPt:[980.7,1278.0]} lengths:{0=3, 1=3, 2=3, 3=3, 4=3}
2026-03-14 01:22:36,779 DEBUG [CRASH COMPLEXION_p011]          StemBuilder.java:1080 | [FAILED toString()]
2026-03-14 01:22:36,780 DEBUG [CRASH COMPLEXION_p011]          StemBuilder.java:167  | CLinker{head#4449-Clnk-BL Glyph{#645 [VERTICAL_SEED]}} lengths:{0=36, 1=36, 2=36, 3=36, 4=36}
2026-03-14 01:22:36,781 DEBUG [CRASH COMPLEXION_p011]          StemBuilder.java:1080 | [FAILED toString()]
2026-03-14 01:22:36,781 DEBUG [CRASH COMPLEXION_p011]          StemBuilder.java:167  | CLinker{head#4449-Clnk-TL refPt:[966.9,1283.0]} lengths:{0=7, 1=7, 2=7, 3=7, 4=7}
2026-03-14 01:22:36,782 DEBUG [CRASH COMPLEXION_p011]          StemBuilder.java:1080 | [FAILED toString()]
2026-03-14 01:22:36,783 DEBUG [CRASH COMPLEXION_p011]          StemBuilder.java:167  | CLinker{head#4449-Clnk-BR refPt:[980.7,1283.0]} lengths:{0=7, 1=7, 2=7, 3=7, 4=7}
2026-03-14 01:22:36,784 DEBUG [CRASH COMPLEXION_p011]          StemBuilder.java:1080 | [FAILED toString()]
2026-03-14 01:22:36,784 DEBUG [CRASH COMPLEXION_p011]          StemBuilder.java:167  | CLinker{head#3995-Clnk-TR refPt:[986.7,1011.0]} lengths:{0=2, 1=2, 2=2, 3=2, 4=2}
2026-03-14 01:22:36,785 DEBUG [CRASH COMPLEXION_p011]          StemBuilder.java:1080 | [FAILED toString()]
2026-03-14 01:22:36,786 DEBUG [CRASH COMPLEXION_p011]          StemBuilder.java:167  | CLinker{head#3995-Clnk-BL refPt:[972.9,1020.0]} lengths:{0=6, 1=6, 2=6, 3=6, 4=6}
2026-03-14 01:22:36,786 DEBUG [CRASH COMPLEXION_p011]          StemBuilder.java:1080 | [FAILED toString()]
2026-03-14 01:22:36,787 DEBUG [CRASH COMPLEXION_p011]          StemBuilder.java:167  | CLinker{head#3995-Clnk-TL Glyph{#561 [VERTICAL_SEED]}} lengths:{0=55, 1=55, 2=55, 3=55, 4=55}
2026-03-14 01:22:36,787 DEBUG [CRASH COMPLEXION_p011]          StemBuilder.java:1080 | [FAILED toString()]
2026-03-14 01:22:36,792 DEBUG [CRASH COMPLEXION_p011]          StemBuilder.java:167  | CLinker{head#3995-Clnk-BR Glyph{#18823 [STUMP]}} lengths:{0=10, 1=10, 2=10, 3=10, 4=10}
2026-03-14 01:22:36,793 DEBUG [CRASH COMPLEXION_p011]          StemBuilder.java:1080 | [FAILED toString()]
2026-03-14 01:22:36,794 DEBUG [CRASH COMPLEXION_p011]          StemBuilder.java:167  | CLinker{head#4463-Clnk-TR refPt:[986.7,1277.0]} lengths:{0=2, 1=2, 2=2, 3=2, 4=2}
2026-03-14 01:22:36,795 DEBUG [CRASH COMPLEXION_p011]          StemBuilder.java:1080 | [FAILED toString()]
2026-03-14 01:22:36,796 DEBUG [CRASH COMPLEXION_p011]          StemBuilder.java:167  | CLinker{head#4463-Clnk-BL refPt:[972.9,1286.0]} lengths:{0=13, 1=37, 2=37, 3=37, 4=37}
2026-03-14 01:22:36,797 DEBUG [CRASH COMPLEXION_p011]          StemBuilder.java:1080 | [FAILED toString()]
2026-03-14 01:22:36,798 DEBUG [CRASH COMPLEXION_p011]          StemBuilder.java:167  | CLinker{head#4463-Clnk-TL refPt:[972.9,1282.0]} lengths:{0=7, 1=7, 2=7, 3=7, 4=7}
2026-03-14 01:22:36,798 DEBUG [CRASH COMPLEXION_p011]          StemBuilder.java:1080 | [FAILED toString()]
2026-03-14 01:22:36,799 DEBUG [CRASH COMPLEXION_p011]          StemBuilder.java:167  | CLinker{head#4463-Clnk-BR Glyph{#673 [VERTICAL_SEED]}} lengths:{0=41, 1=41, 2=41, 3=41, 4=41}
2026-03-14 01:22:36,799 DEBUG [CRASH COMPLEXION_p011]          StemBuilder.java:1080 | [FAILED toString()]
2026-03-14 01:22:36,800 DEBUG [CRASH COMPLEXION_p011]          StemBuilder.java:167  | CLinker{head#3997-Clnk-TR refPt:[990.7,1012.0]} lengths:{0=55, 1=55, 2=55, 3=55, 4=55}
2026-03-14 01:22:36,801 DEBUG [CRASH COMPLEXION_p011]          StemBuilder.java:1080 | [FAILED toString()]
2026-03-14 01:22:36,801 DEBUG [CRASH COMPLEXION_p011]          StemBuilder.java:167  | CLinker{head#3997-Clnk-BL refPt:[976.9,1021.0]} lengths:{0=5, 1=5, 2=5, 3=5, 4=5}
2026-03-14 01:22:36,802 DEBUG [CRASH COMPLEXION_p011]          StemBuilder.java:1080 | [FAILED toString()]
2026-03-14 01:22:36,802 DEBUG [CRASH COMPLEXION_p011]          StemBuilder.java:167  | CLinker{head#3997-Clnk-TL Glyph{#561 [VERTICAL_SEED]}} lengths:{0=56, 1=56, 2=56, 3=56, 4=56}
2026-03-14 01:22:36,803 DEBUG [CRASH COMPLEXION_p011]          StemBuilder.java:1080 | [FAILED toString()]
2026-03-14 01:22:36,804 DEBUG [CRASH COMPLEXION_p011]          StemBuilder.java:167  | CLinker{head#3997-Clnk-BR Glyph{#18825 [STUMP]}} lengths:{0=9, 1=9, 2=9, 3=9, 4=9}
2026-03-14 01:22:36,805 DEBUG [CRASH COMPLEXION_p011]          StemBuilder.java:1080 | [FAILED toString()]
2026-03-14 01:22:36,805 DEBUG [CRASH COMPLEXION_p011]          StemBuilder.java:167  | CLinker{head#4461-Clnk-TR refPt:[990.7,1278.0]} lengths:{0=2, 1=2, 2=2, 3=2, 4=2}
2026-03-14 01:22:36,806 DEBUG [CRASH COMPLEXION_p011]          StemBuilder.java:1080 | [FAILED toString()]
2026-03-14 01:22:36,807 DEBUG [CRASH COMPLEXION_p011]          StemBuilder.java:167  | CLinker{head#4461-Clnk-BL refPt:[976.9,1287.0]} lengths:{0=3, 1=3, 2=3, 3=3, 4=3}
2026-03-14 01:22:36,808 DEBUG [CRASH COMPLEXION_p011]          StemBuilder.java:1080 | [FAILED toString()]
2026-03-14 01:22:36,808 DEBUG [CRASH COMPLEXION_p011]          StemBuilder.java:167  | CLinker{head#4461-Clnk-TL Glyph{#18826 [STUMP]}} lengths:{0=8, 1=8, 2=8, 3=8, 4=8}
2026-03-14 01:22:36,809 DEBUG [CRASH COMPLEXION_p011]          StemBuilder.java:1080 | [FAILED toString()]
2026-03-14 01:22:36,809 DEBUG [CRASH COMPLEXION_p011]          StemBuilder.java:167  | CLinker{head#4461-Clnk-BR Glyph{#673 [VERTICAL_SEED]}} lengths:{0=40, 1=40, 2=40, 3=40, 4=40}
2026-03-14 01:22:36,810 DEBUG [CRASH COMPLEXION_p011]          StemBuilder.java:1080 | [FAILED toString()]
2026-03-14 01:22:36,810 DEBUG [CRASH COMPLEXION_p011]          StemBuilder.java:167  | CLinker{head#4061-Clnk-TR Glyph{#563 [VERTICAL_SEED]}} lengths:{0=61, 1=61, 2=61, 3=61, 4=61}
2026-03-14 01:22:36,811 DEBUG [CRASH COMPLEXION_p011]          StemBuilder.java:1080 | [FAILED toString()]
2026-03-14 01:22:36,811 DEBUG [CRASH COMPLEXION_p011]          StemBuilder.java:167  | CLinker{head#4061-Clnk-BL refPt:[979.9,1027.0]} lengths:{0=0, 1=0, 2=0, 3=0, 4=0}
2026-03-14 01:22:36,812 DEBUG [CRASH COMPLEXION_p011]          StemBuilder.java:1080 | [FAILED toString()]
2026-03-14 01:22:36,812 DEBUG [CRASH COMPLEXION_p011]          StemBuilder.java:167  | CLinker{head#4061-Clnk-TL Glyph{#561 [VERTICAL_SEED]}} lengths:{0=62, 1=62, 2=62, 3=62, 4=62}
2026-03-14 01:22:36,813 DEBUG [CRASH COMPLEXION_p011]          StemBuilder.java:1080 | [FAILED toString()]
2026-03-14 01:22:36,814 DEBUG [CRASH COMPLEXION_p011]          StemBuilder.java:167  | CLinker{head#4061-Clnk-BR refPt:[993.7,1023.0]} lengths:{0=3, 1=3, 2=3, 3=3, 4=3}
2026-03-14 01:22:36,814 DEBUG [CRASH COMPLEXION_p011]          StemBuilder.java:1080 | [FAILED toString()]
2026-03-14 01:22:36,815 DEBUG [CRASH COMPLEXION_p011]          StemBuilder.java:167  | CLinker{head#4003-Clnk-TR Glyph{#563 [VERTICAL_SEED]}} lengths:{0=54, 1=54, 2=54, 3=54, 4=54}
2026-03-14 01:22:36,815 DEBUG [CRASH COMPLEXION_p011]          StemBuilder.java:1080 | [FAILED toString()]
2026-03-14 01:22:36,816 DEBUG [CRASH COMPLEXION_p011]          StemBuilder.java:167  | CLinker{head#4003-Clnk-BL refPt:[982.9,1020.0]} lengths:{0=6, 1=6, 2=6, 3=6, 4=6}
2026-03-14 01:22:36,817 DEBUG [CRASH COMPLEXION_p011]          StemBuilder.java:1080 | [FAILED toString()]
2026-03-14 01:22:36,817 DEBUG [CRASH COMPLEXION_p011]          StemBuilder.java:167  | CLinker{head#4003-Clnk-TL refPt:[982.9,1016.0]} lengths:{0=7, 1=7, 2=7, 3=7, 4=7}
2026-03-14 01:22:36,818 DEBUG [CRASH COMPLEXION_p011]          StemBuilder.java:1080 | [FAILED toString()]
2026-03-14 01:22:36,818 DEBUG [CRASH COMPLEXION_p011]          StemBuilder.java:167  | CLinker{head#4003-Clnk-BR refPt:[996.7,1016.0]} lengths:{0=7, 1=7, 2=7, 3=7, 4=7}
2026-03-14 01:22:36,819 DEBUG [CRASH COMPLEXION_p011]          StemBuilder.java:1080 | [FAILED toString()]
2026-03-14 01:22:36,822 DEBUG [CRASH COMPLEXION_p011]          StemBuilder.java:167  | CLinker{head#4585-Clnk-TR Glyph{#18833 [STUMP]}} lengths:{0=8, 1=8, 2=8, 3=8, 4=8}
2026-03-14 01:22:36,823 DEBUG [CRASH COMPLEXION_p011]          StemBuilder.java:1080 | [FAILED toString()]
2026-03-14 01:22:36,824 DEBUG [CRASH COMPLEXION_p011]          StemBuilder.java:167  | CLinker{head#4585-Clnk-BL Glyph{#673 [VERTICAL_SEED]}} lengths:{0=31, 1=31, 2=31, 3=31, 4=31}
2026-03-14 01:22:36,825 DEBUG [CRASH COMPLEXION_p011]          StemBuilder.java:1080 | [FAILED toString()]
2026-03-14 01:22:36,826 DEBUG [CRASH COMPLEXION_p011]          StemBuilder.java:167  | CLinker{head#4585-Clnk-TL refPt:[986.9,1288.0]} lengths:{0=7, 1=13, 2=13, 3=13, 4=13}
2026-03-14 01:22:36,827 DEBUG [CRASH COMPLEXION_p011]          StemBuilder.java:1080 | [FAILED toString()]
2026-03-14 01:22:36,827 DEBUG [CRASH COMPLEXION_p011]          StemBuilder.java:167  | CLinker{head#4585-Clnk-BR refPt:[1000.7,1288.0]} lengths:{0=7, 1=7, 2=7, 3=7, 4=7}
2026-03-14 01:22:36,828 DEBUG [CRASH COMPLEXION_p011]          StemBuilder.java:1080 | [FAILED toString()]
2026-03-14 01:22:36,828 DEBUG [CRASH COMPLEXION_p011]          StemBuilder.java:167  | CLinker{head#3397-Clnk-TR Glyph{#547 [VERTICAL_SEED]}} lengths:{0=56, 1=56, 2=56, 3=56, 4=56}
2026-03-14 01:22:36,829 DEBUG [CRASH COMPLEXION_p011]          StemBuilder.java:1080 | [FAILED toString()]
2026-03-14 01:22:36,829 DEBUG [CRASH COMPLEXION_p011]          StemBuilder.java:167  | CLinker{head#3397-Clnk-BL Glyph{#18835 [STUMP]}} lengths:{0=9, 1=9, 2=9, 3=9, 4=9}
2026-03-14 01:22:36,830 DEBUG [CRASH COMPLEXION_p011]          StemBuilder.java:1080 | [FAILED toString()]
2026-03-14 01:22:36,830 DEBUG [CRASH COMPLEXION_p011]          StemBuilder.java:167  | CLinker{head#3397-Clnk-TL refPt:[989.9,615.0]} lengths:{0=7, 1=7, 2=7, 3=7, 4=7}
2026-03-14 01:22:36,831 DEBUG [CRASH COMPLEXION_p011]          StemBuilder.java:1080 | [FAILED toString()]
2026-03-14 01:22:36,831 DEBUG [CRASH COMPLEXION_p011]          StemBuilder.java:167  | CLinker{head#3397-Clnk-BR Glyph{#547 [VERTICAL_SEED]}} lengths:{0=11, 1=11, 2=11, 3=11, 4=11}
2026-03-14 01:22:36,832 DEBUG [CRASH COMPLEXION_p011]          StemBuilder.java:1080 | [FAILED toString()]
2026-03-14 01:22:36,832 DEBUG [CRASH COMPLEXION_p011]          StemBuilder.java:167  | CLinker{head#3475-Clnk-TR Glyph{#547 [VERTICAL_SEED]}} lengths:{0=62, 1=62, 2=62, 3=62, 4=62}
2026-03-14 01:22:36,833 DEBUG [CRASH COMPLEXION_p011]          StemBuilder.java:1080 | [FAILED toString()]
2026-03-14 01:22:36,834 DEBUG [CRASH COMPLEXION_p011]          StemBuilder.java:167  | CLinker{head#3475-Clnk-BL refPt:[989.9,625.0]} lengths:{0=3, 1=3, 2=3, 3=3, 4=3}
2026-03-14 01:22:36,835 DEBUG [CRASH COMPLEXION_p011]          StemBuilder.java:1080 | [FAILED toString()]
2026-03-14 01:22:36,835 DEBUG [CRASH COMPLEXION_p011]          StemBuilder.java:167  | CLinker{head#3475-Clnk-TL refPt:[989.9,621.0]} lengths:{0=7, 1=7, 2=7, 3=7, 4=7}
2026-03-14 01:22:36,836 DEBUG [CRASH COMPLEXION_p011]          StemBuilder.java:1080 | [FAILED toString()]
2026-03-14 01:22:36,837 DEBUG [CRASH COMPLEXION_p011]          StemBuilder.java:167  | CLinker{head#3475-Clnk-BR refPt:[1003.7,621.0]} lengths:{0=7, 1=7, 2=7, 3=7, 4=7}
2026-03-14 01:22:36,838 DEBUG [CRASH COMPLEXION_p011]          StemBuilder.java:1080 | [FAILED toString()]
2026-03-14 01:22:36,838 DEBUG [CRASH COMPLEXION_p011]          StemBuilder.java:167  | CLinker{head#4457-Clnk-TR refPt:[1003.7,1277.0]} lengths:{0=2, 1=2, 2=2, 3=2, 4=2}
2026-03-14 01:22:36,839 DEBUG [CRASH COMPLEXION_p011]          StemBuilder.java:1080 | [FAILED toString()]
2026-03-14 01:22:36,840 DEBUG [CRASH COMPLEXION_p011]          StemBuilder.java:167  | CLinker{head#4457-Clnk-BL Glyph{#673 [VERTICAL_SEED]}} lengths:{0=37, 1=37, 2=37, 3=37, 4=37}
2026-03-14 01:22:36,841 DEBUG [CRASH COMPLEXION_p011]          StemBuilder.java:1080 | [FAILED toString()]
2026-03-14 01:22:36,841 DEBUG [CRASH COMPLEXION_p011]          StemBuilder.java:167  | CLinker{head#4457-Clnk-TL refPt:[989.9,1282.0]} lengths:{0=7, 1=7, 2=7, 3=7, 4=7}
2026-03-14 01:22:36,842 DEBUG [CRASH COMPLEXION_p011]          StemBuilder.java:1080 | [FAILED toString()]
2026-03-14 01:22:36,842 DEBUG [CRASH COMPLEXION_p011]          StemBuilder.java:167  | CLinker{head#4457-Clnk-BR refPt:[1003.7,1282.0]} lengths:{0=7, 1=7, 2=7, 3=7, 4=7}
2026-03-14 01:22:36,843 DEBUG [CRASH COMPLEXION_p011]          StemBuilder.java:1080 | [FAILED toString()]
2026-03-14 01:22:36,844 DEBUG [CRASH COMPLEXION_p011]          StemBuilder.java:167  | CLinker{head#3471-Clnk-TR Glyph{#547 [VERTICAL_SEED]}} lengths:{0=62, 1=62, 2=62, 3=62, 4=62}
2026-03-14 01:22:36,844 DEBUG [CRASH COMPLEXION_p011]          StemBuilder.java:1080 | [FAILED toString()]
2026-03-14 01:22:36,845 DEBUG [CRASH COMPLEXION_p011]          StemBuilder.java:167  | CLinker{head#3471-Clnk-BL refPt:[990.9,625.0]} lengths:{0=3, 1=3, 2=3, 3=3, 4=3}
2026-03-14 01:22:36,846 DEBUG [CRASH COMPLEXION_p011]          StemBuilder.java:1080 | [FAILED toString()]
2026-03-14 01:22:36,846 DEBUG [CRASH COMPLEXION_p011]          StemBuilder.java:167  | CLinker{head#3471-Clnk-TL refPt:[990.9,621.0]} lengths:{0=7, 1=7, 2=7, 3=7, 4=7}
2026-03-14 01:22:36,847 DEBUG [CRASH COMPLEXION_p011]          StemBuilder.java:1080 | [FAILED toString()]
2026-03-14 01:22:36,847 DEBUG [CRASH COMPLEXION_p011]          StemBuilder.java:167  | CLinker{head#3471-Clnk-BR refPt:[1004.7,621.0]} lengths:{0=7, 1=7, 2=7, 3=7, 4=7}
2026-03-14 01:22:36,848 DEBUG [CRASH COMPLEXION_p011]          StemBuilder.java:1080 | [FAILED toString()]
2026-03-14 01:22:36,849 DEBUG [CRASH COMPLEXION_p011]          StemBuilder.java:167  | CLinker{head#4007-Clnk-TR Glyph{#702 [VERTICAL_SEED]}} lengths:{0=23, 1=23, 2=23, 3=23, 4=23}
2026-03-14 01:22:36,850 DEBUG [CRASH COMPLEXION_p011]          StemBuilder.java:1080 | [FAILED toString()]
2026-03-14 01:22:36,850 DEBUG [CRASH COMPLEXION_p011]          StemBuilder.java:167  | CLinker{head#4007-Clnk-BL refPt:[990.9,1021.0]} lengths:{0=3, 1=3, 2=3, 3=3, 4=3}
2026-03-14 01:22:36,851 DEBUG [CRASH COMPLEXION_p011]          StemBuilder.java:1080 | [FAILED toString()]
2026-03-14 01:22:36,854 DEBUG [CRASH COMPLEXION_p011]          StemBuilder.java:167  | CLinker{head#4007-Clnk-TL Glyph{#563 [VERTICAL_SEED]}} lengths:{0=60, 1=60, 2=60, 3=60, 4=60}
2026-03-14 01:22:36,855 DEBUG [CRASH COMPLEXION_p011]          StemBuilder.java:1080 | [FAILED toString()]
2026-03-14 01:22:36,856 DEBUG [CRASH COMPLEXION_p011]          StemBuilder.java:167  | CLinker{head#4007-Clnk-BR Glyph{#702 [VERTICAL_SEED]}} lengths:{0=9, 1=9, 2=9, 3=9, 4=9}
2026-03-14 01:22:36,864 DEBUG [CRASH COMPLEXION_p011]          StemBuilder.java:1080 | [FAILED toString()]
2026-03-14 01:22:36,865 DEBUG [CRASH COMPLEXION_p011]          StemBuilder.java:167  | CLinker{head#3481-Clnk-TR Glyph{#712 [VERTICAL_SEED]}} lengths:{0=22, 1=22, 2=22, 3=22, 4=22}
2026-03-14 01:22:36,866 DEBUG [CRASH COMPLEXION_p011]          StemBuilder.java:1080 | [FAILED toString()]
2026-03-14 01:22:36,866 DEBUG [CRASH COMPLEXION_p011]          StemBuilder.java:167  | CLinker{head#3481-Clnk-BL refPt:[993.9,625.0]} lengths:{0=3, 1=3, 2=3, 3=3, 4=3}
2026-03-14 01:22:36,867 DEBUG [CRASH COMPLEXION_p011]          StemBuilder.java:1080 | [FAILED toString()]
2026-03-14 01:22:36,868 DEBUG [CRASH COMPLEXION_p011]          StemBuilder.java:167  | CLinker{head#3481-Clnk-TL refPt:[993.9,621.0]} lengths:{0=7, 1=7, 2=7, 3=7, 4=7}
2026-03-14 01:22:36,869 DEBUG [CRASH COMPLEXION_p011]          StemBuilder.java:1080 | [FAILED toString()]
2026-03-14 01:22:36,869 DEBUG [CRASH COMPLEXION_p011]          StemBuilder.java:167  | CLinker{head#3481-Clnk-BR refPt:[1007.7,621.0]} lengths:{0=7, 1=7, 2=7, 3=7, 4=7}
2026-03-14 01:22:36,870 DEBUG [CRASH COMPLEXION_p011]          StemBuilder.java:1080 | [FAILED toString()]
2026-03-14 01:22:36,871 DEBUG [CRASH COMPLEXION_p011]          StemBuilder.java:167  | CLinker{head#3929-Clnk-TR Glyph{#702 [VERTICAL_SEED]}} lengths:{0=9, 1=9, 2=9, 3=9, 4=9}
2026-03-14 01:22:36,872 DEBUG [CRASH COMPLEXION_p011]          StemBuilder.java:1080 | [FAILED toString()]
2026-03-14 01:22:36,872 DEBUG [CRASH COMPLEXION_p011]          StemBuilder.java:167  | CLinker{head#3929-Clnk-BL Glyph{#563 [VERTICAL_SEED]}} lengths:{0=17, 1=19, 2=19, 3=19, 4=19}
2026-03-14 01:22:36,873 DEBUG [CRASH COMPLEXION_p011]          StemBuilder.java:1080 | [FAILED toString()]
2026-03-14 01:22:36,874 DEBUG [CRASH COMPLEXION_p011]          StemBuilder.java:167  | CLinker{head#3929-Clnk-TL Glyph{#563 [VERTICAL_SEED]}} lengths:{0=46, 1=46, 2=46, 3=46, 4=46}
2026-03-14 01:22:36,874 DEBUG [CRASH COMPLEXION_p011]          StemBuilder.java:1080 | [FAILED toString()]
2026-03-14 01:22:36,875 DEBUG [CRASH COMPLEXION_p011]          StemBuilder.java:167  | CLinker{head#3929-Clnk-BR Glyph{#702 [VERTICAL_SEED]}} lengths:{0=23, 1=23, 2=23, 3=23, 4=23}
2026-03-14 01:22:36,875 DEBUG [CRASH COMPLEXION_p011]          StemBuilder.java:1080 | [FAILED toString()]
2026-03-14 01:22:36,876 DEBUG [CRASH COMPLEXION_p011]          StemBuilder.java:167  | CLinker{head#3395-Clnk-TR Glyph{#712 [VERTICAL_SEED]}} lengths:{0=18, 1=18, 2=18, 3=18, 4=18}
2026-03-14 01:22:36,876 DEBUG [CRASH COMPLEXION_p011]          StemBuilder.java:1080 | [FAILED toString()]
2026-03-14 01:22:36,876 DEBUG [CRASH COMPLEXION_p011]          StemBuilder.java:167  | CLinker{head#3395-Clnk-BL refPt:[1001.9,621.0]} lengths:{0=5, 1=5, 2=5, 3=5, 4=5}
2026-03-14 01:22:36,877 DEBUG [CRASH COMPLEXION_p011]          StemBuilder.java:1080 | [FAILED toString()]
2026-03-14 01:22:36,877 DEBUG [CRASH COMPLEXION_p011]          StemBuilder.java:167  | CLinker{head#3395-Clnk-TL Glyph{#547 [VERTICAL_SEED]}} lengths:{0=63, 1=63, 2=63, 3=63, 4=63}
2026-03-14 01:22:36,878 DEBUG [CRASH COMPLEXION_p011]          StemBuilder.java:1080 | [FAILED toString()]
2026-03-14 01:22:36,878 DEBUG [CRASH COMPLEXION_p011]          StemBuilder.java:167  | CLinker{head#3395-Clnk-BR refPt:[1015.7,617.0]} lengths:{0=7, 1=7, 2=7, 3=7, 4=7}
2026-03-14 01:22:36,879 DEBUG [CRASH COMPLEXION_p011]          StemBuilder.java:1080 | [FAILED toString()]
2026-03-14 01:22:36,879 DEBUG [CRASH COMPLEXION_p011]          StemBuilder.java:167  | CLinker{head#3947-Clnk-TR refPt:[1019.7,1005.0]} lengths:{0=2, 1=2, 2=2, 3=2, 4=2}
2026-03-14 01:22:36,880 DEBUG [CRASH COMPLEXION_p011]          StemBuilder.java:1080 | [FAILED toString()]
2026-03-14 01:22:36,881 DEBUG [CRASH COMPLEXION_p011]          StemBuilder.java:167  | CLinker{head#3947-Clnk-BL Glyph{#702 [VERTICAL_SEED]}} lengths:{0=12, 1=12, 2=12, 3=12, 4=12}
2026-03-14 01:22:36,882 DEBUG [CRASH COMPLEXION_p011]          StemBuilder.java:1080 | [FAILED toString()]
2026-03-14 01:22:36,882 DEBUG [CRASH COMPLEXION_p011]          StemBuilder.java:167  | CLinker{head#3947-Clnk-TL Glyph{#702 [VERTICAL_SEED]}} lengths:{0=21, 1=21, 2=21, 3=21, 4=21}
2026-03-14 01:22:36,884 DEBUG [CRASH COMPLEXION_p011]          StemBuilder.java:1080 | [FAILED toString()]
2026-03-14 01:22:36,892 DEBUG [CRASH COMPLEXION_p011]          StemBuilder.java:167  | CLinker{head#3947-Clnk-BR refPt:[1019.7,1010.0]} lengths:{0=6, 1=6, 2=6, 3=6, 4=6}
2026-03-14 01:22:36,893 DEBUG [CRASH COMPLEXION_p011]          StemBuilder.java:1080 | [FAILED toString()]
2026-03-14 01:22:36,893 DEBUG [CRASH COMPLEXION_p011]          StemBuilder.java:167  | CLinker{head#4391-Clnk-TR Glyph{#548 [VERTICAL_SEED]}} lengths:{0=66, 1=66, 2=66, 3=66, 4=66}
2026-03-14 01:22:36,894 DEBUG [CRASH COMPLEXION_p011]          StemBuilder.java:1080 | [FAILED toString()]
2026-03-14 01:22:36,894 DEBUG [CRASH COMPLEXION_p011]          StemBuilder.java:167  | CLinker{head#4391-Clnk-BL refPt:[1009.9,1266.0]} lengths:{0=0, 1=0, 2=0, 3=0, 4=0}
2026-03-14 01:22:36,895 DEBUG [CRASH COMPLEXION_p011]          StemBuilder.java:1080 | [FAILED toString()]
2026-03-14 01:22:36,896 DEBUG [CRASH COMPLEXION_p011]          StemBuilder.java:167  | CLinker{head#4391-Clnk-TL refPt:[1009.9,1262.0]} lengths:{0=9, 1=9, 2=9, 3=9, 4=9}
2026-03-14 01:22:36,897 DEBUG [CRASH COMPLEXION_p011]          StemBuilder.java:1080 | [FAILED toString()]
2026-03-14 01:22:36,897 DEBUG [CRASH COMPLEXION_p011]          StemBuilder.java:167  | CLinker{head#4391-Clnk-BR refPt:[1023.7,1262.0]} lengths:{0=3, 1=3, 2=3, 3=3, 4=3}
2026-03-14 01:22:36,898 DEBUG [CRASH COMPLEXION_p011]          StemBuilder.java:1080 | [FAILED toString()]
2026-03-14 01:22:36,898 DEBUG [CRASH COMPLEXION_p011]          StemBuilder.java:167  | CLinker{head#3405-Clnk-TR refPt:[1025.7,611.0]} lengths:{0=2, 1=2, 2=2, 3=2, 4=2}
2026-03-14 01:22:36,899 DEBUG [CRASH COMPLEXION_p011]          StemBuilder.java:1080 | [FAILED toString()]
2026-03-14 01:22:36,900 DEBUG [CRASH COMPLEXION_p011]          StemBuilder.java:167  | CLinker{head#3405-Clnk-BL refPt:[1011.9,620.0]} lengths:{0=5, 1=5, 2=5, 3=5, 4=5}
2026-03-14 01:22:36,901 DEBUG [CRASH COMPLEXION_p011]          StemBuilder.java:1080 | [FAILED toString()]
2026-03-14 01:22:36,902 DEBUG [CRASH COMPLEXION_p011]          StemBuilder.java:167  | CLinker{head#3405-Clnk-TL Glyph{#712 [VERTICAL_SEED]}} lengths:{0=22, 1=22, 2=22, 3=22, 4=22}
2026-03-14 01:22:36,902 DEBUG [CRASH COMPLEXION_p011]          StemBuilder.java:1080 | [FAILED toString()]
2026-03-14 01:22:36,903 DEBUG [CRASH COMPLEXION_p011]          StemBuilder.java:167  | CLinker{head#3405-Clnk-BR Glyph{#18847 [STUMP]}} lengths:{0=9, 1=9, 2=9, 3=9, 4=9}
2026-03-14 01:22:36,903 DEBUG [CRASH COMPLEXION_p011]          StemBuilder.java:1080 | [FAILED toString()]
2026-03-14 01:22:36,904 DEBUG [CRASH COMPLEXION_p011]          StemBuilder.java:167  | CLinker{head#4331-Clnk-TR Glyph{#548 [VERTICAL_SEED]}} lengths:{0=59, 1=59, 2=59, 3=59, 4=59}
2026-03-14 01:22:36,904 DEBUG [CRASH COMPLEXION_p011]          StemBuilder.java:1080 | [FAILED toString()]
2026-03-14 01:22:36,905 DEBUG [CRASH COMPLEXION_p011]          StemBuilder.java:167  | CLinker{head#4331-Clnk-BL refPt:[1011.9,1259.0]} lengths:{0=5, 1=5, 2=5, 3=5, 4=5}
2026-03-14 01:22:36,905 DEBUG [CRASH COMPLEXION_p011]          StemBuilder.java:1080 | [FAILED toString()]
2026-03-14 01:22:36,906 DEBUG [CRASH COMPLEXION_p011]          StemBuilder.java:167  | CLinker{head#4331-Clnk-TL refPt:[1011.9,1255.0]} lengths:{0=7, 1=7, 2=7, 3=7, 4=7}
2026-03-14 01:22:36,907 DEBUG [CRASH COMPLEXION_p011]          StemBuilder.java:1080 | [FAILED toString()]
2026-03-14 01:22:36,907 DEBUG [CRASH COMPLEXION_p011]          StemBuilder.java:167  | CLinker{head#4331-Clnk-BR refPt:[1025.7,1255.0]} lengths:{0=7, 1=7, 2=7, 3=7, 4=7}
2026-03-14 01:22:36,908 DEBUG [CRASH COMPLEXION_p011]          StemBuilder.java:1080 | [FAILED toString()]
2026-03-14 01:22:36,908 DEBUG [CRASH COMPLEXION_p011]          StemBuilder.java:167  | CLinker{head#4333-Clnk-TR Glyph{#548 [VERTICAL_SEED]}} lengths:{0=60, 1=60, 2=60, 3=60, 4=60}
2026-03-14 01:22:36,909 DEBUG [CRASH COMPLEXION_p011]          StemBuilder.java:1080 | [FAILED toString()]
2026-03-14 01:22:36,910 DEBUG [CRASH COMPLEXION_p011]          StemBuilder.java:167  | CLinker{head#4333-Clnk-BL refPt:[1011.9,1260.0]} lengths:{0=4, 1=4, 2=4, 3=4, 4=4}
2026-03-14 01:22:36,910 DEBUG [CRASH COMPLEXION_p011]          StemBuilder.java:1080 | [FAILED toString()]
2026-03-14 01:22:36,911 DEBUG [CRASH COMPLEXION_p011]          StemBuilder.java:167  | CLinker{head#4333-Clnk-TL refPt:[1011.9,1256.0]} lengths:{0=7, 1=7, 2=7, 3=7, 4=7}
2026-03-14 01:22:36,912 DEBUG [CRASH COMPLEXION_p011]          StemBuilder.java:1080 | [FAILED toString()]
2026-03-14 01:22:36,912 DEBUG [CRASH COMPLEXION_p011]          StemBuilder.java:167  | CLinker{head#4333-Clnk-BR refPt:[1025.7,1256.0]} lengths:{0=7, 1=7, 2=7, 3=7, 4=7}
2026-03-14 01:22:36,913 DEBUG [CRASH COMPLEXION_p011]          StemBuilder.java:1080 | [FAILED toString()]
2026-03-14 01:22:36,917 DEBUG [CRASH COMPLEXION_p011]          StemBuilder.java:167  | CLinker{head#3949-Clnk-TR Glyph{#573 [VERTICAL_SEED]}} lengths:{0=53, 1=53, 2=53, 3=53, 4=53}
2026-03-14 01:22:36,918 DEBUG [CRASH COMPLEXION_p011]          StemBuilder.java:1080 | [FAILED toString()]
2026-03-14 01:22:36,919 DEBUG [CRASH COMPLEXION_p011]          StemBuilder.java:167  | CLinker{head#3949-Clnk-BL refPt:[1014.9,1013.0]} lengths:{0=4, 1=4, 2=4, 3=4, 4=4}
2026-03-14 01:22:36,920 DEBUG [CRASH COMPLEXION_p011]          StemBuilder.java:1080 | [FAILED toString()]
2026-03-14 01:22:36,921 DEBUG [CRASH COMPLEXION_p011]          StemBuilder.java:167  | CLinker{head#3949-Clnk-TL refPt:[1014.9,1009.0]} lengths:{0=7, 1=7, 2=7, 3=7, 4=7}
2026-03-14 01:22:36,922 DEBUG [CRASH COMPLEXION_p011]          StemBuilder.java:1080 | [FAILED toString()]
2026-03-14 01:22:36,922 DEBUG [CRASH COMPLEXION_p011]          StemBuilder.java:167  | CLinker{head#3949-Clnk-BR refPt:[1028.7,1009.0]} lengths:{0=7, 1=7, 2=7, 3=7, 4=7}
2026-03-14 01:22:36,923 DEBUG [CRASH COMPLEXION_p011]          StemBuilder.java:1080 | [FAILED toString()]
2026-03-14 01:22:36,924 DEBUG [CRASH COMPLEXION_p011]          StemBuilder.java:167  | CLinker{head#3953-Clnk-TR Glyph{#573 [VERTICAL_SEED]}} lengths:{0=53, 1=53, 2=53, 3=53, 4=53}
2026-03-14 01:22:36,925 DEBUG [CRASH COMPLEXION_p011]          StemBuilder.java:1080 | [FAILED toString()]
2026-03-14 01:22:36,925 DEBUG [CRASH COMPLEXION_p011]          StemBuilder.java:167  | CLinker{head#3953-Clnk-BL refPt:[1014.9,1013.0]} lengths:{0=4, 1=4, 2=4, 3=4, 4=4}
2026-03-14 01:22:36,926 DEBUG [CRASH COMPLEXION_p011]          StemBuilder.java:1080 | [FAILED toString()]
2026-03-14 01:22:36,928 DEBUG [CRASH COMPLEXION_p011]          StemBuilder.java:167  | CLinker{head#3953-Clnk-TL refPt:[1014.9,1009.0]} lengths:{0=7, 1=7, 2=7, 3=7, 4=7}
2026-03-14 01:22:36,929 DEBUG [CRASH COMPLEXION_p011]          StemBuilder.java:1080 | [FAILED toString()]
2026-03-14 01:22:36,929 DEBUG [CRASH COMPLEXION_p011]          StemBuilder.java:167  | CLinker{head#3953-Clnk-BR refPt:[1028.7,1009.0]} lengths:{0=7, 1=7, 2=7, 3=7, 4=7}
2026-03-14 01:22:36,931 DEBUG [CRASH COMPLEXION_p011]          StemBuilder.java:1080 | [FAILED toString()]
2026-03-14 01:22:36,931 DEBUG [CRASH COMPLEXION_p011]          StemBuilder.java:167  | CLinker{head#3933-Clnk-TR Glyph{#573 [VERTICAL_SEED]}} lengths:{0=47, 1=47, 2=47, 3=47, 4=47}
2026-03-14 01:22:36,932 DEBUG [CRASH COMPLEXION_p011]          StemBuilder.java:1080 | [FAILED toString()]
2026-03-14 01:22:36,932 DEBUG [CRASH COMPLEXION_p011]          StemBuilder.java:167  | CLinker{head#3933-Clnk-BL refPt:[1017.9,1007.0]} lengths:{0=8, 1=8, 2=8, 3=8, 4=8}
2026-03-14 01:22:36,933 DEBUG [CRASH COMPLEXION_p011]          StemBuilder.java:1080 | [FAILED toString()]
2026-03-14 01:22:36,934 DEBUG [CRASH COMPLEXION_p011]          StemBuilder.java:167  | CLinker{head#3933-Clnk-TL refPt:[1017.9,1003.0]} lengths:{0=7, 1=7, 2=7, 3=7, 4=7}
2026-03-14 01:22:36,934 DEBUG [CRASH COMPLEXION_p011]          StemBuilder.java:1080 | [FAILED toString()]
2026-03-14 01:22:36,935 DEBUG [CRASH COMPLEXION_p011]          StemBuilder.java:167  | CLinker{head#3933-Clnk-BR refPt:[1030.7,1003.0]} lengths:{0=8, 1=8, 2=8, 3=8, 4=8}
2026-03-14 01:22:36,935 DEBUG [CRASH COMPLEXION_p011]          StemBuilder.java:1080 | [FAILED toString()]
2026-03-14 01:22:36,936 DEBUG [CRASH COMPLEXION_p011]          StemBuilder.java:167  | CLinker{head#3409-Clnk-TR Glyph{#564 [VERTICAL_SEED]}} lengths:{0=58, 1=58, 2=58, 3=58, 4=58}
2026-03-14 01:22:36,938 DEBUG [CRASH COMPLEXION_p011]          StemBuilder.java:1080 | [FAILED toString()]
2026-03-14 01:22:36,938 DEBUG [CRASH COMPLEXION_p011]          StemBuilder.java:167  | CLinker{head#3409-Clnk-BL refPt:[1020.9,621.0]} lengths:{0=3, 1=3, 2=3, 3=3, 4=3}
2026-03-14 01:22:36,940 DEBUG [CRASH COMPLEXION_p011]          StemBuilder.java:1080 | [FAILED toString()]
2026-03-14 01:22:36,940 DEBUG [CRASH COMPLEXION_p011]          StemBuilder.java:167  | CLinker{head#3409-Clnk-TL refPt:[1020.9,617.0]} lengths:{0=9, 1=9, 2=9, 3=9, 4=9}
2026-03-14 01:22:36,941 DEBUG [CRASH COMPLEXION_p011]          StemBuilder.java:1080 | [FAILED toString()]
2026-03-14 01:22:36,941 DEBUG [CRASH COMPLEXION_p011]          StemBuilder.java:167  | CLinker{head#3409-Clnk-BR refPt:[1034.7,617.0]} lengths:{0=7, 1=7, 2=7, 3=7, 4=7}
2026-03-14 01:22:36,943 DEBUG [CRASH COMPLEXION_p011]          StemBuilder.java:1080 | [FAILED toString()]
2026-03-14 01:22:36,944 DEBUG [CRASH COMPLEXION_p011]          StemBuilder.java:167  | CLinker{head#3411-Clnk-TR Glyph{#564 [VERTICAL_SEED]}} lengths:{0=57, 1=57, 2=57, 3=57, 4=57}
2026-03-14 01:22:36,944 DEBUG [CRASH COMPLEXION_p011]          StemBuilder.java:1080 | [FAILED toString()]
2026-03-14 01:22:36,950 DEBUG [CRASH COMPLEXION_p011]          StemBuilder.java:167  | CLinker{head#3411-Clnk-BL refPt:[1020.9,620.0]} lengths:{0=4, 1=4, 2=4, 3=4, 4=4}
2026-03-14 01:22:36,951 DEBUG [CRASH COMPLEXION_p011]          StemBuilder.java:1080 | [FAILED toString()]
2026-03-14 01:22:36,952 DEBUG [CRASH COMPLEXION_p011]          StemBuilder.java:167  | CLinker{head#3411-Clnk-TL Glyph{#18858 [STUMP]}} lengths:{0=8, 1=8, 2=8, 3=8, 4=8}
2026-03-14 01:22:36,953 DEBUG [CRASH COMPLEXION_p011]          StemBuilder.java:1080 | [FAILED toString()]
2026-03-14 01:22:36,954 DEBUG [CRASH COMPLEXION_p011]          StemBuilder.java:167  | CLinker{head#3411-Clnk-BR refPt:[1034.7,616.0]} lengths:{0=7, 1=7, 2=7, 3=7, 4=7}
2026-03-14 01:22:36,955 DEBUG [CRASH COMPLEXION_p011]          StemBuilder.java:1080 | [FAILED toString()]
2026-03-14 01:22:36,955 DEBUG [CRASH COMPLEXION_p011]          StemBuilder.java:167  | CLinker{head#4186-Clnk-TR refPt:[1043.7,984.0]} lengths:{0=2, 1=2, 2=2, 3=2, 4=2}
2026-03-14 01:22:36,956 DEBUG [CRASH COMPLEXION_p011]          StemBuilder.java:1080 | [FAILED toString()]
2026-03-14 01:22:36,957 DEBUG [CRASH COMPLEXION_p011]          StemBuilder.java:167  | CLinker{head#4186-Clnk-BL Glyph{#573 [VERTICAL_SEED]}} lengths:{0=23, 1=23, 2=23, 3=23, 4=23}
2026-03-14 01:22:36,957 DEBUG [CRASH COMPLEXION_p011]          StemBuilder.java:1080 | [FAILED toString()]
2026-03-14 01:22:36,958 DEBUG [CRASH COMPLEXION_p011]          StemBuilder.java:167  | CLinker{head#4186-Clnk-TL Glyph{#573 [VERTICAL_SEED]}} lengths:{0=38, 1=38, 2=38, 3=38, 4=38}
2026-03-14 01:22:36,959 DEBUG [CRASH COMPLEXION_p011]          StemBuilder.java:1080 | [FAILED toString()]
2026-03-14 01:22:36,959 DEBUG [CRASH COMPLEXION_p011]          StemBuilder.java:167  | CLinker{head#4186-Clnk-BR Glyph{#18859 [STUMP]}} lengths:{0=23, 1=23, 2=23, 3=23, 4=23}
2026-03-14 01:22:36,960 DEBUG [CRASH COMPLEXION_p011]          StemBuilder.java:1080 | [FAILED toString()]
2026-03-14 01:22:36,961 DEBUG [CRASH COMPLEXION_p011]          StemBuilder.java:167  | CLinker{head#4761-Clnk-TR refPt:[1045.7,1277.0]} lengths:{0=2, 1=2, 2=2, 3=2, 4=2}
2026-03-14 01:22:36,962 DEBUG [CRASH COMPLEXION_p011]          StemBuilder.java:1080 | [FAILED toString()]
2026-03-14 01:22:36,963 DEBUG [CRASH COMPLEXION_p011]          StemBuilder.java:167  | CLinker{head#4761-Clnk-BL refPt:[1034.9,1286.0]} lengths:{0=3, 1=3, 2=3, 3=3, 4=3}
2026-03-14 01:22:36,964 DEBUG [CRASH COMPLEXION_p011]          StemBuilder.java:1080 | [FAILED toString()]
2026-03-14 01:22:36,965 DEBUG [CRASH COMPLEXION_p011]          StemBuilder.java:167  | CLinker{head#4761-Clnk-TL refPt:[1034.9,1282.0]} lengths:{0=7, 1=7, 2=7, 3=7, 4=7}
2026-03-14 01:22:36,965 DEBUG [CRASH COMPLEXION_p011]          StemBuilder.java:1080 | [FAILED toString()]
2026-03-14 01:22:36,966 DEBUG [CRASH COMPLEXION_p011]          StemBuilder.java:167  | CLinker{head#4761-Clnk-BR refPt:[1045.7,1282.0]} lengths:{0=17, 1=17, 2=17, 3=17, 4=17}
2026-03-14 01:22:36,967 DEBUG [CRASH COMPLEXION_p011]          StemBuilder.java:1080 | [FAILED toString()]
2026-03-14 01:22:36,967 DEBUG [CRASH COMPLEXION_p011]          StemBuilder.java:167  | CLinker{head#4215-Clnk-TR refPt:[1055.7,998.0]} lengths:{0=2, 1=2, 2=2, 3=2, 4=2}
2026-03-14 01:22:36,968 DEBUG [CRASH COMPLEXION_p011]          StemBuilder.java:1080 | [FAILED toString()]
2026-03-14 01:22:36,968 DEBUG [CRASH COMPLEXION_p011]          StemBuilder.java:167  | CLinker{head#4215-Clnk-BL refPt:[1044.9,1007.0]} lengths:{0=5, 1=5, 2=5, 3=5, 4=5}
2026-03-14 01:22:36,969 DEBUG [CRASH COMPLEXION_p011]          StemBuilder.java:1080 | [FAILED toString()]
2026-03-14 01:22:36,969 DEBUG [CRASH COMPLEXION_p011]          StemBuilder.java:167  | CLinker{head#4215-Clnk-TL Glyph{#18860 [STUMP]}} lengths:{0=13, 1=13, 2=13, 3=13, 4=13}
2026-03-14 01:22:36,970 DEBUG [CRASH COMPLEXION_p011]          StemBuilder.java:1080 | [FAILED toString()]
2026-03-14 01:22:36,970 DEBUG [CRASH COMPLEXION_p011]          StemBuilder.java:167  | CLinker{head#4215-Clnk-BR refPt:[1055.7,1003.0]} lengths:{0=7, 1=7, 2=7, 3=7, 4=7}
2026-03-14 01:22:36,971 DEBUG [CRASH COMPLEXION_p011]          StemBuilder.java:1080 | [FAILED toString()]
2026-03-14 01:22:36,972 DEBUG [CRASH COMPLEXION_p011]          StemBuilder.java:167  | CLinker{head#3577-Clnk-TR refPt:[1063.7,556.0]} lengths:{0=2, 1=2, 2=2, 3=2, 4=2}
2026-03-14 01:22:36,972 DEBUG [CRASH COMPLEXION_p011]          StemBuilder.java:1080 | [FAILED toString()]
2026-03-14 01:22:36,973 DEBUG [CRASH COMPLEXION_p011]          StemBuilder.java:167  | CLinker{head#3577-Clnk-BL refPt:[1049.9,565.0]} lengths:{0=19, 1=19, 2=19, 3=19, 4=19}
2026-03-14 01:22:36,973 DEBUG [CRASH COMPLEXION_p011]          StemBuilder.java:1080 | [FAILED toString()]
2026-03-14 01:22:36,974 DEBUG [CRASH COMPLEXION_p011]          StemBuilder.java:167  | CLinker{head#3577-Clnk-TL refPt:[1049.9,561.0]} lengths:{0=7, 1=7, 2=7, 3=7, 4=7}
2026-03-14 01:22:36,974 DEBUG [CRASH COMPLEXION_p011]          StemBuilder.java:1080 | [FAILED toString()]
2026-03-14 01:22:36,975 DEBUG [CRASH COMPLEXION_p011]          StemBuilder.java:167  | CLinker{head#3577-Clnk-BR refPt:[1063.7,561.0]} lengths:{0=7, 1=7, 2=7, 3=7, 4=7}
2026-03-14 01:22:36,975 DEBUG [CRASH COMPLEXION_p011]          StemBuilder.java:1080 | [FAILED toString()]
2026-03-14 01:22:36,983 DEBUG [CRASH COMPLEXION_p011]          StemBuilder.java:167  | CLinker{head#4693-Clnk-TR Glyph{#603 [VERTICAL_SEED]}} lengths:{0=48, 1=48, 2=48, 3=48, 4=48}
2026-03-14 01:22:36,985 DEBUG [CRASH COMPLEXION_p011]          StemBuilder.java:1080 | [FAILED toString()]
2026-03-14 01:22:36,986 DEBUG [CRASH COMPLEXION_p011]          StemBuilder.java:167  | CLinker{head#4693-Clnk-BL refPt:[1070.9,1234.0]} lengths:{0=3, 1=3, 2=3, 3=3, 4=3}
2026-03-14 01:22:36,987 DEBUG [CRASH COMPLEXION_p011]          StemBuilder.java:1080 | [FAILED toString()]
2026-03-14 01:22:37,000 DEBUG [CRASH COMPLEXION_p011]          StemBuilder.java:167  | CLinker{head#4693-Clnk-TL Glyph{#636 [VERTICAL_SEED]}} lengths:{0=43, 1=43, 2=43, 3=43, 4=43}
2026-03-14 01:22:37,001 DEBUG [CRASH COMPLEXION_p011]          StemBuilder.java:1080 | [FAILED toString()]
2026-03-14 01:22:37,004 DEBUG [CRASH COMPLEXION_p011]          StemBuilder.java:167  | CLinker{head#4693-Clnk-BR refPt:[1084.7,1230.0]} lengths:{0=8, 1=8, 2=8, 3=8, 4=8}
2026-03-14 01:22:37,005 DEBUG [CRASH COMPLEXION_p011]          StemBuilder.java:1080 | [FAILED toString()]
2026-03-14 01:22:37,006 DEBUG [CRASH COMPLEXION_p011]          StemBuilder.java:167  | CLinker{head#3555-Clnk-TR Glyph{#534 [VERTICAL_SEED]}} lengths:{0=72, 1=72, 2=72, 3=72, 4=72}
2026-03-14 01:22:37,007 DEBUG [CRASH COMPLEXION_p011]          StemBuilder.java:1080 | [FAILED toString()]
2026-03-14 01:22:37,013 DEBUG [CRASH COMPLEXION_p011]          StemBuilder.java:167  | CLinker{head#3555-Clnk-BL refPt:[1073.9,645.0]} lengths:{0=5, 1=5, 2=5, 3=5, 4=5}
2026-03-14 01:22:37,014 DEBUG [CRASH COMPLEXION_p011]          StemBuilder.java:1080 | [FAILED toString()]
2026-03-14 01:22:37,015 DEBUG [CRASH COMPLEXION_p011]          StemBuilder.java:167  | CLinker{head#3555-Clnk-TL refPt:[1073.9,641.0]} lengths:{0=7, 1=7, 2=7, 3=7, 4=7}
2026-03-14 01:22:37,016 DEBUG [CRASH COMPLEXION_p011]          StemBuilder.java:1080 | [FAILED toString()]
2026-03-14 01:22:37,016 DEBUG [CRASH COMPLEXION_p011]          StemBuilder.java:167  | CLinker{head#3555-Clnk-BR refPt:[1087.7,641.0]} lengths:{0=7, 1=7, 2=7, 3=7, 4=7}
2026-03-14 01:22:37,017 DEBUG [CRASH COMPLEXION_p011]          StemBuilder.java:1080 | [FAILED toString()]
2026-03-14 01:22:37,017 DEBUG [CRASH COMPLEXION_p011]          StemBuilder.java:167  | CLinker{head#3557-Clnk-TR Glyph{#534 [VERTICAL_SEED]}} lengths:{0=71, 1=71, 2=71, 3=71, 4=71}
2026-03-14 01:22:37,018 DEBUG [CRASH COMPLEXION_p011]          StemBuilder.java:1080 | [FAILED toString()]
2026-03-14 01:22:37,019 DEBUG [CRASH COMPLEXION_p011]          StemBuilder.java:167  | CLinker{head#3557-Clnk-BL refPt:[1073.9,644.0]} lengths:{0=6, 1=6, 2=6, 3=6, 4=6}
2026-03-14 01:22:37,019 DEBUG [CRASH COMPLEXION_p011]          StemBuilder.java:1080 | [FAILED toString()]
2026-03-14 01:22:37,020 DEBUG [CRASH COMPLEXION_p011]          StemBuilder.java:167  | CLinker{head#3557-Clnk-TL refPt:[1073.9,640.0]} lengths:{0=7, 1=7, 2=7, 3=7, 4=7}
2026-03-14 01:22:37,021 DEBUG [CRASH COMPLEXION_p011]          StemBuilder.java:1080 | [FAILED toString()]
2026-03-14 01:22:37,022 DEBUG [CRASH COMPLEXION_p011]          StemBuilder.java:167  | CLinker{head#3557-Clnk-BR refPt:[1087.7,640.0]} lengths:{0=7, 1=7, 2=7, 3=7, 4=7}
2026-03-14 01:22:37,023 DEBUG [CRASH COMPLEXION_p011]          StemBuilder.java:1080 | [FAILED toString()]
2026-03-14 01:22:37,025 DEBUG [CRASH COMPLEXION_p011]          StemBuilder.java:167  | CLinker{head#4169-Clnk-TR Glyph{#599 [VERTICAL_SEED]}} lengths:{0=46, 1=46, 2=46, 3=46, 4=46}
2026-03-14 01:22:37,027 DEBUG [CRASH COMPLEXION_p011]          StemBuilder.java:1080 | [FAILED toString()]
2026-03-14 01:22:37,027 DEBUG [CRASH COMPLEXION_p011]          StemBuilder.java:167  | CLinker{head#4169-Clnk-BL refPt:[1074.9,1041.0]} lengths:{0=3, 1=3, 2=3, 3=3, 4=3}
2026-03-14 01:22:37,028 DEBUG [CRASH COMPLEXION_p011]          StemBuilder.java:1080 | [FAILED toString()]
2026-03-14 01:22:37,028 DEBUG [CRASH COMPLEXION_p011]          StemBuilder.java:167  | CLinker{head#4169-Clnk-TL refPt:[1074.9,1037.0]} lengths:{0=7, 1=7, 2=7, 3=7, 4=7}
2026-03-14 01:22:37,029 DEBUG [CRASH COMPLEXION_p011]          StemBuilder.java:1080 | [FAILED toString()]
2026-03-14 01:22:37,030 DEBUG [CRASH COMPLEXION_p011]          StemBuilder.java:167  | CLinker{head#4169-Clnk-BR refPt:[1088.7,1037.0]} lengths:{0=7, 1=7, 2=7, 3=7, 4=7}
2026-03-14 01:22:37,031 DEBUG [CRASH COMPLEXION_p011]          StemBuilder.java:1080 | [FAILED toString()]
2026-03-14 01:22:37,031 DEBUG [CRASH COMPLEXION_p011]          StemBuilder.java:167  | CLinker{head#4173-Clnk-TR Glyph{#599 [VERTICAL_SEED]}} lengths:{0=46, 1=46, 2=46, 3=46, 4=46}
2026-03-14 01:22:37,032 DEBUG [CRASH COMPLEXION_p011]          StemBuilder.java:1080 | [FAILED toString()]
2026-03-14 01:22:37,032 DEBUG [CRASH COMPLEXION_p011]          StemBuilder.java:167  | CLinker{head#4173-Clnk-BL refPt:[1074.9,1041.0]} lengths:{0=3, 1=3, 2=3, 3=3, 4=3}
2026-03-14 01:22:37,033 DEBUG [CRASH COMPLEXION_p011]          StemBuilder.java:1080 | [FAILED toString()]
2026-03-14 01:22:37,033 DEBUG [CRASH COMPLEXION_p011]          StemBuilder.java:167  | CLinker{head#4173-Clnk-TL refPt:[1074.9,1037.0]} lengths:{0=7, 1=7, 2=7, 3=7, 4=7}
2026-03-14 01:22:37,034 DEBUG [CRASH COMPLEXION_p011]          StemBuilder.java:1080 | [FAILED toString()]
2026-03-14 01:22:37,035 DEBUG [CRASH COMPLEXION_p011]          StemBuilder.java:167  | CLinker{head#4173-Clnk-BR refPt:[1088.7,1037.0]} lengths:{0=7, 1=7, 2=7, 3=7, 4=7}
2026-03-14 01:22:37,035 DEBUG [CRASH COMPLEXION_p011]          StemBuilder.java:1080 | [FAILED toString()]
2026-03-14 01:22:37,036 DEBUG [CRASH COMPLEXION_p011]          StemBuilder.java:167  | CLinker{head#4103-Clnk-TR Glyph{#599 [VERTICAL_SEED]}} lengths:{0=42, 1=42, 2=42, 3=42, 4=42}
2026-03-14 01:22:37,036 DEBUG [CRASH COMPLEXION_p011]          StemBuilder.java:1080 | [FAILED toString()]
2026-03-14 01:22:37,037 DEBUG [CRASH COMPLEXION_p011]          StemBuilder.java:167  | CLinker{head#4103-Clnk-BL refPt:[1078.9,1037.0]} lengths:{0=3, 1=3, 2=3, 3=3, 4=3}
2026-03-14 01:22:37,046 DEBUG [CRASH COMPLEXION_p011]          StemBuilder.java:1080 | [FAILED toString()]
2026-03-14 01:22:37,047 DEBUG [CRASH COMPLEXION_p011]          StemBuilder.java:167  | CLinker{head#4103-Clnk-TL refPt:[1078.9,1033.0]} lengths:{0=7, 1=7, 2=7, 3=7, 4=7}
2026-03-14 01:22:37,049 DEBUG [CRASH COMPLEXION_p011]          StemBuilder.java:1080 | [FAILED toString()]
2026-03-14 01:22:37,050 DEBUG [CRASH COMPLEXION_p011]          StemBuilder.java:167  | CLinker{head#4103-Clnk-BR refPt:[1092.7,1033.0]} lengths:{0=7, 1=7, 2=7, 3=7, 4=7}
2026-03-14 01:22:37,052 DEBUG [CRASH COMPLEXION_p011]          StemBuilder.java:1080 | [FAILED toString()]
2026-03-14 01:22:37,053 DEBUG [CRASH COMPLEXION_p011]          StemBuilder.java:167  | CLinker{head#4589-Clnk-TR Glyph{#18873 [STUMP]}} lengths:{0=8, 1=8, 2=8, 3=8, 4=8}
2026-03-14 01:22:37,054 DEBUG [CRASH COMPLEXION_p011]          StemBuilder.java:1080 | [FAILED toString()]
2026-03-14 01:22:37,056 DEBUG [CRASH COMPLEXION_p011]          StemBuilder.java:167  | CLinker{head#4589-Clnk-BL Glyph{#613 [VERTICAL_SEED]}} lengths:{0=36, 1=36, 2=36, 3=36, 4=36}
2026-03-14 01:22:37,057 DEBUG [CRASH COMPLEXION_p011]          StemBuilder.java:1080 | [FAILED toString()]
2026-03-14 01:22:37,058 DEBUG [CRASH COMPLEXION_p011]          StemBuilder.java:167  | CLinker{head#4589-Clnk-TL Glyph{#613 [VERTICAL_SEED]}} lengths:{0=13, 1=13, 2=13, 3=13, 4=13}
2026-03-14 01:22:37,059 DEBUG [CRASH COMPLEXION_p011]          StemBuilder.java:1080 | [FAILED toString()]
2026-03-14 01:22:37,060 DEBUG [CRASH COMPLEXION_p011]          StemBuilder.java:167  | CLinker{head#4589-Clnk-BR refPt:[1092.7,1288.0]} lengths:{0=7, 1=7, 2=7, 3=7, 4=7}
2026-03-14 01:22:37,061 DEBUG [CRASH COMPLEXION_p011]          StemBuilder.java:1080 | [FAILED toString()]
2026-03-14 01:22:37,061 DEBUG [CRASH COMPLEXION_p011]          StemBuilder.java:167  | CLinker{head#4465-Clnk-TR refPt:[1093.7,1277.0]} lengths:{0=2, 1=2, 2=2, 3=2, 4=2}
2026-03-14 01:22:37,062 DEBUG [CRASH COMPLEXION_p011]          StemBuilder.java:1080 | [FAILED toString()]
2026-03-14 01:22:37,062 DEBUG [CRASH COMPLEXION_p011]          StemBuilder.java:167  | CLinker{head#4465-Clnk-BL Glyph{#613 [VERTICAL_SEED]}} lengths:{0=42, 1=42, 2=42, 3=42, 4=42}
2026-03-14 01:22:37,063 DEBUG [CRASH COMPLEXION_p011]          StemBuilder.java:1080 | [FAILED toString()]
2026-03-14 01:22:37,064 DEBUG [CRASH COMPLEXION_p011]          StemBuilder.java:167  | CLinker{head#4465-Clnk-TL refPt:[1079.9,1282.0]} lengths:{0=7, 1=7, 2=7, 3=7, 4=7}
2026-03-14 01:22:37,064 DEBUG [CRASH COMPLEXION_p011]          StemBuilder.java:1080 | [FAILED toString()]
2026-03-14 01:22:37,065 DEBUG [CRASH COMPLEXION_p011]          StemBuilder.java:167  | CLinker{head#4465-Clnk-BR refPt:[1093.7,1282.0]} lengths:{0=7, 1=7, 2=7, 3=7, 4=7}
2026-03-14 01:22:37,066 DEBUG [CRASH COMPLEXION_p011]          StemBuilder.java:1080 | [FAILED toString()]
2026-03-14 01:22:37,066 DEBUG [CRASH COMPLEXION_p011]          StemBuilder.java:167  | CLinker{head#3620-Clnk-TR Glyph{#535 [VERTICAL_SEED]}} lengths:{0=47, 1=47, 2=47, 3=47, 4=47}
2026-03-14 01:22:37,067 DEBUG [CRASH COMPLEXION_p011]          StemBuilder.java:1080 | [FAILED toString()]
2026-03-14 01:22:37,067 DEBUG [CRASH COMPLEXION_p011]          StemBuilder.java:167  | CLinker{head#3620-Clnk-BL refPt:[1099.9,620.0]} lengths:{0=3, 1=3, 2=3, 3=3, 4=3}
2026-03-14 01:22:37,068 DEBUG [CRASH COMPLEXION_p011]          StemBuilder.java:1080 | [FAILED toString()]
2026-03-14 01:22:37,068 DEBUG [CRASH COMPLEXION_p011]          StemBuilder.java:167  | CLinker{head#3620-Clnk-TL refPt:[1099.9,616.0]} lengths:{0=7, 1=7, 2=7, 3=7, 4=7}
2026-03-14 01:22:37,069 DEBUG [CRASH COMPLEXION_p011]          StemBuilder.java:1080 | [FAILED toString()]
2026-03-14 01:22:37,069 DEBUG [CRASH COMPLEXION_p011]          StemBuilder.java:167  | CLinker{head#3620-Clnk-BR Glyph{#535 [VERTICAL_SEED]}} lengths:{0=28, 1=28, 2=28, 3=28, 4=28}
2026-03-14 01:22:37,074 DEBUG [CRASH COMPLEXION_p011]          StemBuilder.java:1080 | [FAILED toString()]
2026-03-14 01:22:37,076 DEBUG [CRASH COMPLEXION_p011]          StemBuilder.java:167  | CLinker{head#3030-Clnk-TR Glyph{#18876 [STUMP]}} lengths:{0=9, 1=9, 2=9, 3=9, 4=9}
2026-03-14 01:22:37,077 DEBUG [CRASH COMPLEXION_p011]          StemBuilder.java:1080 | [FAILED toString()]
2026-03-14 01:22:37,078 DEBUG [CRASH COMPLEXION_p011]          StemBuilder.java:167  | CLinker{head#3030-Clnk-BL Glyph{#553 [VERTICAL_SEED]}} lengths:{0=50, 1=50, 2=50, 3=50, 4=50}
2026-03-14 01:22:37,079 DEBUG [CRASH COMPLEXION_p011]          StemBuilder.java:1080 | [FAILED toString()]
2026-03-14 01:22:37,079 DEBUG [CRASH COMPLEXION_p011]          StemBuilder.java:167  | CLinker{head#3030-Clnk-TL Glyph{#553 [VERTICAL_SEED]}} lengths:{0=14, 1=14, 2=14, 3=14, 4=14}
2026-03-14 01:22:37,080 DEBUG [CRASH COMPLEXION_p011]          StemBuilder.java:1080 | [FAILED toString()]
2026-03-14 01:22:37,080 DEBUG [CRASH COMPLEXION_p011]          StemBuilder.java:167  | CLinker{head#3030-Clnk-BR refPt:[1178.7,77.0]} lengths:{0=7, 1=7, 2=7, 3=7, 4=7}
2026-03-14 01:22:37,081 DEBUG [CRASH COMPLEXION_p011]          StemBuilder.java:1080 | [FAILED toString()]
2026-03-14 01:22:37,081 DEBUG [CRASH COMPLEXION_p011]          StemBuilder.java:167  | CLinker{head#3712-Clnk-TR refPt:[1178.7,833.0]} lengths:{0=2, 1=2, 2=2, 3=2, 4=2}
2026-03-14 01:22:37,082 DEBUG [CRASH COMPLEXION_p011]          StemBuilder.java:1080 | [FAILED toString()]
2026-03-14 01:22:37,082 DEBUG [CRASH COMPLEXION_p011]          StemBuilder.java:167  | CLinker{head#3712-Clnk-BL Glyph{#605 [VERTICAL_SEED]}} lengths:{0=45, 1=45, 2=45, 3=45, 4=45}
2026-03-14 01:22:37,083 DEBUG [CRASH COMPLEXION_p011]          StemBuilder.java:1080 | [FAILED toString()]
2026-03-14 01:22:37,084 DEBUG [CRASH COMPLEXION_p011]          StemBuilder.java:167  | CLinker{head#3712-Clnk-TL refPt:[1164.9,838.0]} lengths:{0=7, 1=7, 2=7, 3=7, 4=7}
2026-03-14 01:22:37,086 DEBUG [CRASH COMPLEXION_p011]          StemBuilder.java:1080 | [FAILED toString()]
2026-03-14 01:22:37,086 DEBUG [CRASH COMPLEXION_p011]          StemBuilder.java:167  | CLinker{head#3712-Clnk-BR refPt:[1178.7,838.0]} lengths:{0=7, 1=7, 2=7, 3=7, 4=7}
2026-03-14 01:22:37,087 DEBUG [CRASH COMPLEXION_p011]          StemBuilder.java:1080 | [FAILED toString()]
2026-03-14 01:22:37,088 DEBUG [CRASH COMPLEXION_p011]          StemBuilder.java:167  | CLinker{head#4593-Clnk-TR Glyph{#18881 [STUMP]}} lengths:{0=8, 1=8, 2=8, 3=8, 4=8}
2026-03-14 01:22:37,088 DEBUG [CRASH COMPLEXION_p011]          StemBuilder.java:1080 | [FAILED toString()]
2026-03-14 01:22:37,089 DEBUG [CRASH COMPLEXION_p011]          StemBuilder.java:167  | CLinker{head#4593-Clnk-BL Glyph{#649 [VERTICAL_SEED]}} lengths:{0=30, 1=30, 2=30, 3=30, 4=30}
2026-03-14 01:22:37,089 DEBUG [CRASH COMPLEXION_p011]          StemBuilder.java:1080 | [FAILED toString()]
2026-03-14 01:22:37,090 DEBUG [CRASH COMPLEXION_p011]          StemBuilder.java:167  | CLinker{head#4593-Clnk-TL Glyph{#649 [VERTICAL_SEED]}} lengths:{0=9, 1=9, 2=9, 3=9, 4=9}
2026-03-14 01:22:37,090 DEBUG [CRASH COMPLEXION_p011]          StemBuilder.java:1080 | [FAILED toString()]
2026-03-14 01:22:37,091 DEBUG [CRASH COMPLEXION_p011]          StemBuilder.java:167  | CLinker{head#4593-Clnk-BR refPt:[1178.7,1288.0]} lengths:{0=7, 1=7, 2=7, 3=7, 4=7}
2026-03-14 01:22:37,092 DEBUG [CRASH COMPLEXION_p011]          StemBuilder.java:1080 | [FAILED toString()]
2026-03-14 01:22:37,093 DEBUG [CRASH COMPLEXION_p011]          StemBuilder.java:167  | CLinker{head#3014-Clnk-TR refPt:[1180.7,66.0]} lengths:{0=3, 1=3, 2=3, 3=3, 4=3}
2026-03-14 01:22:37,094 DEBUG [CRASH COMPLEXION_p011]          StemBuilder.java:1080 | [FAILED toString()]
2026-03-14 01:22:37,096 DEBUG [CRASH COMPLEXION_p011]          StemBuilder.java:167  | CLinker{head#3014-Clnk-BL Glyph{#553 [VERTICAL_SEED]}} lengths:{0=56, 1=56, 2=56, 3=56, 4=56}
2026-03-14 01:22:37,097 DEBUG [CRASH COMPLEXION_p011]          StemBuilder.java:1080 | [FAILED toString()]
2026-03-14 01:22:37,098 DEBUG [CRASH COMPLEXION_p011]          StemBuilder.java:167  | CLinker{head#3014-Clnk-TL Glyph{#553 [VERTICAL_SEED]}} lengths:{0=8, 1=8, 2=8, 3=8, 4=8}
2026-03-14 01:22:37,099 DEBUG [CRASH COMPLEXION_p011]          StemBuilder.java:1080 | [FAILED toString()]
2026-03-14 01:22:37,099 DEBUG [CRASH COMPLEXION_p011]          StemBuilder.java:167  | CLinker{head#3014-Clnk-BR refPt:[1180.7,71.0]} lengths:{0=7, 1=7, 2=7, 3=7, 4=7}
2026-03-14 01:22:37,104 DEBUG [CRASH COMPLEXION_p011]          StemBuilder.java:1080 | [FAILED toString()]
2026-03-14 01:22:37,107 DEBUG [CRASH COMPLEXION_p011]          StemBuilder.java:167  | CLinker{head#4471-Clnk-TR refPt:[1180.7,1278.0]} lengths:{0=3, 1=3, 2=3, 3=3, 4=3}
2026-03-14 01:22:37,108 DEBUG [CRASH COMPLEXION_p011]          StemBuilder.java:1080 | [FAILED toString()]
2026-03-14 01:22:37,110 DEBUG [CRASH COMPLEXION_p011]          StemBuilder.java:167  | CLinker{head#4471-Clnk-BL Glyph{#649 [VERTICAL_SEED]}} lengths:{0=35, 1=35, 2=35, 3=35, 4=35}
2026-03-14 01:22:37,110 DEBUG [CRASH COMPLEXION_p011]          StemBuilder.java:1080 | [FAILED toString()]
2026-03-14 01:22:37,112 DEBUG [CRASH COMPLEXION_p011]          StemBuilder.java:167  | CLinker{head#4471-Clnk-TL refPt:[1166.9,1283.0]} lengths:{0=7, 1=7, 2=7, 3=7, 4=7}
2026-03-14 01:22:37,112 DEBUG [CRASH COMPLEXION_p011]          StemBuilder.java:1080 | [FAILED toString()]
2026-03-14 01:22:37,114 DEBUG [CRASH COMPLEXION_p011]          StemBuilder.java:167  | CLinker{head#4471-Clnk-BR refPt:[1180.7,1283.0]} lengths:{0=7, 1=7, 2=7, 3=7, 4=7}
2026-03-14 01:22:37,115 DEBUG [CRASH COMPLEXION_p011]          StemBuilder.java:1080 | [FAILED toString()]
2026-03-14 01:22:37,121 DEBUG [CRASH COMPLEXION_p011]          StemBuilder.java:167  | CLinker{head#3074-Clnk-TR Glyph{#574 [VERTICAL_SEED]}} lengths:{0=39, 1=39, 2=39, 3=39, 4=39}
2026-03-14 01:22:37,124 DEBUG [CRASH COMPLEXION_p011]          StemBuilder.java:1080 | [FAILED toString()]
2026-03-14 01:22:37,125 DEBUG [CRASH COMPLEXION_p011]          StemBuilder.java:167  | CLinker{head#3074-Clnk-BL refPt:[1250.9,95.0]} lengths:{0=3, 1=3, 2=3, 3=3, 4=3}
2026-03-14 01:22:37,126 DEBUG [CRASH COMPLEXION_p011]          StemBuilder.java:1080 | [FAILED toString()]
2026-03-14 01:22:37,128 DEBUG [CRASH COMPLEXION_p011]          StemBuilder.java:167  | CLinker{head#3074-Clnk-TL refPt:[1250.9,91.0]} lengths:{0=7, 1=7, 2=7, 3=7, 4=7}
2026-03-14 01:22:37,129 DEBUG [CRASH COMPLEXION_p011]          StemBuilder.java:1080 | [FAILED toString()]
2026-03-14 01:22:37,130 DEBUG [CRASH COMPLEXION_p011]          StemBuilder.java:167  | CLinker{head#3074-Clnk-BR Glyph{#574 [VERTICAL_SEED]}} lengths:{0=16, 1=16, 2=16, 3=16, 4=16}
2026-03-14 01:22:37,130 DEBUG [CRASH COMPLEXION_p011]          StemBuilder.java:1080 | [FAILED toString()]
2026-03-14 01:22:37,131 DEBUG [CRASH COMPLEXION_p011]          StemBuilder.java:167  | CLinker{head#3078-Clnk-TR Glyph{#574 [VERTICAL_SEED]}} lengths:{0=39, 1=39, 2=39, 3=39, 4=39}
2026-03-14 01:22:37,136 DEBUG [CRASH COMPLEXION_p011]          StemBuilder.java:1080 | [FAILED toString()]
2026-03-14 01:22:37,137 DEBUG [CRASH COMPLEXION_p011]          StemBuilder.java:167  | CLinker{head#3078-Clnk-BL refPt:[1250.9,95.0]} lengths:{0=3, 1=3, 2=3, 3=3, 4=3}
2026-03-14 01:22:37,138 DEBUG [CRASH COMPLEXION_p011]          StemBuilder.java:1080 | [FAILED toString()]
2026-03-14 01:22:37,139 DEBUG [CRASH COMPLEXION_p011]          StemBuilder.java:167  | CLinker{head#3078-Clnk-TL refPt:[1250.9,91.0]} lengths:{0=7, 1=7, 2=7, 3=7, 4=7}
2026-03-14 01:22:37,140 DEBUG [CRASH COMPLEXION_p011]          StemBuilder.java:1080 | [FAILED toString()]
2026-03-14 01:22:37,140 DEBUG [CRASH COMPLEXION_p011]          StemBuilder.java:167  | CLinker{head#3078-Clnk-BR Glyph{#574 [VERTICAL_SEED]}} lengths:{0=16, 1=16, 2=16, 3=16, 4=16}
2026-03-14 01:22:37,141 DEBUG [CRASH COMPLEXION_p011]          StemBuilder.java:1080 | [FAILED toString()]
2026-03-14 01:22:37,142 DEBUG [CRASH COMPLEXION_p011]          StemBuilder.java:167  | CLinker{head#3122-Clnk-TR Glyph{#574 [VERTICAL_SEED]}} lengths:{0=46, 1=46, 2=46, 3=46, 4=46}
2026-03-14 01:22:37,143 DEBUG [CRASH COMPLEXION_p011]          StemBuilder.java:1080 | [FAILED toString()]
2026-03-14 01:22:37,144 DEBUG [CRASH COMPLEXION_p011]          StemBuilder.java:167  | CLinker{head#3122-Clnk-BL refPt:[1252.9,102.0]} lengths:{0=3, 1=3, 2=3, 3=3, 4=3}
2026-03-14 01:22:37,145 DEBUG [CRASH COMPLEXION_p011]          StemBuilder.java:1080 | [FAILED toString()]
2026-03-14 01:22:37,146 DEBUG [CRASH COMPLEXION_p011]          StemBuilder.java:167  | CLinker{head#3122-Clnk-TL Glyph{#18887 [STUMP]}} lengths:{0=11, 1=20, 2=20, 3=20, 4=20}
2026-03-14 01:22:37,147 DEBUG [CRASH COMPLEXION_p011]          StemBuilder.java:1080 | [FAILED toString()]
2026-03-14 01:22:37,148 DEBUG [CRASH COMPLEXION_p011]          StemBuilder.java:167  | CLinker{head#3122-Clnk-BR Glyph{#574 [VERTICAL_SEED]}} lengths:{0=9, 1=9, 2=9, 3=9, 4=9}
2026-03-14 01:22:37,149 DEBUG [CRASH COMPLEXION_p011]          StemBuilder.java:1080 | [FAILED toString()]
2026-03-14 01:22:37,151 DEBUG [CRASH COMPLEXION_p011]          StemBuilder.java:167  | CLinker{head#4702-Clnk-TR Glyph{#558 [VERTICAL_SEED]}} lengths:{0=35, 1=35, 2=35, 3=35, 4=35}
2026-03-14 01:22:37,152 DEBUG [CRASH COMPLEXION_p011]          StemBuilder.java:1080 | [FAILED toString()]
2026-03-14 01:22:37,153 DEBUG [CRASH COMPLEXION_p011]          StemBuilder.java:167  | CLinker{head#4702-Clnk-BL refPt:[1252.9,1234.0]} lengths:{0=3, 1=3, 2=3, 3=3, 4=3}
2026-03-14 01:22:37,154 DEBUG [CRASH COMPLEXION_p011]          StemBuilder.java:1080 | [FAILED toString()]
2026-03-14 01:22:37,155 DEBUG [CRASH COMPLEXION_p011]          StemBuilder.java:167  | CLinker{head#4702-Clnk-TL refPt:[1252.9,1230.0]} lengths:{0=7, 1=7, 2=7, 3=7, 4=7}
2026-03-14 01:22:37,156 DEBUG [CRASH COMPLEXION_p011]          StemBuilder.java:1080 | [FAILED toString()]
2026-03-14 01:22:37,156 DEBUG [CRASH COMPLEXION_p011]          StemBuilder.java:167  | CLinker{head#4702-Clnk-BR Glyph{#558 [VERTICAL_SEED]}} lengths:{0=27, 1=27, 2=27, 3=27, 4=27}
2026-03-14 01:22:37,157 DEBUG [CRASH COMPLEXION_p011]          StemBuilder.java:1080 | [FAILED toString()]
2026-03-14 01:22:37,158 DEBUG [CRASH COMPLEXION_p011]          StemBuilder.java:167  | CLinker{head#3046-Clnk-TR Glyph{#574 [VERTICAL_SEED]}} lengths:{0=33, 1=33, 2=33, 3=33, 4=33}
2026-03-14 01:22:37,159 DEBUG [CRASH COMPLEXION_p011]          StemBuilder.java:1080 | [FAILED toString()]
2026-03-14 01:22:37,160 DEBUG [CRASH COMPLEXION_p011]          StemBuilder.java:167  | CLinker{head#3046-Clnk-BL Glyph{#18888 [STUMP]}} lengths:{0=11, 1=16, 2=16, 3=16, 4=16}
2026-03-14 01:22:37,161 DEBUG [CRASH COMPLEXION_p011]          StemBuilder.java:1080 | [FAILED toString()]
2026-03-14 01:22:37,162 DEBUG [CRASH COMPLEXION_p011]          StemBuilder.java:167  | CLinker{head#3046-Clnk-TL refPt:[1253.9,85.0]} lengths:{0=7, 1=7, 2=7, 3=7, 4=7}
2026-03-14 01:22:37,163 DEBUG [CRASH COMPLEXION_p011]          StemBuilder.java:1080 | [FAILED toString()]
2026-03-14 01:22:37,163 DEBUG [CRASH COMPLEXION_p011]          StemBuilder.java:167  | CLinker{head#3046-Clnk-BR Glyph{#574 [VERTICAL_SEED]}} lengths:{0=22, 1=22, 2=22, 3=22, 4=22}
2026-03-14 01:22:37,169 DEBUG [CRASH COMPLEXION_p011]          StemBuilder.java:1080 | [FAILED toString()]
2026-03-14 01:22:37,170 DEBUG [CRASH COMPLEXION_p011]          StemBuilder.java:167  | CLinker{head#4339-Clnk-TR Glyph{#558 [VERTICAL_SEED]}} lengths:{0=60, 1=60, 2=60, 3=60, 4=60}
2026-03-14 01:22:37,171 DEBUG [CRASH COMPLEXION_p011]          StemBuilder.java:1080 | [FAILED toString()]
2026-03-14 01:22:37,172 DEBUG [CRASH COMPLEXION_p011]          StemBuilder.java:167  | CLinker{head#4339-Clnk-BL refPt:[1253.9,1259.0]} lengths:{0=3, 1=3, 2=3, 3=3, 4=3}
2026-03-14 01:22:37,173 DEBUG [CRASH COMPLEXION_p011]          StemBuilder.java:1080 | [FAILED toString()]
2026-03-14 01:22:37,174 DEBUG [CRASH COMPLEXION_p011]          StemBuilder.java:167  | CLinker{head#4339-Clnk-TL refPt:[1253.9,1255.0]} lengths:{0=7, 1=7, 2=7, 3=7, 4=7}
2026-03-14 01:22:37,175 DEBUG [CRASH COMPLEXION_p011]          StemBuilder.java:1080 | [FAILED toString()]
2026-03-14 01:22:37,175 DEBUG [CRASH COMPLEXION_p011]          StemBuilder.java:167  | CLinker{head#4339-Clnk-BR refPt:[1267.7,1255.0]} lengths:{0=7, 1=7, 2=7, 3=7, 4=7}
2026-03-14 01:22:37,176 DEBUG [CRASH COMPLEXION_p011]          StemBuilder.java:1080 | [FAILED toString()]
2026-03-14 01:22:37,177 DEBUG [CRASH COMPLEXION_p011]          StemBuilder.java:167  | CLinker{head#3770-Clnk-TR Glyph{#707 [VERTICAL_SEED]}} lengths:{0=21, 1=21, 2=21, 3=21, 4=21}
2026-03-14 01:22:37,177 DEBUG [CRASH COMPLEXION_p011]          StemBuilder.java:1080 | [FAILED toString()]
2026-03-14 01:22:37,178 DEBUG [CRASH COMPLEXION_p011]          StemBuilder.java:167  | CLinker{head#3770-Clnk-BL refPt:[1317.9,849.0]} lengths:{0=3, 1=3, 2=3, 3=3, 4=3}
2026-03-14 01:22:37,178 DEBUG [CRASH COMPLEXION_p011]          StemBuilder.java:1080 | [FAILED toString()]
2026-03-14 01:22:37,179 DEBUG [CRASH COMPLEXION_p011]          StemBuilder.java:167  | CLinker{head#3770-Clnk-TL refPt:[1317.9,845.0]} lengths:{0=7, 1=7, 2=7, 3=7, 4=7}
2026-03-14 01:22:37,179 DEBUG [CRASH COMPLEXION_p011]          StemBuilder.java:1080 | [FAILED toString()]
2026-03-14 01:22:37,180 DEBUG [CRASH COMPLEXION_p011]          StemBuilder.java:167  | CLinker{head#3770-Clnk-BR Glyph{#707 [VERTICAL_SEED]}} lengths:{0=13, 1=13, 2=13, 3=13, 4=13}
2026-03-14 01:22:37,181 DEBUG [CRASH COMPLEXION_p011]          StemBuilder.java:1080 | [FAILED toString()]
2026-03-14 01:22:37,182 DEBUG [CRASH COMPLEXION_p011]          StemBuilder.java:167  | CLinker{head#3774-Clnk-TR Glyph{#704 [VERTICAL_SEED]}} lengths:{0=20, 1=20, 2=20, 3=20, 4=20}
2026-03-14 01:22:37,183 DEBUG [CRASH COMPLEXION_p011]          StemBuilder.java:1080 | [FAILED toString()]
2026-03-14 01:22:37,184 DEBUG [CRASH COMPLEXION_p011]          StemBuilder.java:167  | CLinker{head#3774-Clnk-BL Glyph{#707 [VERTICAL_SEED]}} lengths:{0=10, 1=10, 2=10, 3=10, 4=10}
2026-03-14 01:22:37,185 DEBUG [CRASH COMPLEXION_p011]          StemBuilder.java:1080 | [FAILED toString()]
2026-03-14 01:22:37,185 DEBUG [CRASH COMPLEXION_p011]          StemBuilder.java:167  | CLinker{head#3774-Clnk-TL Glyph{#707 [VERTICAL_SEED]}} lengths:{0=22, 1=22, 2=22, 3=22, 4=22}
2026-03-14 01:22:37,186 DEBUG [CRASH COMPLEXION_p011]          StemBuilder.java:1080 | [FAILED toString()]
2026-03-14 01:22:37,187 DEBUG [CRASH COMPLEXION_p011]          StemBuilder.java:167  | CLinker{head#3774-Clnk-BR Glyph{#704 [VERTICAL_SEED]}} lengths:{0=12, 1=12, 2=12, 3=12, 4=12}
2026-03-14 01:22:37,187 DEBUG [CRASH COMPLEXION_p011]          StemBuilder.java:1080 | [FAILED toString()]
2026-03-14 01:22:37,188 DEBUG [CRASH COMPLEXION_p011]          StemBuilder.java:167  | CLinker{head#3808-Clnk-TR Glyph{#704 [VERTICAL_SEED]}} lengths:{0=27, 1=27, 2=27, 3=27, 4=27}
2026-03-14 01:22:37,188 DEBUG [CRASH COMPLEXION_p011]          StemBuilder.java:1080 | [FAILED toString()]
2026-03-14 01:22:37,189 DEBUG [CRASH COMPLEXION_p011]          StemBuilder.java:167  | CLinker{head#3808-Clnk-BL refPt:[1322.9,855.0]} lengths:{0=3, 1=3, 2=3, 3=3, 4=3}
2026-03-14 01:22:37,190 DEBUG [CRASH COMPLEXION_p011]          StemBuilder.java:1080 | [FAILED toString()]
2026-03-14 01:22:37,190 DEBUG [CRASH COMPLEXION_p011]          StemBuilder.java:167  | CLinker{head#3808-Clnk-TL Glyph{#707 [VERTICAL_SEED]}} lengths:{0=29, 1=29, 2=29, 3=29, 4=29}
2026-03-14 01:22:37,191 DEBUG [CRASH COMPLEXION_p011]          StemBuilder.java:1080 | [FAILED toString()]
2026-03-14 01:22:37,191 DEBUG [CRASH COMPLEXION_p011]          StemBuilder.java:167  | CLinker{head#3808-Clnk-BR refPt:[1336.7,851.0]} lengths:{0=7, 1=7, 2=7, 3=7, 4=7}
2026-03-14 01:22:37,192 DEBUG [CRASH COMPLEXION_p011]          StemBuilder.java:1080 | [FAILED toString()]
2026-03-14 01:22:37,192 DEBUG [CRASH COMPLEXION_p011]          StemBuilder.java:167  | CLinker{head#3798-Clnk-TR Glyph{#606 [VERTICAL_SEED]}} lengths:{0=13, 1=13, 2=13, 3=13, 4=13}
2026-03-14 01:22:37,193 DEBUG [CRASH COMPLEXION_p011]          StemBuilder.java:1080 | [FAILED toString()]
2026-03-14 01:22:37,201 DEBUG [CRASH COMPLEXION_p011]          StemBuilder.java:167  | CLinker{head#3798-Clnk-BL refPt:[1325.9,855.0]} lengths:{0=3, 1=3, 2=3, 3=3, 4=3}
2026-03-14 01:22:37,201 DEBUG [CRASH COMPLEXION_p011]          StemBuilder.java:1080 | [FAILED toString()]
2026-03-14 01:22:37,203 DEBUG [CRASH COMPLEXION_p011]          StemBuilder.java:167  | CLinker{head#3798-Clnk-TL Glyph{#707 [VERTICAL_SEED]}} lengths:{0=29, 1=29, 2=29, 3=29, 4=29}
2026-03-14 01:22:37,204 DEBUG [CRASH COMPLEXION_p011]          StemBuilder.java:1080 | [FAILED toString()]
2026-03-14 01:22:37,205 DEBUG [CRASH COMPLEXION_p011]          StemBuilder.java:167  | CLinker{head#3798-Clnk-BR Glyph{#606 [VERTICAL_SEED]}} lengths:{0=34, 1=34, 2=34, 3=34, 4=34}
2026-03-14 01:22:37,206 DEBUG [CRASH COMPLEXION_p011]          StemBuilder.java:1080 | [FAILED toString()]
2026-03-14 01:22:37,207 DEBUG [CRASH COMPLEXION_p011]          StemBuilder.java:167  | CLinker{head#3766-Clnk-TR Glyph{#704 [VERTICAL_SEED]}} lengths:{0=21, 1=21, 2=21, 3=21, 4=21}
2026-03-14 01:22:37,207 DEBUG [CRASH COMPLEXION_p011]          StemBuilder.java:1080 | [FAILED toString()]
2026-03-14 01:22:37,208 DEBUG [CRASH COMPLEXION_p011]          StemBuilder.java:167  | CLinker{head#3766-Clnk-BL Glyph{#707 [VERTICAL_SEED]}} lengths:{0=9, 1=9, 2=9, 3=9, 4=9}
2026-03-14 01:22:37,209 DEBUG [CRASH COMPLEXION_p011]          StemBuilder.java:1080 | [FAILED toString()]
2026-03-14 01:22:37,209 DEBUG [CRASH COMPLEXION_p011]          StemBuilder.java:167  | CLinker{head#3766-Clnk-TL Glyph{#707 [VERTICAL_SEED]}} lengths:{0=26, 1=26, 2=26, 3=26, 4=26}
2026-03-14 01:22:37,210 DEBUG [CRASH COMPLEXION_p011]          StemBuilder.java:1080 | [FAILED toString()]
2026-03-14 01:22:37,210 DEBUG [CRASH COMPLEXION_p011]          StemBuilder.java:167  | CLinker{head#3766-Clnk-BR Glyph{#606 [VERTICAL_SEED]}} lengths:{0=40, 1=40, 2=40, 3=40, 4=40}
2026-03-14 01:22:37,211 DEBUG [CRASH COMPLEXION_p011]          StemBuilder.java:1080 | [FAILED toString()]
2026-03-14 01:22:37,211 DEBUG [CRASH COMPLEXION_p011]          StemBuilder.java:167  | CLinker{head#3778-Clnk-TR Glyph{#704 [VERTICAL_SEED]}} lengths:{0=20, 1=20, 2=20, 3=20, 4=20}
2026-03-14 01:22:37,213 DEBUG [CRASH COMPLEXION_p011]          StemBuilder.java:1080 | [FAILED toString()]
2026-03-14 01:22:37,213 DEBUG [CRASH COMPLEXION_p011]          StemBuilder.java:167  | CLinker{head#3778-Clnk-BL Glyph{#707 [VERTICAL_SEED]}} lengths:{0=10, 1=10, 2=10, 3=10, 4=10}
2026-03-14 01:22:37,214 DEBUG [CRASH COMPLEXION_p011]          StemBuilder.java:1080 | [FAILED toString()]
2026-03-14 01:22:37,215 DEBUG [CRASH COMPLEXION_p011]          StemBuilder.java:167  | CLinker{head#3778-Clnk-TL Glyph{#707 [VERTICAL_SEED]}} lengths:{0=25, 1=25, 2=25, 3=25, 4=25}
2026-03-14 01:22:37,216 DEBUG [CRASH COMPLEXION_p011]          StemBuilder.java:1080 | [FAILED toString()]
2026-03-14 01:22:37,217 DEBUG [CRASH COMPLEXION_p011]          StemBuilder.java:167  | CLinker{head#3778-Clnk-BR Glyph{#606 [VERTICAL_SEED]}} lengths:{0=41, 1=41, 2=41, 3=41, 4=41}
2026-03-14 01:22:37,217 DEBUG [CRASH COMPLEXION_p011]          StemBuilder.java:1080 | [FAILED toString()]
2026-03-14 01:22:37,218 DEBUG [CRASH COMPLEXION_p011]          StemBuilder.java:167  | CLinker{head#3669-Clnk-TR refPt:[1345.7,827.0]} lengths:{0=2, 1=2, 2=2, 3=2, 4=2}
2026-03-14 01:22:37,218 DEBUG [CRASH COMPLEXION_p011]          StemBuilder.java:1080 | [FAILED toString()]
2026-03-14 01:22:37,219 DEBUG [CRASH COMPLEXION_p011]          StemBuilder.java:167  | CLinker{head#3669-Clnk-BL Glyph{#704 [VERTICAL_SEED]}} lengths:{0=22, 1=22, 2=22, 3=22, 4=22}
2026-03-14 01:22:37,220 DEBUG [CRASH COMPLEXION_p011]          StemBuilder.java:1080 | [FAILED toString()]
2026-03-14 01:22:37,220 DEBUG [CRASH COMPLEXION_p011]          StemBuilder.java:167  | CLinker{head#3669-Clnk-TL Glyph{#704 [VERTICAL_SEED]}} lengths:{0=13, 1=13, 2=13, 3=13, 4=13}
2026-03-14 01:22:37,221 DEBUG [CRASH COMPLEXION_p011]          StemBuilder.java:1080 | [FAILED toString()]
2026-03-14 01:22:37,222 DEBUG [CRASH COMPLEXION_p011]          StemBuilder.java:167  | CLinker{head#3669-Clnk-BR Glyph{#606 [VERTICAL_SEED]}} lengths:{0=53, 1=53, 2=53, 3=53, 4=53}
2026-03-14 01:22:37,223 DEBUG [CRASH COMPLEXION_p011]          StemBuilder.java:1080 | [FAILED toString()]
2026-03-14 01:22:37,225 DEBUG [CRASH COMPLEXION_p011]          StemBuilder.java:167  | CLinker{head#3664-Clnk-TR refPt:[1348.7,826.0]} lengths:{0=2, 1=2, 2=2, 3=2, 4=2}
2026-03-14 01:22:37,231 DEBUG [CRASH COMPLEXION_p011]          StemBuilder.java:1080 | [FAILED toString()]
2026-03-14 01:22:37,233 DEBUG [CRASH COMPLEXION_p011]          StemBuilder.java:167  | CLinker{head#3664-Clnk-BL Glyph{#704 [VERTICAL_SEED]}} lengths:{0=50, 1=50, 2=50, 3=50, 4=50}
2026-03-14 01:22:37,234 DEBUG [CRASH COMPLEXION_p011]          StemBuilder.java:1080 | [FAILED toString()]
2026-03-14 01:22:37,234 DEBUG [CRASH COMPLEXION_p011]          StemBuilder.java:167  | CLinker{head#3664-Clnk-TL Glyph{#704 [VERTICAL_SEED]}} lengths:{0=12, 1=12, 2=12, 3=12, 4=12}
2026-03-14 01:22:37,235 DEBUG [CRASH COMPLEXION_p011]          StemBuilder.java:1080 | [FAILED toString()]
2026-03-14 01:22:37,236 DEBUG [CRASH COMPLEXION_p011]          StemBuilder.java:167  | CLinker{head#3664-Clnk-BR Glyph{#606 [VERTICAL_SEED]}} lengths:{0=54, 1=54, 2=54, 3=54, 4=54}
2026-03-14 01:22:37,237 DEBUG [CRASH COMPLEXION_p011]          StemBuilder.java:1080 | [FAILED toString()]
2026-03-14 01:22:37,238 DEBUG [CRASH COMPLEXION_p011]          StemBuilder.java:167  | CLinker{head#4481-Clnk-TR refPt:[1347.7,1278.0]} lengths:{0=2, 1=2, 2=2, 3=2, 4=2}
2026-03-14 01:22:37,239 DEBUG [CRASH COMPLEXION_p011]          StemBuilder.java:1080 | [FAILED toString()]
2026-03-14 01:22:37,239 DEBUG [CRASH COMPLEXION_p011]          StemBuilder.java:167  | CLinker{head#4481-Clnk-BL refPt:[1334.9,1287.0]} lengths:{0=3, 1=3, 2=3, 3=3, 4=3}
2026-03-14 01:22:37,240 DEBUG [CRASH COMPLEXION_p011]          StemBuilder.java:1080 | [FAILED toString()]
2026-03-14 01:22:37,241 DEBUG [CRASH COMPLEXION_p011]          StemBuilder.java:167  | CLinker{head#4481-Clnk-TL refPt:[1334.9,1283.0]} lengths:{0=7, 1=7, 2=7, 3=7, 4=7}
2026-03-14 01:22:37,242 DEBUG [CRASH COMPLEXION_p011]          StemBuilder.java:1080 | [FAILED toString()]
2026-03-14 01:22:37,242 DEBUG [CRASH COMPLEXION_p011]          StemBuilder.java:167  | CLinker{head#4481-Clnk-BR Glyph{#655 [VERTICAL_SEED]}} lengths:{0=39, 1=39, 2=39, 3=39, 4=39}
2026-03-14 01:22:37,243 DEBUG [CRASH COMPLEXION_p011]          StemBuilder.java:1080 | [FAILED toString()]
2026-03-14 01:22:37,244 DEBUG [CRASH COMPLEXION_p011]          StemBuilder.java:167  | CLinker{head#3719-Clnk-TR refPt:[1355.7,833.0]} lengths:{0=2, 1=2, 2=2, 3=2, 4=2}
2026-03-14 01:22:37,245 DEBUG [CRASH COMPLEXION_p011]          StemBuilder.java:1080 | [FAILED toString()]
2026-03-14 01:22:37,245 DEBUG [CRASH COMPLEXION_p011]          StemBuilder.java:167  | CLinker{head#3719-Clnk-BL Glyph{#606 [VERTICAL_SEED]}} lengths:{0=43, 1=43, 2=43, 3=43, 4=43}
2026-03-14 01:22:37,246 DEBUG [CRASH COMPLEXION_p011]          StemBuilder.java:1080 | [FAILED toString()]
2026-03-14 01:22:37,246 DEBUG [CRASH COMPLEXION_p011]          StemBuilder.java:167  | CLinker{head#3719-Clnk-TL refPt:[1341.9,838.0]} lengths:{0=7, 1=13, 2=13, 3=13, 4=13}
2026-03-14 01:22:37,247 DEBUG [CRASH COMPLEXION_p011]          StemBuilder.java:1080 | [FAILED toString()]
2026-03-14 01:22:37,248 DEBUG [CRASH COMPLEXION_p011]          StemBuilder.java:167  | CLinker{head#3719-Clnk-BR refPt:[1355.7,838.0]} lengths:{0=7, 1=7, 2=7, 3=7, 4=7}
2026-03-14 01:22:37,249 DEBUG [CRASH COMPLEXION_p011]          StemBuilder.java:1080 | [FAILED toString()]
2026-03-14 01:22:37,249 DEBUG [CRASH COMPLEXION_p011]          StemBuilder.java:167  | CLinker{head#3723-Clnk-TR refPt:[1357.7,833.0]} lengths:{0=2, 1=2, 2=2, 3=2, 4=2}
2026-03-14 01:22:37,250 DEBUG [CRASH COMPLEXION_p011]          StemBuilder.java:1080 | [FAILED toString()]
2026-03-14 01:22:37,250 DEBUG [CRASH COMPLEXION_p011]          StemBuilder.java:167  | CLinker{head#3723-Clnk-BL Glyph{#606 [VERTICAL_SEED]}} lengths:{0=43, 1=43, 2=43, 3=43, 4=43}
2026-03-14 01:22:37,251 DEBUG [CRASH COMPLEXION_p011]          StemBuilder.java:1080 | [FAILED toString()]
2026-03-14 01:22:37,252 DEBUG [CRASH COMPLEXION_p011]          StemBuilder.java:167  | CLinker{head#3723-Clnk-TL refPt:[1343.9,838.0]} lengths:{0=7, 1=14, 2=14, 3=14, 4=14}
2026-03-14 01:22:37,253 DEBUG [CRASH COMPLEXION_p011]          StemBuilder.java:1080 | [FAILED toString()]
2026-03-14 01:22:37,253 DEBUG [CRASH COMPLEXION_p011]          StemBuilder.java:167  | CLinker{head#3723-Clnk-BR refPt:[1357.7,838.0]} lengths:{0=7, 1=7, 2=7, 3=7, 4=7}
2026-03-14 01:22:37,254 DEBUG [CRASH COMPLEXION_p011]          StemBuilder.java:1080 | [FAILED toString()]
2026-03-14 01:22:37,255 DEBUG [CRASH COMPLEXION_p011]          StemBuilder.java:167  | CLinker{head#4597-Clnk-TR refPt:[1357.7,1283.0]} lengths:{0=9, 1=9, 2=9, 3=9, 4=9}
2026-03-14 01:22:37,255 DEBUG [CRASH COMPLEXION_p011]          StemBuilder.java:1080 | [FAILED toString()]
2026-03-14 01:22:37,256 DEBUG [CRASH COMPLEXION_p011]          StemBuilder.java:167  | CLinker{head#4597-Clnk-BL Glyph{#655 [VERTICAL_SEED]}} lengths:{0=30, 1=30, 2=30, 3=30, 4=30}
2026-03-14 01:22:37,257 DEBUG [CRASH COMPLEXION_p011]          StemBuilder.java:1080 | [FAILED toString()]
2026-03-14 01:22:37,257 DEBUG [CRASH COMPLEXION_p011]          StemBuilder.java:167  | CLinker{head#4597-Clnk-TL Glyph{#655 [VERTICAL_SEED]}} lengths:{0=9, 1=9, 2=9, 3=9, 4=9}
2026-03-14 01:22:37,261 DEBUG [CRASH COMPLEXION_p011]          StemBuilder.java:1080 | [FAILED toString()]
2026-03-14 01:22:37,262 DEBUG [CRASH COMPLEXION_p011]          StemBuilder.java:167  | CLinker{head#4597-Clnk-BR refPt:[1357.7,1288.0]} lengths:{0=7, 1=7, 2=7, 3=7, 4=7}
2026-03-14 01:22:37,262 DEBUG [CRASH COMPLEXION_p011]          StemBuilder.java:1080 | [FAILED toString()]
2026-03-14 01:22:37,263 DEBUG [CRASH COMPLEXION_p011]          StemBuilder.java:167  | CLinker{head#3129-Clnk-TR Glyph{#565 [VERTICAL_SEED]}} lengths:{0=48, 1=48, 2=48, 3=48, 4=48}
2026-03-14 01:22:37,264 DEBUG [CRASH COMPLEXION_p011]          StemBuilder.java:1080 | [FAILED toString()]
2026-03-14 01:22:37,264 DEBUG [CRASH COMPLEXION_p011]          StemBuilder.java:167  | CLinker{head#3129-Clnk-BL refPt:[1344.9,102.0]} lengths:{0=3, 1=3, 2=3, 3=3, 4=3}
2026-03-14 01:22:37,265 DEBUG [CRASH COMPLEXION_p011]          StemBuilder.java:1080 | [FAILED toString()]
2026-03-14 01:22:37,265 DEBUG [CRASH COMPLEXION_p011]          StemBuilder.java:167  | CLinker{head#3129-Clnk-TL refPt:[1344.9,98.0]} lengths:{0=7, 1=7, 2=7, 3=7, 4=7}
2026-03-14 01:22:37,266 DEBUG [CRASH COMPLEXION_p011]          StemBuilder.java:1080 | [FAILED toString()]
2026-03-14 01:22:37,266 DEBUG [CRASH COMPLEXION_p011]          StemBuilder.java:167  | CLinker{head#3129-Clnk-BR Glyph{#565 [VERTICAL_SEED]}} lengths:{0=12, 1=12, 2=12, 3=12, 4=12}
2026-03-14 01:22:37,267 DEBUG [CRASH COMPLEXION_p011]          StemBuilder.java:1080 | [FAILED toString()]
2026-03-14 01:22:37,267 DEBUG [CRASH COMPLEXION_p011]          StemBuilder.java:167  | CLinker{head#3181-Clnk-TR Glyph{#565 [VERTICAL_SEED]}} lengths:{0=55, 1=55, 2=55, 3=55, 4=55}
2026-03-14 01:22:37,268 DEBUG [CRASH COMPLEXION_p011]          StemBuilder.java:1080 | [FAILED toString()]
2026-03-14 01:22:37,268 DEBUG [CRASH COMPLEXION_p011]          StemBuilder.java:167  | CLinker{head#3181-Clnk-BL refPt:[1344.9,109.0]} lengths:{0=3, 1=10, 2=10, 3=10, 4=10}
2026-03-14 01:22:37,269 DEBUG [CRASH COMPLEXION_p011]          StemBuilder.java:1080 | [FAILED toString()]
2026-03-14 01:22:37,269 DEBUG [CRASH COMPLEXION_p011]          StemBuilder.java:167  | CLinker{head#3181-Clnk-TL Glyph{#18899 [STUMP]}} lengths:{0=11, 1=11, 2=11, 3=11, 4=11}
2026-03-14 01:22:37,270 DEBUG [CRASH COMPLEXION_p011]          StemBuilder.java:1080 | [FAILED toString()]
2026-03-14 01:22:37,270 DEBUG [CRASH COMPLEXION_p011]          StemBuilder.java:167  | CLinker{head#3181-Clnk-BR refPt:[1358.7,105.0]} lengths:{0=7, 1=7, 2=7, 3=7, 4=7}
2026-03-14 01:22:37,271 DEBUG [CRASH COMPLEXION_p011]          StemBuilder.java:1080 | [FAILED toString()]
2026-03-14 01:22:37,271 DEBUG [CRASH COMPLEXION_p011]          StemBuilder.java:167  | CLinker{head#3185-Clnk-TR Glyph{#565 [VERTICAL_SEED]}} lengths:{0=54, 1=54, 2=54, 3=54, 4=54}
2026-03-14 01:22:37,272 DEBUG [CRASH COMPLEXION_p011]          StemBuilder.java:1080 | [FAILED toString()]
2026-03-14 01:22:37,272 DEBUG [CRASH COMPLEXION_p011]          StemBuilder.java:167  | CLinker{head#3185-Clnk-BL refPt:[1344.9,108.0]} lengths:{0=3, 1=11, 2=11, 3=11, 4=11}
2026-03-14 01:22:37,273 DEBUG [CRASH COMPLEXION_p011]          StemBuilder.java:1080 | [FAILED toString()]
2026-03-14 01:22:37,273 DEBUG [CRASH COMPLEXION_p011]          StemBuilder.java:167  | CLinker{head#3185-Clnk-TL Glyph{#18899 [STUMP]}} lengths:{0=10, 1=10, 2=10, 3=10, 4=10}
2026-03-14 01:22:37,274 DEBUG [CRASH COMPLEXION_p011]          StemBuilder.java:1080 | [FAILED toString()]
2026-03-14 01:22:37,275 DEBUG [CRASH COMPLEXION_p011]          StemBuilder.java:167  | CLinker{head#3185-Clnk-BR refPt:[1358.7,104.0]} lengths:{0=7, 1=7, 2=7, 3=7, 4=7}
2026-03-14 01:22:37,275 DEBUG [CRASH COMPLEXION_p011]          StemBuilder.java:1080 | [FAILED toString()]
2026-03-14 01:22:37,276 DEBUG [CRASH COMPLEXION_p011]          StemBuilder.java:167  | CLinker{head#4477-Clnk-TR refPt:[1359.7,1278.0]} lengths:{0=4, 1=4, 2=4, 3=4, 4=4}
2026-03-14 01:22:37,276 DEBUG [CRASH COMPLEXION_p011]          StemBuilder.java:1080 | [FAILED toString()]
2026-03-14 01:22:37,277 DEBUG [CRASH COMPLEXION_p011]          StemBuilder.java:167  | CLinker{head#4477-Clnk-BL Glyph{#655 [VERTICAL_SEED]}} lengths:{0=35, 1=35, 2=35, 3=35, 4=35}
2026-03-14 01:22:37,277 DEBUG [CRASH COMPLEXION_p011]          StemBuilder.java:1080 | [FAILED toString()]
2026-03-14 01:22:37,278 DEBUG [CRASH COMPLEXION_p011]          StemBuilder.java:167  | CLinker{head#4477-Clnk-TL refPt:[1345.9,1283.0]} lengths:{0=7, 1=7, 2=7, 3=7, 4=7}
2026-03-14 01:22:37,278 DEBUG [CRASH COMPLEXION_p011]          StemBuilder.java:1080 | [FAILED toString()]
2026-03-14 01:22:37,279 DEBUG [CRASH COMPLEXION_p011]          StemBuilder.java:167  | CLinker{head#4477-Clnk-BR refPt:[1359.7,1283.0]} lengths:{0=7, 1=7, 2=7, 3=7, 4=7}
2026-03-14 01:22:37,279 DEBUG [CRASH COMPLEXION_p011]          StemBuilder.java:1080 | [FAILED toString()]
2026-03-14 01:22:37,279 DEBUG [CRASH COMPLEXION_p011]          StemBuilder.java:167  | CLinker{head#3255-Clnk-TR Glyph{#18904 [STUMP]}} lengths:{0=16, 1=16, 2=16, 3=16, 4=16}
2026-03-14 01:22:37,280 DEBUG [CRASH COMPLEXION_p011]          StemBuilder.java:1080 | [FAILED toString()]
2026-03-14 01:22:37,280 DEBUG [CRASH COMPLEXION_p011]          StemBuilder.java:167  | CLinker{head#3255-Clnk-BL Glyph{#565 [VERTICAL_SEED]}} lengths:{0=24, 1=24, 2=24, 3=24, 4=24}
2026-03-14 01:22:37,281 DEBUG [CRASH COMPLEXION_p011]          StemBuilder.java:1080 | [FAILED toString()]
2026-03-14 01:22:37,281 DEBUG [CRASH COMPLEXION_p011]          StemBuilder.java:167  | CLinker{head#3255-Clnk-TL Glyph{#565 [VERTICAL_SEED]}} lengths:{0=39, 1=39, 2=39, 3=39, 4=39}
2026-03-14 01:22:37,282 DEBUG [CRASH COMPLEXION_p011]          StemBuilder.java:1080 | [FAILED toString()]
2026-03-14 01:22:37,282 DEBUG [CRASH COMPLEXION_p011]          StemBuilder.java:167  | CLinker{head#3255-Clnk-BR refPt:[1372.7,84.0]} lengths:{0=7, 1=7, 2=7, 3=7, 4=7}
2026-03-14 01:22:37,283 DEBUG [CRASH COMPLEXION_p011]          StemBuilder.java:1080 | [FAILED toString()]
2026-03-14 01:22:37,283 DEBUG [CRASH COMPLEXION_p011]          StemBuilder.java:167  | CLinker{head#3189-Clnk-TR Glyph{#579 [VERTICAL_SEED]}} lengths:{0=38, 1=38, 2=38, 3=38, 4=38}
2026-03-14 01:22:37,284 DEBUG [CRASH COMPLEXION_p011]          StemBuilder.java:1080 | [FAILED toString()]
2026-03-14 01:22:37,284 DEBUG [CRASH COMPLEXION_p011]          StemBuilder.java:167  | CLinker{head#3189-Clnk-BL refPt:[1387.9,108.0]} lengths:{0=3, 1=3, 2=3, 3=3, 4=3}
2026-03-14 01:22:37,285 DEBUG [CRASH COMPLEXION_p011]          StemBuilder.java:1080 | [FAILED toString()]
2026-03-14 01:22:37,286 DEBUG [CRASH COMPLEXION_p011]          StemBuilder.java:167  | CLinker{head#3189-Clnk-TL refPt:[1387.9,104.0]} lengths:{0=7, 1=7, 2=7, 3=7, 4=7}
2026-03-14 01:22:37,287 DEBUG [CRASH COMPLEXION_p011]          StemBuilder.java:1080 | [FAILED toString()]
2026-03-14 01:22:37,288 DEBUG [CRASH COMPLEXION_p011]          StemBuilder.java:167  | CLinker{head#3189-Clnk-BR Glyph{#579 [VERTICAL_SEED]}} lengths:{0=16, 1=16, 2=16, 3=16, 4=16}
2026-03-14 01:22:37,289 DEBUG [CRASH COMPLEXION_p011]          StemBuilder.java:1080 | [FAILED toString()]
2026-03-14 01:22:37,292 DEBUG [CRASH COMPLEXION_p011]          StemBuilder.java:167  | CLinker{head#3193-Clnk-TR Glyph{#579 [VERTICAL_SEED]}} lengths:{0=38, 1=38, 2=38, 3=38, 4=38}
2026-03-14 01:22:37,294 DEBUG [CRASH COMPLEXION_p011]          StemBuilder.java:1080 | [FAILED toString()]
2026-03-14 01:22:37,294 DEBUG [CRASH COMPLEXION_p011]          StemBuilder.java:167  | CLinker{head#3193-Clnk-BL refPt:[1387.9,108.0]} lengths:{0=3, 1=3, 2=3, 3=3, 4=3}
2026-03-14 01:22:37,295 DEBUG [CRASH COMPLEXION_p011]          StemBuilder.java:1080 | [FAILED toString()]
2026-03-14 01:22:37,295 DEBUG [CRASH COMPLEXION_p011]          StemBuilder.java:167  | CLinker{head#3193-Clnk-TL refPt:[1387.9,104.0]} lengths:{0=7, 1=7, 2=7, 3=7, 4=7}
2026-03-14 01:22:37,296 DEBUG [CRASH COMPLEXION_p011]          StemBuilder.java:1080 | [FAILED toString()]
2026-03-14 01:22:37,296 DEBUG [CRASH COMPLEXION_p011]          StemBuilder.java:167  | CLinker{head#3193-Clnk-BR Glyph{#579 [VERTICAL_SEED]}} lengths:{0=16, 1=16, 2=16, 3=16, 4=16}
2026-03-14 01:22:37,297 DEBUG [CRASH COMPLEXION_p011]          StemBuilder.java:1080 | [FAILED toString()]
2026-03-14 01:22:37,297 DEBUG [CRASH COMPLEXION_p011]          StemBuilder.java:167  | CLinker{head#3133-Clnk-TR Glyph{#579 [VERTICAL_SEED]}} lengths:{0=32, 1=32, 2=32, 3=32, 4=32}
2026-03-14 01:22:37,297 DEBUG [CRASH COMPLEXION_p011]          StemBuilder.java:1080 | [FAILED toString()]
2026-03-14 01:22:37,298 DEBUG [CRASH COMPLEXION_p011]          StemBuilder.java:167  | CLinker{head#3133-Clnk-BL Glyph{#18907 [STUMP]}} lengths:{0=10, 1=10, 2=10, 3=10, 4=10}
2026-03-14 01:22:37,298 DEBUG [CRASH COMPLEXION_p011]          StemBuilder.java:1080 | [FAILED toString()]
2026-03-14 01:22:37,299 DEBUG [CRASH COMPLEXION_p011]          StemBuilder.java:167  | CLinker{head#3133-Clnk-TL refPt:[1390.9,98.0]} lengths:{0=7, 1=7, 2=7, 3=7, 4=7}
2026-03-14 01:22:37,299 DEBUG [CRASH COMPLEXION_p011]          StemBuilder.java:1080 | [FAILED toString()]
2026-03-14 01:22:37,300 DEBUG [CRASH COMPLEXION_p011]          StemBuilder.java:167  | CLinker{head#3133-Clnk-BR Glyph{#579 [VERTICAL_SEED]}} lengths:{0=22, 1=22, 2=22, 3=22, 4=22}
2026-03-14 01:22:37,300 DEBUG [CRASH COMPLEXION_p011]          StemBuilder.java:1080 | [FAILED toString()]
2026-03-14 01:22:37,300 DEBUG [CRASH COMPLEXION_p011]          StemBuilder.java:167  | CLinker{head#3226-Clnk-TR Glyph{#579 [VERTICAL_SEED]}} lengths:{0=46, 1=46, 2=46, 3=46, 4=46}
2026-03-14 01:22:37,301 DEBUG [CRASH COMPLEXION_p011]          StemBuilder.java:1080 | [FAILED toString()]
2026-03-14 01:22:37,301 DEBUG [CRASH COMPLEXION_p011]          StemBuilder.java:167  | CLinker{head#3226-Clnk-BL refPt:[1390.9,116.0]} lengths:{0=6, 1=6, 2=6, 3=6, 4=6}
2026-03-14 01:22:37,302 DEBUG [CRASH COMPLEXION_p011]          StemBuilder.java:1080 | [FAILED toString()]
2026-03-14 01:22:37,302 DEBUG [CRASH COMPLEXION_p011]          StemBuilder.java:167  | CLinker{head#3226-Clnk-TL Glyph{#18907 [STUMP]}} lengths:{0=13, 1=13, 2=13, 3=13, 4=13}
2026-03-14 01:22:37,303 DEBUG [CRASH COMPLEXION_p011]          StemBuilder.java:1080 | [FAILED toString()]
2026-03-14 01:22:37,303 DEBUG [CRASH COMPLEXION_p011]          StemBuilder.java:167  | CLinker{head#3226-Clnk-BR refPt:[1403.7,112.0]} lengths:{0=8, 1=8, 2=8, 3=8, 4=8}
2026-03-14 01:22:37,304 DEBUG [CRASH COMPLEXION_p011]          StemBuilder.java:1080 | [FAILED toString()]
2026-03-14 01:22:37,304 DEBUG [CRASH COMPLEXION_p011]          StemBuilder.java:167  | CLinker{head#4345-Clnk-TR Glyph{#554 [VERTICAL_SEED]}} lengths:{0=61, 1=61, 2=61, 3=61, 4=61}
2026-03-14 01:22:37,305 DEBUG [CRASH COMPLEXION_p011]          StemBuilder.java:1080 | [FAILED toString()]
2026-03-14 01:22:37,305 DEBUG [CRASH COMPLEXION_p011]          StemBuilder.java:167  | CLinker{head#4345-Clnk-BL refPt:[1408.9,1259.0]} lengths:{0=5, 1=5, 2=5, 3=5, 4=5}
2026-03-14 01:22:37,306 DEBUG [CRASH COMPLEXION_p011]          StemBuilder.java:1080 | [FAILED toString()]
2026-03-14 01:22:37,307 DEBUG [CRASH COMPLEXION_p011]          StemBuilder.java:167  | CLinker{head#4345-Clnk-TL refPt:[1408.9,1255.0]} lengths:{0=7, 1=7, 2=7, 3=7, 4=7}
2026-03-14 01:22:37,307 DEBUG [CRASH COMPLEXION_p011]          StemBuilder.java:1080 | [FAILED toString()]
2026-03-14 01:22:37,308 DEBUG [CRASH COMPLEXION_p011]          StemBuilder.java:167  | CLinker{head#4345-Clnk-BR refPt:[1422.7,1255.0]} lengths:{0=7, 1=7, 2=7, 3=7, 4=7}
2026-03-14 01:22:37,309 DEBUG [CRASH COMPLEXION_p011]          StemBuilder.java:1080 | [FAILED toString()]
2026-03-14 01:22:37,309 DEBUG [CRASH COMPLEXION_p011]          StemBuilder.java:167  | CLinker{head#4763-Clnk-TR refPt:[1438.7,1276.0]} lengths:{0=2, 1=2, 2=2, 3=2, 4=2}
2026-03-14 01:22:37,310 DEBUG [CRASH COMPLEXION_p011]          StemBuilder.java:1080 | [FAILED toString()]
2026-03-14 01:22:37,310 DEBUG [CRASH COMPLEXION_p011]          StemBuilder.java:167  | CLinker{head#4763-Clnk-BL refPt:[1427.9,1285.0]} lengths:{0=3, 1=3, 2=3, 3=3, 4=3}
2026-03-14 01:22:37,311 DEBUG [CRASH COMPLEXION_p011]          StemBuilder.java:1080 | [FAILED toString()]
2026-03-14 01:22:37,312 DEBUG [CRASH COMPLEXION_p011]          StemBuilder.java:167  | CLinker{head#4763-Clnk-TL refPt:[1427.9,1281.0]} lengths:{0=7, 1=7, 2=7, 3=7, 4=7}
2026-03-14 01:22:37,313 DEBUG [CRASH COMPLEXION_p011]          StemBuilder.java:1080 | [FAILED toString()]
2026-03-14 01:22:37,314 DEBUG [CRASH COMPLEXION_p011]          StemBuilder.java:167  | CLinker{head#4763-Clnk-BR Glyph{#18911 [STUMP]}} lengths:{0=17, 1=17, 2=17, 3=17, 4=17}
2026-03-14 01:22:37,315 DEBUG [CRASH COMPLEXION_p011]          StemBuilder.java:1080 | [FAILED toString()]
2026-03-14 01:22:37,315 DEBUG [CRASH COMPLEXION_p011]          StemBuilder.java:167  | CLinker{head#4601-Clnk-TR refPt:[1490.7,1283.0]} lengths:{0=9, 1=9, 2=9, 3=9, 4=9}
2026-03-14 01:22:37,316 DEBUG [CRASH COMPLEXION_p011]          StemBuilder.java:1080 | [FAILED toString()]
2026-03-14 01:22:37,317 DEBUG [CRASH COMPLEXION_p011]          StemBuilder.java:167  | CLinker{head#4601-Clnk-BL Glyph{#637 [VERTICAL_SEED]}} lengths:{0=35, 1=35, 2=35, 3=35, 4=35}
2026-03-14 01:22:37,317 DEBUG [CRASH COMPLEXION_p011]          StemBuilder.java:1080 | [FAILED toString()]
2026-03-14 01:22:37,318 DEBUG [CRASH COMPLEXION_p011]          StemBuilder.java:167  | CLinker{head#4601-Clnk-TL refPt:[1476.9,1288.0]} lengths:{0=9, 1=9, 2=9, 3=9, 4=9}
2026-03-14 01:22:37,318 DEBUG [CRASH COMPLEXION_p011]          StemBuilder.java:1080 | [FAILED toString()]
2026-03-14 01:22:37,319 DEBUG [CRASH COMPLEXION_p011]          StemBuilder.java:167  | CLinker{head#4601-Clnk-BR refPt:[1490.7,1288.0]} lengths:{0=7, 1=24, 2=24, 3=24, 4=24}
2026-03-14 01:22:37,319 DEBUG [CRASH COMPLEXION_p011]          StemBuilder.java:1080 | [FAILED toString()]
2026-03-14 01:22:37,323 DEBUG [CRASH COMPLEXION_p011]          StemBuilder.java:167  | CLinker{head#4483-Clnk-TR refPt:[1493.7,1276.0]} lengths:{0=2, 1=2, 2=2, 3=2, 4=2}
2026-03-14 01:22:37,324 DEBUG [CRASH COMPLEXION_p011]          StemBuilder.java:1080 | [FAILED toString()]
2026-03-14 01:22:37,324 DEBUG [CRASH COMPLEXION_p011]          StemBuilder.java:167  | CLinker{head#4483-Clnk-BL Glyph{#637 [VERTICAL_SEED]}} lengths:{0=42, 1=42, 2=42, 3=42, 4=42}
2026-03-14 01:22:37,325 DEBUG [CRASH COMPLEXION_p011]          StemBuilder.java:1080 | [FAILED toString()]
2026-03-14 01:22:37,326 DEBUG [CRASH COMPLEXION_p011]          StemBuilder.java:167  | CLinker{head#4483-Clnk-TL refPt:[1479.9,1281.0]} lengths:{0=7, 1=7, 2=7, 3=7, 4=7}
2026-03-14 01:22:37,326 DEBUG [CRASH COMPLEXION_p011]          StemBuilder.java:1080 | [FAILED toString()]
2026-03-14 01:22:37,327 DEBUG [CRASH COMPLEXION_p011]          StemBuilder.java:167  | CLinker{head#4483-Clnk-BR refPt:[1493.7,1281.0]} lengths:{0=7, 1=7, 2=7, 3=7, 4=7}
2026-03-14 01:22:37,328 DEBUG [CRASH COMPLEXION_p011]          StemBuilder.java:1080 | [FAILED toString()]
2026-03-14 01:22:37,329 DEBUG [CRASH COMPLEXION_p011]          StemBuilder.java:167  | CLinker{head#4487-Clnk-TR refPt:[1493.7,1276.0]} lengths:{0=2, 1=2, 2=2, 3=2, 4=2}
2026-03-14 01:22:37,329 DEBUG [CRASH COMPLEXION_p011]          StemBuilder.java:1080 | [FAILED toString()]
2026-03-14 01:22:37,330 DEBUG [CRASH COMPLEXION_p011]          StemBuilder.java:167  | CLinker{head#4487-Clnk-BL Glyph{#637 [VERTICAL_SEED]}} lengths:{0=42, 1=42, 2=42, 3=42, 4=42}
2026-03-14 01:22:37,330 DEBUG [CRASH COMPLEXION_p011]          StemBuilder.java:1080 | [FAILED toString()]
2026-03-14 01:22:37,331 DEBUG [CRASH COMPLEXION_p011]          StemBuilder.java:167  | CLinker{head#4487-Clnk-TL refPt:[1479.9,1281.0]} lengths:{0=7, 1=7, 2=7, 3=7, 4=7}
2026-03-14 01:22:37,332 DEBUG [CRASH COMPLEXION_p011]          StemBuilder.java:1080 | [FAILED toString()]
2026-03-14 01:22:37,332 DEBUG [CRASH COMPLEXION_p011]          StemBuilder.java:167  | CLinker{head#4487-Clnk-BR refPt:[1493.7,1281.0]} lengths:{0=7, 1=7, 2=7, 3=7, 4=7}
2026-03-14 01:22:37,333 DEBUG [CRASH COMPLEXION_p011]          StemBuilder.java:1080 | [FAILED toString()]
2026-03-14 01:22:37,333 DEBUG [CRASH COMPLEXION_p011]          StemBuilder.java:167  | CLinker{head#4210-Clnk-TR refPt:[1502.7,997.0]} lengths:{0=3, 1=17, 2=17, 3=17, 4=17}
2026-03-14 01:22:37,334 DEBUG [CRASH COMPLEXION_p011]          StemBuilder.java:1080 | [FAILED toString()]
2026-03-14 01:22:37,335 DEBUG [CRASH COMPLEXION_p011]          StemBuilder.java:167  | CLinker{head#4210-Clnk-BL refPt:[1489.9,1006.0]} lengths:{0=3, 1=3, 2=3, 3=3, 4=3}
2026-03-14 01:22:37,335 DEBUG [CRASH COMPLEXION_p011]          StemBuilder.java:1080 | [FAILED toString()]
2026-03-14 01:22:37,336 DEBUG [CRASH COMPLEXION_p011]          StemBuilder.java:167  | CLinker{head#4210-Clnk-TL refPt:[1489.9,1002.0]} lengths:{0=7, 1=7, 2=7, 3=7, 4=7}
2026-03-14 01:22:37,336 DEBUG [CRASH COMPLEXION_p011]          StemBuilder.java:1080 | [FAILED toString()]
2026-03-14 01:22:37,341 DEBUG [CRASH COMPLEXION_p011]          StemBuilder.java:167  | CLinker{head#4210-Clnk-BR refPt:[1502.7,1002.0]} lengths:{0=8, 1=8, 2=8, 3=8, 4=8}
2026-03-14 01:22:37,342 DEBUG [CRASH COMPLEXION_p011]          StemBuilder.java:1080 | [FAILED toString()]
2026-03-14 01:22:37,342 DEBUG [CRASH COMPLEXION_p011]          StemBuilder.java:167  | CLinker{head#3605-Clnk-TR refPt:[1505.7,570.0]} lengths:{0=2, 1=2, 2=2, 3=2, 4=2}
2026-03-14 01:22:37,343 DEBUG [CRASH COMPLEXION_p011]          StemBuilder.java:1080 | [FAILED toString()]
2026-03-14 01:22:37,343 DEBUG [CRASH COMPLEXION_p011]          StemBuilder.java:167  | CLinker{head#3605-Clnk-BL refPt:[1494.9,579.0]} lengths:{0=3, 1=3, 2=3, 3=3, 4=3}
2026-03-14 01:22:37,345 DEBUG [CRASH COMPLEXION_p011]          StemBuilder.java:1080 | [FAILED toString()]
2026-03-14 01:22:37,345 DEBUG [CRASH COMPLEXION_p011]          StemBuilder.java:167  | CLinker{head#3605-Clnk-TL refPt:[1494.9,575.0]} lengths:{0=7, 1=7, 2=7, 3=7, 4=7}
2026-03-14 01:22:37,346 DEBUG [CRASH COMPLEXION_p011]          StemBuilder.java:1080 | [FAILED toString()]
2026-03-14 01:22:37,346 DEBUG [CRASH COMPLEXION_p011]          StemBuilder.java:167  | CLinker{head#3605-Clnk-BR Glyph{#18918 [STUMP]}} lengths:{0=9, 1=9, 2=9, 3=9, 4=9}
2026-03-14 01:22:37,347 DEBUG [CRASH COMPLEXION_p011]          StemBuilder.java:1080 | [FAILED toString()]
2026-03-14 01:22:37,348 DEBUG [CRASH COMPLEXION_p011]          StemBuilder.java:167  | CLinker{head#4179-Clnk-TR Glyph{#515 [VERTICAL_SEED]}} lengths:{0=16, 1=16, 2=16, 3=16, 4=16}
2026-03-14 01:22:37,349 DEBUG [CRASH COMPLEXION_p011]          StemBuilder.java:1080 | [FAILED toString()]
2026-03-14 01:22:37,350 DEBUG [CRASH COMPLEXION_p011]          StemBuilder.java:167  | CLinker{head#4179-Clnk-BL Glyph{#18916 [STUMP]}} lengths:{0=18, 1=18, 2=18, 3=18, 4=18}
2026-03-14 01:22:37,351 DEBUG [CRASH COMPLEXION_p011]          StemBuilder.java:1080 | [FAILED toString()]
2026-03-14 01:22:37,361 DEBUG [CRASH COMPLEXION_p011]          StemBuilder.java:167  | CLinker{head#4179-Clnk-TL Glyph{#18919 [STUMP]}} lengths:{0=8, 1=8, 2=8, 3=8, 4=8}
2026-03-14 01:22:37,362 DEBUG [CRASH COMPLEXION_p011]          StemBuilder.java:1080 | [FAILED toString()]
2026-03-14 01:22:37,363 DEBUG [CRASH COMPLEXION_p011]          StemBuilder.java:167  | CLinker{head#4179-Clnk-BR Glyph{#515 [VERTICAL_SEED]}} lengths:{0=160, 1=160, 2=160, 3=160, 4=160}
2026-03-14 01:22:37,365 DEBUG [CRASH COMPLEXION_p011]          StemBuilder.java:1080 | [FAILED toString()]
2026-03-14 01:22:37,366 DEBUG [CRASH COMPLEXION_p011]          StemBuilder.java:167  | CLinker{head#3573-Clnk-TR Glyph{#45}} lengths:{0=17, 1=17, 2=17, 3=17, 4=17}
2026-03-14 01:22:37,367 DEBUG [CRASH COMPLEXION_p011]          StemBuilder.java:1080 | [FAILED toString()]
2026-03-14 01:22:37,368 DEBUG [CRASH COMPLEXION_p011]          StemBuilder.java:167  | CLinker{head#3573-Clnk-BL Glyph{#18917 [STUMP]}} lengths:{0=18, 1=18, 2=18, 3=18, 4=18}
2026-03-14 01:22:37,369 DEBUG [CRASH COMPLEXION_p011]          StemBuilder.java:1080 | [FAILED toString()]
2026-03-14 01:22:37,369 DEBUG [CRASH COMPLEXION_p011]          StemBuilder.java:167  | CLinker{head#3573-Clnk-TL Glyph{#18920 [STUMP]}} lengths:{0=8, 1=8, 2=8, 3=8, 4=8}
2026-03-14 01:22:37,370 DEBUG [CRASH COMPLEXION_p011]          StemBuilder.java:1080 | [FAILED toString()]
2026-03-14 01:22:37,371 DEBUG [CRASH COMPLEXION_p011]          StemBuilder.java:167  | CLinker{head#3573-Clnk-BR refPt:[1517.7,562.0]} lengths:{0=195, 1=195, 2=195, 3=195, 4=195}
2026-03-14 01:22:37,372 DEBUG [CRASH COMPLEXION_p011]          StemBuilder.java:1080 | [FAILED toString()]
2026-03-14 01:22:37,373 DEBUG [CRASH COMPLEXION_p011]          StemBuilder.java:167  | CLinker{head#4190-Clnk-TR refPt:[1545.7,984.0]} lengths:{0=2, 1=2, 2=2, 3=2, 4=2}
2026-03-14 01:22:37,374 DEBUG [CRASH COMPLEXION_p011]          StemBuilder.java:1080 | [FAILED toString()]
2026-03-14 01:22:37,374 DEBUG [CRASH COMPLEXION_p011]          StemBuilder.java:167  | CLinker{head#4190-Clnk-BL refPt:[1534.9,993.0]} lengths:{0=4, 1=4, 2=4, 3=4, 4=4}
2026-03-14 01:22:37,375 DEBUG [CRASH COMPLEXION_p011]          StemBuilder.java:1080 | [FAILED toString()]
2026-03-14 01:22:37,375 DEBUG [CRASH COMPLEXION_p011]          StemBuilder.java:167  | CLinker{head#4190-Clnk-TL Glyph{#18921 [STUMP]}} lengths:{0=8, 1=8, 2=8, 3=8, 4=8}
2026-03-14 01:22:37,376 DEBUG [CRASH COMPLEXION_p011]          StemBuilder.java:1080 | [FAILED toString()]
2026-03-14 01:22:37,376 DEBUG [CRASH COMPLEXION_p011]          StemBuilder.java:167  | CLinker{head#4190-Clnk-BR refPt:[1545.7,989.0]} lengths:{0=7, 1=7, 2=7, 3=7, 4=7}
2026-03-14 01:22:37,377 DEBUG [CRASH COMPLEXION_p011]          StemBuilder.java:1080 | [FAILED toString()]
2026-03-14 01:22:37,378 DEBUG [CRASH COMPLEXION_p011]          StemBuilder.java:167  | CLinker{head#4605-Clnk-TR refPt:[1573.7,1282.0]} lengths:{0=8, 1=8, 2=8, 3=8, 4=8}
2026-03-14 01:22:37,378 DEBUG [CRASH COMPLEXION_p011]          StemBuilder.java:1080 | [FAILED toString()]
2026-03-14 01:22:37,379 DEBUG [CRASH COMPLEXION_p011]          StemBuilder.java:167  | CLinker{head#4605-Clnk-BL Glyph{#630 [VERTICAL_SEED]}} lengths:{0=34, 1=34, 2=34, 3=34, 4=34}
2026-03-14 01:22:37,380 DEBUG [CRASH COMPLEXION_p011]          StemBuilder.java:1080 | [FAILED toString()]
2026-03-14 01:22:37,380 DEBUG [CRASH COMPLEXION_p011]          StemBuilder.java:167  | CLinker{head#4605-Clnk-TL Glyph{#630 [VERTICAL_SEED]}} lengths:{0=8, 1=8, 2=8, 3=8, 4=8}
2026-03-14 01:22:37,381 DEBUG [CRASH COMPLEXION_p011]          StemBuilder.java:1080 | [FAILED toString()]
2026-03-14 01:22:37,381 DEBUG [CRASH COMPLEXION_p011]          StemBuilder.java:167  | CLinker{head#4605-Clnk-BR refPt:[1573.7,1287.0]} lengths:{0=7, 1=7, 2=7, 3=7, 4=7}
2026-03-14 01:22:37,382 DEBUG [CRASH COMPLEXION_p011]          StemBuilder.java:1080 | [FAILED toString()]
2026-03-14 01:22:37,387 DEBUG [CRASH COMPLEXION_p011]          StemBuilder.java:167  | CLinker{head#4493-Clnk-TR refPt:[1575.7,1277.0]} lengths:{0=3, 1=3, 2=3, 3=3, 4=3}
2026-03-14 01:22:37,388 DEBUG [CRASH COMPLEXION_p011]          StemBuilder.java:1080 | [FAILED toString()]
2026-03-14 01:22:37,389 DEBUG [CRASH COMPLEXION_p011]          StemBuilder.java:167  | CLinker{head#4493-Clnk-BL Glyph{#630 [VERTICAL_SEED]}} lengths:{0=39, 1=39, 2=39, 3=39, 4=39}
2026-03-14 01:22:37,390 DEBUG [CRASH COMPLEXION_p011]          StemBuilder.java:1080 | [FAILED toString()]
2026-03-14 01:22:37,391 DEBUG [CRASH COMPLEXION_p011]          StemBuilder.java:167  | CLinker{head#4493-Clnk-TL refPt:[1561.9,1282.0]} lengths:{0=7, 1=7, 2=7, 3=7, 4=7}
2026-03-14 01:22:37,392 DEBUG [CRASH COMPLEXION_p011]          StemBuilder.java:1080 | [FAILED toString()]
2026-03-14 01:22:37,392 DEBUG [CRASH COMPLEXION_p011]          StemBuilder.java:167  | CLinker{head#4493-Clnk-BR refPt:[1575.7,1282.0]} lengths:{0=7, 1=7, 2=7, 3=7, 4=7}
2026-03-14 01:22:37,393 DEBUG [CRASH COMPLEXION_p011]          StemBuilder.java:1080 | [FAILED toString()]
2026-03-14 01:22:37,393 DEBUG [CRASH COMPLEXION_p011]          StemBuilder.java:167  | CLinker{head#3671-Clnk-TR refPt:[1576.7,826.0]} lengths:{0=3, 1=3, 2=3, 3=3, 4=3}
2026-03-14 01:22:37,394 DEBUG [CRASH COMPLEXION_p011]          StemBuilder.java:1080 | [FAILED toString()]
2026-03-14 01:22:37,396 DEBUG [CRASH COMPLEXION_p011]          StemBuilder.java:167  | CLinker{head#3671-Clnk-BL Glyph{#619 [VERTICAL_SEED]}} lengths:{0=40, 1=40, 2=40, 3=40, 4=40}
2026-03-14 01:22:37,397 DEBUG [CRASH COMPLEXION_p011]          StemBuilder.java:1080 | [FAILED toString()]
2026-03-14 01:22:37,397 DEBUG [CRASH COMPLEXION_p011]          StemBuilder.java:167  | CLinker{head#3671-Clnk-TL Glyph{#619 [VERTICAL_SEED]}} lengths:{0=8, 1=8, 2=8, 3=8, 4=8}
2026-03-14 01:22:37,398 DEBUG [CRASH COMPLEXION_p011]          StemBuilder.java:1080 | [FAILED toString()]
2026-03-14 01:22:37,398 DEBUG [CRASH COMPLEXION_p011]          StemBuilder.java:167  | CLinker{head#3671-Clnk-BR refPt:[1576.7,831.0]} lengths:{0=8, 1=8, 2=8, 3=8, 4=8}
2026-03-14 01:22:37,399 DEBUG [CRASH COMPLEXION_p011]          StemBuilder.java:1080 | [FAILED toString()]
2026-03-14 01:22:37,399 DEBUG [CRASH COMPLEXION_p011]          StemBuilder.java:167  | CLinker{head#4397-Clnk-TR Glyph{#555 [VERTICAL_SEED]}} lengths:{0=66, 1=66, 2=66, 3=66, 4=66}
2026-03-14 01:22:37,400 DEBUG [CRASH COMPLEXION_p011]          StemBuilder.java:1080 | [FAILED toString()]
2026-03-14 01:22:37,401 DEBUG [CRASH COMPLEXION_p011]          StemBuilder.java:167  | CLinker{head#4397-Clnk-BL refPt:[1649.9,1265.0]} lengths:{0=0, 1=0, 2=0, 3=0, 4=0}
2026-03-14 01:22:37,401 DEBUG [CRASH COMPLEXION_p011]          StemBuilder.java:1080 | [FAILED toString()]
2026-03-14 01:22:37,402 DEBUG [CRASH COMPLEXION_p011]          StemBuilder.java:167  | CLinker{head#4397-Clnk-TL Glyph{#18926 [STUMP]}} lengths:{0=8, 1=8, 2=8, 3=8, 4=8}
2026-03-14 01:22:37,403 DEBUG [CRASH COMPLEXION_p011]          StemBuilder.java:1080 | [FAILED toString()]
2026-03-14 01:22:37,404 DEBUG [CRASH COMPLEXION_p011]          StemBuilder.java:167  | CLinker{head#4397-Clnk-BR refPt:[1663.7,1261.0]} lengths:{0=3, 1=3, 2=3, 3=3, 4=3}
2026-03-14 01:22:37,405 DEBUG [CRASH COMPLEXION_p011]          StemBuilder.java:1080 | [FAILED toString()]
2026-03-14 01:22:37,406 DEBUG [CRASH COMPLEXION_p011]          StemBuilder.java:167  | CLinker{head#4349-Clnk-TR Glyph{#555 [VERTICAL_SEED]}} lengths:{0=59, 1=59, 2=59, 3=59, 4=59}
2026-03-14 01:22:37,408 DEBUG [CRASH COMPLEXION_p011]          StemBuilder.java:1080 | [FAILED toString()]
2026-03-14 01:22:37,410 DEBUG [CRASH COMPLEXION_p011]          StemBuilder.java:167  | CLinker{head#4349-Clnk-BL refPt:[1650.9,1258.0]} lengths:{0=3, 1=3, 2=3, 3=3, 4=3}
2026-03-14 01:22:37,413 DEBUG [CRASH COMPLEXION_p011]          StemBuilder.java:1080 | [FAILED toString()]
2026-03-14 01:22:37,413 DEBUG [CRASH COMPLEXION_p011]          StemBuilder.java:167  | CLinker{head#4349-Clnk-TL refPt:[1650.9,1254.0]} lengths:{0=7, 1=7, 2=7, 3=7, 4=7}
2026-03-14 01:22:37,418 DEBUG [CRASH COMPLEXION_p011]          StemBuilder.java:1080 | [FAILED toString()]
2026-03-14 01:22:37,419 DEBUG [CRASH COMPLEXION_p011]          StemBuilder.java:167  | CLinker{head#4349-Clnk-BR refPt:[1664.7,1254.0]} lengths:{0=7, 1=7, 2=7, 3=7, 4=7}
2026-03-14 01:22:37,420 DEBUG [CRASH COMPLEXION_p011]          StemBuilder.java:1080 | [FAILED toString()]
2026-03-14 01:22:37,420 DEBUG [CRASH COMPLEXION_p011]          StemBuilder.java:167  | CLinker{head#4353-Clnk-TR Glyph{#555 [VERTICAL_SEED]}} lengths:{0=60, 1=60, 2=60, 3=60, 4=60}
2026-03-14 01:22:37,421 DEBUG [CRASH COMPLEXION_p011]          StemBuilder.java:1080 | [FAILED toString()]
2026-03-14 01:22:37,421 DEBUG [CRASH COMPLEXION_p011]          StemBuilder.java:167  | CLinker{head#4353-Clnk-BL refPt:[1650.9,1259.0]} lengths:{0=3, 1=3, 2=3, 3=3, 4=3}
2026-03-14 01:22:37,422 DEBUG [CRASH COMPLEXION_p011]          StemBuilder.java:1080 | [FAILED toString()]
2026-03-14 01:22:37,423 DEBUG [CRASH COMPLEXION_p011]          StemBuilder.java:167  | CLinker{head#4353-Clnk-TL refPt:[1650.9,1255.0]} lengths:{0=7, 1=7, 2=7, 3=7, 4=7}
2026-03-14 01:22:37,423 DEBUG [CRASH COMPLEXION_p011]          StemBuilder.java:1080 | [FAILED toString()]
2026-03-14 01:22:37,424 DEBUG [CRASH COMPLEXION_p011]          StemBuilder.java:167  | CLinker{head#4353-Clnk-BR refPt:[1664.7,1255.0]} lengths:{0=7, 1=7, 2=7, 3=7, 4=7}
2026-03-14 01:22:37,426 DEBUG [CRASH COMPLEXION_p011]          StemBuilder.java:1080 | [FAILED toString()]
2026-03-14 01:22:37,427 DEBUG [CRASH COMPLEXION_p011]          StemBuilder.java:167  | CLinker{head#4678-Clnk-TR Glyph{#718 [VERTICAL_SEED]}} lengths:{0=16, 1=16, 2=16, 3=16, 4=16}
2026-03-14 01:22:37,428 DEBUG [CRASH COMPLEXION_p011]          StemBuilder.java:1080 | [FAILED toString()]
2026-03-14 01:22:37,428 DEBUG [CRASH COMPLEXION_p011]          StemBuilder.java:167  | CLinker{head#4678-Clnk-BL Glyph{#688 [VERTICAL_SEED]}} lengths:{0=26, 1=26, 2=26, 3=26, 4=26}
2026-03-14 01:22:37,429 DEBUG [CRASH COMPLEXION_p011]          StemBuilder.java:1080 | [FAILED toString()]
2026-03-14 01:22:37,429 DEBUG [CRASH COMPLEXION_p011]          StemBuilder.java:167  | CLinker{head#4678-Clnk-TL Glyph{#688 [VERTICAL_SEED]}} lengths:{0=9, 1=9, 2=9, 3=9, 4=9}
2026-03-14 01:22:37,431 DEBUG [CRASH COMPLEXION_p011]          StemBuilder.java:1080 | [FAILED toString()]
2026-03-14 01:22:37,433 DEBUG [CRASH COMPLEXION_p011]          StemBuilder.java:167  | CLinker{head#4678-Clnk-BR Glyph{#688 [VERTICAL_SEED]}} lengths:{0=30, 1=30, 2=30, 3=30, 4=30}
2026-03-14 01:22:37,434 DEBUG [CRASH COMPLEXION_p011]          StemBuilder.java:1080 | [FAILED toString()]
2026-03-14 01:22:37,435 DEBUG [CRASH COMPLEXION_p011]          StemBuilder.java:167  | CLinker{head#3678-Clnk-TR Glyph{#18929 [STUMP]}} lengths:{0=9, 1=9, 2=9, 3=9, 4=9}
2026-03-14 01:22:37,435 DEBUG [CRASH COMPLEXION_p011]          StemBuilder.java:1080 | [FAILED toString()]
2026-03-14 01:22:37,436 DEBUG [CRASH COMPLEXION_p011]          StemBuilder.java:167  | CLinker{head#3678-Clnk-BL Glyph{#708 [VERTICAL_SEED]}} lengths:{0=11, 1=11, 2=11, 3=11, 4=11}
2026-03-14 01:22:37,436 DEBUG [CRASH COMPLEXION_p011]          StemBuilder.java:1080 | [FAILED toString()]
2026-03-14 01:22:37,437 DEBUG [CRASH COMPLEXION_p011]          StemBuilder.java:167  | CLinker{head#3678-Clnk-TL Glyph{#708 [VERTICAL_SEED]}} lengths:{0=21, 1=21, 2=21, 3=21, 4=21}
2026-03-14 01:22:37,438 DEBUG [CRASH COMPLEXION_p011]          StemBuilder.java:1080 | [FAILED toString()]
2026-03-14 01:22:37,440 DEBUG [CRASH COMPLEXION_p011]          StemBuilder.java:167  | CLinker{head#3678-Clnk-BR Glyph{#607 [VERTICAL_SEED]}} lengths:{0=39, 1=39, 2=39, 3=39, 4=39}
2026-03-14 01:22:37,440 DEBUG [CRASH COMPLEXION_p011]          StemBuilder.java:1080 | [FAILED toString()]
2026-03-14 01:22:37,442 DEBUG [CRASH COMPLEXION_p011]          StemBuilder.java:167  | CLinker{head#3675-Clnk-TR Glyph{#18929 [STUMP]}} lengths:{0=8, 1=8, 2=8, 3=8, 4=8}
2026-03-14 01:22:37,443 DEBUG [CRASH COMPLEXION_p011]          StemBuilder.java:1080 | [FAILED toString()]
2026-03-14 01:22:37,444 DEBUG [CRASH COMPLEXION_p011]          StemBuilder.java:167  | CLinker{head#3675-Clnk-BL Glyph{#708 [VERTICAL_SEED]}} lengths:{0=12, 1=12, 2=12, 3=12, 4=12}
2026-03-14 01:22:37,451 DEBUG [CRASH COMPLEXION_p011]          StemBuilder.java:1080 | [FAILED toString()]
2026-03-14 01:22:37,452 DEBUG [CRASH COMPLEXION_p011]          StemBuilder.java:167  | CLinker{head#3675-Clnk-TL Glyph{#708 [VERTICAL_SEED]}} lengths:{0=20, 1=20, 2=20, 3=20, 4=20}
2026-03-14 01:22:37,453 DEBUG [CRASH COMPLEXION_p011]          StemBuilder.java:1080 | [FAILED toString()]
2026-03-14 01:22:37,454 DEBUG [CRASH COMPLEXION_p011]          StemBuilder.java:167  | CLinker{head#3675-Clnk-BR Glyph{#607 [VERTICAL_SEED]}} lengths:{0=40, 1=40, 2=40, 3=40, 4=40}
2026-03-14 01:22:37,456 DEBUG [CRASH COMPLEXION_p011]          StemBuilder.java:1080 | [FAILED toString()]
2026-03-14 01:22:37,457 DEBUG [CRASH COMPLEXION_p011]          StemBuilder.java:167  | CLinker{head#4609-Clnk-TR refPt:[1751.7,1283.0]} lengths:{0=2, 1=2, 2=2, 3=2, 4=2}
2026-03-14 01:22:37,458 DEBUG [CRASH COMPLEXION_p011]          StemBuilder.java:1080 | [FAILED toString()]
2026-03-14 01:22:37,459 DEBUG [CRASH COMPLEXION_p011]          StemBuilder.java:167  | CLinker{head#4609-Clnk-BL Glyph{#638 [VERTICAL_SEED]}} lengths:{0=31, 1=31, 2=31, 3=31, 4=31}
2026-03-14 01:22:37,460 DEBUG [CRASH COMPLEXION_p011]          StemBuilder.java:1080 | [FAILED toString()]
2026-03-14 01:22:37,462 DEBUG [CRASH COMPLEXION_p011]          StemBuilder.java:167  | CLinker{head#4609-Clnk-TL Glyph{#638 [VERTICAL_SEED]}} lengths:{0=9, 1=9, 2=9, 3=9, 4=9}
2026-03-14 01:22:37,463 DEBUG [CRASH COMPLEXION_p011]          StemBuilder.java:1080 | [FAILED toString()]
2026-03-14 01:22:37,464 DEBUG [CRASH COMPLEXION_p011]          StemBuilder.java:167  | CLinker{head#4609-Clnk-BR refPt:[1751.7,1288.0]} lengths:{0=7, 1=7, 2=7, 3=7, 4=7}
2026-03-14 01:22:37,465 DEBUG [CRASH COMPLEXION_p011]          StemBuilder.java:1080 | [FAILED toString()]
2026-03-14 01:22:37,466 DEBUG [CRASH COMPLEXION_p011]          StemBuilder.java:167  | CLinker{head#4499-Clnk-TR refPt:[1752.7,1277.0]} lengths:{0=2, 1=2, 2=2, 3=2, 4=2}
2026-03-14 01:22:37,468 DEBUG [CRASH COMPLEXION_p011]          StemBuilder.java:1080 | [FAILED toString()]
2026-03-14 01:22:37,470 DEBUG [CRASH COMPLEXION_p011]          StemBuilder.java:167  | CLinker{head#4499-Clnk-BL Glyph{#638 [VERTICAL_SEED]}} lengths:{0=37, 1=37, 2=37, 3=37, 4=37}
2026-03-14 01:22:37,471 DEBUG [CRASH COMPLEXION_p011]          StemBuilder.java:1080 | [FAILED toString()]
2026-03-14 01:22:37,472 DEBUG [CRASH COMPLEXION_p011]          StemBuilder.java:167  | CLinker{head#4499-Clnk-TL refPt:[1738.9,1282.0]} lengths:{0=7, 1=7, 2=7, 3=7, 4=7}
2026-03-14 01:22:37,475 DEBUG [CRASH COMPLEXION_p011]          StemBuilder.java:1080 | [FAILED toString()]
2026-03-14 01:22:37,482 DEBUG [CRASH COMPLEXION_p011]          StemBuilder.java:167  | CLinker{head#4499-Clnk-BR refPt:[1752.7,1282.0]} lengths:{0=7, 1=7, 2=7, 3=7, 4=7}
2026-03-14 01:22:37,484 DEBUG [CRASH COMPLEXION_p011]          StemBuilder.java:1080 | [FAILED toString()]
2026-03-14 01:22:37,485 DEBUG [CRASH COMPLEXION_p011]          StemBuilder.java:167  | CLinker{head#3847-Clnk-TR Glyph{#18933 [STUMP]}} lengths:{0=12, 1=12, 2=12, 3=12, 4=12}
2026-03-14 01:22:37,486 DEBUG [CRASH COMPLEXION_p011]          StemBuilder.java:1080 | [FAILED toString()]
2026-03-14 01:22:37,488 DEBUG [CRASH COMPLEXION_p011]          StemBuilder.java:167  | CLinker{head#3847-Clnk-BL refPt:[1745.9,836.0]} lengths:{0=3, 1=3, 2=3, 3=3, 4=3}
2026-03-14 01:22:37,488 DEBUG [CRASH COMPLEXION_p011]          StemBuilder.java:1080 | [FAILED toString()]
2026-03-14 01:22:37,490 DEBUG [CRASH COMPLEXION_p011]          StemBuilder.java:167  | CLinker{head#3847-Clnk-TL refPt:[1745.9,832.0]} lengths:{0=7, 1=9, 2=9, 3=9, 4=9}
2026-03-14 01:22:37,491 DEBUG [CRASH COMPLEXION_p011]          StemBuilder.java:1080 | [FAILED toString()]
2026-03-14 01:22:37,493 DEBUG [CRASH COMPLEXION_p011]          StemBuilder.java:167  | CLinker{head#3847-Clnk-BR refPt:[1756.7,832.0]} lengths:{0=7, 1=7, 2=7, 3=7, 4=7}
2026-03-14 01:22:37,493 DEBUG [CRASH COMPLEXION_p011]          StemBuilder.java:1080 | [FAILED toString()]
2026-03-14 01:22:37,495 DEBUG [CRASH COMPLEXION_p011]          StemBuilder.java:167  | CLinker{head#4509-Clnk-TR refPt:[1765.7,1277.0]} lengths:{0=3, 1=3, 2=3, 3=3, 4=3}
2026-03-14 01:22:37,496 DEBUG [CRASH COMPLEXION_p011]          StemBuilder.java:1080 | [FAILED toString()]
2026-03-14 01:22:37,497 DEBUG [CRASH COMPLEXION_p011]          StemBuilder.java:167  | CLinker{head#4509-Clnk-BL refPt:[1751.9,1286.0]} lengths:{0=3, 1=3, 2=3, 3=3, 4=3}
2026-03-14 01:22:37,498 DEBUG [CRASH COMPLEXION_p011]          StemBuilder.java:1080 | [FAILED toString()]
2026-03-14 01:22:37,499 DEBUG [CRASH COMPLEXION_p011]          StemBuilder.java:167  | CLinker{head#4509-Clnk-TL refPt:[1751.9,1282.0]} lengths:{0=7, 1=7, 2=7, 3=7, 4=7}
2026-03-14 01:22:37,500 DEBUG [CRASH COMPLEXION_p011]          StemBuilder.java:1080 | [FAILED toString()]
2026-03-14 01:22:37,502 DEBUG [CRASH COMPLEXION_p011]          StemBuilder.java:167  | CLinker{head#4509-Clnk-BR Glyph{#639 [VERTICAL_SEED]}} lengths:{0=42, 1=42, 2=42, 3=42, 4=42}
2026-03-14 01:22:37,503 DEBUG [CRASH COMPLEXION_p011]          StemBuilder.java:1080 | [FAILED toString()]
2026-03-14 01:22:37,503 DEBUG [CRASH COMPLEXION_p011]          StemBuilder.java:167  | CLinker{head#4613-Clnk-TR Glyph{#18935 [STUMP]}} lengths:{0=9, 1=9, 2=9, 3=9, 4=9}
2026-03-14 01:22:37,504 DEBUG [CRASH COMPLEXION_p011]          StemBuilder.java:1080 | [FAILED toString()]
2026-03-14 01:22:37,504 DEBUG [CRASH COMPLEXION_p011]          StemBuilder.java:167  | CLinker{head#4613-Clnk-BL Glyph{#639 [VERTICAL_SEED]}} lengths:{0=32, 1=32, 2=32, 3=32, 4=32}
2026-03-14 01:22:37,505 DEBUG [CRASH COMPLEXION_p011]          StemBuilder.java:1080 | [FAILED toString()]
2026-03-14 01:22:37,505 DEBUG [CRASH COMPLEXION_p011]          StemBuilder.java:167  | CLinker{head#4613-Clnk-TL Glyph{#639 [VERTICAL_SEED]}} lengths:{0=14, 1=14, 2=14, 3=14, 4=14}
2026-03-14 01:22:37,506 DEBUG [CRASH COMPLEXION_p011]          StemBuilder.java:1080 | [FAILED toString()]
2026-03-14 01:22:37,506 DEBUG [CRASH COMPLEXION_p011]          StemBuilder.java:167  | CLinker{head#4613-Clnk-BR refPt:[1775.7,1288.0]} lengths:{0=7, 1=7, 2=7, 3=7, 4=7}
2026-03-14 01:22:37,510 DEBUG [CRASH COMPLEXION_p011]          StemBuilder.java:1080 | [FAILED toString()]
2026-03-14 01:22:37,510 DEBUG [CRASH COMPLEXION_p011]          StemBuilder.java:167  | CLinker{head#4505-Clnk-TR refPt:[1777.7,1277.0]} lengths:{0=3, 1=3, 2=3, 3=3, 4=3}
2026-03-14 01:22:37,511 DEBUG [CRASH COMPLEXION_p011]          StemBuilder.java:1080 | [FAILED toString()]
2026-03-14 01:22:37,512 DEBUG [CRASH COMPLEXION_p011]          StemBuilder.java:167  | CLinker{head#4505-Clnk-BL Glyph{#639 [VERTICAL_SEED]}} lengths:{0=38, 1=38, 2=38, 3=38, 4=38}
2026-03-14 01:22:37,513 DEBUG [CRASH COMPLEXION_p011]          StemBuilder.java:1080 | [FAILED toString()]
2026-03-14 01:22:37,513 DEBUG [CRASH COMPLEXION_p011]          StemBuilder.java:167  | CLinker{head#4505-Clnk-TL Glyph{#639 [VERTICAL_SEED]}} lengths:{0=8, 1=8, 2=8, 3=8, 4=8}
2026-03-14 01:22:37,514 DEBUG [CRASH COMPLEXION_p011]          StemBuilder.java:1080 | [FAILED toString()]
2026-03-14 01:22:37,514 DEBUG [CRASH COMPLEXION_p011]          StemBuilder.java:167  | CLinker{head#4505-Clnk-BR refPt:[1777.7,1282.0]} lengths:{0=7, 1=7, 2=7, 3=7, 4=7}
2026-03-14 01:22:37,515 DEBUG [CRASH COMPLEXION_p011]          StemBuilder.java:1080 | [FAILED toString()]
2026-03-14 01:22:37,515 DEBUG [CRASH COMPLEXION_p011]          StemBuilder.java:167  | CLinker{head#4517-Clnk-TR refPt:[1789.7,1277.0]} lengths:{0=3, 1=3, 2=3, 3=3, 4=3}
2026-03-14 01:22:37,516 DEBUG [CRASH COMPLEXION_p011]          StemBuilder.java:1080 | [FAILED toString()]
2026-03-14 01:22:37,516 DEBUG [CRASH COMPLEXION_p011]          StemBuilder.java:167  | CLinker{head#4517-Clnk-BL refPt:[1775.9,1286.0]} lengths:{0=3, 1=3, 2=3, 3=3, 4=3}
2026-03-14 01:22:37,517 DEBUG [CRASH COMPLEXION_p011]          StemBuilder.java:1080 | [FAILED toString()]
2026-03-14 01:22:37,517 DEBUG [CRASH COMPLEXION_p011]          StemBuilder.java:167  | CLinker{head#4517-Clnk-TL Glyph{#18935 [STUMP]}} lengths:{0=8, 1=8, 2=8, 3=8, 4=8}
2026-03-14 01:22:37,518 DEBUG [CRASH COMPLEXION_p011]          StemBuilder.java:1080 | [FAILED toString()]
2026-03-14 01:22:37,518 DEBUG [CRASH COMPLEXION_p011]          StemBuilder.java:167  | CLinker{head#4517-Clnk-BR Glyph{#631 [VERTICAL_SEED]}} lengths:{0=42, 1=42, 2=42, 3=42, 4=42}
2026-03-14 01:22:37,519 DEBUG [CRASH COMPLEXION_p011]          StemBuilder.java:1080 | [FAILED toString()]
2026-03-14 01:22:37,519 DEBUG [CRASH COMPLEXION_p011]          StemBuilder.java:167  | CLinker{head#4617-Clnk-TR Glyph{#18939 [STUMP]}} lengths:{0=8, 1=8, 2=8, 3=8, 4=8}
2026-03-14 01:22:37,520 DEBUG [CRASH COMPLEXION_p011]          StemBuilder.java:1080 | [FAILED toString()]
2026-03-14 01:22:37,520 DEBUG [CRASH COMPLEXION_p011]          StemBuilder.java:167  | CLinker{head#4617-Clnk-BL Glyph{#631 [VERTICAL_SEED]}} lengths:{0=32, 1=32, 2=32, 3=32, 4=32}
2026-03-14 01:22:37,521 DEBUG [CRASH COMPLEXION_p011]          StemBuilder.java:1080 | [FAILED toString()]
2026-03-14 01:22:37,521 DEBUG [CRASH COMPLEXION_p011]          StemBuilder.java:167  | CLinker{head#4617-Clnk-TL Glyph{#631 [VERTICAL_SEED]}} lengths:{0=14, 1=14, 2=14, 3=14, 4=14}
2026-03-14 01:22:37,522 DEBUG [CRASH COMPLEXION_p011]          StemBuilder.java:1080 | [FAILED toString()]
2026-03-14 01:22:37,522 DEBUG [CRASH COMPLEXION_p011]          StemBuilder.java:167  | CLinker{head#4617-Clnk-BR refPt:[1798.7,1288.0]} lengths:{0=7, 1=7, 2=7, 3=7, 4=7}
2026-03-14 01:22:37,523 DEBUG [CRASH COMPLEXION_p011]          StemBuilder.java:1080 | [FAILED toString()]
2026-03-14 01:22:37,524 DEBUG [CRASH COMPLEXION_p011]          StemBuilder.java:167  | CLinker{head#4513-Clnk-TR refPt:[1800.7,1277.0]} lengths:{0=2, 1=2, 2=2, 3=2, 4=2}
2026-03-14 01:22:37,525 DEBUG [CRASH COMPLEXION_p011]          StemBuilder.java:1080 | [FAILED toString()]
2026-03-14 01:22:37,525 DEBUG [CRASH COMPLEXION_p011]          StemBuilder.java:167  | CLinker{head#4513-Clnk-BL Glyph{#631 [VERTICAL_SEED]}} lengths:{0=38, 1=38, 2=38, 3=38, 4=38}
2026-03-14 01:22:37,525 DEBUG [CRASH COMPLEXION_p011]          StemBuilder.java:1080 | [FAILED toString()]
2026-03-14 01:22:37,526 DEBUG [CRASH COMPLEXION_p011]          StemBuilder.java:167  | CLinker{head#4513-Clnk-TL Glyph{#631 [VERTICAL_SEED]}} lengths:{0=8, 1=8, 2=8, 3=8, 4=8}
2026-03-14 01:22:37,526 DEBUG [CRASH COMPLEXION_p011]          StemBuilder.java:1080 | [FAILED toString()]
2026-03-14 01:22:37,527 DEBUG [CRASH COMPLEXION_p011]          StemBuilder.java:167  | CLinker{head#4513-Clnk-BR refPt:[1800.7,1282.0]} lengths:{0=7, 1=7, 2=7, 3=7, 4=7}
2026-03-14 01:22:37,527 DEBUG [CRASH COMPLEXION_p011]          StemBuilder.java:1080 | [FAILED toString()]
2026-03-14 01:22:37,528 DEBUG [CRASH COMPLEXION_p011]          StemBuilder.java:167  | CLinker{head#4401-Clnk-TR Glyph{#549 [VERTICAL_SEED]}} lengths:{0=67, 1=67, 2=67, 3=67, 4=67}
2026-03-14 01:22:37,528 DEBUG [CRASH COMPLEXION_p011]          StemBuilder.java:1080 | [FAILED toString()]
2026-03-14 01:22:37,529 DEBUG [CRASH COMPLEXION_p011]          StemBuilder.java:167  | CLinker{head#4401-Clnk-BL refPt:[1805.9,1266.0]} lengths:{0=0, 1=0, 2=0, 3=0, 4=0}
2026-03-14 01:22:37,529 DEBUG [CRASH COMPLEXION_p011]          StemBuilder.java:1080 | [FAILED toString()]
2026-03-14 01:22:37,530 DEBUG [CRASH COMPLEXION_p011]          StemBuilder.java:167  | CLinker{head#4401-Clnk-TL Glyph{#18943 [STUMP]}} lengths:{0=10, 1=10, 2=10, 3=10, 4=10}
2026-03-14 01:22:37,530 DEBUG [CRASH COMPLEXION_p011]          StemBuilder.java:1080 | [FAILED toString()]
2026-03-14 01:22:37,530 DEBUG [CRASH COMPLEXION_p011]          StemBuilder.java:167  | CLinker{head#4401-Clnk-BR refPt:[1819.7,1262.0]} lengths:{0=3, 1=3, 2=3, 3=3, 4=3}
2026-03-14 01:22:37,531 DEBUG [CRASH COMPLEXION_p011]          StemBuilder.java:1080 | [FAILED toString()]
2026-03-14 01:22:37,531 DEBUG [CRASH COMPLEXION_p011]          StemBuilder.java:167  | CLinker{head#4359-Clnk-TR Glyph{#549 [VERTICAL_SEED]}} lengths:{0=60, 1=60, 2=60, 3=60, 4=60}
2026-03-14 01:22:37,532 DEBUG [CRASH COMPLEXION_p011]          StemBuilder.java:1080 | [FAILED toString()]
2026-03-14 01:22:37,532 DEBUG [CRASH COMPLEXION_p011]          StemBuilder.java:167  | CLinker{head#4359-Clnk-BL refPt:[1806.9,1259.0]} lengths:{0=5, 1=5, 2=5, 3=5, 4=5}
2026-03-14 01:22:37,533 DEBUG [CRASH COMPLEXION_p011]          StemBuilder.java:1080 | [FAILED toString()]
2026-03-14 01:22:37,533 DEBUG [CRASH COMPLEXION_p011]          StemBuilder.java:167  | CLinker{head#4359-Clnk-TL refPt:[1806.9,1255.0]} lengths:{0=7, 1=7, 2=7, 3=7, 4=7}
2026-03-14 01:22:37,534 DEBUG [CRASH COMPLEXION_p011]          StemBuilder.java:1080 | [FAILED toString()]
2026-03-14 01:22:37,534 DEBUG [CRASH COMPLEXION_p011]          StemBuilder.java:167  | CLinker{head#4359-Clnk-BR refPt:[1820.7,1255.0]} lengths:{0=7, 1=7, 2=7, 3=7, 4=7}
2026-03-14 01:22:37,535 DEBUG [CRASH COMPLEXION_p011]          StemBuilder.java:1080 | [FAILED toString()]
2026-03-14 01:22:37,535 DEBUG [CRASH COMPLEXION_p011]          StemBuilder.java:167  | CLinker{head#4621-Clnk-TR Glyph{#18946 [STUMP]}} lengths:{0=8, 1=8, 2=8, 3=8, 4=8}
2026-03-14 01:22:37,536 DEBUG [CRASH COMPLEXION_p011]          StemBuilder.java:1080 | [FAILED toString()]
2026-03-14 01:22:37,536 DEBUG [CRASH COMPLEXION_p011]          StemBuilder.java:167  | CLinker{head#4621-Clnk-BL Glyph{#614 [VERTICAL_SEED]}} lengths:{0=37, 1=37, 2=37, 3=37, 4=37}
2026-03-14 01:22:37,537 DEBUG [CRASH COMPLEXION_p011]          StemBuilder.java:1080 | [FAILED toString()]
2026-03-14 01:22:37,537 DEBUG [CRASH COMPLEXION_p011]          StemBuilder.java:167  | CLinker{head#4621-Clnk-TL Glyph{#614 [VERTICAL_SEED]}} lengths:{0=9, 1=9, 2=9, 3=9, 4=9}
2026-03-14 01:22:37,538 DEBUG [CRASH COMPLEXION_p011]          StemBuilder.java:1080 | [FAILED toString()]
2026-03-14 01:22:37,538 DEBUG [CRASH COMPLEXION_p011]          StemBuilder.java:167  | CLinker{head#4621-Clnk-BR refPt:[1884.7,1288.0]} lengths:{0=6, 1=6, 2=6, 3=6, 4=6}
2026-03-14 01:22:37,542 DEBUG [CRASH COMPLEXION_p011]          StemBuilder.java:1080 | [FAILED toString()]
2026-03-14 01:22:37,543 DEBUG [CRASH COMPLEXION_p011]          StemBuilder.java:167  | CLinker{head#4521-Clnk-TR refPt:[1886.7,1277.0]} lengths:{0=2, 1=2, 2=2, 3=2, 4=2}
2026-03-14 01:22:37,543 DEBUG [CRASH COMPLEXION_p011]          StemBuilder.java:1080 | [FAILED toString()]
2026-03-14 01:22:37,544 DEBUG [CRASH COMPLEXION_p011]          StemBuilder.java:167  | CLinker{head#4521-Clnk-BL Glyph{#614 [VERTICAL_SEED]}} lengths:{0=43, 1=43, 2=43, 3=43, 4=43}
2026-03-14 01:22:37,545 DEBUG [CRASH COMPLEXION_p011]          StemBuilder.java:1080 | [FAILED toString()]
2026-03-14 01:22:37,545 DEBUG [CRASH COMPLEXION_p011]          StemBuilder.java:167  | CLinker{head#4521-Clnk-TL refPt:[1872.9,1282.0]} lengths:{0=7, 1=7, 2=7, 3=7, 4=7}
2026-03-14 01:22:37,546 DEBUG [CRASH COMPLEXION_p011]          StemBuilder.java:1080 | [FAILED toString()]
2026-03-14 01:22:37,547 DEBUG [CRASH COMPLEXION_p011]          StemBuilder.java:167  | CLinker{head#4521-Clnk-BR refPt:[1886.7,1282.0]} lengths:{0=7, 1=7, 2=7, 3=7, 4=7}
2026-03-14 01:22:37,548 DEBUG [CRASH COMPLEXION_p011]          StemBuilder.java:1080 | [FAILED toString()]
2026-03-14 01:22:37,548 DEBUG [CRASH COMPLEXION_p011]          StemBuilder.java:167  | CLinker{head#4405-Clnk-TR Glyph{#550 [VERTICAL_SEED]}} lengths:{0=67, 1=67, 2=67, 3=67, 4=67}
2026-03-14 01:22:37,549 DEBUG [CRASH COMPLEXION_p011]          StemBuilder.java:1080 | [FAILED toString()]
2026-03-14 01:22:37,549 DEBUG [CRASH COMPLEXION_p011]          StemBuilder.java:167  | CLinker{head#4405-Clnk-BL refPt:[1892.9,1266.0]} lengths:{0=0, 1=0, 2=0, 3=0, 4=0}
2026-03-14 01:22:37,550 DEBUG [CRASH COMPLEXION_p011]          StemBuilder.java:1080 | [FAILED toString()]
2026-03-14 01:22:37,551 DEBUG [CRASH COMPLEXION_p011]          StemBuilder.java:167  | CLinker{head#4405-Clnk-TL Glyph{#18950 [STUMP]}} lengths:{0=8, 1=8, 2=8, 3=8, 4=8}
2026-03-14 01:22:37,552 DEBUG [CRASH COMPLEXION_p011]          StemBuilder.java:1080 | [FAILED toString()]
2026-03-14 01:22:37,552 DEBUG [CRASH COMPLEXION_p011]          StemBuilder.java:167  | CLinker{head#4405-Clnk-BR refPt:[1906.7,1262.0]} lengths:{0=2, 1=2, 2=2, 3=2, 4=2}
2026-03-14 01:22:37,553 DEBUG [CRASH COMPLEXION_p011]          StemBuilder.java:1080 | [FAILED toString()]
2026-03-14 01:22:37,554 DEBUG [CRASH COMPLEXION_p011]          StemBuilder.java:167  | CLinker{head#4365-Clnk-TR Glyph{#550 [VERTICAL_SEED]}} lengths:{0=60, 1=60, 2=60, 3=60, 4=60}
2026-03-14 01:22:37,554 DEBUG [CRASH COMPLEXION_p011]          StemBuilder.java:1080 | [FAILED toString()]
2026-03-14 01:22:37,555 DEBUG [CRASH COMPLEXION_p011]          StemBuilder.java:167  | CLinker{head#4365-Clnk-BL refPt:[1894.9,1259.0]} lengths:{0=5, 1=5, 2=5, 3=5, 4=5}
2026-03-14 01:22:37,555 DEBUG [CRASH COMPLEXION_p011]          StemBuilder.java:1080 | [FAILED toString()]
2026-03-14 01:22:37,556 DEBUG [CRASH COMPLEXION_p011]          StemBuilder.java:167  | CLinker{head#4365-Clnk-TL refPt:[1894.9,1255.0]} lengths:{0=7, 1=7, 2=7, 3=7, 4=7}
2026-03-14 01:22:37,556 DEBUG [CRASH COMPLEXION_p011]          StemBuilder.java:1080 | [FAILED toString()]
2026-03-14 01:22:37,557 DEBUG [CRASH COMPLEXION_p011]          StemBuilder.java:167  | CLinker{head#4365-Clnk-BR refPt:[1908.7,1255.0]} lengths:{0=7, 1=7, 2=7, 3=7, 4=7}
2026-03-14 01:22:37,558 DEBUG [CRASH COMPLEXION_p011]          StemBuilder.java:1080 | [FAILED toString()]
2026-03-14 01:22:37,558 DEBUG [CRASH COMPLEXION_p011]          StemBuilder.java:167  | CLinker{head#3747-Clnk-TR Glyph{#678 [VERTICAL_SEED]}} lengths:{0=25, 1=25, 2=25, 3=25, 4=25}
2026-03-14 01:22:37,559 DEBUG [CRASH COMPLEXION_p011]          StemBuilder.java:1080 | [FAILED toString()]
2026-03-14 01:22:37,559 DEBUG [CRASH COMPLEXION_p011]          StemBuilder.java:167  | CLinker{head#3747-Clnk-BL refPt:[1937.9,841.0]} lengths:{0=3, 1=3, 2=3, 3=3, 4=3}
2026-03-14 01:22:37,560 DEBUG [CRASH COMPLEXION_p011]          StemBuilder.java:1080 | [FAILED toString()]
2026-03-14 01:22:37,560 DEBUG [CRASH COMPLEXION_p011]          StemBuilder.java:167  | CLinker{head#3747-Clnk-TL Glyph{#690 [VERTICAL_SEED]}} lengths:{0=28, 1=28, 2=28, 3=28, 4=28}
2026-03-14 01:22:37,561 DEBUG [CRASH COMPLEXION_p011]          StemBuilder.java:1080 | [FAILED toString()]
2026-03-14 01:22:37,561 DEBUG [CRASH COMPLEXION_p011]          StemBuilder.java:167  | CLinker{head#3747-Clnk-BR Glyph{#678 [VERTICAL_SEED]}} lengths:{0=34, 1=34, 2=34, 3=34, 4=34}
2026-03-14 01:22:37,562 DEBUG [CRASH COMPLEXION_p011]          StemBuilder.java:1080 | [FAILED toString()]
2026-03-14 01:22:37,562 DEBUG [CRASH COMPLEXION_p011]          StemBuilder.java:167  | CLinker{head#3637-Clnk-TR refPt:[1951.7,814.0]} lengths:{0=7, 1=7, 2=7, 3=7, 4=7}
2026-03-14 01:22:37,563 DEBUG [CRASH COMPLEXION_p011]          StemBuilder.java:1080 | [FAILED toString()]
2026-03-14 01:22:37,564 DEBUG [CRASH COMPLEXION_p011]          StemBuilder.java:167  | CLinker{head#3637-Clnk-BL Glyph{#690 [VERTICAL_SEED]}} lengths:{0=25, 1=25, 2=25, 3=25, 4=25}
2026-03-14 01:22:37,564 DEBUG [CRASH COMPLEXION_p011]          StemBuilder.java:1080 | [FAILED toString()]
2026-03-14 01:22:37,565 DEBUG [CRASH COMPLEXION_p011]          StemBuilder.java:167  | CLinker{head#3637-Clnk-TL Glyph{#690 [VERTICAL_SEED]}} lengths:{0=10, 1=10, 2=10, 3=10, 4=10}
2026-03-14 01:22:37,565 DEBUG [CRASH COMPLEXION_p011]          StemBuilder.java:1080 | [FAILED toString()]
2026-03-14 01:22:37,566 DEBUG [CRASH COMPLEXION_p011]          StemBuilder.java:167  | CLinker{head#3637-Clnk-BR Glyph{#678 [VERTICAL_SEED]}} lengths:{0=52, 1=52, 2=52, 3=52, 4=52}
2026-03-14 01:22:37,566 DEBUG [CRASH COMPLEXION_p011]          StemBuilder.java:1080 | [FAILED toString()]
2026-03-14 01:22:37,567 DEBUG [CRASH COMPLEXION_p011]          StemBuilder.java:167  | CLinker{head#3690-Clnk-TR Glyph{#678 [VERTICAL_SEED]}} lengths:{0=20, 1=20, 2=20, 3=20, 4=20}
2026-03-14 01:22:37,567 DEBUG [CRASH COMPLEXION_p011]          StemBuilder.java:1080 | [FAILED toString()]
2026-03-14 01:22:37,567 DEBUG [CRASH COMPLEXION_p011]          StemBuilder.java:167  | CLinker{head#3690-Clnk-BL Glyph{#690 [VERTICAL_SEED]}} lengths:{0=12, 1=12, 2=12, 3=12, 4=12}
2026-03-14 01:22:37,568 DEBUG [CRASH COMPLEXION_p011]          StemBuilder.java:1080 | [FAILED toString()]
2026-03-14 01:22:37,569 DEBUG [CRASH COMPLEXION_p011]          StemBuilder.java:167  | CLinker{head#3690-Clnk-TL Glyph{#690 [VERTICAL_SEED]}} lengths:{0=23, 1=23, 2=23, 3=23, 4=23}
2026-03-14 01:22:37,570 DEBUG [CRASH COMPLEXION_p011]          StemBuilder.java:1080 | [FAILED toString()]
2026-03-14 01:22:37,573 DEBUG [CRASH COMPLEXION_p011]          StemBuilder.java:167  | CLinker{head#3690-Clnk-BR Glyph{#678 [VERTICAL_SEED]}} lengths:{0=39, 1=39, 2=39, 3=39, 4=39}
2026-03-14 01:22:37,574 DEBUG [CRASH COMPLEXION_p011]          StemBuilder.java:1080 | [FAILED toString()]
2026-03-14 01:22:37,574 DEBUG [CRASH COMPLEXION_p011]          StemBuilder.java:167  | CLinker{head#3639-Clnk-TR refPt:[1953.7,811.0]} lengths:{0=4, 1=4, 2=4, 3=4, 4=4}
2026-03-14 01:22:37,575 DEBUG [CRASH COMPLEXION_p011]          StemBuilder.java:1080 | [FAILED toString()]
2026-03-14 01:22:37,575 DEBUG [CRASH COMPLEXION_p011]          StemBuilder.java:167  | CLinker{head#3639-Clnk-BL Glyph{#690 [VERTICAL_SEED]}} lengths:{0=28, 1=28, 2=28, 3=28, 4=28}
2026-03-14 01:22:37,576 DEBUG [CRASH COMPLEXION_p011]          StemBuilder.java:1080 | [FAILED toString()]
2026-03-14 01:22:37,576 DEBUG [CRASH COMPLEXION_p011]          StemBuilder.java:167  | CLinker{head#3639-Clnk-TL refPt:[1940.9,816.0]} lengths:{0=7, 1=7, 2=7, 3=7, 4=7}
2026-03-14 01:22:37,577 DEBUG [CRASH COMPLEXION_p011]          StemBuilder.java:1080 | [FAILED toString()]
2026-03-14 01:22:37,578 DEBUG [CRASH COMPLEXION_p011]          StemBuilder.java:167  | CLinker{head#3639-Clnk-BR Glyph{#678 [VERTICAL_SEED]}} lengths:{0=55, 1=55, 2=55, 3=55, 4=55}
2026-03-14 01:22:37,579 DEBUG [CRASH COMPLEXION_p011]          StemBuilder.java:1080 | [FAILED toString()]
2026-03-14 01:22:37,579 DEBUG [CRASH COMPLEXION_p011]          StemBuilder.java:167  | CLinker{head#3682-Clnk-TR Glyph{#678 [VERTICAL_SEED]}} lengths:{0=20, 1=20, 2=20, 3=20, 4=20}
2026-03-14 01:22:37,580 DEBUG [CRASH COMPLEXION_p011]          StemBuilder.java:1080 | [FAILED toString()]
2026-03-14 01:22:37,580 DEBUG [CRASH COMPLEXION_p011]          StemBuilder.java:167  | CLinker{head#3682-Clnk-BL Glyph{#690 [VERTICAL_SEED]}} lengths:{0=12, 1=12, 2=12, 3=12, 4=12}
2026-03-14 01:22:37,581 DEBUG [CRASH COMPLEXION_p011]          StemBuilder.java:1080 | [FAILED toString()]
2026-03-14 01:22:37,582 DEBUG [CRASH COMPLEXION_p011]          StemBuilder.java:167  | CLinker{head#3682-Clnk-TL Glyph{#690 [VERTICAL_SEED]}} lengths:{0=23, 1=23, 2=23, 3=23, 4=23}
2026-03-14 01:22:37,583 DEBUG [CRASH COMPLEXION_p011]          StemBuilder.java:1080 | [FAILED toString()]
2026-03-14 01:22:37,583 DEBUG [CRASH COMPLEXION_p011]          StemBuilder.java:167  | CLinker{head#3682-Clnk-BR Glyph{#608 [VERTICAL_SEED]}} lengths:{0=39, 1=39, 2=39, 3=39, 4=39}
2026-03-14 01:22:37,584 DEBUG [CRASH COMPLEXION_p011]          StemBuilder.java:1080 | [FAILED toString()]
2026-03-14 01:22:37,585 DEBUG [CRASH COMPLEXION_p011]          StemBuilder.java:167  | CLinker{head#3751-Clnk-TR Glyph{#608 [VERTICAL_SEED]}} lengths:{0=25, 1=25, 2=25, 3=25, 4=25}
2026-03-14 01:22:37,586 DEBUG [CRASH COMPLEXION_p011]          StemBuilder.java:1080 | [FAILED toString()]
2026-03-14 01:22:37,586 DEBUG [CRASH COMPLEXION_p011]          StemBuilder.java:167  | CLinker{head#3751-Clnk-BL refPt:[1940.9,841.0]} lengths:{0=7, 1=7, 2=7, 3=7, 4=7}
2026-03-14 01:22:37,587 DEBUG [CRASH COMPLEXION_p011]          StemBuilder.java:1080 | [FAILED toString()]
2026-03-14 01:22:37,587 DEBUG [CRASH COMPLEXION_p011]          StemBuilder.java:167  | CLinker{head#3751-Clnk-TL Glyph{#690 [VERTICAL_SEED]}} lengths:{0=30, 1=30, 2=30, 3=30, 4=30}
2026-03-14 01:22:37,588 DEBUG [CRASH COMPLEXION_p011]          StemBuilder.java:1080 | [FAILED toString()]
2026-03-14 01:22:37,589 DEBUG [CRASH COMPLEXION_p011]          StemBuilder.java:167  | CLinker{head#3751-Clnk-BR Glyph{#608 [VERTICAL_SEED]}} lengths:{0=34, 1=34, 2=34, 3=34, 4=34}
2026-03-14 01:22:37,590 DEBUG [CRASH COMPLEXION_p011]          StemBuilder.java:1080 | [FAILED toString()]
2026-03-14 01:22:37,590 DEBUG [CRASH COMPLEXION_p011]          StemBuilder.java:167  | CLinker{head#3686-Clnk-TR Glyph{#18955 [STUMP]}} lengths:{0=8, 1=8, 2=8, 3=8, 4=8}
2026-03-14 01:22:37,591 DEBUG [CRASH COMPLEXION_p011]          StemBuilder.java:1080 | [FAILED toString()]
2026-03-14 01:22:37,591 DEBUG [CRASH COMPLEXION_p011]          StemBuilder.java:167  | CLinker{head#3686-Clnk-BL Glyph{#678 [VERTICAL_SEED]}} lengths:{0=12, 1=12, 2=12, 3=12, 4=12}
2026-03-14 01:22:37,592 DEBUG [CRASH COMPLEXION_p011]          StemBuilder.java:1080 | [FAILED toString()]
2026-03-14 01:22:37,592 DEBUG [CRASH COMPLEXION_p011]          StemBuilder.java:167  | CLinker{head#3686-Clnk-TL Glyph{#678 [VERTICAL_SEED]}} lengths:{0=24, 1=24, 2=24, 3=24, 4=24}
2026-03-14 01:22:37,593 DEBUG [CRASH COMPLEXION_p011]          StemBuilder.java:1080 | [FAILED toString()]
2026-03-14 01:22:37,593 DEBUG [CRASH COMPLEXION_p011]          StemBuilder.java:167  | CLinker{head#3686-Clnk-BR Glyph{#608 [VERTICAL_SEED]}} lengths:{0=40, 1=40, 2=40, 3=40, 4=40}
2026-03-14 01:22:37,594 DEBUG [CRASH COMPLEXION_p011]          StemBuilder.java:1080 | [FAILED toString()]
2026-03-14 01:22:37,594 DEBUG [CRASH COMPLEXION_p011]          StemBuilder.java:167  | CLinker{head#3632-Clnk-TR refPt:[1961.7,815.0]} lengths:{0=2, 1=2, 2=2, 3=2, 4=2}
2026-03-14 01:22:37,595 DEBUG [CRASH COMPLEXION_p011]          StemBuilder.java:1080 | [FAILED toString()]
2026-03-14 01:22:37,595 DEBUG [CRASH COMPLEXION_p011]          StemBuilder.java:167  | CLinker{head#3632-Clnk-BL Glyph{#678 [VERTICAL_SEED]}} lengths:{0=47, 1=47, 2=47, 3=47, 4=47}
2026-03-14 01:22:37,596 DEBUG [CRASH COMPLEXION_p011]          StemBuilder.java:1080 | [FAILED toString()]
2026-03-14 01:22:37,596 DEBUG [CRASH COMPLEXION_p011]          StemBuilder.java:167  | CLinker{head#3632-Clnk-TL Glyph{#678 [VERTICAL_SEED]}} lengths:{0=13, 1=13, 2=13, 3=13, 4=13}
2026-03-14 01:22:37,597 DEBUG [CRASH COMPLEXION_p011]          StemBuilder.java:1080 | [FAILED toString()]
2026-03-14 01:22:37,597 DEBUG [CRASH COMPLEXION_p011]          StemBuilder.java:167  | CLinker{head#3632-Clnk-BR Glyph{#608 [VERTICAL_SEED]}} lengths:{0=51, 1=51, 2=51, 3=51, 4=51}
2026-03-14 01:22:37,598 DEBUG [CRASH COMPLEXION_p011]          StemBuilder.java:1080 | [FAILED toString()]
2026-03-14 01:22:37,598 DEBUG [CRASH COMPLEXION_p011]          StemBuilder.java:167  | CLinker{head#3741-Clnk-TR Glyph{#608 [VERTICAL_SEED]}} lengths:{0=15, 1=15, 2=15, 3=15, 4=15}
2026-03-14 01:22:37,599 DEBUG [CRASH COMPLEXION_p011]          StemBuilder.java:1080 | [FAILED toString()]
2026-03-14 01:22:37,599 DEBUG [CRASH COMPLEXION_p011]          StemBuilder.java:167  | CLinker{head#3741-Clnk-BL refPt:[1948.9,841.0]} lengths:{0=6, 1=6, 2=6, 3=6, 4=6}
2026-03-14 01:22:37,600 DEBUG [CRASH COMPLEXION_p011]          StemBuilder.java:1080 | [FAILED toString()]
2026-03-14 01:22:37,600 DEBUG [CRASH COMPLEXION_p011]          StemBuilder.java:167  | CLinker{head#3741-Clnk-TL Glyph{#678 [VERTICAL_SEED]}} lengths:{0=30, 1=30, 2=30, 3=30, 4=30}
2026-03-14 01:22:37,604 DEBUG [CRASH COMPLEXION_p011]          StemBuilder.java:1080 | [FAILED toString()]
2026-03-14 01:22:37,604 DEBUG [CRASH COMPLEXION_p011]          StemBuilder.java:167  | CLinker{head#3741-Clnk-BR Glyph{#608 [VERTICAL_SEED]}} lengths:{0=34, 1=34, 2=34, 3=34, 4=34}
2026-03-14 01:22:37,605 DEBUG [CRASH COMPLEXION_p011]          StemBuilder.java:1080 | [FAILED toString()]
2026-03-14 01:22:37,605 DEBUG [CRASH COMPLEXION_p011]          StemBuilder.java:167  | CLinker{head#3034-Clnk-TR Glyph{#18957 [STUMP]}} lengths:{0=9, 1=9, 2=9, 3=9, 4=9}
2026-03-14 01:22:37,606 DEBUG [CRASH COMPLEXION_p011]          StemBuilder.java:1080 | [FAILED toString()]
2026-03-14 01:22:37,701 DEBUG [CRASH COMPLEXION_p011]          StemBuilder.java:167  | CLinker{head#3034-Clnk-BL Glyph{#567 [VERTICAL_SEED]}} lengths:{0=50, 1=50, 2=50, 3=50, 4=50}
2026-03-14 01:22:37,702 DEBUG [CRASH COMPLEXION_p011]          StemBuilder.java:1080 | [FAILED toString()]
2026-03-14 01:22:37,702 DEBUG [CRASH COMPLEXION_p011]          StemBuilder.java:167  | CLinker{head#3034-Clnk-TL Glyph{#567 [VERTICAL_SEED]}} lengths:{0=9, 1=9, 2=9, 3=9, 4=9}
2026-03-14 01:22:37,703 DEBUG [CRASH COMPLEXION_p011]          StemBuilder.java:1080 | [FAILED toString()]
2026-03-14 01:22:37,703 DEBUG [CRASH COMPLEXION_p011]          StemBuilder.java:167  | CLinker{head#3034-Clnk-BR refPt:[1968.7,76.0]} lengths:{0=7, 1=7, 2=7, 3=7, 4=7}
2026-03-14 01:22:37,704 DEBUG [CRASH COMPLEXION_p011]          StemBuilder.java:1080 | [FAILED toString()]
2026-03-14 01:22:37,704 DEBUG [CRASH COMPLEXION_p011]          StemBuilder.java:167  | CLinker{head#3052-Clnk-TR Glyph{#18959 [STUMP]}} lengths:{0=16, 1=16, 2=16, 3=16, 4=16}
2026-03-14 01:22:37,705 DEBUG [CRASH COMPLEXION_p011]          StemBuilder.java:1080 | [FAILED toString()]
2026-03-14 01:22:37,705 DEBUG [CRASH COMPLEXION_p011]          StemBuilder.java:167  | CLinker{head#3052-Clnk-BL Glyph{#567 [VERTICAL_SEED]}} lengths:{0=43, 1=43, 2=43, 3=43, 4=43}
2026-03-14 01:22:37,706 DEBUG [CRASH COMPLEXION_p011]          StemBuilder.java:1080 | [FAILED toString()]
2026-03-14 01:22:37,706 DEBUG [CRASH COMPLEXION_p011]          StemBuilder.java:167  | CLinker{head#3052-Clnk-TL Glyph{#567 [VERTICAL_SEED]}} lengths:{0=21, 1=21, 2=21, 3=21, 4=21}
2026-03-14 01:22:37,706 DEBUG [CRASH COMPLEXION_p011]          StemBuilder.java:1080 | [FAILED toString()]
2026-03-14 01:22:37,707 DEBUG [CRASH COMPLEXION_p011]          StemBuilder.java:167  | CLinker{head#3052-Clnk-BR refPt:[1967.7,83.0]} lengths:{0=7, 1=7, 2=7, 3=7, 4=7}
2026-03-14 01:22:37,707 DEBUG [CRASH COMPLEXION_p011]          StemBuilder.java:1080 | [FAILED toString()]
2026-03-14 01:22:37,708 DEBUG [CRASH COMPLEXION_p011]          StemBuilder.java:167  | CLinker{head#3845-Clnk-TR refPt:[1969.7,819.0]} lengths:{0=3, 1=3, 2=3, 3=3, 4=3}
2026-03-14 01:22:37,708 DEBUG [CRASH COMPLEXION_p011]          StemBuilder.java:1080 | [FAILED toString()]
2026-03-14 01:22:37,708 DEBUG [CRASH COMPLEXION_p011]          StemBuilder.java:167  | CLinker{head#3845-Clnk-BL Glyph{#608 [VERTICAL_SEED]}} lengths:{0=43, 1=43, 2=43, 3=43, 4=43}
2026-03-14 01:22:37,709 DEBUG [CRASH COMPLEXION_p011]          StemBuilder.java:1080 | [FAILED toString()]
2026-03-14 01:22:37,709 DEBUG [CRASH COMPLEXION_p011]          StemBuilder.java:167  | CLinker{head#3845-Clnk-TL refPt:[1955.9,824.0]} lengths:{0=7, 1=7, 2=7, 3=7, 4=7}
2026-03-14 01:22:37,710 DEBUG [CRASH COMPLEXION_p011]          StemBuilder.java:1080 | [FAILED toString()]
2026-03-14 01:22:37,710 DEBUG [CRASH COMPLEXION_p011]          StemBuilder.java:167  | CLinker{head#3845-Clnk-BR refPt:[1969.7,824.0]} lengths:{0=47, 1=47, 2=47, 3=47, 4=47}
2026-03-14 01:22:37,711 DEBUG [CRASH COMPLEXION_p011]          StemBuilder.java:1080 | [FAILED toString()]
2026-03-14 01:22:37,711 DEBUG [CRASH COMPLEXION_p011]          StemBuilder.java:167  | CLinker{head#3018-Clnk-TR refPt:[1970.7,64.0]} lengths:{0=2, 1=2, 2=2, 3=2, 4=2}
2026-03-14 01:22:37,712 DEBUG [CRASH COMPLEXION_p011]          StemBuilder.java:1080 | [FAILED toString()]
2026-03-14 01:22:37,712 DEBUG [CRASH COMPLEXION_p011]          StemBuilder.java:167  | CLinker{head#3018-Clnk-BL Glyph{#567 [VERTICAL_SEED]}} lengths:{0=57, 1=57, 2=57, 3=57, 4=57}
2026-03-14 01:22:37,712 DEBUG [CRASH COMPLEXION_p011]          StemBuilder.java:1080 | [FAILED toString()]
2026-03-14 01:22:37,713 DEBUG [CRASH COMPLEXION_p011]          StemBuilder.java:167  | CLinker{head#3018-Clnk-TL refPt:[1956.9,69.0]} lengths:{0=7, 1=7, 2=7, 3=7, 4=7}
2026-03-14 01:22:37,713 DEBUG [CRASH COMPLEXION_p011]          StemBuilder.java:1080 | [FAILED toString()]
2026-03-14 01:22:37,714 DEBUG [CRASH COMPLEXION_p011]          StemBuilder.java:167  | CLinker{head#3018-Clnk-BR refPt:[1970.7,69.0]} lengths:{0=7, 1=7, 2=7, 3=7, 4=7}
2026-03-14 01:22:37,714 DEBUG [CRASH COMPLEXION_p011]          StemBuilder.java:1080 | [FAILED toString()]
2026-03-14 01:22:37,715 DEBUG [CRASH COMPLEXION_p011]          StemBuilder.java:167  | CLinker{head#3022-Clnk-TR refPt:[1970.7,65.0]} lengths:{0=3, 1=3, 2=3, 3=3, 4=3}
2026-03-14 01:22:37,715 DEBUG [CRASH COMPLEXION_p011]          StemBuilder.java:1080 | [FAILED toString()]
2026-03-14 01:22:37,716 DEBUG [CRASH COMPLEXION_p011]          StemBuilder.java:167  | CLinker{head#3022-Clnk-BL Glyph{#567 [VERTICAL_SEED]}} lengths:{0=56, 1=56, 2=56, 3=56, 4=56}
2026-03-14 01:22:37,716 DEBUG [CRASH COMPLEXION_p011]          StemBuilder.java:1080 | [FAILED toString()]
2026-03-14 01:22:37,716 DEBUG [CRASH COMPLEXION_p011]          StemBuilder.java:167  | CLinker{head#3022-Clnk-TL refPt:[1956.9,70.0]} lengths:{0=7, 1=7, 2=7, 3=7, 4=7}
2026-03-14 01:22:37,717 DEBUG [CRASH COMPLEXION_p011]          StemBuilder.java:1080 | [FAILED toString()]
2026-03-14 01:22:37,717 DEBUG [CRASH COMPLEXION_p011]          StemBuilder.java:167  | CLinker{head#3022-Clnk-BR refPt:[1970.7,70.0]} lengths:{0=7, 1=7, 2=7, 3=7, 4=7}
2026-03-14 01:22:37,718 DEBUG [CRASH COMPLEXION_p011]          StemBuilder.java:1080 | [FAILED toString()]
2026-03-14 01:22:37,718 DEBUG [CRASH COMPLEXION_p011]          StemBuilder.java:167  | CLinker{head#4625-Clnk-TR refPt:[1970.7,1283.0]} lengths:{0=8, 1=8, 2=8, 3=8, 4=8}
2026-03-14 01:22:37,719 DEBUG [CRASH COMPLEXION_p011]          StemBuilder.java:1080 | [FAILED toString()]
2026-03-14 01:22:37,719 DEBUG [CRASH COMPLEXION_p011]          StemBuilder.java:167  | CLinker{head#4625-Clnk-BL Glyph{#641 [VERTICAL_SEED]}} lengths:{0=32, 1=32, 2=32, 3=32, 4=32}
2026-03-14 01:22:37,720 DEBUG [CRASH COMPLEXION_p011]          StemBuilder.java:1080 | [FAILED toString()]
2026-03-14 01:22:37,720 DEBUG [CRASH COMPLEXION_p011]          StemBuilder.java:167  | CLinker{head#4625-Clnk-TL Glyph{#641 [VERTICAL_SEED]}} lengths:{0=9, 1=9, 2=9, 3=9, 4=9}
2026-03-14 01:22:37,721 DEBUG [CRASH COMPLEXION_p011]          StemBuilder.java:1080 | [FAILED toString()]
2026-03-14 01:22:37,722 DEBUG [CRASH COMPLEXION_p011]          StemBuilder.java:167  | CLinker{head#4625-Clnk-BR refPt:[1970.7,1288.0]} lengths:{0=7, 1=7, 2=7, 3=7, 4=7}
2026-03-14 01:22:37,723 DEBUG [CRASH COMPLEXION_p011]          StemBuilder.java:1080 | [FAILED toString()]
2026-03-14 01:22:37,725 DEBUG [CRASH COMPLEXION_p011]          StemBuilder.java:167  | CLinker{head#4527-Clnk-TR refPt:[1972.7,1277.0]} lengths:{0=2, 1=2, 2=2, 3=2, 4=2}
2026-03-14 01:22:37,731 DEBUG [CRASH COMPLEXION_p011]          StemBuilder.java:1080 | [FAILED toString()]
2026-03-14 01:22:37,731 DEBUG [CRASH COMPLEXION_p011]          StemBuilder.java:167  | CLinker{head#4527-Clnk-BL Glyph{#641 [VERTICAL_SEED]}} lengths:{0=38, 1=38, 2=38, 3=38, 4=38}
2026-03-14 01:22:37,732 DEBUG [CRASH COMPLEXION_p011]          StemBuilder.java:1080 | [FAILED toString()]
2026-03-14 01:22:37,733 DEBUG [CRASH COMPLEXION_p011]          StemBuilder.java:167  | CLinker{head#4527-Clnk-TL refPt:[1958.9,1282.0]} lengths:{0=7, 1=7, 2=7, 3=7, 4=7}
2026-03-14 01:22:37,733 DEBUG [CRASH COMPLEXION_p011]          StemBuilder.java:1080 | [FAILED toString()]
2026-03-14 01:22:37,734 DEBUG [CRASH COMPLEXION_p011]          StemBuilder.java:167  | CLinker{head#4527-Clnk-BR refPt:[1972.7,1282.0]} lengths:{0=7, 1=7, 2=7, 3=7, 4=7}
2026-03-14 01:22:37,735 DEBUG [CRASH COMPLEXION_p011]          StemBuilder.java:1080 | [FAILED toString()]
2026-03-14 01:22:37,735 DEBUG [CRASH COMPLEXION_p011]          StemBuilder.java:167  | CLinker{head#3849-Clnk-TR Glyph{#18968 [STUMP]}} lengths:{0=10, 1=10, 2=10, 3=10, 4=10}
2026-03-14 01:22:37,736 DEBUG [CRASH COMPLEXION_p011]          StemBuilder.java:1080 | [FAILED toString()]
2026-03-14 01:22:37,736 DEBUG [CRASH COMPLEXION_p011]          StemBuilder.java:167  | CLinker{head#3849-Clnk-BL refPt:[1963.9,836.0]} lengths:{0=3, 1=3, 2=3, 3=3, 4=3}
2026-03-14 01:22:37,738 DEBUG [CRASH COMPLEXION_p011]          StemBuilder.java:1080 | [FAILED toString()]
2026-03-14 01:22:37,738 DEBUG [CRASH COMPLEXION_p011]          StemBuilder.java:167  | CLinker{head#3849-Clnk-TL refPt:[1963.9,832.0]} lengths:{0=7, 1=8, 2=8, 3=8, 4=8}
2026-03-14 01:22:37,739 DEBUG [CRASH COMPLEXION_p011]          StemBuilder.java:1080 | [FAILED toString()]
2026-03-14 01:22:37,740 DEBUG [CRASH COMPLEXION_p011]          StemBuilder.java:167  | CLinker{head#3849-Clnk-BR refPt:[1974.7,832.0]} lengths:{0=7, 1=7, 2=7, 3=7, 4=7}
2026-03-14 01:22:37,741 DEBUG [CRASH COMPLEXION_p011]          StemBuilder.java:1080 | [FAILED toString()]
2026-03-14 01:22:37,741 DEBUG [CRASH COMPLEXION_p011]          StemBuilder.java:167  | CLinker{head#3086-Clnk-TR Glyph{#582 [VERTICAL_SEED]}} lengths:{0=38, 1=38, 2=38, 3=38, 4=38}
2026-03-14 01:22:37,742 DEBUG [CRASH COMPLEXION_p011]          StemBuilder.java:1080 | [FAILED toString()]
2026-03-14 01:22:37,742 DEBUG [CRASH COMPLEXION_p011]          StemBuilder.java:167  | CLinker{head#3086-Clnk-BL refPt:[2041.9,94.0]} lengths:{0=3, 1=3, 2=3, 3=3, 4=3}
2026-03-14 01:22:37,743 DEBUG [CRASH COMPLEXION_p011]          StemBuilder.java:1080 | [FAILED toString()]
2026-03-14 01:22:37,743 DEBUG [CRASH COMPLEXION_p011]          StemBuilder.java:167  | CLinker{head#3086-Clnk-TL refPt:[2041.9,90.0]} lengths:{0=7, 1=7, 2=7, 3=7, 4=7}
2026-03-14 01:22:37,744 DEBUG [CRASH COMPLEXION_p011]          StemBuilder.java:1080 | [FAILED toString()]
2026-03-14 01:22:37,745 DEBUG [CRASH COMPLEXION_p011]          StemBuilder.java:167  | CLinker{head#3086-Clnk-BR Glyph{#582 [VERTICAL_SEED]}} lengths:{0=15, 1=15, 2=15, 3=15, 4=15}
2026-03-14 01:22:37,746 DEBUG [CRASH COMPLEXION_p011]          StemBuilder.java:1080 | [FAILED toString()]
2026-03-14 01:22:37,746 DEBUG [CRASH COMPLEXION_p011]          StemBuilder.java:167  | CLinker{head#3090-Clnk-TR Glyph{#582 [VERTICAL_SEED]}} lengths:{0=37, 1=37, 2=37, 3=37, 4=37}
2026-03-14 01:22:37,747 DEBUG [CRASH COMPLEXION_p011]          StemBuilder.java:1080 | [FAILED toString()]
2026-03-14 01:22:37,747 DEBUG [CRASH COMPLEXION_p011]          StemBuilder.java:167  | CLinker{head#3090-Clnk-BL refPt:[2042.9,93.0]} lengths:{0=4, 1=4, 2=4, 3=4, 4=4}
2026-03-14 01:22:37,748 DEBUG [CRASH COMPLEXION_p011]          StemBuilder.java:1080 | [FAILED toString()]
2026-03-14 01:22:37,748 DEBUG [CRASH COMPLEXION_p011]          StemBuilder.java:167  | CLinker{head#3090-Clnk-TL refPt:[2042.9,89.0]} lengths:{0=7, 1=7, 2=7, 3=7, 4=7}
2026-03-14 01:22:37,749 DEBUG [CRASH COMPLEXION_p011]          StemBuilder.java:1080 | [FAILED toString()]
2026-03-14 01:22:37,749 DEBUG [CRASH COMPLEXION_p011]          StemBuilder.java:167  | CLinker{head#3090-Clnk-BR Glyph{#582 [VERTICAL_SEED]}} lengths:{0=16, 1=16, 2=16, 3=16, 4=16}
2026-03-14 01:22:37,750 DEBUG [CRASH COMPLEXION_p011]          StemBuilder.java:1080 | [FAILED toString()]
2026-03-14 01:22:37,751 DEBUG [CRASH COMPLEXION_p011]          StemBuilder.java:167  | CLinker{head#3054-Clnk-TR Glyph{#582 [VERTICAL_SEED]}} lengths:{0=32, 1=32, 2=32, 3=32, 4=32}
2026-03-14 01:22:37,752 DEBUG [CRASH COMPLEXION_p011]          StemBuilder.java:1080 | [FAILED toString()]
2026-03-14 01:22:37,752 DEBUG [CRASH COMPLEXION_p011]          StemBuilder.java:167  | CLinker{head#3054-Clnk-BL Glyph{#18971 [STUMP]}} lengths:{0=10, 1=10, 2=10, 3=10, 4=10}
2026-03-14 01:22:37,753 DEBUG [CRASH COMPLEXION_p011]          StemBuilder.java:1080 | [FAILED toString()]
2026-03-14 01:22:37,754 DEBUG [CRASH COMPLEXION_p011]          StemBuilder.java:167  | CLinker{head#3054-Clnk-TL refPt:[2044.9,84.0]} lengths:{0=7, 1=7, 2=7, 3=7, 4=7}
2026-03-14 01:22:37,755 DEBUG [CRASH COMPLEXION_p011]          StemBuilder.java:1080 | [FAILED toString()]
2026-03-14 01:22:37,756 DEBUG [CRASH COMPLEXION_p011]          StemBuilder.java:167  | CLinker{head#3054-Clnk-BR Glyph{#582 [VERTICAL_SEED]}} lengths:{0=21, 1=21, 2=21, 3=21, 4=21}
2026-03-14 01:22:37,756 DEBUG [CRASH COMPLEXION_p011]          StemBuilder.java:1080 | [FAILED toString()]
2026-03-14 01:22:37,757 DEBUG [CRASH COMPLEXION_p011]          StemBuilder.java:167  | CLinker{head#4409-Clnk-TR Glyph{#559 [VERTICAL_SEED]}} lengths:{0=66, 1=66, 2=66, 3=66, 4=66}
2026-03-14 01:22:37,757 DEBUG [CRASH COMPLEXION_p011]          StemBuilder.java:1080 | [FAILED toString()]
2026-03-14 01:22:37,762 DEBUG [CRASH COMPLEXION_p011]          StemBuilder.java:167  | CLinker{head#4409-Clnk-BL refPt:[2044.9,1266.0]} lengths:{0=0, 1=0, 2=0, 3=0, 4=0}
2026-03-14 01:22:37,763 DEBUG [CRASH COMPLEXION_p011]          StemBuilder.java:1080 | [FAILED toString()]
2026-03-14 01:22:37,763 DEBUG [CRASH COMPLEXION_p011]          StemBuilder.java:167  | CLinker{head#4409-Clnk-TL refPt:[2044.9,1262.0]} lengths:{0=10, 1=10, 2=10, 3=10, 4=10}
2026-03-14 01:22:37,764 DEBUG [CRASH COMPLEXION_p011]          StemBuilder.java:1080 | [FAILED toString()]
2026-03-14 01:22:37,765 DEBUG [CRASH COMPLEXION_p011]          StemBuilder.java:167  | CLinker{head#4409-Clnk-BR refPt:[2058.7,1262.0]} lengths:{0=2, 1=2, 2=2, 3=2, 4=2}
2026-03-14 01:22:37,766 DEBUG [CRASH COMPLEXION_p011]          StemBuilder.java:1080 | [FAILED toString()]
2026-03-14 01:22:37,766 DEBUG [CRASH COMPLEXION_p011]          StemBuilder.java:167  | CLinker{head#3137-Clnk-TR Glyph{#582 [VERTICAL_SEED]}} lengths:{0=45, 1=45, 2=45, 3=45, 4=45}
2026-03-14 01:22:37,767 DEBUG [CRASH COMPLEXION_p011]          StemBuilder.java:1080 | [FAILED toString()]
2026-03-14 01:22:37,768 DEBUG [CRASH COMPLEXION_p011]          StemBuilder.java:167  | CLinker{head#3137-Clnk-BL refPt:[2045.9,101.0]} lengths:{0=3, 1=3, 2=3, 3=3, 4=3}
2026-03-14 01:22:37,769 DEBUG [CRASH COMPLEXION_p011]          StemBuilder.java:1080 | [FAILED toString()]
2026-03-14 01:22:37,769 DEBUG [CRASH COMPLEXION_p011]          StemBuilder.java:167  | CLinker{head#3137-Clnk-TL Glyph{#18974 [STUMP]}} lengths:{0=13, 1=13, 2=13, 3=13, 4=13}
2026-03-14 01:22:37,770 DEBUG [CRASH COMPLEXION_p011]          StemBuilder.java:1080 | [FAILED toString()]
2026-03-14 01:22:37,770 DEBUG [CRASH COMPLEXION_p011]          StemBuilder.java:167  | CLinker{head#3137-Clnk-BR refPt:[2057.7,97.0]} lengths:{0=8, 1=8, 2=8, 3=8, 4=8}
2026-03-14 01:22:37,771 DEBUG [CRASH COMPLEXION_p011]          StemBuilder.java:1080 | [FAILED toString()]
2026-03-14 01:22:37,772 DEBUG [CRASH COMPLEXION_p011]          StemBuilder.java:167  | CLinker{head#4369-Clnk-TR Glyph{#559 [VERTICAL_SEED]}} lengths:{0=59, 1=59, 2=59, 3=59, 4=59}
2026-03-14 01:22:37,773 DEBUG [CRASH COMPLEXION_p011]          StemBuilder.java:1080 | [FAILED toString()]
2026-03-14 01:22:37,773 DEBUG [CRASH COMPLEXION_p011]          StemBuilder.java:167  | CLinker{head#4369-Clnk-BL refPt:[2046.9,1259.0]} lengths:{0=6, 1=6, 2=6, 3=6, 4=6}
2026-03-14 01:22:37,774 DEBUG [CRASH COMPLEXION_p011]          StemBuilder.java:1080 | [FAILED toString()]
2026-03-14 01:22:37,774 DEBUG [CRASH COMPLEXION_p011]          StemBuilder.java:167  | CLinker{head#4369-Clnk-TL refPt:[2046.9,1255.0]} lengths:{0=7, 1=7, 2=7, 3=7, 4=7}
2026-03-14 01:22:37,775 DEBUG [CRASH COMPLEXION_p011]          StemBuilder.java:1080 | [FAILED toString()]
2026-03-14 01:22:37,776 DEBUG [CRASH COMPLEXION_p011]          StemBuilder.java:167  | CLinker{head#4369-Clnk-BR refPt:[2060.7,1255.0]} lengths:{0=7, 1=7, 2=7, 3=7, 4=7}
2026-03-14 01:22:37,777 DEBUG [CRASH COMPLEXION_p011]          StemBuilder.java:1080 | [FAILED toString()]
2026-03-14 01:22:37,777 DEBUG [CRASH COMPLEXION_p011]          StemBuilder.java:167  | CLinker{head#4371-Clnk-TR Glyph{#559 [VERTICAL_SEED]}} lengths:{0=60, 1=60, 2=60, 3=60, 4=60}
2026-03-14 01:22:37,778 DEBUG [CRASH COMPLEXION_p011]          StemBuilder.java:1080 | [FAILED toString()]
2026-03-14 01:22:37,778 DEBUG [CRASH COMPLEXION_p011]          StemBuilder.java:167  | CLinker{head#4371-Clnk-BL refPt:[2046.9,1260.0]} lengths:{0=5, 1=5, 2=5, 3=5, 4=5}
2026-03-14 01:22:37,779 DEBUG [CRASH COMPLEXION_p011]          StemBuilder.java:1080 | [FAILED toString()]
2026-03-14 01:22:37,779 DEBUG [CRASH COMPLEXION_p011]          StemBuilder.java:167  | CLinker{head#4371-Clnk-TL refPt:[2046.9,1256.0]} lengths:{0=7, 1=7, 2=7, 3=7, 4=7}
2026-03-14 01:22:37,780 DEBUG [CRASH COMPLEXION_p011]          StemBuilder.java:1080 | [FAILED toString()]
2026-03-14 01:22:37,781 DEBUG [CRASH COMPLEXION_p011]          StemBuilder.java:167  | CLinker{head#4371-Clnk-BR refPt:[2060.7,1256.0]} lengths:{0=7, 1=7, 2=7, 3=7, 4=7}
2026-03-14 01:22:37,781 DEBUG [CRASH COMPLEXION_p011]          StemBuilder.java:1080 | [FAILED toString()]
2026-03-14 01:22:37,782 DEBUG [CRASH COMPLEXION_p011]          StemBuilder.java:167  | CLinker{head#3643-Clnk-TR refPt:[2146.7,814.0]} lengths:{0=2, 1=2, 2=2, 3=2, 4=2}
2026-03-14 01:22:37,782 DEBUG [CRASH COMPLEXION_p011]          StemBuilder.java:1080 | [FAILED toString()]
2026-03-14 01:22:37,783 DEBUG [CRASH COMPLEXION_p011]          StemBuilder.java:167  | CLinker{head#3643-Clnk-BL Glyph{#604 [VERTICAL_SEED]}} lengths:{0=44, 1=44, 2=44, 3=44, 4=44}
2026-03-14 01:22:37,783 DEBUG [CRASH COMPLEXION_p011]          StemBuilder.java:1080 | [FAILED toString()]
2026-03-14 01:22:37,784 DEBUG [CRASH COMPLEXION_p011]          StemBuilder.java:167  | CLinker{head#3643-Clnk-TL refPt:[2132.9,819.0]} lengths:{0=7, 1=7, 2=7, 3=7, 4=7}
2026-03-14 01:22:37,784 DEBUG [CRASH COMPLEXION_p011]          StemBuilder.java:1080 | [FAILED toString()]
2026-03-14 01:22:37,785 DEBUG [CRASH COMPLEXION_p011]          StemBuilder.java:167  | CLinker{head#3643-Clnk-BR refPt:[2146.7,819.0]} lengths:{0=8, 1=8, 2=8, 3=8, 4=8}
2026-03-14 01:22:37,785 DEBUG [CRASH COMPLEXION_p011]          StemBuilder.java:1080 | [FAILED toString()]
2026-03-14 01:22:37,786 DEBUG [CRASH COMPLEXION_p011]          StemBuilder.java:167  | CLinker{head#4637-Clnk-TR refPt:[2146.7,1284.0]} lengths:{0=9, 1=9, 2=9, 3=9, 4=9}
2026-03-14 01:22:37,786 DEBUG [CRASH COMPLEXION_p011]          StemBuilder.java:1080 | [FAILED toString()]
2026-03-14 01:22:37,787 DEBUG [CRASH COMPLEXION_p011]          StemBuilder.java:167  | CLinker{head#4637-Clnk-BL Glyph{#651 [VERTICAL_SEED]}} lengths:{0=30, 1=30, 2=30, 3=30, 4=30}
2026-03-14 01:22:37,787 DEBUG [CRASH COMPLEXION_p011]          StemBuilder.java:1080 | [FAILED toString()]
2026-03-14 01:22:37,788 DEBUG [CRASH COMPLEXION_p011]          StemBuilder.java:167  | CLinker{head#4637-Clnk-TL Glyph{#651 [VERTICAL_SEED]}} lengths:{0=9, 1=9, 2=9, 3=9, 4=9}
2026-03-14 01:22:37,788 DEBUG [CRASH COMPLEXION_p011]          StemBuilder.java:1080 | [FAILED toString()]
2026-03-14 01:22:37,791 DEBUG [CRASH COMPLEXION_p011]          StemBuilder.java:167  | CLinker{head#4637-Clnk-BR refPt:[2146.7,1289.0]} lengths:{0=7, 1=7, 2=7, 3=7, 4=7}
2026-03-14 01:22:37,792 DEBUG [CRASH COMPLEXION_p011]          StemBuilder.java:1080 | [FAILED toString()]
2026-03-14 01:22:37,793 DEBUG [CRASH COMPLEXION_p011]          StemBuilder.java:167  | CLinker{head#3143-Clnk-TR Glyph{#560 [VERTICAL_SEED]}} lengths:{0=47, 1=47, 2=47, 3=47, 4=47}
2026-03-14 01:22:37,793 DEBUG [CRASH COMPLEXION_p011]          StemBuilder.java:1080 | [FAILED toString()]
2026-03-14 01:22:37,794 DEBUG [CRASH COMPLEXION_p011]          StemBuilder.java:167  | CLinker{head#3143-Clnk-BL refPt:[2133.9,101.0]} lengths:{0=5, 1=5, 2=5, 3=5, 4=5}
2026-03-14 01:22:37,795 DEBUG [CRASH COMPLEXION_p011]          StemBuilder.java:1080 | [FAILED toString()]
2026-03-14 01:22:37,796 DEBUG [CRASH COMPLEXION_p011]          StemBuilder.java:167  | CLinker{head#3143-Clnk-TL refPt:[2133.9,97.0]} lengths:{0=7, 1=7, 2=7, 3=7, 4=7}
2026-03-14 01:22:37,796 DEBUG [CRASH COMPLEXION_p011]          StemBuilder.java:1080 | [FAILED toString()]
2026-03-14 01:22:37,797 DEBUG [CRASH COMPLEXION_p011]          StemBuilder.java:167  | CLinker{head#3143-Clnk-BR Glyph{#560 [VERTICAL_SEED]}} lengths:{0=15, 1=15, 2=15, 3=15, 4=15}
2026-03-14 01:22:37,797 DEBUG [CRASH COMPLEXION_p011]          StemBuilder.java:1080 | [FAILED toString()]
2026-03-14 01:22:37,798 DEBUG [CRASH COMPLEXION_p011]          StemBuilder.java:167  | CLinker{head#3205-Clnk-TR Glyph{#560 [VERTICAL_SEED]}} lengths:{0=53, 1=53, 2=53, 3=53, 4=53}
2026-03-14 01:22:37,798 DEBUG [CRASH COMPLEXION_p011]          StemBuilder.java:1080 | [FAILED toString()]
2026-03-14 01:22:37,799 DEBUG [CRASH COMPLEXION_p011]          StemBuilder.java:167  | CLinker{head#3205-Clnk-BL refPt:[2135.9,107.0]} lengths:{0=3, 1=3, 2=3, 3=3, 4=3}
2026-03-14 01:22:37,799 DEBUG [CRASH COMPLEXION_p011]          StemBuilder.java:1080 | [FAILED toString()]
2026-03-14 01:22:37,800 DEBUG [CRASH COMPLEXION_p011]          StemBuilder.java:167  | CLinker{head#3205-Clnk-TL Glyph{#18983 [STUMP]}} lengths:{0=9, 1=9, 2=9, 3=9, 4=9}
2026-03-14 01:22:37,800 DEBUG [CRASH COMPLEXION_p011]          StemBuilder.java:1080 | [FAILED toString()]
2026-03-14 01:22:37,801 DEBUG [CRASH COMPLEXION_p011]          StemBuilder.java:167  | CLinker{head#3205-Clnk-BR Glyph{#560 [VERTICAL_SEED]}} lengths:{0=9, 1=9, 2=9, 3=9, 4=9}
2026-03-14 01:22:37,802 DEBUG [CRASH COMPLEXION_p011]          StemBuilder.java:1080 | [FAILED toString()]
2026-03-14 01:22:37,802 DEBUG [CRASH COMPLEXION_p011]          StemBuilder.java:167  | CLinker{head#4531-Clnk-TR refPt:[2149.7,1277.0]} lengths:{0=2, 1=2, 2=2, 3=2, 4=2}
2026-03-14 01:22:37,802 DEBUG [CRASH COMPLEXION_p011]          StemBuilder.java:1080 | [FAILED toString()]
2026-03-14 01:22:37,803 DEBUG [CRASH COMPLEXION_p011]          StemBuilder.java:167  | CLinker{head#4531-Clnk-BL Glyph{#651 [VERTICAL_SEED]}} lengths:{0=37, 1=37, 2=37, 3=37, 4=37}
2026-03-14 01:22:37,803 DEBUG [CRASH COMPLEXION_p011]          StemBuilder.java:1080 | [FAILED toString()]
2026-03-14 01:22:37,804 DEBUG [CRASH COMPLEXION_p011]          StemBuilder.java:167  | CLinker{head#4531-Clnk-TL refPt:[2135.9,1282.0]} lengths:{0=7, 1=7, 2=7, 3=7, 4=7}
2026-03-14 01:22:37,804 DEBUG [CRASH COMPLEXION_p011]          StemBuilder.java:1080 | [FAILED toString()]
2026-03-14 01:22:37,805 DEBUG [CRASH COMPLEXION_p011]          StemBuilder.java:167  | CLinker{head#4531-Clnk-BR refPt:[2149.7,1282.0]} lengths:{0=7, 1=7, 2=7, 3=7, 4=7}
2026-03-14 01:22:37,806 DEBUG [CRASH COMPLEXION_p011]          StemBuilder.java:1080 | [FAILED toString()]
2026-03-14 01:22:37,806 DEBUG [CRASH COMPLEXION_p011]          StemBuilder.java:167  | CLinker{head#4535-Clnk-TR refPt:[2149.7,1277.0]} lengths:{0=2, 1=2, 2=2, 3=2, 4=2}
2026-03-14 01:22:37,807 DEBUG [CRASH COMPLEXION_p011]          StemBuilder.java:1080 | [FAILED toString()]
2026-03-14 01:22:37,807 DEBUG [CRASH COMPLEXION_p011]          StemBuilder.java:167  | CLinker{head#4535-Clnk-BL Glyph{#651 [VERTICAL_SEED]}} lengths:{0=37, 1=37, 2=37, 3=37, 4=37}
2026-03-14 01:22:37,808 DEBUG [CRASH COMPLEXION_p011]          StemBuilder.java:1080 | [FAILED toString()]
2026-03-14 01:22:37,809 DEBUG [CRASH COMPLEXION_p011]          StemBuilder.java:167  | CLinker{head#4535-Clnk-TL refPt:[2135.9,1282.0]} lengths:{0=7, 1=7, 2=7, 3=7, 4=7}
2026-03-14 01:22:37,810 DEBUG [CRASH COMPLEXION_p011]          StemBuilder.java:1080 | [FAILED toString()]
2026-03-14 01:22:37,810 DEBUG [CRASH COMPLEXION_p011]          StemBuilder.java:167  | CLinker{head#4535-Clnk-BR refPt:[2149.7,1282.0]} lengths:{0=7, 1=7, 2=7, 3=7, 4=7}
2026-03-14 01:22:37,811 DEBUG [CRASH COMPLEXION_p011]          StemBuilder.java:1080 | [FAILED toString()]
2026-03-14 01:22:37,811 DEBUG [CRASH COMPLEXION_p011]          StemBuilder.java:167  | CLinker{head#3201-Clnk-TR Glyph{#560 [VERTICAL_SEED]}} lengths:{0=54, 1=54, 2=54, 3=54, 4=54}
2026-03-14 01:22:37,812 DEBUG [CRASH COMPLEXION_p011]          StemBuilder.java:1080 | [FAILED toString()]
2026-03-14 01:22:37,813 DEBUG [CRASH COMPLEXION_p011]          StemBuilder.java:167  | CLinker{head#3201-Clnk-BL refPt:[2136.9,108.0]} lengths:{0=3, 1=3, 2=3, 3=3, 4=3}
2026-03-14 01:22:37,813 DEBUG [CRASH COMPLEXION_p011]          StemBuilder.java:1080 | [FAILED toString()]
2026-03-14 01:22:37,814 DEBUG [CRASH COMPLEXION_p011]          StemBuilder.java:167  | CLinker{head#3201-Clnk-TL Glyph{#18987 [STUMP]}} lengths:{0=10, 1=10, 2=10, 3=10, 4=10}
2026-03-14 01:22:37,815 DEBUG [CRASH COMPLEXION_p011]          StemBuilder.java:1080 | [FAILED toString()]
2026-03-14 01:22:37,815 DEBUG [CRASH COMPLEXION_p011]          StemBuilder.java:167  | CLinker{head#3201-Clnk-BR refPt:[2150.7,104.0]} lengths:{0=11, 1=11, 2=11, 3=11, 4=11}
2026-03-14 01:22:37,815 DEBUG [CRASH COMPLEXION_p011]          StemBuilder.java:1080 | [FAILED toString()]
2026-03-14 01:22:37,816 DEBUG [CRASH COMPLEXION_p011]          StemBuilder.java:167  | CLinker{head#3209-Clnk-TR Glyph{#583 [VERTICAL_SEED]}} lengths:{0=37, 1=37, 2=37, 3=37, 4=37}
2026-03-14 01:22:37,816 DEBUG [CRASH COMPLEXION_p011]          StemBuilder.java:1080 | [FAILED toString()]
2026-03-14 01:22:37,817 DEBUG [CRASH COMPLEXION_p011]          StemBuilder.java:167  | CLinker{head#3209-Clnk-BL refPt:[2177.9,107.0]} lengths:{0=3, 1=3, 2=3, 3=3, 4=3}
2026-03-14 01:22:37,818 DEBUG [CRASH COMPLEXION_p011]          StemBuilder.java:1080 | [FAILED toString()]
2026-03-14 01:22:37,818 DEBUG [CRASH COMPLEXION_p011]          StemBuilder.java:167  | CLinker{head#3209-Clnk-TL refPt:[2177.9,103.0]} lengths:{0=7, 1=7, 2=7, 3=7, 4=7}
2026-03-14 01:22:37,819 DEBUG [CRASH COMPLEXION_p011]          StemBuilder.java:1080 | [FAILED toString()]
2026-03-14 01:22:37,820 DEBUG [CRASH COMPLEXION_p011]          StemBuilder.java:167  | CLinker{head#3209-Clnk-BR Glyph{#583 [VERTICAL_SEED]}} lengths:{0=16, 1=16, 2=16, 3=16, 4=16}
2026-03-14 01:22:37,823 DEBUG [CRASH COMPLEXION_p011]          StemBuilder.java:1080 | [FAILED toString()]
2026-03-14 01:22:37,823 DEBUG [CRASH COMPLEXION_p011]          StemBuilder.java:167  | CLinker{head#3213-Clnk-TR Glyph{#583 [VERTICAL_SEED]}} lengths:{0=37, 1=37, 2=37, 3=37, 4=37}
2026-03-14 01:22:37,824 DEBUG [CRASH COMPLEXION_p011]          StemBuilder.java:1080 | [FAILED toString()]
2026-03-14 01:22:37,825 DEBUG [CRASH COMPLEXION_p011]          StemBuilder.java:167  | CLinker{head#3213-Clnk-BL refPt:[2177.9,107.0]} lengths:{0=3, 1=3, 2=3, 3=3, 4=3}
2026-03-14 01:22:37,826 DEBUG [CRASH COMPLEXION_p011]          StemBuilder.java:1080 | [FAILED toString()]
2026-03-14 01:22:37,826 DEBUG [CRASH COMPLEXION_p011]          StemBuilder.java:167  | CLinker{head#3213-Clnk-TL refPt:[2177.9,103.0]} lengths:{0=7, 1=7, 2=7, 3=7, 4=7}
2026-03-14 01:22:37,827 DEBUG [CRASH COMPLEXION_p011]          StemBuilder.java:1080 | [FAILED toString()]
2026-03-14 01:22:37,827 DEBUG [CRASH COMPLEXION_p011]          StemBuilder.java:167  | CLinker{head#3213-Clnk-BR Glyph{#583 [VERTICAL_SEED]}} lengths:{0=16, 1=16, 2=16, 3=16, 4=16}
2026-03-14 01:22:37,828 DEBUG [CRASH COMPLEXION_p011]          StemBuilder.java:1080 | [FAILED toString()]
2026-03-14 01:22:37,828 DEBUG [CRASH COMPLEXION_p011]          StemBuilder.java:167  | CLinker{head#3234-Clnk-TR Glyph{#583 [VERTICAL_SEED]}} lengths:{0=45, 1=45, 2=45, 3=45, 4=45}
2026-03-14 01:22:37,829 DEBUG [CRASH COMPLEXION_p011]          StemBuilder.java:1080 | [FAILED toString()]
2026-03-14 01:22:37,829 DEBUG [CRASH COMPLEXION_p011]          StemBuilder.java:167  | CLinker{head#3234-Clnk-BL refPt:[2178.9,115.0]} lengths:{0=3, 1=3, 2=3, 3=3, 4=3}
2026-03-14 01:22:37,830 DEBUG [CRASH COMPLEXION_p011]          StemBuilder.java:1080 | [FAILED toString()]
2026-03-14 01:22:37,830 DEBUG [CRASH COMPLEXION_p011]          StemBuilder.java:167  | CLinker{head#3234-Clnk-TL Glyph{#18989 [STUMP]}} lengths:{0=10, 1=10, 2=10, 3=10, 4=10}
2026-03-14 01:22:37,831 DEBUG [CRASH COMPLEXION_p011]          StemBuilder.java:1080 | [FAILED toString()]
2026-03-14 01:22:37,831 DEBUG [CRASH COMPLEXION_p011]          StemBuilder.java:167  | CLinker{head#3234-Clnk-BR refPt:[2191.7,111.0]} lengths:{0=8, 1=8, 2=8, 3=8, 4=8}
2026-03-14 01:22:37,832 DEBUG [CRASH COMPLEXION_p011]          StemBuilder.java:1080 | [FAILED toString()]
2026-03-14 01:22:37,832 DEBUG [CRASH COMPLEXION_p011]          StemBuilder.java:167  | CLinker{head#3147-Clnk-TR Glyph{#583 [VERTICAL_SEED]}} lengths:{0=31, 1=31, 2=31, 3=31, 4=31}
2026-03-14 01:22:37,833 DEBUG [CRASH COMPLEXION_p011]          StemBuilder.java:1080 | [FAILED toString()]
2026-03-14 01:22:37,833 DEBUG [CRASH COMPLEXION_p011]          StemBuilder.java:167  | CLinker{head#3147-Clnk-BL Glyph{#18991 [STUMP]}} lengths:{0=9, 1=9, 2=9, 3=9, 4=9}
2026-03-14 01:22:37,835 DEBUG [CRASH COMPLEXION_p011]          StemBuilder.java:1080 | [FAILED toString()]
2026-03-14 01:22:37,835 DEBUG [CRASH COMPLEXION_p011]          StemBuilder.java:167  | CLinker{head#3147-Clnk-TL refPt:[2179.9,97.0]} lengths:{0=7, 1=7, 2=7, 3=7, 4=7}
2026-03-14 01:22:37,837 DEBUG [CRASH COMPLEXION_p011]          StemBuilder.java:1080 | [FAILED toString()]
2026-03-14 01:22:37,837 DEBUG [CRASH COMPLEXION_p011]          StemBuilder.java:167  | CLinker{head#3147-Clnk-BR Glyph{#583 [VERTICAL_SEED]}} lengths:{0=22, 1=22, 2=22, 3=22, 4=22}
2026-03-14 01:22:37,838 DEBUG [CRASH COMPLEXION_p011]          StemBuilder.java:1080 | [FAILED toString()]
2026-03-14 01:22:37,839 DEBUG [CRASH COMPLEXION_p011]          StemBuilder.java:167  | CLinker{head#4692-Clnk-TR Glyph{#568 [VERTICAL_SEED]}} lengths:{0=34, 1=34, 2=34, 3=34, 4=34}
2026-03-14 01:22:37,839 DEBUG [CRASH COMPLEXION_p011]          StemBuilder.java:1080 | [FAILED toString()]
2026-03-14 01:22:37,840 DEBUG [CRASH COMPLEXION_p011]          StemBuilder.java:167  | CLinker{head#4692-Clnk-BL refPt:[2197.9,1234.0]} lengths:{0=3, 1=3, 2=3, 3=3, 4=3}
2026-03-14 01:22:37,840 DEBUG [CRASH COMPLEXION_p011]          StemBuilder.java:1080 | [FAILED toString()]
2026-03-14 01:22:37,841 DEBUG [CRASH COMPLEXION_p011]          StemBuilder.java:167  | CLinker{head#4692-Clnk-TL Glyph{#682 [VERTICAL_SEED]}} lengths:{0=39, 1=39, 2=39, 3=39, 4=39}
2026-03-14 01:22:37,842 DEBUG [CRASH COMPLEXION_p011]          StemBuilder.java:1080 | [FAILED toString()]
2026-03-14 01:22:37,842 DEBUG [CRASH COMPLEXION_p011]          StemBuilder.java:167  | CLinker{head#4692-Clnk-BR Glyph{#568 [VERTICAL_SEED]}} lengths:{0=28, 1=28, 2=28, 3=28, 4=28}
2026-03-14 01:22:37,843 DEBUG [CRASH COMPLEXION_p011]          StemBuilder.java:1080 | [FAILED toString()]
2026-03-14 01:22:37,843 DEBUG [CRASH COMPLEXION_p011]          StemBuilder.java:167  | CLinker{head#4375-Clnk-TR Glyph{#568 [VERTICAL_SEED]}} lengths:{0=60, 1=60, 2=60, 3=60, 4=60}
2026-03-14 01:22:37,843 DEBUG [CRASH COMPLEXION_p011]          StemBuilder.java:1080 | [FAILED toString()]
2026-03-14 01:22:37,844 DEBUG [CRASH COMPLEXION_p011]          StemBuilder.java:167  | CLinker{head#4375-Clnk-BL refPt:[2198.9,1260.0]} lengths:{0=5, 1=5, 2=5, 3=5, 4=5}
2026-03-14 01:22:37,845 DEBUG [CRASH COMPLEXION_p011]          StemBuilder.java:1080 | [FAILED toString()]
2026-03-14 01:22:37,845 DEBUG [CRASH COMPLEXION_p011]          StemBuilder.java:167  | CLinker{head#4375-Clnk-TL refPt:[2198.9,1256.0]} lengths:{0=7, 1=7, 2=7, 3=7, 4=7}
2026-03-14 01:22:37,846 DEBUG [CRASH COMPLEXION_p011]          StemBuilder.java:1080 | [FAILED toString()]
2026-03-14 01:22:37,846 DEBUG [CRASH COMPLEXION_p011]          StemBuilder.java:167  | CLinker{head#4375-Clnk-BR refPt:[2212.7,1256.0]} lengths:{0=7, 1=7, 2=7, 3=7, 4=7}
2026-03-14 01:22:37,847 DEBUG [CRASH COMPLEXION_p011]          StemBuilder.java:1080 | [FAILED toString()]
2026-03-14 01:22:37,847 DEBUG [CRASH COMPLEXION_p011]          StemBuilder.java:167  | CLinker{head#4695-Clnk-TR Glyph{#661 [VERTICAL_SEED]}} lengths:{0=34, 1=34, 2=34, 3=34, 4=34}
2026-03-14 01:22:37,847 DEBUG [CRASH COMPLEXION_p011]          StemBuilder.java:1080 | [FAILED toString()]
2026-03-14 01:22:37,848 DEBUG [CRASH COMPLEXION_p011]          StemBuilder.java:167  | CLinker{head#4695-Clnk-BL Glyph{#568 [VERTICAL_SEED]}} lengths:{0=24, 1=24, 2=24, 3=24, 4=24}
2026-03-14 01:22:37,848 DEBUG [CRASH COMPLEXION_p011]          StemBuilder.java:1080 | [FAILED toString()]
2026-03-14 01:22:37,849 DEBUG [CRASH COMPLEXION_p011]          StemBuilder.java:167  | CLinker{head#4695-Clnk-TL Glyph{#568 [VERTICAL_SEED]}} lengths:{0=39, 1=39, 2=39, 3=39, 4=39}
2026-03-14 01:22:37,850 DEBUG [CRASH COMPLEXION_p011]          StemBuilder.java:1080 | [FAILED toString()]
2026-03-14 01:22:37,850 DEBUG [CRASH COMPLEXION_p011]          StemBuilder.java:167  | CLinker{head#4695-Clnk-BR refPt:[2228.7,1230.0]} lengths:{0=7, 1=7, 2=7, 3=7, 4=7}
2026-03-14 01:22:37,852 DEBUG [CRASH COMPLEXION_p011]          StemBuilder.java:1080 | [FAILED toString()]
2026-03-14 01:22:37,854 DEBUG [CRASH COMPLEXION_p011]          StemBuilder.java:167  | CLinker{head#4767-Clnk-TR refPt:[2228.7,1278.0]} lengths:{0=2, 1=2, 2=2, 3=2, 4=2}
2026-03-14 01:22:37,855 DEBUG [CRASH COMPLEXION_p011]          StemBuilder.java:1080 | [FAILED toString()]
2026-03-14 01:22:37,855 DEBUG [CRASH COMPLEXION_p011]          StemBuilder.java:167  | CLinker{head#4767-Clnk-BL refPt:[2215.9,1287.0]} lengths:{0=3, 1=3, 2=3, 3=3, 4=3}
2026-03-14 01:22:37,856 DEBUG [CRASH COMPLEXION_p011]          StemBuilder.java:1080 | [FAILED toString()]
2026-03-14 01:22:37,857 DEBUG [CRASH COMPLEXION_p011]          StemBuilder.java:167  | CLinker{head#4767-Clnk-TL refPt:[2215.9,1283.0]} lengths:{0=7, 1=7, 2=7, 3=7, 4=7}
2026-03-14 01:22:37,857 DEBUG [CRASH COMPLEXION_p011]          StemBuilder.java:1080 | [FAILED toString()]
2026-03-14 01:22:37,858 DEBUG [CRASH COMPLEXION_p011]          StemBuilder.java:167  | CLinker{head#4767-Clnk-BR Glyph{#18996 [STUMP]}} lengths:{0=14, 1=14, 2=14, 3=14, 4=14}
2026-03-14 01:22:37,858 DEBUG [CRASH COMPLEXION_p011]          StemBuilder.java:1080 | [FAILED toString()]
2026-03-14 01:22:37,859 DEBUG [CRASH COMPLEXION_p011]          StemBuilder.java:167  | CLinker{head#4705-Clnk-TR Glyph{#662 [VERTICAL_SEED]}} lengths:{0=34, 1=34, 2=34, 3=34, 4=34}
2026-03-14 01:22:37,860 DEBUG [CRASH COMPLEXION_p011]          StemBuilder.java:1080 | [FAILED toString()]
2026-03-14 01:22:37,860 DEBUG [CRASH COMPLEXION_p011]          StemBuilder.java:167  | CLinker{head#4705-Clnk-BL refPt:[2232.9,1234.0]} lengths:{0=3, 1=3, 2=3, 3=3, 4=3}
2026-03-14 01:22:37,861 DEBUG [CRASH COMPLEXION_p011]          StemBuilder.java:1080 | [FAILED toString()]
2026-03-14 01:22:37,861 DEBUG [CRASH COMPLEXION_p011]          StemBuilder.java:167  | CLinker{head#4705-Clnk-TL Glyph{#661 [VERTICAL_SEED]}} lengths:{0=39, 1=39, 2=39, 3=39, 4=39}
2026-03-14 01:22:37,862 DEBUG [CRASH COMPLEXION_p011]          StemBuilder.java:1080 | [FAILED toString()]
2026-03-14 01:22:37,862 DEBUG [CRASH COMPLEXION_p011]          StemBuilder.java:167  | CLinker{head#4705-Clnk-BR refPt:[2246.7,1230.0]} lengths:{0=8, 1=8, 2=8, 3=8, 4=8}
2026-03-14 01:22:37,863 DEBUG [CRASH COMPLEXION_p011]          StemBuilder.java:1080 | [FAILED toString()]
2026-03-14 01:22:37,864 DEBUG [CRASH COMPLEXION_p011]          StemBuilder.java:167  | CLinker{head#4641-Clnk-TR refPt:[2272.7,1284.0]} lengths:{0=8, 1=8, 2=8, 3=8, 4=8}
2026-03-14 01:22:37,865 DEBUG [CRASH COMPLEXION_p011]          StemBuilder.java:1080 | [FAILED toString()]
2026-03-14 01:22:37,867 DEBUG [CRASH COMPLEXION_p011]          StemBuilder.java:167  | CLinker{head#4641-Clnk-BL Glyph{#612 [VERTICAL_SEED]}} lengths:{0=38, 1=38, 2=38, 3=38, 4=38}
2026-03-14 01:22:37,868 DEBUG [CRASH COMPLEXION_p011]          StemBuilder.java:1080 | [FAILED toString()]
2026-03-14 01:22:37,868 DEBUG [CRASH COMPLEXION_p011]          StemBuilder.java:167  | CLinker{head#4641-Clnk-TL Glyph{#612 [VERTICAL_SEED]}} lengths:{0=9, 1=9, 2=9, 3=9, 4=9}
2026-03-14 01:22:37,869 DEBUG [CRASH COMPLEXION_p011]          StemBuilder.java:1080 | [FAILED toString()]
2026-03-14 01:22:37,869 DEBUG [CRASH COMPLEXION_p011]          StemBuilder.java:167  | CLinker{head#4641-Clnk-BR refPt:[2272.7,1289.0]} lengths:{0=7, 1=29, 2=29, 3=29, 4=29}
2026-03-14 01:22:37,870 DEBUG [CRASH COMPLEXION_p011]          StemBuilder.java:1080 | [FAILED toString()]
2026-03-14 01:22:37,871 DEBUG [CRASH COMPLEXION_p011]          StemBuilder.java:167  | CLinker{head#4541-Clnk-TR refPt:[2274.7,1279.0]} lengths:{0=3, 1=3, 2=3, 3=3, 4=3}
2026-03-14 01:22:37,871 DEBUG [CRASH COMPLEXION_p011]          StemBuilder.java:1080 | [FAILED toString()]
2026-03-14 01:22:37,872 DEBUG [CRASH COMPLEXION_p011]          StemBuilder.java:167  | CLinker{head#4541-Clnk-BL Glyph{#612 [VERTICAL_SEED]}} lengths:{0=43, 1=43, 2=43, 3=43, 4=43}
2026-03-14 01:22:37,872 DEBUG [CRASH COMPLEXION_p011]          StemBuilder.java:1080 | [FAILED toString()]
2026-03-14 01:22:37,873 DEBUG [CRASH COMPLEXION_p011]          StemBuilder.java:167  | CLinker{head#4541-Clnk-TL refPt:[2260.9,1284.0]} lengths:{0=7, 1=7, 2=7, 3=7, 4=7}
2026-03-14 01:22:37,873 DEBUG [CRASH COMPLEXION_p011]          StemBuilder.java:1080 | [FAILED toString()]
2026-03-14 01:22:37,874 DEBUG [CRASH COMPLEXION_p011]          StemBuilder.java:167  | CLinker{head#4541-Clnk-BR refPt:[2274.7,1284.0]} lengths:{0=7, 1=7, 2=7, 3=7, 4=7}
2026-03-14 01:22:37,874 DEBUG [CRASH COMPLEXION_p011]          StemBuilder.java:1080 | [FAILED toString()]
2026-03-14 01:22:37,875 DEBUG [CRASH COMPLEXION_p011]          StemBuilder.java:167  | CLinker{head#4208-Clnk-TR refPt:[2282.7,997.0]} lengths:{0=2, 1=2, 2=2, 3=2, 4=2}
2026-03-14 01:22:37,876 DEBUG [CRASH COMPLEXION_p011]          StemBuilder.java:1080 | [FAILED toString()]
2026-03-14 01:22:37,876 DEBUG [CRASH COMPLEXION_p011]          StemBuilder.java:167  | CLinker{head#4208-Clnk-BL refPt:[2272.9,1006.0]} lengths:{0=3, 1=3, 2=3, 3=3, 4=3}
2026-03-14 01:22:37,877 DEBUG [CRASH COMPLEXION_p011]          StemBuilder.java:1080 | [FAILED toString()]
2026-03-14 01:22:37,877 DEBUG [CRASH COMPLEXION_p011]          StemBuilder.java:167  | CLinker{head#4208-Clnk-TL refPt:[2272.9,1002.0]} lengths:{0=7, 1=7, 2=7, 3=7, 4=7}
2026-03-14 01:22:37,878 DEBUG [CRASH COMPLEXION_p011]          StemBuilder.java:1080 | [FAILED toString()]
2026-03-14 01:22:37,878 DEBUG [CRASH COMPLEXION_p011]          StemBuilder.java:167  | CLinker{head#4208-Clnk-BR Glyph{#19004 [STUMP]}} lengths:{0=10, 1=10, 2=10, 3=10, 4=10}
2026-03-14 01:22:37,879 DEBUG [CRASH COMPLEXION_p011]          StemBuilder.java:1080 | [FAILED toString()]
2026-03-14 01:22:37,879 DEBUG [CRASH COMPLEXION_p011]          StemBuilder.java:167  | CLinker{head#3603-Clnk-TR refPt:[2285.7,570.0]} lengths:{0=2, 1=16, 2=16, 3=16, 4=16}
2026-03-14 01:22:37,880 DEBUG [CRASH COMPLEXION_p011]          StemBuilder.java:1080 | [FAILED toString()]
2026-03-14 01:22:37,881 DEBUG [CRASH COMPLEXION_p011]          StemBuilder.java:167  | CLinker{head#3603-Clnk-BL refPt:[2274.9,579.0]} lengths:{0=3, 1=3, 2=3, 3=3, 4=3}
2026-03-14 01:22:37,881 DEBUG [CRASH COMPLEXION_p011]          StemBuilder.java:1080 | [FAILED toString()]
2026-03-14 01:22:37,886 DEBUG [CRASH COMPLEXION_p011]          StemBuilder.java:167  | CLinker{head#3603-Clnk-TL refPt:[2274.9,575.0]} lengths:{0=7, 1=7, 2=7, 3=7, 4=7}
2026-03-14 01:22:37,887 DEBUG [CRASH COMPLEXION_p011]          StemBuilder.java:1080 | [FAILED toString()]
2026-03-14 01:22:37,887 DEBUG [CRASH COMPLEXION_p011]          StemBuilder.java:167  | CLinker{head#3603-Clnk-BR Glyph{#19006 [STUMP]}} lengths:{0=9, 1=9, 2=9, 3=9, 4=9}
2026-03-14 01:22:37,888 DEBUG [CRASH COMPLEXION_p011]          StemBuilder.java:1080 | [FAILED toString()]
2026-03-14 01:22:37,889 DEBUG [CRASH COMPLEXION_p011]          StemBuilder.java:167  | CLinker{head#3569-Clnk-TR refPt:[2296.7,557.0]} lengths:{0=17, 1=17, 2=17, 3=17, 4=17}
2026-03-14 01:22:37,889 DEBUG [CRASH COMPLEXION_p011]          StemBuilder.java:1080 | [FAILED toString()]
2026-03-14 01:22:37,890 DEBUG [CRASH COMPLEXION_p011]          StemBuilder.java:167  | CLinker{head#3569-Clnk-BL refPt:[2282.9,566.0]} lengths:{0=3, 1=18, 2=18, 3=18, 4=18}
2026-03-14 01:22:37,891 DEBUG [CRASH COMPLEXION_p011]          StemBuilder.java:1080 | [FAILED toString()]
2026-03-14 01:22:37,891 DEBUG [CRASH COMPLEXION_p011]          StemBuilder.java:167  | CLinker{head#3569-Clnk-TL Glyph{#19007 [STUMP]}} lengths:{0=8, 1=8, 2=8, 3=8, 4=8}
2026-03-14 01:22:37,892 DEBUG [CRASH COMPLEXION_p011]          StemBuilder.java:1080 | [FAILED toString()]
2026-03-14 01:22:37,893 DEBUG [CRASH COMPLEXION_p011]          StemBuilder.java:167  | CLinker{head#3569-Clnk-BR refPt:[2296.7,562.0]} lengths:{0=195, 1=195, 2=195, 3=195, 4=195}
2026-03-14 01:22:37,894 DEBUG [CRASH COMPLEXION_p011]          StemBuilder.java:1080 | [FAILED toString()]
2026-03-14 01:22:37,894 DEBUG [CRASH COMPLEXION_p011]          StemBuilder.java:167  | CLinker{head#3893-Clnk-TR Glyph{#512 [VERTICAL_SEED]}} lengths:{0=16, 1=16, 2=16, 3=16, 4=16}
2026-03-14 01:22:37,895 DEBUG [CRASH COMPLEXION_p011]          StemBuilder.java:1080 | [FAILED toString()]
2026-03-14 01:22:37,896 DEBUG [CRASH COMPLEXION_p011]          StemBuilder.java:167  | CLinker{head#3893-Clnk-BL Glyph{#19003 [STUMP]}} lengths:{0=19, 1=19, 2=19, 3=19, 4=19}
2026-03-14 01:22:37,897 DEBUG [CRASH COMPLEXION_p011]          StemBuilder.java:1080 | [FAILED toString()]
2026-03-14 01:22:37,897 DEBUG [CRASH COMPLEXION_p011]          StemBuilder.java:167  | CLinker{head#3893-Clnk-TL refPt:[2283.9,989.0]} lengths:{0=7, 1=7, 2=7, 3=7, 4=7}
2026-03-14 01:22:37,898 DEBUG [CRASH COMPLEXION_p011]          StemBuilder.java:1080 | [FAILED toString()]
2026-03-14 01:22:37,899 DEBUG [CRASH COMPLEXION_p011]          StemBuilder.java:167  | CLinker{head#3893-Clnk-BR Glyph{#512 [VERTICAL_SEED]}} lengths:{0=162, 1=162, 2=162, 3=162, 4=162}
2026-03-14 01:22:37,900 DEBUG [CRASH COMPLEXION_p011]          StemBuilder.java:1080 | [FAILED toString()]
2026-03-14 01:22:37,900 DEBUG [CRASH COMPLEXION_p011]          StemBuilder.java:167  | CLinker{head#3921-Clnk-TR Glyph{#512 [VERTICAL_SEED]}} lengths:{0=23, 1=23, 2=23, 3=23, 4=23}
2026-03-14 01:22:37,901 DEBUG [CRASH COMPLEXION_p011]          StemBuilder.java:1080 | [FAILED toString()]
2026-03-14 01:22:37,901 DEBUG [CRASH COMPLEXION_p011]          StemBuilder.java:167  | CLinker{head#3921-Clnk-BL Glyph{#19003 [STUMP]}} lengths:{0=12, 1=12, 2=12, 3=12, 4=12}
2026-03-14 01:22:37,902 DEBUG [CRASH COMPLEXION_p011]          StemBuilder.java:1080 | [FAILED toString()]
2026-03-14 01:22:37,902 DEBUG [CRASH COMPLEXION_p011]          StemBuilder.java:167  | CLinker{head#3921-Clnk-TL refPt:[2284.9,996.0]} lengths:{0=7, 1=7, 2=7, 3=7, 4=7}
2026-03-14 01:22:37,903 DEBUG [CRASH COMPLEXION_p011]          StemBuilder.java:1080 | [FAILED toString()]
2026-03-14 01:22:37,903 DEBUG [CRASH COMPLEXION_p011]          StemBuilder.java:167  | CLinker{head#3921-Clnk-BR Glyph{#512 [VERTICAL_SEED]}} lengths:{0=155, 1=155, 2=155, 3=155, 4=155}
2026-03-14 01:22:37,904 DEBUG [CRASH COMPLEXION_p011]          StemBuilder.java:1080 | [FAILED toString()]
2026-03-14 01:22:37,904 DEBUG [CRASH COMPLEXION_p011]          StemBuilder.java:167  | CLinker{head#3939-Clnk-TR Glyph{#512 [VERTICAL_SEED]}} lengths:{0=30, 1=30, 2=30, 3=30, 4=30}
2026-03-14 01:22:37,905 DEBUG [CRASH COMPLEXION_p011]          StemBuilder.java:1080 | [FAILED toString()]
2026-03-14 01:22:37,906 DEBUG [CRASH COMPLEXION_p011]          StemBuilder.java:167  | CLinker{head#3939-Clnk-BL refPt:[2284.9,1007.0]} lengths:{0=5, 1=5, 2=5, 3=5, 4=5}
2026-03-14 01:22:37,907 DEBUG [CRASH COMPLEXION_p011]          StemBuilder.java:1080 | [FAILED toString()]
2026-03-14 01:22:37,908 DEBUG [CRASH COMPLEXION_p011]          StemBuilder.java:167  | CLinker{head#3939-Clnk-TL Glyph{#19003 [STUMP]}} lengths:{0=8, 1=8, 2=8, 3=8, 4=8}
2026-03-14 01:22:37,909 DEBUG [CRASH COMPLEXION_p011]          StemBuilder.java:1080 | [FAILED toString()]
2026-03-14 01:22:37,909 DEBUG [CRASH COMPLEXION_p011]          StemBuilder.java:167  | CLinker{head#3939-Clnk-BR Glyph{#512 [VERTICAL_SEED]}} lengths:{0=148, 1=148, 2=148, 3=148, 4=148}
2026-03-14 01:22:37,910 DEBUG [CRASH COMPLEXION_p011]          StemBuilder.java:1080 | [FAILED toString()]
2026-03-14 01:22:37,911 DEBUG [CRASH COMPLEXION_p011]          StemBuilder.java:167  | CLinker{head#3601-Clnk-TR Glyph{#19010 [STUMP]}} lengths:{0=31, 1=31, 2=31, 3=31, 4=31}
2026-03-14 01:22:37,912 DEBUG [CRASH COMPLEXION_p011]          StemBuilder.java:1080 | [FAILED toString()]
2026-03-14 01:22:37,912 DEBUG [CRASH COMPLEXION_p011]          StemBuilder.java:167  | CLinker{head#3601-Clnk-BL refPt:[2287.9,580.0]} lengths:{0=4, 1=4, 2=4, 3=4, 4=4}
2026-03-14 01:22:37,913 DEBUG [CRASH COMPLEXION_p011]          StemBuilder.java:1080 | [FAILED toString()]
2026-03-14 01:22:37,917 DEBUG [CRASH COMPLEXION_p011]          StemBuilder.java:167  | CLinker{head#3601-Clnk-TL Glyph{#19005 [STUMP]}} lengths:{0=8, 1=8, 2=8, 3=8, 4=8}
2026-03-14 01:22:37,918 DEBUG [CRASH COMPLEXION_p011]          StemBuilder.java:1080 | [FAILED toString()]
2026-03-14 01:22:37,919 DEBUG [CRASH COMPLEXION_p011]          StemBuilder.java:167  | CLinker{head#3601-Clnk-BR Glyph{#19010 [STUMP]}} lengths:{0=181, 1=181, 2=181, 3=181, 4=181}
2026-03-14 01:22:37,921 DEBUG [CRASH COMPLEXION_p011]          StemBuilder.java:1080 | [FAILED toString()]
2026-03-14 01:22:37,921 DEBUG [CRASH COMPLEXION_p011]          StemBuilder.java:167  | CLinker{head#3897-Clnk-TR Glyph{#512 [VERTICAL_SEED]}} lengths:{0=17, 1=17, 2=17, 3=17, 4=17}
2026-03-14 01:22:37,922 DEBUG [CRASH COMPLEXION_p011]          StemBuilder.java:1080 | [FAILED toString()]
2026-03-14 01:22:37,923 DEBUG [CRASH COMPLEXION_p011]          StemBuilder.java:167  | CLinker{head#3897-Clnk-BL Glyph{#19011 [STUMP]}} lengths:{0=18, 1=18, 2=18, 3=18, 4=18}
2026-03-14 01:22:37,924 DEBUG [CRASH COMPLEXION_p011]          StemBuilder.java:1080 | [FAILED toString()]
2026-03-14 01:22:37,925 DEBUG [CRASH COMPLEXION_p011]          StemBuilder.java:167  | CLinker{head#3897-Clnk-TL refPt:[2288.9,990.0]} lengths:{0=7, 1=7, 2=7, 3=7, 4=7}
2026-03-14 01:22:37,926 DEBUG [CRASH COMPLEXION_p011]          StemBuilder.java:1080 | [FAILED toString()]
2026-03-14 01:22:37,927 DEBUG [CRASH COMPLEXION_p011]          StemBuilder.java:167  | CLinker{head#3897-Clnk-BR Glyph{#512 [VERTICAL_SEED]}} lengths:{0=161, 1=161, 2=161, 3=161, 4=161}
2026-03-14 01:22:37,927 DEBUG [CRASH COMPLEXION_p011]          StemBuilder.java:1080 | [FAILED toString()]
2026-03-14 01:22:37,928 DEBUG [CRASH COMPLEXION_p011]          StemBuilder.java:167  | CLinker{head#3887-Clnk-TR refPt:[2310.7,985.0]} lengths:{0=2, 1=2, 2=2, 3=2, 4=2}
2026-03-14 01:22:37,929 DEBUG [CRASH COMPLEXION_p011]          StemBuilder.java:1080 | [FAILED toString()]
2026-03-14 01:22:37,929 DEBUG [CRASH COMPLEXION_p011]          StemBuilder.java:167  | CLinker{head#3887-Clnk-BL Glyph{#512 [VERTICAL_SEED]}} lengths:{0=157, 1=157, 2=157, 3=157, 4=157}
2026-03-14 01:22:37,930 DEBUG [CRASH COMPLEXION_p011]          StemBuilder.java:1080 | [FAILED toString()]
2026-03-14 01:22:37,931 DEBUG [CRASH COMPLEXION_p011]          StemBuilder.java:167  | CLinker{head#3887-Clnk-TL Glyph{#512 [VERTICAL_SEED]}} lengths:{0=22, 1=22, 2=22, 3=22, 4=22}
2026-03-14 01:22:37,931 DEBUG [CRASH COMPLEXION_p011]          StemBuilder.java:1080 | [FAILED toString()]
2026-03-14 01:22:37,932 DEBUG [CRASH COMPLEXION_p011]          StemBuilder.java:167  | CLinker{head#3887-Clnk-BR refPt:[2310.7,990.0]} lengths:{0=12, 1=12, 2=12, 3=12, 4=12}
2026-03-14 01:22:37,933 DEBUG [CRASH COMPLEXION_p011]          StemBuilder.java:1080 | [FAILED toString()]
2026-03-14 01:22:37,933 DEBUG [CRASH COMPLEXION_p011]          StemBuilder.java:167  | CLinker{head#3589-Clnk-TR refPt:[2312.7,564.0]} lengths:{0=3, 1=3, 2=3, 3=3, 4=3}
2026-03-14 01:22:37,934 DEBUG [CRASH COMPLEXION_p011]          StemBuilder.java:1080 | [FAILED toString()]
2026-03-14 01:22:37,934 DEBUG [CRASH COMPLEXION_p011]          StemBuilder.java:167  | CLinker{head#3589-Clnk-BL Glyph{#19014 [STUMP]}} lengths:{0=184, 1=184, 2=184, 3=184, 4=184}
2026-03-14 01:22:37,935 DEBUG [CRASH COMPLEXION_p011]          StemBuilder.java:1080 | [FAILED toString()]
2026-03-14 01:22:37,935 DEBUG [CRASH COMPLEXION_p011]          StemBuilder.java:167  | CLinker{head#3589-Clnk-TL Glyph{#19013 [STUMP]}} lengths:{0=29, 1=29, 2=29, 3=29, 4=29}
2026-03-14 01:22:37,936 DEBUG [CRASH COMPLEXION_p011]          StemBuilder.java:1080 | [FAILED toString()]
2026-03-14 01:22:37,937 DEBUG [CRASH COMPLEXION_p011]          StemBuilder.java:167  | CLinker{head#3589-Clnk-BR refPt:[2312.7,569.0]} lengths:{0=7, 1=7, 2=7, 3=7, 4=7}
2026-03-14 01:22:37,937 DEBUG [CRASH COMPLEXION_p011]          StemBuilder.java:1080 | [FAILED toString()]
2026-03-14 01:22:37,938 DEBUG [CRASH COMPLEXION_p011]          StemBuilder.java:167  | CLinker{head#3567-Clnk-TR refPt:[2313.7,558.0]} lengths:{0=2, 1=2, 2=2, 3=2, 4=2}
2026-03-14 01:22:37,938 DEBUG [CRASH COMPLEXION_p011]          StemBuilder.java:1080 | [FAILED toString()]
2026-03-14 01:22:37,939 DEBUG [CRASH COMPLEXION_p011]          StemBuilder.java:167  | CLinker{head#3567-Clnk-BL Glyph{#19010 [STUMP]}} lengths:{0=190, 1=190, 2=190, 3=190, 4=190}
2026-03-14 01:22:37,940 DEBUG [CRASH COMPLEXION_p011]          StemBuilder.java:1080 | [FAILED toString()]
2026-03-14 01:22:37,940 DEBUG [CRASH COMPLEXION_p011]          StemBuilder.java:167  | CLinker{head#3567-Clnk-TL Glyph{#19010 [STUMP]}} lengths:{0=23, 1=23, 2=23, 3=23, 4=23}
2026-03-14 01:22:37,941 DEBUG [CRASH COMPLEXION_p011]          StemBuilder.java:1080 | [FAILED toString()]
2026-03-14 01:22:37,941 DEBUG [CRASH COMPLEXION_p011]          StemBuilder.java:167  | CLinker{head#3567-Clnk-BR refPt:[2313.7,563.0]} lengths:{0=8, 1=8, 2=8, 3=8, 4=8}
2026-03-14 01:22:37,942 DEBUG [CRASH COMPLEXION_p011]          StemBuilder.java:1080 | [FAILED toString()]
2026-03-14 01:22:37,942 DEBUG [CRASH COMPLEXION_p011]          StemBuilder.java:167  | CLinker{head#3915-Clnk-TR Glyph{#19017 [STUMP]}} lengths:{0=9, 1=9, 2=9, 3=9, 4=9}
2026-03-14 01:22:37,943 DEBUG [CRASH COMPLEXION_p011]          StemBuilder.java:1080 | [FAILED toString()]
2026-03-14 01:22:37,944 DEBUG [CRASH COMPLEXION_p011]          StemBuilder.java:167  | CLinker{head#3915-Clnk-BL Glyph{#512 [VERTICAL_SEED]}} lengths:{0=151, 1=151, 2=151, 3=151, 4=151}
2026-03-14 01:22:37,944 DEBUG [CRASH COMPLEXION_p011]          StemBuilder.java:1080 | [FAILED toString()]
2026-03-14 01:22:37,950 DEBUG [CRASH COMPLEXION_p011]          StemBuilder.java:167  | CLinker{head#3915-Clnk-TL Glyph{#512 [VERTICAL_SEED]}} lengths:{0=28, 1=28, 2=28, 3=28, 4=28}
2026-03-14 01:22:37,951 DEBUG [CRASH COMPLEXION_p011]          StemBuilder.java:1080 | [FAILED toString()]
2026-03-14 01:22:37,951 DEBUG [CRASH COMPLEXION_p011]          StemBuilder.java:167  | CLinker{head#3915-Clnk-BR refPt:[2313.7,996.0]} lengths:{0=7, 1=7, 2=7, 3=7, 4=7}
2026-03-14 01:22:37,952 DEBUG [CRASH COMPLEXION_p011]          StemBuilder.java:1080 | [FAILED toString()]
2026-03-14 01:22:37,953 DEBUG [CRASH COMPLEXION_p011]          StemBuilder.java:167  | CLinker{head#3891-Clnk-TR refPt:[2314.7,986.0]} lengths:{0=2, 1=2, 2=2, 3=2, 4=2}
2026-03-14 01:22:37,953 DEBUG [CRASH COMPLEXION_p011]          StemBuilder.java:1080 | [FAILED toString()]
2026-03-14 01:22:37,954 DEBUG [CRASH COMPLEXION_p011]          StemBuilder.java:167  | CLinker{head#3891-Clnk-BL Glyph{#512 [VERTICAL_SEED]}} lengths:{0=156, 1=156, 2=156, 3=156, 4=156}
2026-03-14 01:22:37,955 DEBUG [CRASH COMPLEXION_p011]          StemBuilder.java:1080 | [FAILED toString()]
2026-03-14 01:22:37,955 DEBUG [CRASH COMPLEXION_p011]          StemBuilder.java:167  | CLinker{head#3891-Clnk-TL Glyph{#512 [VERTICAL_SEED]}} lengths:{0=23, 1=23, 2=23, 3=23, 4=23}
2026-03-14 01:22:37,956 DEBUG [CRASH COMPLEXION_p011]          StemBuilder.java:1080 | [FAILED toString()]
2026-03-14 01:22:37,956 DEBUG [CRASH COMPLEXION_p011]          StemBuilder.java:167  | CLinker{head#3891-Clnk-BR refPt:[2314.7,991.0]} lengths:{0=6, 1=6, 2=6, 3=6, 4=6}
2026-03-14 01:22:37,956 DEBUG [CRASH COMPLEXION_p011]       StemsRetriever.java:650  | 
System#1 linkStems
2026-03-14 01:22:37,958 DEBUG [CRASH COMPLEXION_p011]       StemsRetriever.java:663  | Cannot link both sides of BeamInter#1987{(0.672) BEAM}
2026-03-14 01:22:37,958 DEBUG [CRASH COMPLEXION_p011]       StemsRetriever.java:663  | Cannot link both sides of BeamInter#1997{(0.688) BEAM}
2026-03-14 01:22:37,958 DEBUG [CRASH COMPLEXION_p011]       StemsRetriever.java:663  | Cannot link both sides of BeamInter#2003{(0.656) BEAM}
2026-03-14 01:22:37,958 DEBUG [CRASH COMPLEXION_p011]       StemsRetriever.java:663  | Cannot link both sides of BeamInter#1983{(0.675) BEAM}
2026-03-14 01:22:37,959 DEBUG [CRASH COMPLEXION_p011]       StemsRetriever.java:663  | Cannot link both sides of BeamInter#1968{(0.671) BEAM}
2026-03-14 01:22:37,959 DEBUG [CRASH COMPLEXION_p011]       StemsRetriever.java:663  | Cannot link both sides of BeamInter#1985{(0.686) BEAM}
2026-03-14 01:22:37,965 INFO [CRASH COMPLEXION_p011]           CheckSuite.java:191  | 
Seed Check Suite: min=0.200000 good=0.500000
Weight    Name             Covariant    Low       High
------    ----                ------    ---       ----
 1.0      Slope                false    0.00      0.08
 1.0      Straight             false    0.00      0.20
 2.0      Length                true    1.25      3.50
-1.0      Clean                 true    0.00      2.00
 1.0      Black                 true    0.63      1.25
 1.0      BlackRatio            true    0.10      1.00
 5.0      Gap                  false    0.00      1.90

2026-03-14 01:22:37,969 DEBUG [CRASH COMPLEXION_p011]       StemsRetriever.java:663  | Cannot link both sides of BeamInter#1970{(0.648) BEAM}
2026-03-14 01:22:37,971 DEBUG [CRASH COMPLEXION_p011]       StemsRetriever.java:663  | Cannot link both sides of BeamInter#1989{(0.610) BEAM}
2026-03-14 01:22:37,972 DEBUG [CRASH COMPLEXION_p011]       StemsRetriever.java:663  | Cannot link both sides of BeamInter#2009{(0.633) BEAM}
2026-03-14 01:22:37,972 DEBUG [CRASH COMPLEXION_p011]           BeamLinker.java:1239 | No relation for CLinker{head#4057-Clnk-TL refPt:[960.9,1023.0]} from VLinker{beam#1942-Vlnk-BL-1}
2026-03-14 01:22:37,973 DEBUG [CRASH COMPLEXION_p011]       StemsRetriever.java:663  | Cannot link both sides of BeamInter#1991{(0.672) BEAM}
2026-03-14 01:22:37,973 DEBUG [CRASH COMPLEXION_p011]       StemsRetriever.java:663  | Cannot link both sides of BeamInter#2013{(0.645) BEAM}
2026-03-14 01:22:37,973 DEBUG [CRASH COMPLEXION_p011]       StemsRetriever.java:663  | Cannot link both sides of BeamInter#1995{(0.598) BEAM}
2026-03-14 01:22:37,974 DEBUG [CRASH COMPLEXION_p011]       StemsRetriever.java:663  | Cannot link both sides of BeamInter#2019{(0.629) BEAM}
2026-03-14 01:22:37,975 DEBUG [CRASH COMPLEXION_p011]       StemsRetriever.java:663  | Cannot link both sides of BeamInter#1872{(0.467) BEAM}
2026-03-14 01:22:37,975 DEBUG [CRASH COMPLEXION_p011]       StemsRetriever.java:663  | Cannot link both sides of BeamInter#1874{(0.435) BEAM}
2026-03-14 01:22:37,975 DEBUG [CRASH COMPLEXION_p011]       StemsRetriever.java:663  | Cannot link both sides of BeamInter#2005{(0.664) BEAM}
2026-03-14 01:22:37,975 DEBUG [CRASH COMPLEXION_p011]       StemsRetriever.java:663  | Cannot link both sides of BeamInter#2023{(0.725) BEAM}
2026-03-14 01:22:37,975 DEBUG [CRASH COMPLEXION_p011]       StemsRetriever.java:663  | Cannot link both sides of BeamInter#1906{(0.641) BEAM}
2026-03-14 01:22:37,975 DEBUG [CRASH COMPLEXION_p011]       StemsRetriever.java:663  | Cannot link both sides of BeamInter#1964{(0.553) BEAM}
2026-03-14 01:22:37,975 DEBUG [CRASH COMPLEXION_p011]       StemsRetriever.java:663  | Cannot link both sides of BeamInter#1972{(0.540) BEAM}
2026-03-14 01:22:37,975 DEBUG [CRASH COMPLEXION_p011]       StemsRetriever.java:663  | Cannot link both sides of BeamInter#1999{(0.671) BEAM}
2026-03-14 01:22:37,980 DEBUG [CRASH COMPLEXION_p011]       StemsRetriever.java:663  | Cannot link both sides of BeamInter#2021{(0.598) BEAM}
2026-03-14 01:22:37,982 DEBUG [CRASH COMPLEXION_p011]       StemsRetriever.java:663  | Cannot link both sides of BeamInter#1904{(0.639) BEAM}
2026-03-14 01:22:37,982 DEBUG [CRASH COMPLEXION_p011]       StemsRetriever.java:663  | Cannot link both sides of BeamInter#1915{(0.605) BEAM}
2026-03-14 01:22:37,983 DEBUG [CRASH COMPLEXION_p011]       StemsRetriever.java:663  | Cannot link both sides of BeamInter#1931{(0.594) BEAM}
2026-03-14 01:22:37,984 DEBUG [CRASH COMPLEXION_p011]       StemsRetriever.java:663  | Cannot link both sides of BeamInter#2015{(0.628) BEAM}
2026-03-14 01:22:37,985 DEBUG [CRASH COMPLEXION_p011]       StemsRetriever.java:663  | Cannot link both sides of BeamInter#1977{(0.543) BEAM}
2026-03-14 01:22:37,985 DEBUG [CRASH COMPLEXION_p011]       StemsRetriever.java:663  | Cannot link both sides of BeamInter#1993{(0.619) BEAM}
2026-03-14 01:22:37,986 DEBUG [CRASH COMPLEXION_p011]       StemsRetriever.java:663  | Cannot link both sides of BeamInter#2007{(0.396) BEAM}
2026-03-14 01:22:37,987 DEBUG [CRASH COMPLEXION_p011]       StemsRetriever.java:663  | Cannot link both sides of BeamInter#1922{(0.753) BEAM}
2026-03-14 01:22:37,987 DEBUG [CRASH COMPLEXION_p011]       StemsRetriever.java:663  | Cannot link both sides of BeamInter#1938{(0.724) BEAM}
2026-03-14 01:22:37,987 DEBUG [CRASH COMPLEXION_p011]       StemsRetriever.java:663  | Cannot link both sides of BeamInter#1981{(0.614) BEAM}
2026-03-14 01:22:37,987 DEBUG [CRASH COMPLEXION_p011]       StemsRetriever.java:663  | Cannot link both sides of BeamInter#2017{(0.444) BEAM}
2026-03-14 01:22:37,988 DEBUG [CRASH COMPLEXION_p011]       StemsRetriever.java:663  | Cannot link both sides of BeamInter#1979{(0.597) BEAM}
2026-03-14 01:22:37,988 DEBUG [CRASH COMPLEXION_p011]       StemsRetriever.java:663  | Cannot link both sides of BeamInter#2011{(0.393) BEAM}
2026-03-14 01:22:37,988 DEBUG [CRASH COMPLEXION_p011]       StemsRetriever.java:663  | Cannot link both sides of BeamInter#1913{(0.613) BEAM}
2026-03-14 01:22:37,988 DEBUG [CRASH COMPLEXION_p011]       StemsRetriever.java:663  | Cannot link both sides of BeamInter#1920{(0.641) BEAM}
2026-03-14 01:22:37,988 DEBUG [CRASH COMPLEXION_p011]       StemsRetriever.java:663  | Cannot link both sides of BeamInter#1936{(0.608) BEAM}
2026-03-14 01:22:37,988 DEBUG [CRASH COMPLEXION_p011]       StemsRetriever.java:663  | Cannot link both sides of BeamInter#1911{(0.654) BEAM}
2026-03-14 01:22:37,988 DEBUG [CRASH COMPLEXION_p011]       StemsRetriever.java:663  | Cannot link both sides of BeamInter#1927{(0.608) BEAM}
2026-03-14 01:22:37,988 DEBUG [CRASH COMPLEXION_p011]       StemsRetriever.java:663  | Cannot link both sides of BeamInter#1929{(0.588) BEAM}
2026-03-14 01:22:37,989 DEBUG [CRASH COMPLEXION_p011]       StemsRetriever.java:663  | Cannot link both sides of BeamInter#1959{(0.765) BEAM}
2026-03-14 01:22:37,989 DEBUG [CRASH COMPLEXION_p011]       StemsRetriever.java:663  | Cannot link both sides of BeamInter#2001{(0.743) BEAM}
2026-03-14 01:22:37,989 DEBUG [CRASH COMPLEXION_p011]       StemsRetriever.java:663  | Cannot link both sides of BeamInter#2025{(0.362) BEAM}
2026-03-14 01:22:37,991 DEBUG [CRASH COMPLEXION_p011]       StemsRetriever.java:663  | Cannot link both sides of BeamHookInter#1859{(0.700/0.700) BEAM_HOOK}
2026-03-14 01:22:37,991 DEBUG [CRASH COMPLEXION_p011]       StemsRetriever.java:663  | Cannot link both sides of BeamInter#1861{(0.640/0.640) BEAM}
2026-03-14 01:22:37,992 DEBUG [CRASH COMPLEXION_p011]       StemsRetriever.java:663  | Cannot link both sides of BeamHookInter#1835{(0.547/0.547) BEAM_HOOK}
2026-03-14 01:22:37,993 DEBUG [CRASH COMPLEXION_p011]       StemsRetriever.java:663  | Cannot link both sides of BeamInter#1837{(0.497/0.497) BEAM}
2026-03-14 01:22:37,993 DEBUG [CRASH COMPLEXION_p011]       StemsRetriever.java:663  | Cannot link both sides of BeamHookInter#1862{(0.659/0.659) BEAM_HOOK}
2026-03-14 01:22:37,993 DEBUG [CRASH COMPLEXION_p011]       StemsRetriever.java:663  | Cannot link both sides of BeamInter#1864{(0.599/0.599) BEAM}
2026-03-14 01:22:37,994 DEBUG [CRASH COMPLEXION_p011]       StemsRetriever.java:663  | Cannot link both sides of BeamHookInter#1841{(0.676/0.676) BEAM_HOOK}
2026-03-14 01:22:37,994 DEBUG [CRASH COMPLEXION_p011]       StemsRetriever.java:663  | Cannot link both sides of BeamInter#1843{(0.610/0.610) BEAM}
2026-03-14 01:22:37,995 DEBUG [CRASH COMPLEXION_p011]       StemsRetriever.java:663  | Cannot link both sides of BeamHookInter#1850{(0.725/0.725) BEAM_HOOK}
2026-03-14 01:22:37,995 DEBUG [CRASH COMPLEXION_p011]       StemsRetriever.java:663  | Cannot link both sides of BeamInter#1852{(0.655/0.655) BEAM}
2026-03-14 01:22:37,995 DEBUG [CRASH COMPLEXION_p011]       StemsRetriever.java:663  | Cannot link both sides of BeamHookInter#1853{(0.664/0.664) BEAM_HOOK}
2026-03-14 01:22:37,995 DEBUG [CRASH COMPLEXION_p011]       StemsRetriever.java:663  | Cannot link both sides of BeamInter#1855{(0.600/0.600) BEAM}
2026-03-14 01:22:37,995 DEBUG [CRASH COMPLEXION_p011]       StemsRetriever.java:663  | Cannot link both sides of BeamHookInter#1908{(0.700/0.813) BEAM_HOOK}
2026-03-14 01:22:37,995 DEBUG [CRASH COMPLEXION_p011]       StemsRetriever.java:663  | Cannot link both sides of BeamInter#1910{(0.632/0.762) BEAM}
2026-03-14 01:22:37,995 DEBUG [CRASH COMPLEXION_p011]       StemsRetriever.java:663  | Cannot link both sides of BeamHookInter#1924{(0.287/0.556) BEAM_HOOK}
2026-03-14 01:22:37,996 DEBUG [CRASH COMPLEXION_p011]       StemsRetriever.java:663  | Cannot link both sides of BeamInter#1926{(0.260/0.521) BEAM}
2026-03-14 01:22:37,996 DEBUG [CRASH COMPLEXION_p011]       StemsRetriever.java:663  | Cannot link both sides of BeamHookInter#1974{(0.488/0.734) BEAM_HOOK}
2026-03-14 01:22:37,996 DEBUG [CRASH COMPLEXION_p011]       StemsRetriever.java:663  | Cannot link both sides of BeamInter#1976{(0.441/0.695) BEAM}
2026-03-14 01:22:37,996 DEBUG [CRASH COMPLEXION_p011]       StemsRetriever.java:663  | Cannot link both sides of BeamHookInter#1856{(0.777/0.777) BEAM_HOOK}
2026-03-14 01:22:37,996 DEBUG [CRASH COMPLEXION_p011]       StemsRetriever.java:663  | Cannot link both sides of BeamInter#1858{(0.697/0.697) BEAM}
2026-03-14 01:22:37,996 DEBUG [CRASH COMPLEXION_p011]       StemsRetriever.java:663  | Cannot link both sides of BeamHookInter#1865{(0.760/0.760) BEAM_HOOK}
2026-03-14 01:22:37,996 DEBUG [CRASH COMPLEXION_p011]       StemsRetriever.java:663  | Cannot link both sides of BeamInter#1867{(0.681/0.681) BEAM}
2026-03-14 01:22:37,997 DEBUG [CRASH COMPLEXION_p011]       StemsRetriever.java:663  | Cannot link both sides of BeamHookInter#1961{(0.629/0.807) BEAM_HOOK}
2026-03-14 01:22:37,997 DEBUG [CRASH COMPLEXION_p011]       StemsRetriever.java:663  | Cannot link both sides of BeamInter#1963{(0.564/0.761) BEAM}
2026-03-14 01:22:37,997 DEBUG [CRASH COMPLEXION_p011]       StemsRetriever.java:663  | Cannot link both sides of BeamHookInter#1832{(0.708/0.708) BEAM_HOOK}
2026-03-14 01:22:37,997 DEBUG [CRASH COMPLEXION_p011]       StemsRetriever.java:663  | Cannot link both sides of BeamInter#1834{(0.630/0.630) BEAM}
2026-03-14 01:22:37,997 DEBUG [CRASH COMPLEXION_p011]       StemsRetriever.java:663  | Cannot link both sides of BeamHookInter#1838{(0.646/0.646) BEAM_HOOK}
2026-03-14 01:22:37,997 DEBUG [CRASH COMPLEXION_p011]       StemsRetriever.java:663  | Cannot link both sides of BeamInter#1840{(0.575/0.575) BEAM}
2026-03-14 01:22:37,997 DEBUG [CRASH COMPLEXION_p011]       StemsRetriever.java:663  | Cannot link both sides of BeamHookInter#1844{(0.643/0.643) BEAM_HOOK}
2026-03-14 01:22:37,998 DEBUG [CRASH COMPLEXION_p011]       StemsRetriever.java:663  | Cannot link both sides of BeamInter#1846{(0.572/0.572) BEAM}
2026-03-14 01:22:37,998 DEBUG [CRASH COMPLEXION_p011]       StemsRetriever.java:663  | Cannot link both sides of BeamHookInter#1847{(0.592/0.592) BEAM_HOOK}
2026-03-14 01:22:37,998 DEBUG [CRASH COMPLEXION_p011]       StemsRetriever.java:663  | Cannot link both sides of BeamInter#1849{(0.527/0.527) BEAM}
2026-03-14 01:22:37,998 DEBUG [CRASH COMPLEXION_p011]       StemsRetriever.java:663  | Cannot link both sides of BeamHookInter#1917{(0.557/0.769) BEAM_HOOK}
2026-03-14 01:22:37,998 DEBUG [CRASH COMPLEXION_p011]       StemsRetriever.java:663  | Cannot link both sides of BeamInter#1919{(0.495/0.722) BEAM}
2026-03-14 01:22:37,998 DEBUG [CRASH COMPLEXION_p011]       StemsRetriever.java:663  | Cannot link both sides of BeamHookInter#1933{(0.549/0.765) BEAM_HOOK}
2026-03-14 01:22:37,999 DEBUG [CRASH COMPLEXION_p011]       StemsRetriever.java:663  | Cannot link both sides of BeamInter#1935{(0.479/0.710) BEAM}
2026-03-14 01:22:37,999 DEBUG [CRASH COMPLEXION_p011]       StemsRetriever.java:663  | Cannot link both sides of BeamHookInter#1966{(0.680/0.917) BEAM_HOOK}
2026-03-14 01:22:37,999 DEBUG [CRASH COMPLEXION_p011]       StemsRetriever.java:663  | Cannot link both sides of BeamInter#1967{(0.575/0.876) BEAM}
2026-03-14 01:22:37,999 DEBUG [CRASH COMPLEXION_p011]       StemsRetriever.java:663  | Cannot link both sides of BeamHookInter#1829{(0.493/0.706) BEAM_HOOK}
2026-03-14 01:22:37,999 DEBUG [CRASH COMPLEXION_p011]       StemsRetriever.java:663  | Cannot link both sides of BeamInter#1831{(0.391/0.613) BEAM}
2026-03-14 01:22:37,999 DEBUG [CRASH COMPLEXION_p011]       StemsRetriever.java:663  | Cannot link both sides of BeamHookInter#2035{(0.489/0.704) BEAM_HOOK}
2026-03-14 01:22:38,000 DEBUG [CRASH COMPLEXION_p011]       StemsRetriever.java:663  | Cannot link both sides of BeamHookInter#2039{(0.639/0.904) BEAM_HOOK}
2026-03-14 01:22:38,000 INFO [CRASH COMPLEXION_p011]           CheckSuite.java:191  | 
Seed Check Suite: min=0.200000 good=0.500000
Weight    Name             Covariant    Low       High
------    ----                ------    ---       ----
 1.0      Slope                false    0.00      0.08
 1.0      Straight             false    0.00      0.20
 2.0      Length                true    1.25      3.50
 2.0      Clean                 true    0.00      2.00
 1.0      Black                 true    0.63      1.25
 1.0      BlackRatio            true    0.10      1.00
 5.0      Gap                  false    0.00      2.00

2026-03-14 01:22:38,004 DEBUG [CRASH COMPLEXION_p011]           BeamLinker.java:1239 | No relation for CLinker{head#3997-Clnk-TR refPt:[990.7,1012.0]} from VLinker{beam#1942-Vlnk-BC-3}
2026-03-14 01:22:38,019 INFO [CRASH COMPLEXION_p011]           CheckSuite.java:191  | 
Seed Check Suite: min=0.200000 good=0.500000
Weight    Name             Covariant    Low       High
------    ----                ------    ---       ----
 1.0      Slope                false    0.00      0.08
 1.0      Straight             false    0.00      0.20
 2.0      Length                true    1.25      3.50
 2.0      Clean                 true    0.50      2.00
 1.0      Black                 true    1.25      2.50
 1.0      BlackRatio            true    0.50      1.00
 5.0      Gap                  false    0.00      0.00

2026-03-14 01:22:38,020 DEBUG [CRASH COMPLEXION_p011]           HeadLinker.java:346  | CLinker{head#4339-Clnk-TR Glyph{#558 [VERTICAL_SEED]}} linked
2026-03-14 01:22:38,021 DEBUG [CRASH COMPLEXION_p011]            SheetStub.java:1419 | reachStep releasing lock on Stub#1
2026-03-14 01:22:38,021 WARN [CRASH COMPLEXION_p011]                 Book.java:2044 | Error processing stub
2026-03-14 01:22:38,022 INFO [CRASH COMPLEXION_p011]                 Book.java:2584 | Book{CRASH COMPLEXION_p011} storing
2026-03-14 01:22:38,098 DEBUG [CRASH COMPLEXION_p011]                 Book.java:2464 | Storing book...
2026-03-14 01:22:38,150 INFO [CRASH COMPLEXION_p011]                 Book.java:2565 | Stored /book.xml
2026-03-14 01:22:40,398 INFO [CRASH COMPLEXION_p011]                Sheet.java:1583 | Stored /sheet#1/sheet#1.xml
2026-03-14 01:22:40,398 INFO [CRASH COMPLEXION_p011]                 Book.java:2525 | Book stored as C:\Users\ken\RockSmithTabConvertToMidi\.cache\page_011\omr\CRASH COMPLEXION_p011.omr
2026-03-14 01:22:40,407 INFO [CRASH COMPLEXION_p011]            SheetStub.java:1654 | Sheet disposed
2026-03-14 01:22:40,439 INFO [CRASH COMPLEXION_p011]                 Book.java:2050 | End of Stub#1
2026-03-14 01:22:40,439 INFO [CRASH COMPLEXION_p011]                 Book.java:2057 | End of Book{CRASH COMPLEXION_p011}
2026-03-14 01:22:40,440 DEBUG [CRASH COMPLEXION_p011]                 Book.java:2066 | End of step set in 11484 ms.
2026-03-14 01:22:40,440 WARN [CRASH COMPLEXION_p011]                  CLI.java:956  | Exception occurred java.lang.Exception: Error in reaching step STEMS
java.lang.Exception: Error in reaching step STEMS
	at org.audiveris.omr.CLI$ProcessingTask.processBook(CLI.java:893)
	at org.audiveris.omr.CLI$CliTask.call(CLI.java:513)
	at org.audiveris.omr.Main.runBatchTasks(Main.java:361)
	at org.audiveris.omr.Main.main(Main.java:263)
	at Audiveris.main(Audiveris.java:50)
2026-03-14 01:22:40,471 DEBUG [CRASH COMPLEXION_p011]                 Book.java:2464 | Storing book...
2026-03-14 01:22:40,474 INFO [CRASH COMPLEXION_p011]                Score.java:181  | Closing {Score 1}
2026-03-14 01:22:40,475 DEBUG [CRASH COMPLEXION_p011]          BookManager.java:308  | removeBook Book{CRASH COMPLEXION_p011}
2026-03-14 01:22:40,500 DEBUG [CRASH COMPLEXION_p011]                 Book.java:501  | Book closed.
